,0,1,2,3,4,5,6,7,8,9,10,11,12,13,14,15,16,17,18,19,20,21,22,23,24,25,26,27,28,29,30,31,32,33,34,35,36,37,38,39,40,41,42,43,44,45,46,47,48,49,50,51,52,53,54,55,56,57,58,59,60,61,62,63,64,65,66,67,68,69,70,71,72,73,74,75,76,77,78,79,80,81,82,83,84,85,86,87,88,89,90,91,92,93,94,95,96,97,98,99
0,0.0,8.0,9.0,0.0,12.0,130.0,1.0,4.0,6.0,0.0,1.0,0.0,0.0,189.0,1.0,23.0,4.0,5.0,2.0,15.0,0.0,10.0,0.0,172.0,0.0,2.0,1.0,0.0,2.0,17.0,2.0,7.0,0.0,0.0,19.0,0.0,6.0,0.0,6.0,7.0,4.0,4.0,0.0,3.0,86.0,0.0,16.0,8.0,18.0,4.0,177.0,12.0,7.0,22.0,0.0,0.0,6.0,3.0,15.0,0.0,6.0,10.0,12.0,2.0,6.0,2.0,0.0,6.0,7.0,16.0,2.0,3.0,0.0,0.0,13.0,0.0,9.0,9.0,5.0,1.0,0.0,5.0,1.0,0.0,29.0,0.0,0.0,9.0,3.0,0.0,4.0,4.0,0.0,1.0,2.0,0.0,4.0,3.0,5.0,4.0
1,0.0,3.0,8.0,1.0,4.0,82.0,1.0,3.0,0.0,12.0,12.0,0.0,2.0,114.0,1.0,4.0,29.0,1.0,24.0,30.0,0.0,1.0,2.0,121.0,12.0,3.0,8.0,1.0,5.0,1.0,1.0,0.0,0.0,2.0,0.0,12.0,2.0,8.0,2.0,1.0,0.0,1.0,0.0,2.0,87.0,0.0,24.0,1.0,4.0,0.0,188.0,8.0,3.0,2.0,3.0,1.0,7.0,20.0,0.0,16.0,3.0,0.0,0.0,6.0,4.0,4.0,7.0,17.0,0.0,3.0,3.0,26.0,0.0,1.0,5.0,2.0,3.0,14.0,1.0,6.0,10.0,0.0,1.0,0.0,0.0,0.0,10.0,8.0,4.0,6.0,0.0,1.0,0.0,1.0,3.0,4.0,10.0,1.0,3.0,5.0
2,3.0,6.0,1.0,3.0,0.0,146.0,6.0,1.0,0.0,3.0,2.0,7.0,0.0,80.0,6.0,1.0,0.0,2.0,0.0,10.0,5.0,0.0,14.0,150.0,1.0,0.0,0.0,8.0,0.0,0.0,2.0,0.0,7.0,2.0,8.0,5.0,1.0,6.0,0.0,14.0,0.0,0.0,3.0,2.0,143.0,4.0,26.0,8.0,0.0,0.0,95.0,5.0,5.0,2.0,0.0,23.0,8.0,0.0,10.0,4.0,1.0,0.0,1.0,0.0,8.0,11.0,0.0,0.0,0.0,0.0,1.0,0.0,2.0,0.0,6.0,0.0,1.0,0.0,0.0,8.0,0.0,0.0,0.0,0.0,7.0,0.0,5.0,1.0,0.0,1.0,4.0,0.0,2.0,0.0,2.0,3.0,9.0,0.0,0.0,33.0
3,1.0,0.0,0.0,17.0,0.0,94.0,1.0,31.0,1.0,1.0,4.0,0.0,2.0,152.0,1.0,0.0,2.0,3.0,5.0,2.0,10.0,1.0,14.0,107.0,3.0,2.0,10.0,0.0,1.0,4.0,6.0,0.0,1.0,2.0,20.0,1.0,0.0,3.0,0.0,0.0,0.0,0.0,3.0,10.0,204.0,9.0,10.0,5.0,3.0,0.0,96.0,2.0,1.0,1.0,6.0,6.0,1.0,9.0,4.0,1.0,0.0,6.0,7.0,21.0,1.0,8.0,0.0,0.0,4.0,3.0,2.0,8.0,9.0,2.0,0.0,6.0,5.0,9.0,0.0,4.0,3.0,11.0,1.0,0.0,1.0,2.0,5.0,7.0,9.0,2.0,2.0,0.0,1.0,2.0,1.0,3.0,0.0,8.0,3.0,9.0
4,2.0,1.0,4.0,0.0,2.0,150.0,8.0,12.0,2.0,10.0,5.0,0.0,40.0,160.0,6.0,3.0,9.0,0.0,0.0,1.0,0.0,0.0,10.0,85.0,3.0,0.0,5.0,9.0,13.0,1.0,0.0,5.0,1.0,2.0,11.0,0.0,0.0,13.0,1.0,0.0,9.0,2.0,17.0,0.0,99.0,2.0,4.0,11.0,5.0,1.0,152.0,15.0,10.0,1.0,1.0,6.0,4.0,13.0,5.0,0.0,1.0,13.0,1.0,3.0,0.0,2.0,0.0,0.0,1.0,2.0,1.0,2.0,1.0,0.0,5.0,5.0,16.0,0.0,2.0,3.0,9.0,4.0,3.0,18.0,12.0,7.0,8.0,2.0,17.0,1.0,0.0,1.0,0.0,5.0,1.0,5.0,3.0,3.0,1.0,0.0
5,0.0,5.0,4.0,12.0,1.0,129.0,27.0,5.0,2.0,0.0,23.0,1.0,15.0,196.0,3.0,11.0,7.0,13.0,1.0,0.0,2.0,22.0,4.0,123.0,0.0,12.0,4.0,0.0,24.0,7.0,0.0,17.0,0.0,6.0,1.0,2.0,3.0,6.0,1.0,8.0,0.0,2.0,21.0,5.0,177.0,0.0,3.0,2.0,14.0,2.0,191.0,4.0,11.0,2.0,4.0,5.0,2.0,2.0,0.0,3.0,0.0,3.0,10.0,23.0,3.0,16.0,0.0,5.0,24.0,1.0,19.0,6.0,0.0,15.0,0.0,6.0,8.0,10.0,12.0,1.0,1.0,3.0,2.0,11.0,0.0,12.0,9.0,3.0,2.0,2.0,8.0,11.0,0.0,0.0,1.0,1.0,13.0,0.0,0.0,0.0
6,0.0,7.0,15.0,13.0,5.0,74.0,1.0,6.0,0.0,7.0,0.0,2.0,6.0,189.0,8.0,6.0,0.0,6.0,2.0,2.0,3.0,13.0,0.0,78.0,5.0,17.0,8.0,4.0,2.0,21.0,2.0,8.0,6.0,6.0,2.0,1.0,2.0,0.0,0.0,8.0,5.0,8.0,23.0,9.0,132.0,0.0,3.0,0.0,14.0,2.0,92.0,0.0,10.0,3.0,0.0,2.0,0.0,2.0,3.0,4.0,8.0,8.0,0.0,0.0,6.0,2.0,0.0,5.0,3.0,2.0,0.0,1.0,4.0,0.0,1.0,6.0,0.0,0.0,0.0,2.0,1.0,0.0,1.0,6.0,9.0,2.0,5.0,8.0,1.0,4.0,21.0,1.0,16.0,0.0,0.0,1.0,0.0,3.0,2.0,0.0
7,8.0,2.0,1.0,0.0,18.0,172.0,9.0,1.0,2.0,0.0,4.0,4.0,2.0,184.0,0.0,1.0,7.0,4.0,5.0,4.0,20.0,0.0,8.0,101.0,33.0,2.0,3.0,12.0,30.0,5.0,2.0,0.0,0.0,4.0,8.0,7.0,3.0,4.0,0.0,10.0,5.0,3.0,13.0,8.0,142.0,0.0,12.0,0.0,0.0,7.0,73.0,0.0,8.0,13.0,9.0,3.0,5.0,0.0,4.0,3.0,11.0,1.0,4.0,1.0,8.0,2.0,5.0,0.0,15.0,0.0,1.0,1.0,0.0,0.0,7.0,3.0,1.0,2.0,0.0,15.0,8.0,0.0,0.0,1.0,6.0,2.0,21.0,12.0,3.0,2.0,17.0,0.0,0.0,0.0,4.0,0.0,0.0,2.0,2.0,14.0
8,0.0,7.0,0.0,0.0,1.0,88.0,2.0,1.0,13.0,1.0,8.0,3.0,8.0,166.0,0.0,0.0,13.0,0.0,0.0,0.0,3.0,0.0,0.0,190.0,6.0,0.0,1.0,1.0,0.0,1.0,5.0,2.0,0.0,6.0,0.0,1.0,3.0,0.0,6.0,0.0,1.0,0.0,0.0,7.0,112.0,5.0,3.0,14.0,6.0,11.0,93.0,15.0,1.0,0.0,18.0,7.0,9.0,4.0,0.0,7.0,0.0,12.0,0.0,4.0,4.0,6.0,0.0,2.0,0.0,6.0,0.0,9.0,7.0,9.0,4.0,1.0,2.0,7.0,16.0,0.0,2.0,3.0,5.0,2.0,3.0,1.0,4.0,1.0,6.0,4.0,14.0,0.0,0.0,7.0,1.0,7.0,2.0,6.0,2.0,15.0
9,0.0,181.0,1.0,0.0,0.0,4.0,125.0,1.0,31.0,7.0,0.0,1.0,13.0,2.0,1.0,6.0,0.0,0.0,0.0,1.0,12.0,20.0,2.0,2.0,8.0,184.0,1.0,0.0,11.0,3.0,1.0,5.0,4.0,2.0,3.0,0.0,11.0,0.0,24.0,1.0,1.0,0.0,0.0,198.0,6.0,3.0,1.0,5.0,8.0,0.0,3.0,2.0,4.0,7.0,0.0,13.0,0.0,50.0,0.0,2.0,11.0,16.0,6.0,15.0,0.0,22.0,5.0,0.0,7.0,2.0,0.0,2.0,2.0,2.0,0.0,19.0,0.0,2.0,0.0,1.0,5.0,0.0,0.0,2.0,19.0,6.0,1.0,0.0,8.0,0.0,21.0,8.0,5.0,10.0,12.0,0.0,2.0,4.0,0.0,0.0
10,5.0,80.0,7.0,9.0,0.0,0.0,180.0,2.0,0.0,11.0,8.0,1.0,10.0,11.0,2.0,0.0,18.0,0.0,14.0,10.0,13.0,4.0,1.0,0.0,2.0,72.0,0.0,0.0,0.0,0.0,2.0,1.0,12.0,9.0,0.0,4.0,6.0,13.0,3.0,10.0,0.0,2.0,7.0,199.0,0.0,0.0,2.0,1.0,0.0,3.0,3.0,23.0,3.0,1.0,7.0,13.0,0.0,0.0,8.0,9.0,0.0,0.0,1.0,2.0,0.0,3.0,2.0,19.0,7.0,0.0,11.0,3.0,0.0,0.0,0.0,2.0,12.0,1.0,6.0,7.0,4.0,7.0,0.0,0.0,3.0,2.0,0.0,10.0,5.0,1.0,1.0,0.0,3.0,20.0,0.0,4.0,1.0,8.0,4.0,0.0
11,7.0,146.0,0.0,22.0,0.0,9.0,113.0,1.0,1.0,5.0,2.0,1.0,0.0,5.0,5.0,1.0,3.0,7.0,0.0,3.0,0.0,4.0,0.0,2.0,3.0,156.0,3.0,2.0,12.0,6.0,4.0,0.0,4.0,21.0,16.0,1.0,3.0,0.0,5.0,2.0,1.0,2.0,29.0,128.0,0.0,3.0,1.0,2.0,5.0,1.0,1.0,0.0,0.0,11.0,1.0,5.0,2.0,3.0,7.0,3.0,4.0,2.0,10.0,10.0,0.0,0.0,0.0,3.0,2.0,0.0,1.0,0.0,3.0,2.0,3.0,4.0,4.0,4.0,4.0,0.0,4.0,11.0,0.0,8.0,3.0,0.0,2.0,6.0,5.0,8.0,2.0,0.0,38.0,4.0,1.0,11.0,2.0,5.0,5.0,0.0
12,3.0,128.0,0.0,14.0,1.0,1.0,173.0,2.0,0.0,3.0,0.0,1.0,7.0,4.0,3.0,0.0,3.0,3.0,11.0,0.0,0.0,0.0,0.0,2.0,3.0,198.0,0.0,3.0,1.0,0.0,16.0,17.0,7.0,4.0,6.0,0.0,1.0,6.0,1.0,7.0,1.0,9.0,0.0,75.0,0.0,8.0,2.0,11.0,0.0,0.0,0.0,6.0,1.0,4.0,10.0,0.0,3.0,5.0,0.0,0.0,7.0,0.0,5.0,1.0,2.0,3.0,1.0,1.0,1.0,0.0,0.0,0.0,0.0,1.0,6.0,0.0,10.0,0.0,10.0,0.0,2.0,8.0,6.0,3.0,1.0,0.0,22.0,2.0,0.0,1.0,3.0,0.0,1.0,13.0,3.0,10.0,23.0,5.0,0.0,44.0
13,0.0,79.0,0.0,0.0,8.0,1.0,110.0,8.0,10.0,0.0,7.0,3.0,0.0,15.0,0.0,4.0,3.0,9.0,5.0,19.0,0.0,1.0,8.0,9.0,0.0,104.0,5.0,0.0,8.0,2.0,4.0,20.0,2.0,4.0,14.0,1.0,11.0,15.0,1.0,5.0,23.0,5.0,7.0,200.0,0.0,0.0,5.0,10.0,3.0,1.0,6.0,15.0,2.0,8.0,0.0,8.0,2.0,3.0,14.0,2.0,3.0,0.0,0.0,1.0,0.0,0.0,1.0,4.0,0.0,0.0,27.0,2.0,10.0,6.0,5.0,7.0,0.0,2.0,4.0,13.0,2.0,1.0,0.0,6.0,1.0,2.0,0.0,2.0,11.0,4.0,8.0,1.0,2.0,0.0,2.0,0.0,6.0,0.0,5.0,3.0
14,4.0,119.0,1.0,3.0,16.0,2.0,205.0,8.0,8.0,1.0,2.0,2.0,0.0,6.0,2.0,0.0,0.0,2.0,0.0,2.0,5.0,0.0,1.0,2.0,11.0,69.0,1.0,3.0,10.0,3.0,11.0,0.0,14.0,6.0,7.0,6.0,13.0,4.0,3.0,0.0,6.0,10.0,3.0,70.0,9.0,26.0,6.0,13.0,3.0,4.0,18.0,4.0,9.0,5.0,8.0,21.0,0.0,7.0,6.0,8.0,14.0,4.0,2.0,0.0,33.0,8.0,3.0,4.0,1.0,8.0,3.0,1.0,14.0,0.0,4.0,1.0,1.0,13.0,0.0,13.0,2.0,0.0,6.0,6.0,3.0,6.0,9.0,9.0,7.0,1.0,1.0,16.0,1.0,1.0,1.0,14.0,16.0,6.0,7.0,7.0
15,2.0,166.0,3.0,14.0,37.0,11.0,91.0,1.0,0.0,5.0,6.0,5.0,3.0,0.0,2.0,14.0,7.0,5.0,0.0,0.0,0.0,7.0,2.0,12.0,13.0,182.0,8.0,1.0,0.0,23.0,15.0,5.0,5.0,24.0,1.0,0.0,10.0,2.0,1.0,3.0,12.0,7.0,0.0,83.0,5.0,1.0,1.0,4.0,4.0,0.0,0.0,23.0,1.0,2.0,6.0,9.0,7.0,5.0,2.0,4.0,1.0,4.0,9.0,7.0,0.0,0.0,1.0,3.0,0.0,0.0,0.0,8.0,0.0,0.0,0.0,0.0,5.0,4.0,1.0,1.0,0.0,2.0,3.0,2.0,4.0,5.0,0.0,13.0,8.0,4.0,5.0,3.0,1.0,8.0,15.0,0.0,0.0,3.0,3.0,6.0
16,0.0,132.0,17.0,0.0,3.0,0.0,185.0,0.0,1.0,0.0,9.0,1.0,10.0,3.0,0.0,0.0,11.0,2.0,3.0,0.0,30.0,22.0,4.0,2.0,3.0,206.0,18.0,0.0,2.0,4.0,9.0,1.0,0.0,1.0,6.0,0.0,0.0,1.0,2.0,3.0,7.0,0.0,1.0,167.0,1.0,4.0,0.0,1.0,0.0,8.0,8.0,0.0,0.0,6.0,9.0,5.0,0.0,3.0,3.0,0.0,3.0,0.0,4.0,4.0,15.0,10.0,2.0,11.0,0.0,1.0,1.0,11.0,3.0,0.0,1.0,0.0,1.0,4.0,1.0,0.0,2.0,0.0,2.0,8.0,2.0,0.0,6.0,1.0,10.0,7.0,0.0,0.0,3.0,7.0,2.0,12.0,17.0,3.0,0.0,0.0
17,2.0,77.0,9.0,0.0,5.0,1.0,155.0,0.0,4.0,0.0,9.0,0.0,0.0,6.0,4.0,0.0,11.0,3.0,8.0,1.0,0.0,1.0,22.0,0.0,4.0,186.0,7.0,0.0,8.0,5.0,0.0,8.0,2.0,9.0,1.0,1.0,1.0,5.0,6.0,16.0,0.0,6.0,3.0,170.0,3.0,11.0,27.0,10.0,0.0,5.0,5.0,0.0,14.0,4.0,0.0,2.0,2.0,0.0,6.0,19.0,4.0,7.0,12.0,13.0,6.0,10.0,2.0,7.0,4.0,4.0,5.0,5.0,3.0,0.0,0.0,12.0,0.0,1.0,0.0,16.0,0.0,0.0,0.0,3.0,0.0,2.0,1.0,2.0,12.0,6.0,8.0,11.0,20.0,1.0,0.0,3.0,4.0,1.0,0.0,0.0
18,24.0,118.0,12.0,24.0,4.0,3.0,182.0,3.0,8.0,6.0,0.0,0.0,13.0,3.0,0.0,1.0,3.0,20.0,0.0,3.0,0.0,1.0,1.0,6.0,2.0,147.0,8.0,1.0,1.0,0.0,12.0,2.0,2.0,0.0,9.0,10.0,13.0,0.0,3.0,1.0,0.0,0.0,8.0,175.0,0.0,14.0,2.0,6.0,2.0,0.0,7.0,4.0,2.0,4.0,21.0,3.0,5.0,1.0,4.0,0.0,7.0,6.0,8.0,0.0,1.0,0.0,3.0,9.0,0.0,5.0,0.0,5.0,2.0,1.0,8.0,9.0,7.0,1.0,2.0,15.0,1.0,0.0,13.0,12.0,0.0,2.0,6.0,0.0,3.0,27.0,6.0,6.0,0.0,8.0,0.0,1.0,4.0,2.0,4.0,15.0
19,4.0,179.0,7.0,0.0,0.0,0.0,150.0,0.0,4.0,9.0,1.0,19.0,8.0,0.0,4.0,13.0,3.0,0.0,27.0,7.0,17.0,7.0,0.0,0.0,2.0,101.0,0.0,5.0,10.0,0.0,2.0,4.0,9.0,7.0,1.0,0.0,6.0,0.0,17.0,0.0,15.0,4.0,13.0,156.0,0.0,0.0,4.0,1.0,2.0,3.0,2.0,7.0,14.0,2.0,11.0,13.0,1.0,5.0,0.0,0.0,0.0,1.0,3.0,3.0,3.0,1.0,1.0,0.0,2.0,1.0,9.0,0.0,6.0,0.0,5.0,8.0,1.0,14.0,0.0,25.0,3.0,0.0,25.0,20.0,1.0,1.0,12.0,0.0,7.0,0.0,0.0,0.0,0.0,5.0,0.0,10.0,0.0,3.0,0.0,2.0
20,0.0,196.0,0.0,0.0,0.0,1.0,117.0,2.0,3.0,0.0,1.0,2.0,5.0,6.0,2.0,3.0,4.0,0.0,1.0,2.0,1.0,2.0,17.0,5.0,5.0,99.0,0.0,10.0,2.0,3.0,3.0,5.0,25.0,2.0,4.0,0.0,0.0,27.0,1.0,2.0,4.0,0.0,2.0,114.0,0.0,0.0,5.0,3.0,17.0,8.0,1.0,2.0,4.0,4.0,12.0,5.0,0.0,3.0,2.0,0.0,0.0,3.0,5.0,0.0,3.0,0.0,3.0,10.0,5.0,6.0,3.0,2.0,0.0,8.0,2.0,2.0,2.0,6.0,1.0,1.0,0.0,0.0,1.0,0.0,1.0,0.0,7.0,0.0,4.0,9.0,1.0,0.0,2.0,2.0,3.0,3.0,9.0,8.0,8.0,5.0
21,2.0,182.0,2.0,6.0,2.0,1.0,154.0,2.0,1.0,0.0,22.0,5.0,1.0,3.0,8.0,16.0,1.0,0.0,2.0,5.0,4.0,7.0,22.0,0.0,8.0,125.0,2.0,5.0,4.0,3.0,0.0,1.0,1.0,1.0,7.0,2.0,1.0,0.0,11.0,3.0,2.0,2.0,10.0,111.0,1.0,5.0,0.0,0.0,17.0,0.0,2.0,0.0,0.0,0.0,2.0,5.0,17.0,0.0,4.0,2.0,7.0,8.0,6.0,1.0,0.0,3.0,0.0,0.0,10.0,0.0,0.0,1.0,4.0,0.0,15.0,0.0,15.0,2.0,0.0,0.0,1.0,0.0,6.0,3.0,5.0,2.0,0.0,1.0,11.0,3.0,1.0,0.0,4.0,1.0,4.0,0.0,10.0,11.0,9.0,0.0
22,0.0,142.0,0.0,1.0,6.0,0.0,97.0,2.0,0.0,0.0,0.0,5.0,1.0,22.0,3.0,9.0,1.0,2.0,0.0,0.0,2.0,3.0,1.0,0.0,4.0,114.0,10.0,0.0,0.0,0.0,2.0,0.0,0.0,1.0,7.0,3.0,4.0,0.0,0.0,23.0,0.0,5.0,1.0,88.0,0.0,5.0,9.0,8.0,2.0,2.0,0.0,26.0,3.0,26.0,1.0,0.0,5.0,0.0,6.0,7.0,0.0,3.0,9.0,0.0,0.0,3.0,0.0,6.0,0.0,1.0,0.0,0.0,17.0,0.0,1.0,0.0,0.0,1.0,4.0,12.0,11.0,5.0,4.0,0.0,3.0,1.0,0.0,20.0,6.0,3.0,11.0,7.0,4.0,9.0,1.0,1.0,5.0,3.0,2.0,1.0
23,4.0,101.0,5.0,0.0,2.0,6.0,170.0,9.0,4.0,1.0,3.0,0.0,2.0,0.0,0.0,3.0,2.0,1.0,0.0,2.0,1.0,5.0,0.0,0.0,7.0,114.0,3.0,9.0,4.0,6.0,10.0,5.0,1.0,2.0,1.0,34.0,20.0,15.0,1.0,2.0,9.0,0.0,6.0,173.0,2.0,2.0,13.0,11.0,2.0,10.0,16.0,0.0,0.0,8.0,2.0,4.0,4.0,9.0,4.0,0.0,0.0,6.0,1.0,1.0,18.0,0.0,5.0,7.0,4.0,1.0,1.0,13.0,0.0,12.0,0.0,3.0,11.0,2.0,1.0,22.0,11.0,11.0,2.0,7.0,3.0,5.0,0.0,16.0,1.0,0.0,3.0,3.0,2.0,2.0,19.0,4.0,10.0,5.0,2.0,2.0
24,0.0,116.0,12.0,14.0,0.0,0.0,155.0,4.0,0.0,0.0,0.0,0.0,5.0,0.0,5.0,0.0,4.0,3.0,4.0,0.0,31.0,2.0,0.0,1.0,4.0,163.0,4.0,4.0,17.0,5.0,12.0,19.0,2.0,2.0,0.0,7.0,3.0,0.0,2.0,0.0,14.0,4.0,14.0,165.0,9.0,5.0,16.0,0.0,1.0,3.0,2.0,0.0,0.0,2.0,3.0,0.0,1.0,2.0,4.0,10.0,4.0,0.0,3.0,0.0,2.0,17.0,24.0,1.0,9.0,22.0,7.0,1.0,8.0,2.0,4.0,2.0,5.0,1.0,0.0,3.0,12.0,0.0,2.0,5.0,6.0,4.0,0.0,0.0,12.0,0.0,1.0,9.0,20.0,0.0,0.0,5.0,0.0,0.0,2.0,0.0
25,5.0,116.0,5.0,3.0,2.0,2.0,198.0,5.0,3.0,5.0,0.0,9.0,15.0,17.0,1.0,0.0,1.0,6.0,0.0,4.0,1.0,18.0,46.0,0.0,0.0,200.0,14.0,9.0,7.0,6.0,5.0,0.0,19.0,5.0,0.0,3.0,3.0,6.0,3.0,0.0,0.0,1.0,1.0,87.0,38.0,1.0,6.0,0.0,3.0,1.0,2.0,5.0,1.0,1.0,7.0,1.0,1.0,0.0,2.0,2.0,5.0,0.0,4.0,0.0,8.0,0.0,0.0,8.0,14.0,6.0,11.0,0.0,0.0,4.0,2.0,0.0,0.0,10.0,2.0,0.0,2.0,6.0,0.0,13.0,0.0,1.0,8.0,0.0,4.0,0.0,0.0,2.0,3.0,0.0,5.0,4.0,7.0,6.0,4.0,17.0
26,12.0,182.0,8.0,10.0,21.0,0.0,145.0,3.0,0.0,0.0,0.0,4.0,14.0,6.0,9.0,0.0,1.0,2.0,32.0,8.0,10.0,0.0,1.0,9.0,20.0,130.0,1.0,6.0,10.0,0.0,1.0,3.0,0.0,12.0,1.0,3.0,3.0,0.0,2.0,13.0,11.0,0.0,4.0,99.0,0.0,44.0,2.0,0.0,0.0,1.0,0.0,3.0,0.0,2.0,6.0,0.0,0.0,6.0,6.0,2.0,2.0,6.0,10.0,4.0,4.0,0.0,6.0,24.0,0.0,0.0,11.0,17.0,23.0,0.0,3.0,8.0,5.0,5.0,0.0,7.0,2.0,4.0,21.0,16.0,0.0,0.0,0.0,1.0,14.0,2.0,15.0,11.0,0.0,2.0,1.0,1.0,3.0,7.0,2.0,0.0
27,11.0,8.0,3.0,0.0,2.0,0.0,3.0,2.0,22.0,9.0,11.0,0.0,1.0,0.0,0.0,195.0,0.0,4.0,0.0,5.0,7.0,7.0,0.0,5.0,0.0,1.0,1.0,13.0,3.0,8.0,9.0,92.0,2.0,105.0,13.0,10.0,1.0,11.0,9.0,6.0,3.0,0.0,3.0,4.0,68.0,5.0,2.0,161.0,12.0,0.0,4.0,0.0,0.0,0.0,1.0,0.0,4.0,7.0,5.0,0.0,5.0,0.0,8.0,4.0,19.0,8.0,8.0,3.0,0.0,1.0,4.0,0.0,8.0,0.0,0.0,2.0,6.0,4.0,5.0,0.0,1.0,5.0,0.0,10.0,76.0,0.0,181.0,3.0,4.0,3.0,5.0,222.0,0.0,1.0,3.0,171.0,5.0,3.0,0.0,2.0
28,2.0,2.0,0.0,6.0,5.0,1.0,8.0,11.0,0.0,7.0,0.0,1.0,3.0,5.0,0.0,205.0,1.0,10.0,0.0,0.0,7.0,0.0,2.0,3.0,5.0,10.0,2.0,0.0,4.0,0.0,3.0,124.0,13.0,192.0,8.0,6.0,0.0,0.0,14.0,7.0,0.0,3.0,1.0,9.0,184.0,1.0,3.0,120.0,3.0,5.0,0.0,12.0,2.0,0.0,0.0,20.0,3.0,6.0,0.0,0.0,8.0,2.0,5.0,0.0,10.0,14.0,12.0,4.0,5.0,1.0,0.0,2.0,4.0,13.0,4.0,0.0,10.0,0.0,1.0,0.0,6.0,1.0,7.0,0.0,209.0,9.0,92.0,3.0,1.0,6.0,3.0,149.0,1.0,38.0,5.0,183.0,2.0,0.0,0.0,0.0
29,0.0,7.0,14.0,10.0,9.0,0.0,2.0,0.0,8.0,1.0,15.0,6.0,0.0,2.0,8.0,165.0,0.0,26.0,3.0,12.0,0.0,18.0,0.0,1.0,3.0,1.0,0.0,1.0,2.0,7.0,0.0,85.0,2.0,137.0,0.0,1.0,9.0,0.0,4.0,6.0,0.0,8.0,0.0,3.0,123.0,0.0,11.0,80.0,4.0,11.0,0.0,2.0,3.0,2.0,3.0,2.0,14.0,2.0,1.0,1.0,9.0,1.0,0.0,0.0,5.0,0.0,1.0,7.0,0.0,14.0,7.0,0.0,4.0,0.0,0.0,1.0,5.0,11.0,2.0,5.0,2.0,6.0,1.0,8.0,80.0,0.0,157.0,0.0,3.0,0.0,1.0,124.0,1.0,20.0,6.0,109.0,6.0,1.0,1.0,1.0
30,2.0,1.0,5.0,3.0,1.0,4.0,1.0,4.0,4.0,23.0,0.0,4.0,0.0,3.0,0.0,125.0,10.0,6.0,0.0,10.0,0.0,1.0,6.0,0.0,0.0,1.0,0.0,2.0,11.0,0.0,6.0,88.0,0.0,164.0,2.0,7.0,1.0,13.0,6.0,0.0,1.0,0.0,1.0,8.0,104.0,4.0,0.0,154.0,17.0,0.0,3.0,2.0,8.0,1.0,13.0,12.0,3.0,0.0,1.0,3.0,8.0,2.0,0.0,3.0,3.0,2.0,11.0,1.0,8.0,0.0,1.0,13.0,10.0,2.0,11.0,0.0,8.0,4.0,0.0,8.0,3.0,3.0,20.0,10.0,92.0,12.0,139.0,0.0,6.0,0.0,0.0,145.0,0.0,1.0,0.0,78.0,3.0,0.0,2.0,4.0
31,6.0,8.0,2.0,2.0,4.0,21.0,33.0,1.0,1.0,1.0,12.0,14.0,26.0,10.0,0.0,202.0,3.0,5.0,3.0,0.0,3.0,0.0,0.0,3.0,5.0,0.0,0.0,0.0,2.0,9.0,0.0,125.0,6.0,122.0,7.0,23.0,4.0,4.0,8.0,2.0,9.0,0.0,0.0,2.0,169.0,4.0,8.0,191.0,3.0,6.0,2.0,22.0,0.0,0.0,11.0,3.0,0.0,25.0,6.0,0.0,3.0,2.0,1.0,17.0,0.0,16.0,8.0,1.0,3.0,18.0,7.0,2.0,7.0,0.0,1.0,4.0,11.0,2.0,2.0,1.0,0.0,2.0,0.0,1.0,95.0,2.0,178.0,15.0,1.0,4.0,0.0,107.0,4.0,0.0,13.0,189.0,1.0,9.0,1.0,1.0
32,0.0,0.0,0.0,0.0,2.0,0.0,0.0,4.0,4.0,7.0,17.0,5.0,3.0,0.0,17.0,159.0,1.0,0.0,15.0,1.0,7.0,0.0,19.0,5.0,1.0,8.0,1.0,6.0,1.0,2.0,2.0,71.0,1.0,68.0,1.0,2.0,0.0,13.0,7.0,5.0,7.0,4.0,9.0,20.0,158.0,1.0,7.0,95.0,0.0,9.0,5.0,4.0,3.0,4.0,3.0,12.0,0.0,5.0,3.0,3.0,2.0,1.0,7.0,0.0,0.0,0.0,2.0,0.0,2.0,1.0,1.0,0.0,10.0,6.0,1.0,1.0,0.0,0.0,1.0,5.0,8.0,0.0,16.0,1.0,100.0,0.0,151.0,3.0,4.0,17.0,5.0,138.0,4.0,1.0,1.0,111.0,1.0,4.0,1.0,0.0
33,5.0,9.0,0.0,2.0,7.0,0.0,4.0,9.0,2.0,18.0,1.0,14.0,5.0,5.0,1.0,162.0,14.0,0.0,12.0,10.0,0.0,1.0,0.0,0.0,4.0,16.0,2.0,0.0,2.0,3.0,0.0,101.0,5.0,73.0,0.0,2.0,1.0,4.0,7.0,12.0,11.0,4.0,7.0,1.0,94.0,9.0,13.0,81.0,1.0,0.0,2.0,1.0,5.0,0.0,1.0,1.0,3.0,9.0,2.0,5.0,6.0,5.0,2.0,0.0,15.0,10.0,16.0,0.0,8.0,12.0,5.0,0.0,0.0,6.0,3.0,14.0,8.0,4.0,3.0,0.0,0.0,1.0,11.0,0.0,204.0,0.0,171.0,0.0,10.0,3.0,6.0,149.0,1.0,2.0,1.0,149.0,15.0,0.0,2.0,10.0
34,13.0,0.0,11.0,0.0,5.0,5.0,3.0,7.0,4.0,4.0,16.0,10.0,1.0,17.0,4.0,159.0,2.0,0.0,2.0,7.0,0.0,0.0,0.0,4.0,4.0,0.0,0.0,1.0,1.0,11.0,6.0,140.0,14.0,143.0,5.0,1.0,0.0,2.0,0.0,7.0,17.0,20.0,21.0,3.0,84.0,2.0,8.0,118.0,12.0,0.0,3.0,0.0,1.0,10.0,0.0,0.0,5.0,3.0,5.0,7.0,14.0,0.0,0.0,3.0,0.0,2.0,3.0,0.0,0.0,1.0,1.0,12.0,4.0,19.0,2.0,2.0,1.0,20.0,2.0,0.0,19.0,1.0,30.0,0.0,109.0,0.0,98.0,2.0,0.0,6.0,2.0,102.0,0.0,8.0,1.0,168.0,7.0,2.0,10.0,0.0
35,0.0,3.0,3.0,5.0,5.0,4.0,0.0,2.0,19.0,11.0,0.0,1.0,1.0,2.0,2.0,0.0,0.0,0.0,12.0,151.0,0.0,1.0,8.0,1.0,134.0,2.0,0.0,5.0,0.0,0.0,0.0,2.0,24.0,14.0,4.0,1.0,14.0,1.0,17.0,15.0,2.0,1.0,1.0,0.0,7.0,0.0,0.0,1.0,3.0,0.0,4.0,0.0,0.0,8.0,194.0,1.0,7.0,1.0,15.0,1.0,1.0,0.0,12.0,0.0,18.0,11.0,1.0,15.0,2.0,9.0,23.0,86.0,1.0,1.0,0.0,9.0,139.0,0.0,16.0,0.0,97.0,10.0,0.0,1.0,1.0,87.0,6.0,1.0,14.0,1.0,3.0,4.0,1.0,139.0,2.0,0.0,86.0,0.0,2.0,4.0
36,1.0,1.0,10.0,1.0,7.0,1.0,3.0,33.0,1.0,14.0,5.0,0.0,0.0,0.0,12.0,7.0,0.0,1.0,15.0,185.0,13.0,0.0,0.0,2.0,188.0,6.0,0.0,8.0,5.0,2.0,3.0,1.0,3.0,6.0,0.0,7.0,0.0,11.0,1.0,0.0,10.0,4.0,2.0,10.0,0.0,0.0,14.0,6.0,5.0,5.0,0.0,0.0,4.0,0.0,133.0,0.0,0.0,9.0,3.0,0.0,3.0,5.0,1.0,0.0,5.0,2.0,0.0,0.0,4.0,8.0,3.0,193.0,0.0,4.0,10.0,1.0,117.0,0.0,0.0,3.0,119.0,2.0,3.0,0.0,5.0,82.0,1.0,1.0,12.0,2.0,2.0,4.0,1.0,155.0,0.0,0.0,114.0,1.0,0.0,1.0
37,7.0,0.0,2.0,4.0,33.0,3.0,17.0,0.0,6.0,5.0,4.0,0.0,0.0,1.0,0.0,3.0,2.0,1.0,5.0,172.0,7.0,0.0,4.0,11.0,141.0,4.0,3.0,0.0,8.0,6.0,0.0,0.0,18.0,5.0,4.0,0.0,6.0,2.0,16.0,0.0,2.0,0.0,0.0,0.0,1.0,0.0,1.0,3.0,3.0,1.0,4.0,0.0,4.0,0.0,167.0,10.0,0.0,8.0,6.0,3.0,3.0,4.0,0.0,1.0,8.0,29.0,0.0,0.0,2.0,2.0,24.0,119.0,5.0,1.0,1.0,4.0,149.0,15.0,34.0,8.0,115.0,0.0,14.0,6.0,13.0,192.0,4.0,0.0,9.0,2.0,0.0,5.0,5.0,163.0,0.0,13.0,121.0,1.0,12.0,2.0
38,3.0,5.0,0.0,0.0,22.0,0.0,5.0,0.0,0.0,5.0,0.0,7.0,17.0,1.0,25.0,0.0,13.0,7.0,0.0,162.0,0.0,15.0,0.0,3.0,194.0,3.0,7.0,0.0,7.0,0.0,3.0,0.0,3.0,9.0,9.0,0.0,0.0,0.0,0.0,18.0,0.0,3.0,1.0,1.0,3.0,13.0,0.0,5.0,0.0,9.0,2.0,5.0,7.0,10.0,105.0,16.0,16.0,0.0,10.0,1.0,4.0,0.0,5.0,4.0,13.0,4.0,0.0,0.0,8.0,1.0,19.0,127.0,6.0,0.0,13.0,1.0,197.0,3.0,0.0,1.0,125.0,13.0,6.0,0.0,6.0,202.0,12.0,1.0,0.0,17.0,18.0,5.0,23.0,134.0,7.0,0.0,169.0,2.0,1.0,2.0
39,5.0,2.0,19.0,2.0,3.0,21.0,9.0,0.0,0.0,2.0,1.0,9.0,5.0,11.0,10.0,1.0,6.0,5.0,0.0,170.0,7.0,2.0,5.0,7.0,196.0,1.0,3.0,8.0,13.0,4.0,15.0,4.0,1.0,16.0,13.0,4.0,1.0,2.0,4.0,5.0,2.0,0.0,9.0,9.0,0.0,18.0,9.0,12.0,1.0,0.0,5.0,10.0,3.0,10.0,162.0,0.0,1.0,1.0,0.0,1.0,0.0,12.0,10.0,11.0,1.0,1.0,0.0,0.0,0.0,5.0,2.0,155.0,0.0,6.0,2.0,0.0,179.0,0.0,12.0,8.0,185.0,3.0,3.0,0.0,6.0,219.0,3.0,9.0,16.0,2.0,7.0,2.0,0.0,131.0,10.0,4.0,137.0,7.0,12.0,0.0
40,2.0,17.0,10.0,1.0,5.0,3.0,7.0,1.0,4.0,26.0,0.0,3.0,0.0,1.0,6.0,0.0,1.0,10.0,2.0,197.0,2.0,3.0,2.0,7.0,194.0,6.0,6.0,1.0,1.0,3.0,0.0,0.0,19.0,0.0,3.0,1.0,2.0,5.0,9.0,1.0,3.0,5.0,8.0,4.0,5.0,21.0,1.0,2.0,17.0,1.0,1.0,8.0,10.0,2.0,175.0,11.0,1.0,0.0,9.0,7.0,2.0,0.0,4.0,0.0,7.0,1.0,4.0,12.0,4.0,0.0,0.0,185.0,0.0,0.0,0.0,9.0,158.0,5.0,0.0,3.0,153.0,9.0,8.0,7.0,2.0,157.0,0.0,0.0,5.0,0.0,13.0,0.0,1.0,128.0,7.0,3.0,164.0,6.0,0.0,0.0
41,0.0,1.0,3.0,7.0,0.0,35.0,1.0,22.0,17.0,6.0,17.0,1.0,3.0,1.0,2.0,4.0,1.0,11.0,2.0,107.0,1.0,0.0,0.0,1.0,82.0,6.0,1.0,1.0,1.0,1.0,1.0,0.0,0.0,1.0,11.0,3.0,0.0,2.0,5.0,0.0,0.0,12.0,0.0,2.0,12.0,11.0,2.0,0.0,9.0,1.0,1.0,10.0,9.0,5.0,70.0,3.0,13.0,0.0,0.0,0.0,2.0,2.0,0.0,0.0,1.0,10.0,0.0,1.0,4.0,10.0,9.0,104.0,0.0,6.0,0.0,13.0,81.0,0.0,3.0,1.0,202.0,15.0,3.0,24.0,0.0,154.0,0.0,4.0,4.0,1.0,0.0,8.0,8.0,87.0,0.0,21.0,118.0,23.0,2.0,3.0
42,5.0,0.0,3.0,2.0,1.0,0.0,7.0,0.0,2.0,0.0,1.0,0.0,10.0,0.0,2.0,5.0,8.0,7.0,0.0,176.0,2.0,0.0,9.0,13.0,171.0,4.0,4.0,2.0,0.0,0.0,6.0,2.0,1.0,1.0,6.0,0.0,2.0,0.0,12.0,12.0,0.0,11.0,3.0,0.0,2.0,11.0,11.0,4.0,0.0,11.0,6.0,6.0,11.0,9.0,69.0,12.0,8.0,17.0,0.0,2.0,1.0,0.0,2.0,8.0,1.0,5.0,1.0,1.0,5.0,0.0,2.0,143.0,14.0,1.0,14.0,1.0,172.0,9.0,11.0,0.0,195.0,6.0,6.0,3.0,11.0,144.0,9.0,0.0,8.0,0.0,1.0,11.0,8.0,200.0,2.0,0.0,120.0,3.0,3.0,13.0
43,0.0,0.0,1.0,4.0,2.0,14.0,1.0,0.0,5.0,12.0,0.0,10.0,0.0,14.0,0.0,2.0,8.0,3.0,10.0,72.0,0.0,1.0,5.0,0.0,169.0,16.0,11.0,1.0,0.0,3.0,0.0,0.0,1.0,4.0,5.0,0.0,1.0,0.0,0.0,0.0,4.0,37.0,0.0,0.0,0.0,18.0,9.0,5.0,1.0,0.0,0.0,4.0,18.0,7.0,170.0,4.0,10.0,0.0,11.0,2.0,15.0,5.0,0.0,4.0,1.0,8.0,0.0,0.0,0.0,3.0,0.0,177.0,4.0,3.0,1.0,2.0,129.0,3.0,0.0,13.0,94.0,5.0,0.0,0.0,1.0,67.0,19.0,0.0,5.0,9.0,1.0,0.0,2.0,96.0,1.0,0.0,77.0,4.0,6.0,11.0
44,0.0,6.0,0.0,9.0,7.0,4.0,9.0,2.0,2.0,23.0,0.0,2.0,2.0,0.0,2.0,2.0,11.0,23.0,0.0,75.0,0.0,2.0,7.0,0.0,177.0,1.0,1.0,0.0,0.0,8.0,4.0,14.0,1.0,5.0,1.0,11.0,27.0,2.0,0.0,1.0,1.0,4.0,6.0,15.0,0.0,6.0,7.0,3.0,2.0,0.0,8.0,0.0,23.0,1.0,116.0,0.0,5.0,0.0,4.0,2.0,8.0,0.0,3.0,5.0,9.0,4.0,15.0,0.0,11.0,3.0,2.0,69.0,2.0,13.0,19.0,2.0,93.0,2.0,0.0,4.0,167.0,19.0,1.0,1.0,5.0,190.0,0.0,0.0,6.0,0.0,0.0,16.0,6.0,108.0,0.0,0.0,115.0,0.0,3.0,0.0
45,0.0,0.0,7.0,9.0,2.0,0.0,6.0,12.0,2.0,1.0,1.0,0.0,0.0,12.0,10.0,13.0,0.0,4.0,11.0,171.0,0.0,3.0,1.0,5.0,201.0,0.0,2.0,1.0,2.0,9.0,0.0,4.0,6.0,30.0,5.0,13.0,3.0,4.0,2.0,0.0,0.0,6.0,9.0,4.0,3.0,1.0,21.0,20.0,18.0,3.0,0.0,0.0,3.0,0.0,118.0,2.0,1.0,4.0,2.0,1.0,3.0,11.0,15.0,3.0,12.0,14.0,6.0,0.0,3.0,1.0,10.0,145.0,2.0,0.0,3.0,1.0,104.0,1.0,2.0,5.0,166.0,9.0,19.0,2.0,11.0,130.0,2.0,0.0,2.0,3.0,0.0,17.0,0.0,71.0,0.0,4.0,123.0,7.0,3.0,4.0
46,18.0,0.0,16.0,0.0,0.0,4.0,1.0,13.0,8.0,0.0,0.0,1.0,1.0,0.0,0.0,3.0,0.0,2.0,13.0,151.0,5.0,0.0,7.0,0.0,193.0,6.0,0.0,5.0,4.0,6.0,5.0,2.0,8.0,6.0,3.0,3.0,0.0,0.0,10.0,7.0,7.0,0.0,17.0,0.0,16.0,3.0,2.0,2.0,0.0,26.0,1.0,2.0,3.0,2.0,79.0,1.0,0.0,0.0,0.0,22.0,9.0,8.0,6.0,2.0,24.0,2.0,3.0,11.0,1.0,1.0,0.0,88.0,2.0,14.0,3.0,4.0,140.0,1.0,6.0,23.0,106.0,23.0,0.0,0.0,2.0,89.0,3.0,15.0,7.0,4.0,5.0,0.0,17.0,79.0,1.0,11.0,82.0,1.0,0.0,20.0
47,3.0,12.0,8.0,1.0,6.0,4.0,3.0,0.0,0.0,5.0,1.0,16.0,1.0,1.0,2.0,1.0,6.0,15.0,0.0,169.0,8.0,1.0,5.0,0.0,119.0,0.0,0.0,4.0,4.0,2.0,5.0,3.0,3.0,12.0,1.0,7.0,3.0,6.0,8.0,0.0,1.0,16.0,5.0,1.0,8.0,0.0,0.0,4.0,0.0,5.0,10.0,10.0,0.0,3.0,206.0,31.0,0.0,8.0,14.0,10.0,4.0,2.0,1.0,0.0,1.0,2.0,0.0,0.0,2.0,10.0,3.0,95.0,11.0,1.0,18.0,3.0,113.0,2.0,2.0,11.0,128.0,0.0,0.0,0.0,0.0,84.0,0.0,3.0,2.0,0.0,10.0,3.0,10.0,194.0,9.0,1.0,194.0,0.0,0.0,1.0
48,4.0,0.0,4.0,23.0,9.0,1.0,0.0,1.0,3.0,0.0,1.0,7.0,1.0,11.0,4.0,2.0,0.0,0.0,15.0,158.0,3.0,8.0,1.0,8.0,129.0,4.0,5.0,2.0,6.0,3.0,8.0,0.0,9.0,0.0,7.0,0.0,0.0,9.0,0.0,26.0,5.0,2.0,0.0,0.0,0.0,0.0,0.0,2.0,0.0,1.0,11.0,3.0,7.0,4.0,111.0,9.0,1.0,18.0,1.0,11.0,13.0,2.0,1.0,1.0,10.0,0.0,2.0,6.0,2.0,1.0,0.0,202.0,2.0,0.0,1.0,0.0,131.0,1.0,2.0,10.0,78.0,0.0,26.0,1.0,13.0,112.0,16.0,2.0,2.0,1.0,1.0,3.0,24.0,95.0,3.0,5.0,132.0,0.0,19.0,4.0
49,0.0,8.0,9.0,0.0,2.0,0.0,4.0,0.0,1.0,5.0,1.0,0.0,0.0,1.0,1.0,6.0,3.0,3.0,0.0,121.0,0.0,22.0,1.0,5.0,104.0,0.0,1.0,0.0,0.0,11.0,13.0,3.0,13.0,0.0,9.0,5.0,1.0,5.0,0.0,2.0,4.0,3.0,2.0,5.0,22.0,1.0,7.0,10.0,14.0,12.0,0.0,0.0,2.0,1.0,182.0,6.0,5.0,10.0,1.0,6.0,1.0,20.0,0.0,9.0,0.0,1.0,3.0,0.0,1.0,15.0,3.0,198.0,1.0,0.0,2.0,0.0,165.0,2.0,19.0,5.0,169.0,0.0,0.0,12.0,22.0,108.0,7.0,0.0,0.0,0.0,0.0,0.0,0.0,110.0,5.0,0.0,172.0,0.0,7.0,4.0
50,0.0,6.0,1.0,0.0,8.0,5.0,1.0,0.0,0.0,4.0,4.0,0.0,1.0,4.0,0.0,5.0,0.0,1.0,8.0,150.0,3.0,1.0,1.0,7.0,158.0,0.0,0.0,0.0,3.0,1.0,1.0,8.0,2.0,4.0,0.0,0.0,0.0,0.0,0.0,0.0,3.0,13.0,3.0,6.0,1.0,9.0,2.0,4.0,1.0,1.0,5.0,0.0,3.0,20.0,116.0,16.0,0.0,0.0,6.0,0.0,4.0,24.0,24.0,0.0,6.0,8.0,8.0,23.0,13.0,0.0,0.0,92.0,18.0,4.0,5.0,2.0,191.0,2.0,6.0,0.0,123.0,13.0,8.0,5.0,0.0,105.0,23.0,2.0,20.0,0.0,5.0,16.0,0.0,91.0,1.0,4.0,143.0,1.0,0.0,0.0
51,0.0,2.0,2.0,0.0,0.0,9.0,0.0,2.0,2.0,6.0,6.0,3.0,7.0,3.0,1.0,3.0,2.0,3.0,6.0,109.0,5.0,4.0,11.0,1.0,191.0,11.0,1.0,1.0,0.0,4.0,1.0,0.0,1.0,3.0,2.0,1.0,2.0,2.0,0.0,7.0,0.0,0.0,11.0,3.0,2.0,3.0,0.0,7.0,1.0,1.0,4.0,15.0,1.0,0.0,120.0,2.0,1.0,8.0,5.0,3.0,1.0,0.0,0.0,0.0,0.0,11.0,1.0,0.0,6.0,0.0,0.0,198.0,6.0,1.0,2.0,1.0,98.0,4.0,0.0,0.0,121.0,0.0,0.0,0.0,2.0,87.0,7.0,0.0,0.0,12.0,0.0,2.0,0.0,167.0,4.0,4.0,136.0,1.0,13.0,1.0
52,4.0,37.0,3.0,3.0,0.0,0.0,0.0,7.0,10.0,0.0,12.0,2.0,0.0,4.0,1.0,0.0,0.0,7.0,1.0,161.0,1.0,2.0,3.0,3.0,141.0,7.0,0.0,4.0,2.0,0.0,5.0,21.0,0.0,0.0,1.0,0.0,10.0,16.0,14.0,3.0,0.0,3.0,19.0,0.0,3.0,7.0,0.0,2.0,20.0,0.0,0.0,28.0,14.0,0.0,170.0,8.0,12.0,12.0,1.0,2.0,0.0,5.0,6.0,2.0,0.0,15.0,2.0,4.0,3.0,4.0,0.0,100.0,4.0,12.0,1.0,10.0,83.0,3.0,8.0,11.0,152.0,0.0,5.0,7.0,0.0,119.0,0.0,42.0,7.0,4.0,15.0,28.0,3.0,77.0,0.0,7.0,103.0,18.0,0.0,0.0
53,1.0,2.0,8.0,1.0,11.0,0.0,1.0,6.0,14.0,14.0,9.0,11.0,1.0,11.0,0.0,6.0,0.0,3.0,1.0,205.0,0.0,0.0,1.0,1.0,175.0,14.0,0.0,10.0,0.0,43.0,2.0,3.0,3.0,0.0,14.0,10.0,6.0,7.0,0.0,3.0,1.0,2.0,1.0,3.0,4.0,4.0,1.0,6.0,9.0,18.0,15.0,0.0,3.0,3.0,132.0,1.0,14.0,0.0,4.0,2.0,0.0,3.0,1.0,3.0,3.0,1.0,1.0,3.0,0.0,2.0,0.0,185.0,0.0,0.0,6.0,13.0,194.0,0.0,5.0,0.0,119.0,4.0,26.0,0.0,6.0,141.0,3.0,1.0,0.0,4.0,6.0,4.0,2.0,124.0,4.0,4.0,178.0,2.0,8.0,9.0
54,4.0,0.0,0.0,1.0,0.0,2.0,0.0,2.0,1.0,1.0,1.0,14.0,7.0,1.0,8.0,16.0,1.0,1.0,0.0,210.0,0.0,2.0,4.0,1.0,94.0,15.0,6.0,4.0,0.0,3.0,0.0,13.0,8.0,7.0,0.0,1.0,16.0,11.0,3.0,0.0,10.0,29.0,5.0,2.0,7.0,8.0,8.0,4.0,1.0,10.0,0.0,0.0,6.0,1.0,80.0,0.0,12.0,1.0,4.0,0.0,0.0,4.0,9.0,6.0,0.0,29.0,23.0,1.0,5.0,1.0,2.0,130.0,0.0,0.0,13.0,1.0,196.0,6.0,0.0,0.0,156.0,4.0,0.0,5.0,1.0,108.0,12.0,6.0,0.0,10.0,1.0,4.0,5.0,87.0,2.0,0.0,157.0,3.0,3.0,1.0
55,4.0,4.0,1.0,2.0,1.0,1.0,4.0,2.0,2.0,0.0,5.0,2.0,3.0,4.0,1.0,8.0,4.0,0.0,2.0,124.0,1.0,1.0,4.0,5.0,77.0,21.0,0.0,2.0,0.0,0.0,0.0,6.0,23.0,16.0,0.0,1.0,5.0,2.0,1.0,2.0,0.0,0.0,5.0,2.0,5.0,1.0,3.0,17.0,0.0,1.0,8.0,11.0,24.0,5.0,135.0,1.0,0.0,1.0,0.0,0.0,1.0,6.0,0.0,6.0,0.0,1.0,0.0,0.0,17.0,5.0,2.0,184.0,2.0,20.0,0.0,7.0,75.0,31.0,0.0,1.0,102.0,10.0,9.0,4.0,5.0,206.0,1.0,1.0,11.0,8.0,18.0,7.0,6.0,72.0,7.0,2.0,109.0,1.0,0.0,2.0
56,9.0,4.0,1.0,5.0,0.0,3.0,4.0,0.0,0.0,0.0,0.0,0.0,0.0,0.0,0.0,0.0,4.0,12.0,0.0,153.0,0.0,0.0,3.0,0.0,114.0,0.0,0.0,0.0,7.0,0.0,20.0,0.0,0.0,12.0,2.0,6.0,0.0,2.0,0.0,4.0,12.0,4.0,10.0,4.0,5.0,10.0,14.0,0.0,0.0,8.0,1.0,0.0,1.0,0.0,192.0,21.0,1.0,1.0,4.0,0.0,16.0,8.0,6.0,4.0,4.0,5.0,5.0,29.0,6.0,1.0,11.0,89.0,1.0,4.0,7.0,0.0,144.0,0.0,0.0,1.0,190.0,1.0,31.0,5.0,1.0,149.0,21.0,4.0,0.0,0.0,0.0,1.0,4.0,179.0,1.0,17.0,191.0,7.0,0.0,10.0
57,0.0,7.0,14.0,14.0,13.0,8.0,13.0,0.0,0.0,4.0,1.0,2.0,2.0,17.0,11.0,7.0,6.0,18.0,1.0,86.0,5.0,3.0,5.0,7.0,131.0,7.0,2.0,1.0,1.0,0.0,0.0,6.0,3.0,7.0,16.0,0.0,1.0,6.0,3.0,0.0,3.0,1.0,0.0,3.0,8.0,0.0,3.0,2.0,0.0,1.0,7.0,10.0,1.0,3.0,182.0,0.0,5.0,11.0,6.0,27.0,5.0,2.0,3.0,13.0,11.0,4.0,7.0,6.0,2.0,11.0,0.0,66.0,0.0,1.0,0.0,0.0,114.0,3.0,12.0,8.0,134.0,2.0,0.0,1.0,8.0,107.0,9.0,1.0,10.0,2.0,4.0,38.0,1.0,162.0,2.0,0.0,96.0,0.0,7.0,0.0
58,31.0,0.0,5.0,2.0,0.0,4.0,2.0,0.0,0.0,0.0,1.0,15.0,15.0,17.0,14.0,10.0,9.0,0.0,0.0,179.0,6.0,1.0,0.0,1.0,110.0,0.0,4.0,1.0,9.0,5.0,1.0,3.0,1.0,10.0,0.0,0.0,0.0,12.0,8.0,4.0,2.0,2.0,0.0,1.0,1.0,12.0,3.0,0.0,0.0,2.0,3.0,0.0,28.0,3.0,166.0,0.0,5.0,0.0,5.0,5.0,0.0,1.0,15.0,14.0,4.0,5.0,1.0,6.0,1.0,16.0,1.0,173.0,0.0,16.0,0.0,2.0,80.0,1.0,5.0,14.0,179.0,3.0,2.0,1.0,0.0,170.0,1.0,0.0,8.0,10.0,9.0,4.0,2.0,85.0,5.0,4.0,72.0,0.0,2.0,5.0
59,1.0,1.0,0.0,6.0,0.0,6.0,24.0,3.0,0.0,0.0,3.0,16.0,0.0,1.0,3.0,0.0,5.0,1.0,7.0,96.0,21.0,5.0,18.0,0.0,110.0,14.0,0.0,1.0,6.0,14.0,7.0,2.0,2.0,20.0,0.0,1.0,0.0,2.0,4.0,1.0,0.0,1.0,13.0,0.0,3.0,13.0,2.0,0.0,16.0,5.0,1.0,4.0,0.0,2.0,96.0,2.0,0.0,18.0,1.0,1.0,1.0,3.0,4.0,0.0,9.0,6.0,3.0,0.0,19.0,1.0,5.0,164.0,0.0,1.0,3.0,1.0,88.0,7.0,5.0,3.0,91.0,6.0,5.0,3.0,4.0,83.0,1.0,0.0,1.0,8.0,4.0,0.0,0.0,87.0,0.0,12.0,191.0,2.0,0.0,1.0
60,0.0,1.0,0.0,8.0,1.0,0.0,1.0,2.0,7.0,4.0,2.0,0.0,7.0,12.0,0.0,2.0,2.0,1.0,1.0,192.0,1.0,7.0,2.0,1.0,135.0,3.0,6.0,1.0,0.0,0.0,9.0,3.0,18.0,1.0,12.0,0.0,1.0,0.0,1.0,6.0,0.0,13.0,0.0,1.0,5.0,4.0,1.0,0.0,2.0,0.0,2.0,1.0,7.0,9.0,130.0,4.0,5.0,11.0,9.0,8.0,0.0,21.0,1.0,24.0,1.0,1.0,6.0,0.0,1.0,2.0,0.0,98.0,5.0,8.0,4.0,4.0,186.0,11.0,11.0,0.0,182.0,6.0,6.0,6.0,27.0,149.0,7.0,3.0,0.0,2.0,2.0,2.0,0.0,173.0,2.0,11.0,96.0,13.0,2.0,4.0
61,3.0,2.0,0.0,4.0,2.0,5.0,0.0,3.0,1.0,2.0,3.0,2.0,6.0,2.0,14.0,16.0,3.0,3.0,13.0,155.0,3.0,5.0,7.0,1.0,211.0,8.0,10.0,0.0,0.0,6.0,1.0,0.0,3.0,4.0,2.0,16.0,21.0,1.0,15.0,0.0,5.0,1.0,0.0,14.0,5.0,2.0,0.0,14.0,2.0,0.0,0.0,0.0,0.0,0.0,96.0,17.0,0.0,2.0,15.0,3.0,14.0,4.0,19.0,0.0,0.0,12.0,1.0,9.0,1.0,2.0,2.0,130.0,8.0,4.0,0.0,3.0,100.0,3.0,4.0,3.0,152.0,0.0,2.0,19.0,1.0,173.0,11.0,1.0,0.0,3.0,0.0,1.0,0.0,99.0,1.0,1.0,184.0,0.0,6.0,2.0
62,2.0,4.0,1.0,4.0,7.0,1.0,2.0,1.0,9.0,5.0,5.0,4.0,2.0,5.0,2.0,7.0,7.0,1.0,4.0,115.0,2.0,3.0,7.0,1.0,79.0,1.0,1.0,2.0,13.0,9.0,9.0,0.0,8.0,0.0,0.0,3.0,8.0,18.0,5.0,1.0,7.0,0.0,12.0,14.0,4.0,0.0,6.0,0.0,1.0,0.0,3.0,0.0,17.0,2.0,69.0,1.0,6.0,22.0,1.0,4.0,2.0,0.0,0.0,1.0,12.0,2.0,12.0,11.0,1.0,2.0,0.0,77.0,15.0,21.0,15.0,3.0,130.0,2.0,17.0,20.0,190.0,0.0,2.0,11.0,0.0,74.0,0.0,0.0,1.0,0.0,1.0,0.0,4.0,102.0,2.0,3.0,131.0,1.0,1.0,5.0
63,0.0,0.0,1.0,0.0,0.0,18.0,6.0,1.0,0.0,1.0,2.0,9.0,9.0,6.0,7.0,3.0,10.0,1.0,5.0,143.0,0.0,5.0,1.0,8.0,104.0,2.0,12.0,0.0,13.0,0.0,9.0,0.0,3.0,0.0,1.0,1.0,0.0,5.0,2.0,0.0,1.0,2.0,2.0,0.0,1.0,0.0,0.0,5.0,9.0,0.0,1.0,27.0,1.0,2.0,68.0,13.0,2.0,1.0,0.0,2.0,5.0,3.0,0.0,1.0,10.0,10.0,6.0,7.0,0.0,9.0,4.0,149.0,8.0,1.0,4.0,2.0,72.0,9.0,3.0,4.0,132.0,5.0,9.0,0.0,8.0,129.0,0.0,4.0,7.0,0.0,0.0,5.0,4.0,201.0,0.0,0.0,169.0,9.0,0.0,2.0
64,3.0,7.0,6.0,9.0,3.0,4.0,3.0,0.0,0.0,4.0,0.0,0.0,2.0,23.0,3.0,1.0,1.0,1.0,0.0,103.0,0.0,12.0,0.0,15.0,181.0,0.0,11.0,0.0,3.0,7.0,15.0,17.0,0.0,3.0,0.0,12.0,10.0,0.0,5.0,0.0,6.0,8.0,2.0,40.0,3.0,0.0,0.0,3.0,0.0,1.0,0.0,0.0,0.0,8.0,88.0,0.0,7.0,1.0,1.0,0.0,1.0,7.0,10.0,8.0,2.0,10.0,3.0,2.0,5.0,3.0,1.0,84.0,12.0,14.0,7.0,2.0,190.0,0.0,28.0,9.0,178.0,2.0,10.0,2.0,5.0,185.0,3.0,3.0,45.0,2.0,7.0,10.0,2.0,176.0,1.0,0.0,77.0,0.0,2.0,0.0
65,0.0,1.0,4.0,3.0,5.0,3.0,8.0,1.0,0.0,2.0,0.0,3.0,3.0,12.0,4.0,3.0,9.0,8.0,5.0,95.0,7.0,2.0,13.0,1.0,104.0,5.0,26.0,4.0,0.0,0.0,2.0,3.0,9.0,6.0,14.0,32.0,5.0,2.0,11.0,0.0,0.0,0.0,0.0,1.0,12.0,1.0,1.0,0.0,0.0,0.0,2.0,5.0,0.0,1.0,120.0,2.0,4.0,2.0,8.0,0.0,1.0,7.0,3.0,11.0,0.0,18.0,3.0,0.0,3.0,0.0,0.0,110.0,5.0,2.0,4.0,0.0,100.0,6.0,1.0,0.0,184.0,15.0,0.0,6.0,8.0,193.0,0.0,0.0,8.0,5.0,15.0,4.0,1.0,109.0,3.0,3.0,131.0,1.0,8.0,5.0
66,3.0,0.0,0.0,0.0,5.0,8.0,16.0,0.0,39.0,9.0,0.0,14.0,1.0,0.0,0.0,5.0,4.0,1.0,6.0,160.0,3.0,17.0,0.0,0.0,84.0,0.0,5.0,2.0,0.0,1.0,3.0,8.0,1.0,6.0,10.0,0.0,3.0,8.0,0.0,6.0,15.0,2.0,0.0,1.0,1.0,2.0,8.0,0.0,0.0,1.0,22.0,0.0,4.0,0.0,92.0,11.0,14.0,17.0,1.0,13.0,0.0,4.0,7.0,1.0,2.0,4.0,1.0,3.0,15.0,0.0,1.0,117.0,1.0,3.0,2.0,0.0,69.0,14.0,0.0,0.0,84.0,1.0,0.0,18.0,5.0,136.0,18.0,1.0,3.0,4.0,0.0,3.0,1.0,194.0,8.0,2.0,197.0,6.0,0.0,3.0
67,0.0,5.0,8.0,11.0,1.0,9.0,0.0,4.0,0.0,5.0,6.0,3.0,1.0,0.0,13.0,9.0,5.0,0.0,8.0,150.0,15.0,4.0,1.0,23.0,83.0,18.0,18.0,3.0,2.0,19.0,4.0,2.0,0.0,13.0,0.0,12.0,1.0,0.0,0.0,0.0,0.0,8.0,11.0,20.0,1.0,1.0,0.0,10.0,7.0,7.0,1.0,10.0,7.0,6.0,181.0,4.0,2.0,0.0,3.0,18.0,1.0,7.0,3.0,3.0,2.0,5.0,0.0,14.0,4.0,5.0,10.0,87.0,7.0,0.0,7.0,1.0,141.0,3.0,8.0,1.0,70.0,3.0,2.0,5.0,1.0,129.0,6.0,9.0,19.0,2.0,2.0,1.0,1.0,136.0,7.0,2.0,155.0,5.0,4.0,12.0
68,0.0,2.0,0.0,8.0,9.0,5.0,4.0,0.0,9.0,7.0,11.0,3.0,0.0,5.0,4.0,0.0,5.0,0.0,5.0,75.0,27.0,11.0,7.0,0.0,112.0,7.0,1.0,10.0,0.0,8.0,3.0,15.0,3.0,9.0,1.0,0.0,30.0,21.0,22.0,0.0,4.0,3.0,4.0,7.0,7.0,6.0,0.0,21.0,9.0,1.0,26.0,0.0,4.0,1.0,82.0,8.0,0.0,6.0,8.0,0.0,3.0,0.0,0.0,3.0,6.0,2.0,1.0,14.0,1.0,1.0,0.0,212.0,0.0,0.0,5.0,18.0,130.0,7.0,13.0,3.0,182.0,7.0,0.0,0.0,12.0,167.0,4.0,1.0,11.0,0.0,0.0,3.0,0.0,77.0,3.0,5.0,124.0,1.0,22.0,11.0
69,0.0,16.0,6.0,15.0,9.0,8.0,1.0,2.0,2.0,0.0,18.0,0.0,2.0,13.0,13.0,4.0,1.0,0.0,7.0,141.0,4.0,5.0,3.0,0.0,177.0,28.0,27.0,0.0,2.0,6.0,0.0,0.0,1.0,1.0,5.0,0.0,3.0,8.0,9.0,6.0,0.0,2.0,2.0,0.0,9.0,5.0,0.0,4.0,0.0,29.0,0.0,24.0,4.0,0.0,132.0,0.0,3.0,0.0,2.0,2.0,7.0,0.0,1.0,5.0,23.0,11.0,0.0,21.0,5.0,0.0,0.0,172.0,1.0,0.0,0.0,5.0,88.0,1.0,20.0,0.0,149.0,2.0,7.0,1.0,1.0,127.0,0.0,3.0,1.0,2.0,4.0,2.0,6.0,181.0,10.0,0.0,135.0,1.0,2.0,1.0
70,1.0,3.0,2.0,6.0,1.0,0.0,4.0,17.0,0.0,4.0,12.0,1.0,8.0,0.0,4.0,3.0,4.0,3.0,1.0,68.0,1.0,0.0,8.0,5.0,83.0,0.0,2.0,0.0,0.0,10.0,5.0,0.0,8.0,4.0,0.0,5.0,4.0,3.0,1.0,8.0,10.0,0.0,4.0,6.0,25.0,3.0,8.0,23.0,3.0,0.0,14.0,10.0,0.0,6.0,163.0,3.0,15.0,2.0,2.0,0.0,3.0,8.0,4.0,4.0,4.0,1.0,0.0,11.0,1.0,0.0,22.0,130.0,2.0,3.0,1.0,2.0,78.0,7.0,1.0,4.0,130.0,2.0,0.0,0.0,5.0,72.0,2.0,3.0,1.0,1.0,24.0,13.0,0.0,86.0,7.0,6.0,143.0,2.0,1.0,1.0
71,14.0,1.0,11.0,0.0,1.0,3.0,3.0,5.0,0.0,0.0,0.0,20.0,2.0,0.0,2.0,12.0,2.0,0.0,3.0,67.0,11.0,8.0,2.0,7.0,84.0,1.0,36.0,12.0,0.0,21.0,12.0,9.0,0.0,2.0,2.0,22.0,7.0,1.0,0.0,0.0,0.0,1.0,1.0,18.0,2.0,0.0,0.0,2.0,0.0,5.0,0.0,5.0,14.0,0.0,136.0,3.0,0.0,18.0,0.0,5.0,1.0,0.0,0.0,1.0,7.0,6.0,1.0,14.0,22.0,0.0,0.0,91.0,0.0,1.0,0.0,1.0,121.0,4.0,0.0,5.0,107.0,2.0,4.0,0.0,2.0,75.0,5.0,5.0,0.0,1.0,4.0,0.0,0.0,143.0,0.0,0.0,118.0,0.0,0.0,3.0
72,4.0,0.0,2.0,6.0,15.0,1.0,8.0,4.0,10.0,1.0,0.0,8.0,4.0,11.0,1.0,0.0,0.0,1.0,0.0,188.0,3.0,8.0,2.0,0.0,187.0,2.0,3.0,0.0,0.0,0.0,0.0,1.0,5.0,10.0,5.0,0.0,7.0,0.0,2.0,0.0,2.0,5.0,18.0,5.0,0.0,0.0,4.0,6.0,2.0,0.0,0.0,4.0,10.0,4.0,201.0,4.0,0.0,6.0,2.0,1.0,0.0,0.0,1.0,3.0,2.0,0.0,10.0,2.0,0.0,5.0,9.0,103.0,7.0,4.0,3.0,1.0,192.0,11.0,0.0,7.0,115.0,4.0,2.0,0.0,0.0,208.0,2.0,3.0,0.0,11.0,3.0,18.0,11.0,87.0,1.0,3.0,133.0,0.0,0.0,3.0
73,8.0,2.0,0.0,3.0,9.0,6.0,1.0,6.0,0.0,7.0,0.0,12.0,0.0,2.0,8.0,1.0,36.0,2.0,17.0,110.0,0.0,0.0,8.0,17.0,133.0,0.0,3.0,0.0,5.0,2.0,13.0,1.0,3.0,10.0,3.0,5.0,2.0,0.0,0.0,15.0,0.0,5.0,5.0,2.0,3.0,2.0,12.0,10.0,0.0,0.0,3.0,0.0,4.0,3.0,75.0,2.0,1.0,2.0,0.0,8.0,1.0,16.0,5.0,3.0,0.0,0.0,2.0,9.0,2.0,0.0,2.0,183.0,3.0,2.0,2.0,1.0,87.0,10.0,2.0,0.0,135.0,0.0,0.0,1.0,1.0,165.0,1.0,0.0,18.0,0.0,3.0,12.0,2.0,70.0,3.0,1.0,173.0,4.0,0.0,7.0
74,8.0,10.0,9.0,11.0,6.0,0.0,0.0,1.0,0.0,38.0,0.0,0.0,2.0,8.0,0.0,0.0,2.0,1.0,4.0,132.0,1.0,7.0,0.0,4.0,147.0,0.0,0.0,4.0,25.0,0.0,0.0,10.0,4.0,6.0,5.0,18.0,17.0,6.0,1.0,0.0,6.0,3.0,0.0,2.0,6.0,7.0,0.0,0.0,11.0,1.0,0.0,0.0,1.0,5.0,163.0,10.0,0.0,1.0,2.0,0.0,20.0,0.0,0.0,1.0,0.0,5.0,0.0,0.0,2.0,2.0,6.0,163.0,7.0,4.0,6.0,2.0,175.0,3.0,12.0,1.0,146.0,8.0,0.0,5.0,7.0,77.0,2.0,7.0,7.0,8.0,0.0,1.0,10.0,87.0,6.0,2.0,184.0,7.0,17.0,4.0
75,2.0,6.0,1.0,0.0,6.0,3.0,4.0,1.0,4.0,1.0,0.0,16.0,5.0,10.0,3.0,0.0,3.0,0.0,17.0,70.0,5.0,15.0,0.0,0.0,67.0,1.0,17.0,0.0,5.0,0.0,0.0,3.0,9.0,1.0,1.0,1.0,8.0,10.0,1.0,3.0,0.0,3.0,20.0,0.0,10.0,9.0,1.0,1.0,0.0,1.0,2.0,2.0,0.0,1.0,153.0,3.0,3.0,9.0,0.0,9.0,4.0,3.0,1.0,7.0,5.0,0.0,5.0,2.0,1.0,3.0,2.0,135.0,20.0,37.0,10.0,6.0,73.0,2.0,7.0,3.0,122.0,2.0,15.0,11.0,2.0,185.0,1.0,1.0,0.0,4.0,1.0,7.0,4.0,110.0,13.0,16.0,127.0,8.0,2.0,1.0
76,7.0,4.0,8.0,0.0,24.0,0.0,4.0,1.0,6.0,7.0,5.0,28.0,2.0,26.0,2.0,0.0,3.0,0.0,4.0,143.0,1.0,41.0,6.0,3.0,201.0,6.0,3.0,1.0,9.0,18.0,19.0,4.0,13.0,2.0,0.0,2.0,1.0,11.0,3.0,0.0,27.0,2.0,2.0,1.0,6.0,4.0,6.0,1.0,0.0,0.0,0.0,3.0,0.0,0.0,94.0,0.0,2.0,0.0,0.0,9.0,0.0,2.0,5.0,2.0,5.0,0.0,0.0,2.0,26.0,2.0,16.0,104.0,4.0,1.0,2.0,7.0,71.0,0.0,1.0,3.0,231.0,9.0,1.0,0.0,0.0,78.0,18.0,7.0,7.0,0.0,0.0,2.0,22.0,162.0,3.0,1.0,193.0,18.0,8.0,10.0
77,3.0,4.0,0.0,6.0,25.0,1.0,4.0,0.0,1.0,5.0,2.0,24.0,7.0,0.0,0.0,0.0,0.0,1.0,5.0,202.0,3.0,22.0,6.0,1.0,105.0,0.0,0.0,3.0,6.0,2.0,0.0,3.0,0.0,5.0,15.0,1.0,2.0,7.0,1.0,7.0,4.0,0.0,1.0,6.0,9.0,6.0,22.0,0.0,1.0,14.0,1.0,0.0,5.0,8.0,147.0,5.0,9.0,1.0,7.0,0.0,2.0,3.0,4.0,8.0,11.0,0.0,1.0,9.0,0.0,0.0,0.0,124.0,2.0,1.0,11.0,3.0,78.0,7.0,0.0,0.0,208.0,2.0,9.0,7.0,2.0,128.0,3.0,4.0,8.0,0.0,2.0,0.0,5.0,78.0,29.0,1.0,192.0,17.0,2.0,0.0
78,5.0,11.0,0.0,7.0,1.0,2.0,1.0,2.0,1.0,3.0,3.0,0.0,0.0,6.0,1.0,9.0,0.0,10.0,3.0,90.0,3.0,2.0,0.0,0.0,117.0,1.0,1.0,0.0,5.0,1.0,0.0,0.0,1.0,6.0,7.0,2.0,1.0,1.0,2.0,0.0,8.0,21.0,6.0,3.0,3.0,5.0,11.0,18.0,16.0,5.0,0.0,8.0,1.0,0.0,97.0,6.0,5.0,1.0,0.0,2.0,15.0,8.0,4.0,6.0,9.0,5.0,0.0,4.0,3.0,2.0,11.0,167.0,10.0,0.0,0.0,6.0,107.0,2.0,5.0,0.0,128.0,21.0,0.0,1.0,0.0,86.0,4.0,0.0,19.0,4.0,0.0,2.0,6.0,86.0,1.0,8.0,167.0,1.0,1.0,0.0
79,0.0,0.0,0.0,3.0,1.0,0.0,0.0,17.0,1.0,7.0,2.0,4.0,4.0,1.0,6.0,20.0,5.0,2.0,1.0,76.0,0.0,0.0,3.0,2.0,135.0,0.0,0.0,15.0,8.0,6.0,0.0,2.0,0.0,1.0,0.0,0.0,19.0,2.0,4.0,1.0,10.0,26.0,0.0,3.0,0.0,3.0,9.0,3.0,7.0,1.0,18.0,3.0,15.0,0.0,71.0,3.0,0.0,0.0,0.0,0.0,10.0,4.0,4.0,14.0,5.0,16.0,0.0,2.0,9.0,5.0,5.0,199.0,11.0,0.0,8.0,0.0,187.0,3.0,7.0,4.0,146.0,0.0,3.0,9.0,0.0,156.0,3.0,16.0,5.0,2.0,8.0,1.0,0.0,86.0,3.0,3.0,197.0,0.0,0.0,2.0
80,0.0,0.0,6.0,0.0,0.0,0.0,2.0,1.0,8.0,0.0,1.0,6.0,0.0,0.0,4.0,1.0,1.0,13.0,0.0,187.0,15.0,2.0,1.0,6.0,171.0,3.0,10.0,8.0,0.0,2.0,0.0,7.0,0.0,1.0,6.0,12.0,4.0,0.0,1.0,0.0,23.0,16.0,8.0,4.0,0.0,1.0,6.0,1.0,0.0,5.0,4.0,4.0,4.0,10.0,139.0,7.0,10.0,11.0,5.0,13.0,4.0,5.0,0.0,7.0,1.0,7.0,0.0,13.0,9.0,0.0,7.0,108.0,10.0,2.0,0.0,0.0,89.0,4.0,0.0,3.0,68.0,3.0,0.0,3.0,0.0,136.0,3.0,6.0,0.0,4.0,0.0,4.0,3.0,177.0,0.0,4.0,74.0,2.0,0.0,17.0
81,0.0,0.0,4.0,9.0,2.0,15.0,4.0,5.0,6.0,7.0,0.0,16.0,5.0,0.0,2.0,8.0,0.0,2.0,1.0,131.0,28.0,7.0,4.0,22.0,142.0,34.0,0.0,7.0,0.0,4.0,18.0,22.0,0.0,3.0,1.0,1.0,17.0,3.0,2.0,6.0,5.0,0.0,0.0,13.0,10.0,16.0,3.0,8.0,3.0,0.0,2.0,23.0,4.0,7.0,175.0,9.0,2.0,0.0,12.0,0.0,4.0,24.0,0.0,8.0,20.0,7.0,1.0,4.0,2.0,2.0,2.0,146.0,8.0,11.0,0.0,1.0,133.0,0.0,19.0,8.0,114.0,1.0,0.0,14.0,5.0,182.0,0.0,13.0,7.0,5.0,4.0,4.0,4.0,90.0,7.0,0.0,70.0,2.0,4.0,0.0
82,12.0,4.0,1.0,1.0,0.0,0.0,9.0,7.0,7.0,0.0,2.0,0.0,1.0,19.0,8.0,0.0,0.0,0.0,1.0,186.0,12.0,7.0,0.0,3.0,147.0,1.0,10.0,2.0,0.0,4.0,3.0,8.0,5.0,2.0,0.0,21.0,0.0,15.0,0.0,0.0,1.0,0.0,0.0,9.0,3.0,2.0,21.0,6.0,6.0,3.0,4.0,0.0,10.0,3.0,176.0,6.0,3.0,12.0,1.0,2.0,1.0,4.0,0.0,3.0,6.0,0.0,7.0,5.0,8.0,0.0,2.0,95.0,2.0,0.0,8.0,1.0,79.0,4.0,1.0,22.0,201.0,6.0,0.0,7.0,0.0,147.0,9.0,6.0,2.0,0.0,9.0,0.0,1.0,166.0,3.0,0.0,102.0,0.0,17.0,13.0
83,28.0,21.0,3.0,0.0,0.0,0.0,19.0,0.0,1.0,1.0,2.0,1.0,1.0,0.0,3.0,14.0,2.0,3.0,2.0,77.0,0.0,0.0,21.0,0.0,203.0,4.0,3.0,2.0,0.0,0.0,11.0,5.0,3.0,0.0,0.0,0.0,17.0,3.0,4.0,3.0,7.0,2.0,2.0,7.0,2.0,14.0,3.0,28.0,2.0,4.0,15.0,0.0,9.0,0.0,157.0,2.0,3.0,13.0,7.0,1.0,1.0,43.0,1.0,0.0,0.0,0.0,4.0,1.0,1.0,1.0,0.0,167.0,3.0,5.0,4.0,0.0,79.0,0.0,0.0,2.0,187.0,0.0,1.0,18.0,0.0,143.0,9.0,11.0,1.0,4.0,7.0,2.0,0.0,173.0,0.0,4.0,123.0,11.0,0.0,1.0
84,7.0,0.0,14.0,0.0,2.0,0.0,3.0,26.0,13.0,0.0,3.0,0.0,6.0,26.0,0.0,0.0,0.0,0.0,4.0,117.0,13.0,1.0,0.0,0.0,143.0,4.0,10.0,7.0,7.0,22.0,0.0,5.0,16.0,1.0,2.0,2.0,12.0,8.0,2.0,1.0,2.0,4.0,1.0,1.0,2.0,0.0,10.0,0.0,3.0,2.0,2.0,0.0,2.0,19.0,176.0,1.0,0.0,1.0,6.0,0.0,0.0,8.0,13.0,0.0,0.0,0.0,7.0,0.0,2.0,3.0,4.0,147.0,0.0,5.0,2.0,11.0,71.0,0.0,0.0,0.0,193.0,1.0,23.0,7.0,1.0,77.0,4.0,0.0,3.0,1.0,1.0,10.0,4.0,82.0,4.0,0.0,158.0,1.0,8.0,12.0
85,13.0,0.0,30.0,4.0,4.0,5.0,0.0,6.0,16.0,1.0,4.0,1.0,1.0,0.0,1.0,7.0,23.0,4.0,1.0,131.0,0.0,1.0,4.0,4.0,144.0,1.0,1.0,16.0,5.0,1.0,6.0,4.0,0.0,4.0,0.0,2.0,1.0,0.0,2.0,0.0,0.0,0.0,3.0,13.0,0.0,10.0,0.0,0.0,4.0,0.0,4.0,6.0,0.0,0.0,159.0,2.0,0.0,4.0,1.0,0.0,43.0,0.0,0.0,5.0,3.0,0.0,0.0,6.0,2.0,4.0,1.0,136.0,1.0,1.0,4.0,2.0,114.0,5.0,9.0,5.0,196.0,1.0,0.0,0.0,1.0,137.0,3.0,47.0,5.0,3.0,11.0,0.0,10.0,185.0,3.0,50.0,106.0,1.0,4.0,19.0
86,1.0,2.0,0.0,22.0,0.0,5.0,0.0,3.0,2.0,1.0,10.0,15.0,0.0,3.0,3.0,1.0,18.0,7.0,0.0,85.0,0.0,0.0,1.0,2.0,93.0,3.0,0.0,3.0,1.0,0.0,0.0,0.0,5.0,5.0,15.0,4.0,8.0,0.0,4.0,1.0,4.0,2.0,15.0,10.0,0.0,1.0,1.0,21.0,0.0,9.0,0.0,2.0,10.0,19.0,205.0,6.0,0.0,20.0,6.0,1.0,19.0,0.0,0.0,23.0,0.0,0.0,8.0,5.0,4.0,0.0,19.0,92.0,11.0,1.0,2.0,2.0,85.0,0.0,6.0,0.0,148.0,0.0,1.0,9.0,3.0,97.0,2.0,14.0,3.0,4.0,3.0,12.0,3.0,193.0,4.0,1.0,141.0,0.0,1.0,0.0
87,2.0,1.0,0.0,1.0,2.0,2.0,11.0,5.0,7.0,1.0,6.0,0.0,1.0,1.0,0.0,1.0,12.0,0.0,3.0,186.0,13.0,0.0,2.0,0.0,150.0,5.0,2.0,0.0,30.0,28.0,2.0,9.0,0.0,0.0,1.0,6.0,2.0,10.0,13.0,14.0,0.0,5.0,0.0,32.0,14.0,4.0,0.0,0.0,0.0,5.0,1.0,7.0,1.0,0.0,152.0,0.0,4.0,12.0,4.0,15.0,1.0,4.0,5.0,11.0,15.0,1.0,11.0,0.0,0.0,0.0,4.0,88.0,0.0,6.0,7.0,7.0,83.0,0.0,13.0,10.0,146.0,0.0,3.0,1.0,1.0,90.0,2.0,0.0,0.0,5.0,1.0,1.0,2.0,140.0,0.0,0.0,142.0,0.0,3.0,0.0
88,31.0,18.0,1.0,1.0,12.0,10.0,5.0,6.0,8.0,0.0,0.0,0.0,0.0,9.0,5.0,0.0,20.0,1.0,2.0,93.0,19.0,1.0,23.0,7.0,67.0,36.0,6.0,8.0,13.0,0.0,11.0,1.0,0.0,4.0,10.0,1.0,0.0,9.0,0.0,13.0,12.0,7.0,9.0,0.0,10.0,1.0,7.0,10.0,7.0,0.0,7.0,1.0,1.0,2.0,126.0,1.0,24.0,7.0,3.0,6.0,0.0,2.0,4.0,23.0,3.0,0.0,4.0,0.0,1.0,4.0,1.0,78.0,1.0,3.0,0.0,1.0,158.0,1.0,6.0,0.0,117.0,1.0,1.0,1.0,17.0,139.0,1.0,6.0,10.0,13.0,17.0,0.0,15.0,104.0,6.0,3.0,195.0,16.0,6.0,3.0
89,12.0,3.0,18.0,2.0,23.0,6.0,2.0,5.0,2.0,0.0,0.0,5.0,2.0,6.0,2.0,3.0,7.0,2.0,0.0,116.0,4.0,0.0,0.0,1.0,143.0,2.0,11.0,0.0,18.0,1.0,5.0,0.0,6.0,0.0,0.0,10.0,0.0,10.0,0.0,5.0,0.0,7.0,39.0,0.0,0.0,0.0,0.0,25.0,12.0,7.0,7.0,0.0,2.0,7.0,72.0,1.0,1.0,3.0,1.0,2.0,0.0,0.0,0.0,3.0,3.0,14.0,12.0,21.0,1.0,0.0,23.0,120.0,6.0,3.0,0.0,1.0,153.0,0.0,18.0,7.0,89.0,0.0,1.0,15.0,0.0,132.0,3.0,1.0,4.0,0.0,6.0,0.0,5.0,119.0,2.0,0.0,130.0,3.0,14.0,15.0
90,0.0,15.0,0.0,9.0,6.0,0.0,4.0,2.0,0.0,6.0,2.0,2.0,20.0,3.0,6.0,6.0,9.0,0.0,2.0,116.0,1.0,0.0,38.0,9.0,192.0,12.0,0.0,4.0,2.0,3.0,12.0,10.0,3.0,0.0,2.0,7.0,6.0,4.0,5.0,1.0,2.0,7.0,2.0,16.0,7.0,3.0,0.0,2.0,13.0,0.0,0.0,2.0,1.0,6.0,170.0,3.0,2.0,15.0,18.0,0.0,0.0,0.0,23.0,6.0,10.0,12.0,0.0,13.0,22.0,9.0,12.0,203.0,12.0,10.0,1.0,19.0,162.0,5.0,5.0,9.0,123.0,0.0,8.0,1.0,5.0,193.0,0.0,1.0,1.0,2.0,4.0,11.0,36.0,168.0,5.0,4.0,71.0,25.0,1.0,26.0
91,6.0,15.0,0.0,7.0,9.0,8.0,4.0,0.0,0.0,0.0,15.0,0.0,10.0,1.0,6.0,8.0,0.0,8.0,5.0,88.0,1.0,4.0,1.0,1.0,141.0,4.0,17.0,2.0,0.0,6.0,1.0,7.0,0.0,27.0,5.0,0.0,4.0,13.0,3.0,6.0,4.0,3.0,7.0,6.0,0.0,0.0,7.0,6.0,2.0,1.0,19.0,1.0,10.0,0.0,157.0,0.0,0.0,4.0,2.0,10.0,6.0,13.0,1.0,0.0,13.0,8.0,0.0,4.0,1.0,0.0,1.0,198.0,4.0,0.0,2.0,2.0,67.0,2.0,22.0,2.0,105.0,5.0,1.0,0.0,2.0,170.0,0.0,10.0,3.0,1.0,18.0,0.0,12.0,75.0,9.0,4.0,83.0,7.0,3.0,0.0
92,15.0,3.0,2.0,8.0,5.0,1.0,0.0,24.0,3.0,1.0,3.0,0.0,0.0,20.0,1.0,12.0,5.0,3.0,8.0,193.0,1.0,17.0,5.0,0.0,104.0,4.0,4.0,2.0,2.0,2.0,0.0,1.0,0.0,1.0,17.0,0.0,2.0,1.0,7.0,0.0,0.0,3.0,1.0,2.0,25.0,0.0,3.0,0.0,7.0,4.0,0.0,4.0,12.0,4.0,109.0,0.0,10.0,9.0,18.0,1.0,3.0,12.0,0.0,10.0,4.0,2.0,0.0,0.0,0.0,0.0,0.0,193.0,3.0,1.0,4.0,15.0,72.0,2.0,12.0,0.0,78.0,6.0,1.0,1.0,1.0,151.0,0.0,2.0,0.0,6.0,4.0,9.0,4.0,126.0,1.0,39.0,150.0,26.0,8.0,5.0
93,2.0,2.0,1.0,9.0,2.0,1.0,1.0,10.0,3.0,2.0,1.0,4.0,6.0,0.0,3.0,0.0,2.0,0.0,20.0,178.0,1.0,13.0,10.0,5.0,139.0,4.0,3.0,2.0,5.0,0.0,29.0,0.0,7.0,0.0,19.0,6.0,12.0,8.0,14.0,0.0,4.0,0.0,11.0,0.0,17.0,4.0,11.0,3.0,5.0,5.0,8.0,19.0,7.0,11.0,119.0,2.0,2.0,3.0,12.0,7.0,3.0,0.0,1.0,9.0,0.0,0.0,5.0,8.0,3.0,2.0,1.0,128.0,0.0,10.0,0.0,7.0,183.0,0.0,11.0,3.0,167.0,7.0,4.0,0.0,0.0,123.0,7.0,5.0,0.0,1.0,5.0,5.0,10.0,220.0,2.0,0.0,107.0,7.0,4.0,9.0
94,5.0,0.0,11.0,0.0,5.0,6.0,5.0,11.0,5.0,2.0,2.0,5.0,1.0,3.0,15.0,0.0,6.0,0.0,1.0,70.0,3.0,1.0,0.0,6.0,127.0,1.0,2.0,8.0,11.0,10.0,21.0,0.0,3.0,5.0,0.0,0.0,2.0,8.0,0.0,0.0,0.0,0.0,2.0,10.0,0.0,10.0,1.0,10.0,0.0,3.0,1.0,12.0,0.0,2.0,128.0,4.0,1.0,14.0,5.0,8.0,1.0,2.0,0.0,0.0,5.0,8.0,1.0,4.0,1.0,1.0,21.0,186.0,0.0,18.0,0.0,0.0,135.0,8.0,2.0,0.0,94.0,0.0,9.0,1.0,1.0,94.0,0.0,5.0,3.0,5.0,3.0,1.0,1.0,165.0,2.0,13.0,186.0,1.0,4.0,1.0
95,9.0,1.0,0.0,2.0,3.0,2.0,17.0,0.0,0.0,3.0,0.0,5.0,0.0,7.0,5.0,14.0,4.0,2.0,3.0,160.0,5.0,3.0,1.0,2.0,169.0,4.0,3.0,11.0,13.0,17.0,0.0,5.0,0.0,3.0,9.0,4.0,3.0,2.0,2.0,7.0,25.0,1.0,11.0,2.0,0.0,11.0,2.0,8.0,0.0,12.0,0.0,16.0,6.0,19.0,146.0,12.0,0.0,0.0,6.0,5.0,0.0,5.0,16.0,23.0,4.0,3.0,0.0,4.0,0.0,14.0,0.0,175.0,0.0,2.0,2.0,5.0,73.0,2.0,7.0,7.0,110.0,1.0,12.0,0.0,8.0,73.0,4.0,0.0,0.0,1.0,7.0,2.0,7.0,79.0,1.0,2.0,194.0,2.0,1.0,3.0
96,3.0,3.0,3.0,1.0,7.0,2.0,14.0,1.0,2.0,0.0,3.0,8.0,0.0,14.0,30.0,1.0,2.0,3.0,0.0,87.0,3.0,6.0,1.0,3.0,130.0,1.0,11.0,4.0,2.0,0.0,0.0,1.0,0.0,7.0,15.0,12.0,0.0,0.0,14.0,6.0,3.0,0.0,0.0,0.0,0.0,2.0,14.0,0.0,4.0,3.0,2.0,13.0,0.0,4.0,172.0,12.0,8.0,27.0,4.0,0.0,0.0,0.0,1.0,9.0,1.0,0.0,4.0,1.0,1.0,0.0,9.0,74.0,2.0,5.0,12.0,0.0,96.0,3.0,1.0,0.0,108.0,1.0,6.0,0.0,7.0,194.0,0.0,2.0,2.0,2.0,1.0,0.0,8.0,152.0,0.0,1.0,167.0,11.0,0.0,2.0
97,0.0,0.0,0.0,15.0,6.0,4.0,4.0,1.0,14.0,2.0,0.0,0.0,3.0,10.0,0.0,18.0,0.0,5.0,0.0,130.0,2.0,12.0,1.0,2.0,137.0,1.0,5.0,5.0,12.0,0.0,3.0,5.0,3.0,22.0,3.0,0.0,0.0,2.0,0.0,0.0,15.0,10.0,16.0,0.0,3.0,27.0,8.0,4.0,7.0,1.0,0.0,14.0,2.0,5.0,164.0,1.0,0.0,5.0,7.0,2.0,19.0,3.0,1.0,8.0,3.0,0.0,0.0,2.0,0.0,8.0,15.0,166.0,7.0,17.0,1.0,4.0,197.0,3.0,13.0,8.0,91.0,1.0,10.0,13.0,10.0,169.0,20.0,0.0,2.0,0.0,3.0,4.0,0.0,130.0,0.0,3.0,124.0,3.0,10.0,8.0
98,0.0,3.0,0.0,1.0,4.0,2.0,3.0,2.0,7.0,0.0,0.0,3.0,0.0,0.0,25.0,2.0,6.0,3.0,32.0,116.0,9.0,0.0,1.0,0.0,132.0,0.0,3.0,2.0,13.0,19.0,0.0,1.0,3.0,0.0,4.0,30.0,12.0,1.0,0.0,0.0,15.0,8.0,9.0,0.0,10.0,0.0,0.0,1.0,0.0,0.0,0.0,11.0,4.0,1.0,128.0,2.0,0.0,0.0,8.0,2.0,24.0,11.0,2.0,2.0,0.0,1.0,15.0,3.0,0.0,0.0,10.0,185.0,0.0,17.0,0.0,8.0,120.0,8.0,5.0,21.0,156.0,3.0,5.0,2.0,0.0,204.0,0.0,15.0,0.0,20.0,23.0,0.0,6.0,168.0,10.0,9.0,166.0,2.0,8.0,6.0
99,1.0,19.0,0.0,4.0,6.0,3.0,2.0,4.0,12.0,16.0,18.0,5.0,11.0,1.0,8.0,0.0,18.0,1.0,4.0,104.0,1.0,2.0,2.0,13.0,124.0,0.0,11.0,1.0,1.0,1.0,5.0,0.0,0.0,10.0,1.0,2.0,8.0,0.0,10.0,0.0,5.0,3.0,0.0,1.0,5.0,5.0,1.0,0.0,3.0,1.0,2.0,0.0,0.0,23.0,134.0,0.0,0.0,7.0,0.0,2.0,3.0,0.0,6.0,16.0,14.0,0.0,14.0,3.0,0.0,0.0,0.0,109.0,9.0,9.0,3.0,1.0,80.0,10.0,0.0,0.0,147.0,2.0,11.0,5.0,17.0,166.0,7.0,2.0,7.0,4.0,7.0,2.0,0.0,178.0,4.0,13.0,170.0,4.0,1.0,1.0
100,8.0,5.0,4.0,2.0,0.0,1.0,0.0,1.0,0.0,3.0,8.0,3.0,0.0,1.0,7.0,3.0,5.0,9.0,5.0,175.0,5.0,2.0,2.0,0.0,178.0,1.0,7.0,2.0,16.0,0.0,0.0,7.0,0.0,14.0,3.0,4.0,1.0,8.0,4.0,2.0,2.0,4.0,3.0,10.0,1.0,0.0,0.0,11.0,2.0,6.0,0.0,2.0,3.0,0.0,143.0,8.0,3.0,2.0,18.0,5.0,2.0,6.0,1.0,37.0,9.0,0.0,9.0,12.0,3.0,0.0,10.0,161.0,3.0,10.0,0.0,0.0,71.0,0.0,1.0,0.0,101.0,1.0,13.0,2.0,4.0,146.0,6.0,5.0,4.0,11.0,17.0,0.0,11.0,104.0,0.0,0.0,70.0,4.0,6.0,2.0
101,1.0,6.0,0.0,1.0,2.0,0.0,5.0,11.0,13.0,0.0,7.0,3.0,0.0,22.0,0.0,2.0,0.0,3.0,10.0,94.0,7.0,2.0,2.0,4.0,186.0,0.0,6.0,2.0,7.0,0.0,11.0,9.0,1.0,0.0,4.0,7.0,0.0,6.0,0.0,0.0,3.0,5.0,5.0,5.0,3.0,11.0,0.0,7.0,9.0,10.0,1.0,2.0,0.0,1.0,174.0,7.0,0.0,1.0,1.0,1.0,5.0,0.0,8.0,0.0,3.0,0.0,0.0,12.0,1.0,1.0,0.0,186.0,4.0,1.0,6.0,0.0,150.0,1.0,3.0,2.0,106.0,1.0,6.0,14.0,0.0,190.0,10.0,1.0,8.0,10.0,1.0,10.0,21.0,163.0,8.0,5.0,69.0,2.0,3.0,1.0
102,2.0,0.0,2.0,21.0,0.0,5.0,0.0,3.0,5.0,0.0,5.0,1.0,0.0,6.0,0.0,0.0,2.0,4.0,5.0,181.0,0.0,0.0,1.0,0.0,100.0,7.0,0.0,3.0,0.0,2.0,13.0,3.0,6.0,3.0,2.0,0.0,4.0,7.0,2.0,4.0,2.0,5.0,14.0,0.0,5.0,1.0,12.0,1.0,1.0,6.0,1.0,3.0,13.0,14.0,197.0,2.0,0.0,1.0,20.0,1.0,1.0,9.0,2.0,3.0,20.0,8.0,0.0,3.0,1.0,0.0,7.0,85.0,1.0,10.0,15.0,0.0,98.0,3.0,27.0,2.0,192.0,0.0,0.0,0.0,21.0,160.0,0.0,2.0,1.0,5.0,1.0,14.0,2.0,98.0,1.0,1.0,88.0,9.0,0.0,28.0
103,14.0,11.0,12.0,6.0,1.0,0.0,2.0,0.0,3.0,6.0,26.0,2.0,14.0,2.0,0.0,0.0,5.0,10.0,10.0,81.0,8.0,9.0,2.0,2.0,169.0,4.0,9.0,5.0,0.0,2.0,11.0,9.0,12.0,0.0,4.0,5.0,8.0,0.0,0.0,3.0,13.0,14.0,3.0,4.0,3.0,3.0,1.0,10.0,2.0,2.0,0.0,4.0,3.0,4.0,189.0,9.0,2.0,1.0,6.0,10.0,2.0,5.0,2.0,0.0,0.0,0.0,13.0,0.0,0.0,12.0,10.0,126.0,1.0,3.0,6.0,7.0,194.0,9.0,13.0,9.0,193.0,0.0,7.0,3.0,3.0,118.0,1.0,1.0,7.0,14.0,3.0,1.0,0.0,215.0,0.0,0.0,167.0,10.0,0.0,4.0
104,1.0,4.0,4.0,6.0,0.0,9.0,4.0,1.0,1.0,5.0,13.0,0.0,0.0,0.0,0.0,20.0,6.0,13.0,0.0,177.0,14.0,19.0,0.0,13.0,202.0,13.0,1.0,12.0,28.0,4.0,0.0,10.0,5.0,10.0,1.0,7.0,3.0,8.0,3.0,2.0,1.0,4.0,15.0,14.0,0.0,0.0,0.0,7.0,0.0,2.0,9.0,0.0,3.0,0.0,189.0,1.0,2.0,1.0,7.0,14.0,0.0,3.0,1.0,0.0,1.0,2.0,1.0,3.0,19.0,3.0,3.0,138.0,1.0,0.0,2.0,8.0,73.0,9.0,2.0,0.0,88.0,3.0,5.0,10.0,5.0,144.0,1.0,1.0,5.0,3.0,0.0,2.0,1.0,141.0,1.0,1.0,199.0,1.0,8.0,11.0
105,1.0,2.0,3.0,0.0,7.0,1.0,3.0,0.0,0.0,0.0,4.0,3.0,2.0,0.0,4.0,1.0,0.0,6.0,0.0,121.0,2.0,5.0,4.0,0.0,97.0,5.0,3.0,0.0,2.0,17.0,0.0,21.0,10.0,6.0,0.0,7.0,1.0,12.0,26.0,5.0,7.0,0.0,0.0,23.0,11.0,1.0,0.0,20.0,0.0,12.0,4.0,4.0,1.0,7.0,105.0,4.0,0.0,1.0,10.0,2.0,0.0,9.0,0.0,4.0,7.0,20.0,0.0,0.0,6.0,5.0,1.0,88.0,9.0,0.0,3.0,0.0,195.0,0.0,1.0,0.0,101.0,1.0,2.0,1.0,6.0,137.0,1.0,0.0,4.0,10.0,6.0,2.0,8.0,79.0,6.0,5.0,198.0,4.0,8.0,0.0
106,8.0,6.0,7.0,0.0,1.0,5.0,0.0,18.0,0.0,4.0,2.0,2.0,5.0,5.0,3.0,0.0,2.0,27.0,1.0,192.0,3.0,8.0,0.0,2.0,105.0,2.0,7.0,0.0,2.0,7.0,0.0,2.0,0.0,6.0,0.0,1.0,4.0,0.0,14.0,0.0,5.0,4.0,2.0,3.0,0.0,23.0,20.0,10.0,3.0,0.0,1.0,18.0,11.0,8.0,73.0,0.0,0.0,5.0,3.0,4.0,2.0,3.0,1.0,0.0,0.0,8.0,1.0,10.0,3.0,1.0,5.0,186.0,6.0,1.0,5.0,10.0,116.0,0.0,10.0,0.0,130.0,1.0,8.0,0.0,8.0,150.0,0.0,17.0,4.0,2.0,0.0,7.0,6.0,123.0,9.0,0.0,122.0,3.0,2.0,1.0
107,8.0,0.0,11.0,5.0,3.0,8.0,11.0,13.0,0.0,1.0,9.0,3.0,3.0,9.0,1.0,1.0,4.0,2.0,0.0,129.0,5.0,13.0,0.0,5.0,138.0,0.0,3.0,1.0,2.0,0.0,7.0,3.0,1.0,5.0,5.0,1.0,4.0,1.0,0.0,2.0,0.0,0.0,1.0,0.0,3.0,5.0,8.0,12.0,1.0,7.0,1.0,0.0,1.0,5.0,167.0,4.0,13.0,1.0,1.0,12.0,4.0,0.0,2.0,0.0,4.0,3.0,15.0,40.0,3.0,9.0,0.0,110.0,2.0,0.0,3.0,1.0,86.0,1.0,3.0,5.0,73.0,0.0,0.0,17.0,6.0,175.0,27.0,0.0,4.0,1.0,9.0,2.0,0.0,113.0,1.0,0.0,127.0,5.0,4.0,0.0
108,2.0,0.0,3.0,3.0,0.0,0.0,1.0,0.0,0.0,8.0,2.0,0.0,0.0,1.0,13.0,1.0,3.0,25.0,10.0,78.0,0.0,2.0,0.0,3.0,125.0,15.0,2.0,2.0,7.0,9.0,2.0,6.0,4.0,2.0,1.0,0.0,0.0,0.0,5.0,2.0,5.0,0.0,0.0,0.0,4.0,3.0,3.0,4.0,0.0,0.0,4.0,0.0,2.0,1.0,155.0,5.0,2.0,0.0,5.0,0.0,0.0,1.0,1.0,0.0,3.0,3.0,0.0,0.0,0.0,4.0,3.0,77.0,0.0,29.0,9.0,1.0,199.0,7.0,16.0,0.0,157.0,11.0,2.0,7.0,1.0,110.0,0.0,0.0,2.0,4.0,6.0,3.0,2.0,144.0,2.0,29.0,148.0,1.0,2.0,1.0
109,0.0,1.0,0.0,9.0,4.0,7.0,1.0,14.0,1.0,7.0,0.0,0.0,1.0,18.0,18.0,4.0,2.0,0.0,6.0,155.0,11.0,3.0,3.0,3.0,187.0,7.0,29.0,0.0,6.0,11.0,8.0,6.0,3.0,2.0,1.0,0.0,0.0,3.0,4.0,3.0,4.0,0.0,5.0,2.0,5.0,2.0,0.0,3.0,0.0,6.0,13.0,1.0,7.0,13.0,158.0,2.0,3.0,0.0,1.0,8.0,24.0,43.0,8.0,1.0,27.0,3.0,7.0,9.0,0.0,1.0,0.0,159.0,0.0,0.0,2.0,0.0,77.0,1.0,6.0,0.0,128.0,1.0,17.0,5.0,0.0,167.0,0.0,3.0,1.0,8.0,2.0,4.0,0.0,147.0,1.0,1.0,67.0,0.0,5.0,5.0
110,0.0,0.0,11.0,0.0,18.0,1.0,6.0,3.0,0.0,3.0,8.0,1.0,0.0,5.0,14.0,23.0,14.0,0.0,0.0,185.0,1.0,1.0,2.0,20.0,169.0,18.0,2.0,0.0,0.0,2.0,0.0,5.0,2.0,11.0,0.0,4.0,3.0,0.0,4.0,19.0,6.0,4.0,9.0,1.0,6.0,0.0,2.0,4.0,1.0,1.0,1.0,3.0,2.0,3.0,97.0,1.0,0.0,13.0,1.0,27.0,4.0,0.0,5.0,2.0,1.0,0.0,11.0,5.0,13.0,4.0,7.0,165.0,3.0,10.0,2.0,0.0,77.0,1.0,0.0,3.0,95.0,2.0,1.0,0.0,20.0,80.0,5.0,1.0,8.0,9.0,1.0,3.0,3.0,113.0,7.0,7.0,137.0,1.0,3.0,14.0
111,8.0,12.0,3.0,1.0,1.0,3.0,3.0,3.0,2.0,17.0,39.0,5.0,1.0,1.0,0.0,1.0,6.0,1.0,0.0,72.0,4.0,11.0,1.0,3.0,136.0,0.0,5.0,1.0,16.0,1.0,3.0,0.0,0.0,4.0,16.0,4.0,2.0,5.0,3.0,6.0,0.0,8.0,0.0,0.0,4.0,22.0,5.0,0.0,2.0,7.0,0.0,10.0,3.0,8.0,130.0,0.0,2.0,5.0,5.0,4.0,3.0,8.0,3.0,9.0,2.0,1.0,4.0,6.0,1.0,3.0,5.0,199.0,1.0,0.0,3.0,0.0,185.0,4.0,1.0,4.0,96.0,3.0,0.0,2.0,3.0,124.0,7.0,0.0,1.0,11.0,4.0,10.0,1.0,146.0,4.0,2.0,113.0,1.0,19.0,0.0
112,0.0,1.0,0.0,1.0,13.0,1.0,0.0,1.0,3.0,1.0,0.0,0.0,0.0,1.0,9.0,6.0,13.0,11.0,10.0,133.0,0.0,2.0,2.0,1.0,131.0,1.0,0.0,18.0,17.0,4.0,0.0,0.0,6.0,2.0,5.0,22.0,5.0,1.0,3.0,9.0,0.0,12.0,14.0,3.0,24.0,6.0,5.0,3.0,4.0,4.0,2.0,4.0,1.0,7.0,82.0,0.0,7.0,3.0,4.0,3.0,1.0,4.0,2.0,0.0,1.0,2.0,0.0,1.0,7.0,0.0,1.0,116.0,0.0,1.0,4.0,6.0,93.0,6.0,3.0,8.0,164.0,9.0,3.0,4.0,9.0,114.0,4.0,3.0,0.0,0.0,1.0,3.0,5.0,162.0,1.0,0.0,184.0,3.0,19.0,1.0
113,12.0,0.0,23.0,1.0,6.0,3.0,1.0,0.0,1.0,3.0,20.0,8.0,1.0,1.0,13.0,29.0,1.0,2.0,2.0,144.0,12.0,7.0,9.0,0.0,188.0,3.0,0.0,8.0,0.0,0.0,0.0,10.0,3.0,13.0,12.0,7.0,6.0,0.0,12.0,2.0,0.0,0.0,14.0,1.0,1.0,9.0,20.0,0.0,0.0,13.0,1.0,0.0,0.0,3.0,123.0,0.0,0.0,1.0,0.0,2.0,1.0,11.0,1.0,0.0,0.0,18.0,0.0,3.0,0.0,3.0,1.0,117.0,11.0,14.0,0.0,15.0,203.0,0.0,2.0,3.0,101.0,1.0,1.0,3.0,25.0,178.0,23.0,8.0,2.0,14.0,2.0,2.0,0.0,74.0,0.0,1.0,154.0,26.0,15.0,7.0
114,2.0,2.0,3.0,0.0,9.0,0.0,7.0,0.0,0.0,4.0,4.0,12.0,0.0,6.0,2.0,1.0,3.0,0.0,0.0,71.0,0.0,10.0,10.0,0.0,169.0,1.0,21.0,0.0,0.0,15.0,3.0,1.0,5.0,1.0,13.0,12.0,1.0,6.0,2.0,3.0,0.0,14.0,0.0,3.0,11.0,1.0,2.0,0.0,1.0,0.0,5.0,4.0,1.0,23.0,92.0,5.0,0.0,0.0,5.0,6.0,2.0,3.0,0.0,0.0,2.0,19.0,0.0,10.0,0.0,1.0,0.0,186.0,2.0,0.0,0.0,0.0,175.0,1.0,1.0,0.0,158.0,9.0,0.0,2.0,0.0,113.0,0.0,0.0,1.0,3.0,1.0,10.0,5.0,110.0,7.0,0.0,171.0,1.0,1.0,1.0
115,2.0,1.0,0.0,1.0,0.0,2.0,16.0,26.0,3.0,0.0,0.0,11.0,9.0,3.0,3.0,0.0,2.0,0.0,2.0,174.0,21.0,1.0,4.0,3.0,199.0,9.0,0.0,3.0,4.0,1.0,1.0,5.0,0.0,10.0,0.0,0.0,1.0,2.0,1.0,0.0,21.0,6.0,2.0,0.0,0.0,2.0,6.0,1.0,0.0,11.0,8.0,2.0,0.0,2.0,103.0,0.0,2.0,2.0,0.0,0.0,4.0,8.0,12.0,2.0,12.0,0.0,5.0,10.0,8.0,9.0,13.0,184.0,0.0,9.0,4.0,10.0,80.0,12.0,3.0,0.0,78.0,10.0,24.0,7.0,1.0,68.0,8.0,3.0,7.0,0.0,0.0,3.0,4.0,183.0,3.0,1.0,200.0,1.0,2.0,5.0
116,3.0,6.0,3.0,0.0,0.0,7.0,1.0,0.0,0.0,5.0,7.0,9.0,3.0,18.0,6.0,7.0,15.0,2.0,2.0,26.0,0.0,10.0,1.0,12.0,0.0,11.0,9.0,5.0,0.0,0.0,2.0,3.0,3.0,3.0,0.0,84.0,0.0,1.0,1.0,27.0,13.0,5.0,0.0,15.0,5.0,4.0,0.0,11.0,4.0,7.0,7.0,7.0,4.0,9.0,5.0,2.0,7.0,0.0,6.0,0.0,3.0,2.0,1.0,3.0,1.0,4.0,11.0,6.0,2.0,1.0,0.0,2.0,6.0,0.0,7.0,2.0,0.0,14.0,1.0,6.0,18.0,24.0,11.0,1.0,3.0,10.0,11.0,0.0,8.0,17.0,0.0,0.0,9.0,1.0,4.0,9.0,2.0,0.0,6.0,4.0
117,26.0,0.0,0.0,5.0,9.0,4.0,3.0,1.0,1.0,15.0,11.0,1.0,3.0,27.0,4.0,3.0,2.0,1.0,43.0,1.0,1.0,14.0,31.0,0.0,4.0,0.0,0.0,4.0,12.0,7.0,6.0,12.0,12.0,4.0,3.0,161.0,10.0,1.0,6.0,0.0,0.0,2.0,2.0,6.0,1.0,9.0,0.0,3.0,3.0,4.0,4.0,0.0,0.0,4.0,6.0,7.0,1.0,8.0,4.0,0.0,5.0,0.0,4.0,0.0,0.0,1.0,2.0,14.0,0.0,1.0,0.0,2.0,5.0,0.0,19.0,0.0,6.0,0.0,5.0,9.0,30.0,10.0,2.0,0.0,4.0,1.0,8.0,11.0,25.0,0.0,1.0,0.0,4.0,0.0,12.0,2.0,0.0,3.0,1.0,1.0
118,16.0,0.0,6.0,4.0,3.0,0.0,0.0,3.0,3.0,18.0,0.0,6.0,6.0,3.0,19.0,4.0,1.0,5.0,1.0,0.0,0.0,0.0,18.0,8.0,9.0,1.0,3.0,8.0,2.0,0.0,0.0,3.0,0.0,7.0,0.0,171.0,26.0,3.0,0.0,0.0,23.0,15.0,0.0,0.0,0.0,1.0,4.0,3.0,1.0,5.0,12.0,0.0,2.0,0.0,4.0,18.0,10.0,2.0,2.0,38.0,0.0,5.0,2.0,0.0,0.0,1.0,9.0,0.0,2.0,1.0,6.0,21.0,0.0,4.0,6.0,3.0,6.0,5.0,1.0,6.0,11.0,8.0,1.0,2.0,6.0,1.0,1.0,1.0,4.0,5.0,14.0,0.0,3.0,1.0,4.0,4.0,13.0,5.0,1.0,0.0
119,1.0,8.0,3.0,0.0,10.0,1.0,3.0,6.0,3.0,7.0,1.0,0.0,1.0,7.0,0.0,1.0,0.0,0.0,0.0,3.0,1.0,17.0,0.0,2.0,0.0,1.0,0.0,1.0,3.0,0.0,11.0,0.0,1.0,3.0,6.0,147.0,0.0,18.0,1.0,4.0,10.0,1.0,0.0,2.0,1.0,0.0,0.0,2.0,8.0,11.0,20.0,1.0,3.0,10.0,3.0,2.0,4.0,4.0,0.0,0.0,0.0,0.0,2.0,6.0,5.0,3.0,0.0,0.0,2.0,17.0,5.0,2.0,0.0,0.0,4.0,11.0,4.0,7.0,1.0,3.0,1.0,2.0,10.0,15.0,5.0,1.0,3.0,0.0,9.0,0.0,3.0,2.0,2.0,0.0,15.0,16.0,18.0,6.0,10.0,3.0
120,7.0,0.0,4.0,5.0,2.0,19.0,10.0,1.0,1.0,0.0,4.0,7.0,18.0,9.0,1.0,7.0,3.0,5.0,2.0,5.0,15.0,3.0,4.0,7.0,1.0,0.0,9.0,0.0,1.0,2.0,1.0,1.0,1.0,3.0,0.0,108.0,2.0,13.0,27.0,0.0,8.0,0.0,2.0,6.0,8.0,0.0,2.0,2.0,11.0,15.0,1.0,1.0,15.0,10.0,9.0,0.0,2.0,0.0,3.0,0.0,9.0,9.0,3.0,3.0,2.0,0.0,0.0,19.0,4.0,2.0,4.0,0.0,0.0,0.0,0.0,0.0,7.0,11.0,3.0,4.0,8.0,3.0,0.0,1.0,2.0,12.0,0.0,5.0,4.0,1.0,0.0,5.0,0.0,10.0,3.0,5.0,0.0,13.0,0.0,0.0
121,1.0,12.0,2.0,2.0,3.0,4.0,7.0,4.0,0.0,9.0,1.0,2.0,18.0,2.0,0.0,15.0,0.0,14.0,0.0,12.0,5.0,1.0,0.0,0.0,2.0,1.0,3.0,1.0,14.0,8.0,9.0,3.0,0.0,0.0,7.0,107.0,0.0,2.0,3.0,2.0,1.0,1.0,5.0,0.0,3.0,2.0,0.0,7.0,2.0,3.0,3.0,0.0,0.0,0.0,0.0,0.0,6.0,4.0,3.0,0.0,2.0,3.0,0.0,7.0,1.0,2.0,1.0,5.0,3.0,5.0,3.0,2.0,0.0,2.0,0.0,0.0,0.0,17.0,3.0,3.0,12.0,0.0,2.0,5.0,1.0,3.0,3.0,0.0,2.0,10.0,2.0,1.0,2.0,1.0,1.0,1.0,5.0,5.0,0.0,19.0
122,2.0,12.0,3.0,0.0,8.0,1.0,2.0,2.0,5.0,4.0,0.0,12.0,0.0,0.0,8.0,11.0,6.0,0.0,8.0,2.0,2.0,0.0,1.0,3.0,19.0,3.0,10.0,2.0,1.0,0.0,2.0,1.0,11.0,3.0,0.0,186.0,1.0,7.0,4.0,4.0,1.0,2.0,0.0,1.0,9.0,0.0,1.0,0.0,0.0,2.0,1.0,5.0,7.0,0.0,0.0,1.0,2.0,4.0,0.0,5.0,18.0,2.0,0.0,0.0,1.0,13.0,2.0,8.0,0.0,5.0,0.0,2.0,7.0,2.0,11.0,0.0,0.0,2.0,5.0,9.0,0.0,3.0,2.0,3.0,8.0,3.0,5.0,3.0,4.0,0.0,4.0,0.0,1.0,0.0,0.0,7.0,1.0,0.0,16.0,0.0
123,3.0,7.0,21.0,1.0,9.0,11.0,8.0,16.0,0.0,1.0,5.0,0.0,7.0,2.0,20.0,10.0,0.0,1.0,0.0,1.0,7.0,23.0,0.0,3.0,12.0,0.0,0.0,5.0,3.0,0.0,0.0,3.0,0.0,1.0,5.0,81.0,8.0,12.0,5.0,11.0,0.0,6.0,3.0,4.0,3.0,8.0,9.0,0.0,1.0,8.0,0.0,8.0,2.0,0.0,0.0,1.0,9.0,7.0,14.0,7.0,2.0,6.0,0.0,5.0,2.0,6.0,5.0,4.0,1.0,0.0,0.0,16.0,0.0,15.0,1.0,0.0,2.0,5.0,0.0,0.0,8.0,14.0,0.0,0.0,0.0,4.0,0.0,0.0,6.0,6.0,0.0,0.0,3.0,6.0,1.0,1.0,50.0,8.0,13.0,1.0
124,16.0,1.0,18.0,2.0,0.0,0.0,11.0,9.0,1.0,2.0,0.0,6.0,9.0,5.0,1.0,4.0,7.0,4.0,0.0,10.0,8.0,1.0,2.0,4.0,0.0,0.0,4.0,15.0,13.0,0.0,0.0,10.0,3.0,4.0,2.0,82.0,3.0,10.0,14.0,1.0,4.0,0.0,1.0,9.0,7.0,10.0,0.0,3.0,0.0,3.0,10.0,13.0,3.0,2.0,1.0,10.0,0.0,1.0,0.0,13.0,7.0,3.0,23.0,4.0,2.0,4.0,7.0,2.0,2.0,4.0,0.0,15.0,4.0,10.0,8.0,2.0,2.0,2.0,5.0,0.0,0.0,1.0,7.0,5.0,5.0,10.0,2.0,5.0,0.0,2.0,8.0,0.0,7.0,2.0,0.0,11.0,4.0,1.0,7.0,0.0
125,1.0,2.0,1.0,0.0,3.0,10.0,2.0,0.0,7.0,0.0,0.0,0.0,0.0,10.0,12.0,5.0,0.0,7.0,0.0,0.0,0.0,8.0,1.0,0.0,2.0,1.0,1.0,0.0,1.0,0.0,3.0,10.0,0.0,1.0,0.0,148.0,15.0,14.0,18.0,3.0,5.0,1.0,4.0,5.0,1.0,2.0,0.0,0.0,3.0,3.0,4.0,5.0,14.0,0.0,39.0,5.0,0.0,0.0,6.0,12.0,7.0,0.0,0.0,11.0,0.0,6.0,0.0,3.0,3.0,1.0,22.0,4.0,9.0,1.0,17.0,1.0,0.0,0.0,6.0,3.0,0.0,0.0,13.0,4.0,0.0,5.0,5.0,10.0,2.0,3.0,6.0,26.0,8.0,1.0,1.0,11.0,0.0,0.0,0.0,0.0
126,2.0,5.0,0.0,4.0,0.0,0.0,17.0,1.0,4.0,1.0,3.0,1.0,10.0,0.0,10.0,2.0,3.0,4.0,21.0,1.0,15.0,11.0,0.0,2.0,0.0,1.0,5.0,7.0,1.0,0.0,2.0,2.0,4.0,4.0,1.0,104.0,1.0,8.0,6.0,2.0,4.0,2.0,13.0,15.0,1.0,0.0,0.0,0.0,1.0,0.0,11.0,0.0,0.0,1.0,2.0,0.0,3.0,0.0,0.0,24.0,0.0,0.0,2.0,1.0,3.0,0.0,4.0,1.0,1.0,0.0,0.0,0.0,0.0,12.0,1.0,3.0,1.0,2.0,8.0,19.0,0.0,1.0,2.0,2.0,5.0,2.0,2.0,0.0,0.0,0.0,5.0,3.0,3.0,3.0,2.0,7.0,0.0,3.0,7.0,1.0
127,0.0,1.0,3.0,5.0,1.0,20.0,0.0,3.0,1.0,20.0,0.0,9.0,21.0,20.0,1.0,0.0,2.0,1.0,2.0,4.0,0.0,16.0,0.0,1.0,0.0,0.0,5.0,0.0,17.0,13.0,3.0,4.0,8.0,0.0,9.0,171.0,8.0,14.0,3.0,8.0,2.0,12.0,21.0,6.0,3.0,0.0,0.0,2.0,19.0,0.0,0.0,5.0,5.0,6.0,0.0,0.0,2.0,0.0,18.0,0.0,0.0,2.0,0.0,5.0,0.0,1.0,0.0,0.0,3.0,0.0,0.0,0.0,18.0,2.0,3.0,0.0,11.0,0.0,1.0,2.0,0.0,0.0,37.0,1.0,12.0,0.0,0.0,0.0,2.0,0.0,15.0,2.0,19.0,0.0,6.0,1.0,4.0,7.0,2.0,0.0
128,2.0,1.0,14.0,3.0,0.0,11.0,2.0,3.0,4.0,6.0,7.0,1.0,10.0,1.0,1.0,11.0,3.0,0.0,12.0,10.0,11.0,1.0,1.0,0.0,4.0,3.0,0.0,5.0,2.0,1.0,12.0,0.0,0.0,6.0,1.0,171.0,8.0,5.0,0.0,2.0,5.0,4.0,10.0,1.0,10.0,4.0,0.0,1.0,14.0,1.0,5.0,0.0,8.0,4.0,4.0,4.0,5.0,4.0,10.0,0.0,4.0,1.0,0.0,0.0,17.0,4.0,0.0,3.0,0.0,1.0,3.0,4.0,6.0,5.0,1.0,0.0,4.0,18.0,1.0,0.0,5.0,5.0,18.0,1.0,1.0,3.0,0.0,0.0,0.0,1.0,2.0,0.0,0.0,2.0,0.0,0.0,16.0,10.0,12.0,4.0
129,2.0,0.0,3.0,1.0,2.0,10.0,15.0,7.0,1.0,3.0,2.0,0.0,7.0,0.0,2.0,3.0,0.0,3.0,1.0,0.0,1.0,13.0,1.0,3.0,24.0,14.0,11.0,11.0,13.0,0.0,10.0,15.0,1.0,0.0,8.0,195.0,0.0,2.0,1.0,4.0,2.0,2.0,0.0,0.0,1.0,0.0,0.0,1.0,6.0,9.0,0.0,7.0,2.0,0.0,1.0,8.0,1.0,0.0,0.0,0.0,4.0,7.0,2.0,8.0,18.0,6.0,2.0,1.0,2.0,1.0,5.0,3.0,0.0,7.0,8.0,20.0,1.0,1.0,0.0,4.0,3.0,1.0,5.0,21.0,1.0,1.0,7.0,0.0,12.0,2.0,0.0,0.0,2.0,5.0,6.0,0.0,0.0,0.0,6.0,10.0
130,8.0,1.0,9.0,2.0,0.0,12.0,19.0,7.0,4.0,5.0,2.0,1.0,1.0,5.0,2.0,0.0,8.0,1.0,0.0,4.0,0.0,0.0,1.0,2.0,1.0,0.0,27.0,2.0,8.0,16.0,4.0,1.0,9.0,1.0,3.0,123.0,2.0,1.0,5.0,0.0,0.0,1.0,0.0,1.0,2.0,1.0,0.0,7.0,11.0,1.0,10.0,1.0,16.0,1.0,8.0,4.0,2.0,15.0,7.0,7.0,31.0,3.0,1.0,8.0,0.0,1.0,3.0,0.0,3.0,7.0,1.0,4.0,2.0,2.0,14.0,0.0,0.0,8.0,16.0,0.0,3.0,1.0,0.0,9.0,0.0,9.0,2.0,4.0,13.0,0.0,9.0,0.0,1.0,4.0,0.0,2.0,10.0,13.0,0.0,0.0
131,0.0,3.0,9.0,1.0,2.0,5.0,6.0,5.0,1.0,4.0,8.0,28.0,14.0,0.0,7.0,9.0,12.0,25.0,0.0,8.0,2.0,3.0,4.0,3.0,10.0,0.0,6.0,1.0,18.0,1.0,30.0,21.0,17.0,14.0,19.0,144.0,11.0,6.0,6.0,10.0,1.0,1.0,15.0,5.0,6.0,0.0,1.0,9.0,0.0,3.0,2.0,1.0,6.0,2.0,0.0,5.0,2.0,3.0,7.0,22.0,3.0,1.0,3.0,4.0,0.0,2.0,5.0,0.0,0.0,3.0,4.0,0.0,12.0,5.0,0.0,0.0,3.0,2.0,0.0,1.0,0.0,21.0,0.0,5.0,2.0,9.0,7.0,6.0,9.0,1.0,0.0,3.0,21.0,3.0,9.0,56.0,3.0,1.0,1.0,3.0
132,0.0,1.0,6.0,1.0,3.0,3.0,2.0,3.0,10.0,8.0,10.0,16.0,1.0,7.0,3.0,10.0,16.0,5.0,0.0,6.0,16.0,0.0,2.0,0.0,0.0,5.0,1.0,0.0,2.0,5.0,1.0,3.0,7.0,11.0,4.0,105.0,21.0,2.0,1.0,4.0,3.0,7.0,6.0,3.0,6.0,3.0,6.0,2.0,22.0,21.0,0.0,1.0,5.0,7.0,0.0,2.0,4.0,6.0,2.0,0.0,5.0,0.0,4.0,1.0,2.0,8.0,19.0,7.0,7.0,2.0,1.0,1.0,3.0,0.0,15.0,9.0,3.0,0.0,19.0,5.0,0.0,0.0,3.0,3.0,3.0,6.0,0.0,1.0,2.0,9.0,4.0,1.0,9.0,3.0,7.0,1.0,6.0,0.0,9.0,1.0
133,1.0,0.0,0.0,0.0,25.0,5.0,14.0,1.0,18.0,7.0,1.0,5.0,1.0,3.0,11.0,0.0,2.0,2.0,14.0,10.0,0.0,18.0,26.0,8.0,0.0,0.0,17.0,7.0,4.0,4.0,1.0,11.0,0.0,9.0,1.0,73.0,2.0,10.0,2.0,6.0,1.0,2.0,3.0,1.0,1.0,4.0,1.0,11.0,2.0,5.0,0.0,0.0,16.0,6.0,3.0,24.0,4.0,12.0,1.0,1.0,10.0,4.0,9.0,1.0,9.0,2.0,0.0,2.0,3.0,16.0,2.0,14.0,7.0,2.0,1.0,9.0,18.0,1.0,7.0,15.0,2.0,4.0,2.0,2.0,1.0,5.0,2.0,0.0,2.0,7.0,17.0,2.0,6.0,1.0,11.0,5.0,3.0,1.0,1.0,3.0
134,1.0,16.0,19.0,1.0,1.0,3.0,1.0,0.0,9.0,0.0,13.0,16.0,21.0,2.0,2.0,0.0,4.0,14.0,0.0,7.0,9.0,10.0,12.0,0.0,0.0,2.0,16.0,21.0,0.0,8.0,11.0,0.0,2.0,6.0,9.0,107.0,5.0,2.0,3.0,5.0,1.0,1.0,27.0,8.0,21.0,1.0,11.0,0.0,3.0,2.0,5.0,1.0,6.0,3.0,0.0,2.0,6.0,0.0,8.0,0.0,0.0,20.0,14.0,0.0,0.0,0.0,6.0,5.0,1.0,2.0,0.0,0.0,5.0,0.0,0.0,3.0,16.0,1.0,1.0,7.0,2.0,0.0,14.0,2.0,0.0,2.0,2.0,7.0,2.0,0.0,3.0,0.0,2.0,9.0,2.0,8.0,0.0,0.0,0.0,8.0
135,1.0,18.0,2.0,0.0,4.0,6.0,2.0,2.0,0.0,13.0,4.0,1.0,2.0,0.0,23.0,9.0,0.0,1.0,6.0,1.0,9.0,5.0,6.0,7.0,3.0,0.0,0.0,9.0,18.0,1.0,16.0,3.0,4.0,3.0,2.0,117.0,1.0,10.0,9.0,24.0,0.0,1.0,0.0,3.0,0.0,5.0,1.0,5.0,6.0,3.0,20.0,5.0,1.0,2.0,1.0,1.0,3.0,1.0,2.0,7.0,36.0,0.0,8.0,1.0,0.0,1.0,0.0,2.0,11.0,2.0,7.0,0.0,3.0,0.0,1.0,0.0,4.0,12.0,12.0,5.0,5.0,5.0,5.0,14.0,5.0,2.0,4.0,6.0,2.0,0.0,0.0,1.0,0.0,14.0,3.0,4.0,4.0,4.0,3.0,16.0
136,0.0,4.0,4.0,7.0,3.0,0.0,0.0,0.0,0.0,7.0,1.0,2.0,23.0,16.0,1.0,2.0,2.0,2.0,9.0,1.0,0.0,3.0,7.0,0.0,0.0,1.0,2.0,2.0,7.0,4.0,0.0,0.0,3.0,19.0,0.0,136.0,5.0,1.0,3.0,2.0,0.0,0.0,2.0,20.0,0.0,0.0,0.0,1.0,7.0,1.0,2.0,1.0,0.0,5.0,0.0,4.0,25.0,1.0,0.0,26.0,21.0,4.0,7.0,2.0,6.0,2.0,7.0,5.0,0.0,0.0,1.0,0.0,1.0,1.0,11.0,5.0,0.0,20.0,2.0,15.0,25.0,0.0,1.0,1.0,7.0,1.0,13.0,9.0,1.0,0.0,2.0,2.0,0.0,13.0,2.0,0.0,7.0,5.0,0.0,9.0
137,2.0,0.0,6.0,1.0,8.0,2.0,8.0,6.0,7.0,2.0,5.0,23.0,0.0,0.0,5.0,4.0,5.0,2.0,6.0,3.0,6.0,0.0,2.0,2.0,9.0,5.0,15.0,6.0,7.0,4.0,0.0,5.0,1.0,2.0,1.0,181.0,1.0,2.0,0.0,12.0,2.0,0.0,9.0,2.0,6.0,11.0,11.0,9.0,0.0,2.0,0.0,15.0,3.0,4.0,3.0,6.0,13.0,0.0,11.0,3.0,25.0,0.0,0.0,7.0,11.0,2.0,0.0,0.0,4.0,2.0,2.0,0.0,0.0,1.0,5.0,0.0,2.0,3.0,12.0,7.0,2.0,1.0,0.0,0.0,3.0,1.0,3.0,0.0,1.0,0.0,3.0,9.0,0.0,3.0,5.0,9.0,3.0,30.0,0.0,15.0
138,5.0,2.0,0.0,7.0,4.0,7.0,0.0,5.0,8.0,3.0,3.0,13.0,7.0,2.0,0.0,0.0,12.0,0.0,1.0,4.0,5.0,9.0,3.0,10.0,2.0,7.0,3.0,0.0,11.0,7.0,1.0,11.0,4.0,10.0,0.0,174.0,0.0,1.0,0.0,2.0,1.0,1.0,0.0,2.0,4.0,1.0,22.0,12.0,0.0,0.0,1.0,3.0,8.0,3.0,1.0,15.0,17.0,2.0,0.0,0.0,0.0,1.0,4.0,11.0,10.0,12.0,0.0,0.0,0.0,4.0,13.0,2.0,0.0,0.0,1.0,1.0,38.0,1.0,8.0,1.0,1.0,2.0,0.0,0.0,2.0,4.0,0.0,3.0,9.0,15.0,0.0,4.0,2.0,24.0,5.0,10.0,42.0,0.0,1.0,0.0
139,0.0,0.0,11.0,6.0,7.0,12.0,0.0,3.0,1.0,12.0,4.0,4.0,2.0,6.0,8.0,8.0,1.0,9.0,10.0,10.0,1.0,0.0,12.0,15.0,0.0,0.0,5.0,8.0,14.0,3.0,6.0,3.0,2.0,9.0,0.0,118.0,1.0,2.0,3.0,14.0,1.0,1.0,0.0,8.0,4.0,0.0,16.0,0.0,8.0,19.0,16.0,0.0,1.0,0.0,3.0,1.0,6.0,0.0,0.0,11.0,7.0,3.0,1.0,0.0,0.0,6.0,1.0,10.0,3.0,0.0,1.0,3.0,0.0,0.0,6.0,0.0,11.0,11.0,2.0,5.0,3.0,1.0,3.0,4.0,3.0,1.0,0.0,1.0,8.0,1.0,8.0,5.0,5.0,0.0,6.0,8.0,5.0,4.0,5.0,4.0
140,4.0,2.0,2.0,7.0,0.0,0.0,3.0,10.0,1.0,24.0,0.0,4.0,0.0,2.0,5.0,0.0,0.0,8.0,1.0,1.0,17.0,9.0,0.0,1.0,9.0,4.0,1.0,1.0,3.0,7.0,4.0,8.0,1.0,0.0,0.0,167.0,0.0,1.0,4.0,1.0,11.0,1.0,0.0,1.0,4.0,0.0,8.0,25.0,2.0,9.0,0.0,3.0,2.0,3.0,6.0,5.0,4.0,21.0,1.0,8.0,2.0,0.0,12.0,1.0,1.0,1.0,0.0,4.0,0.0,15.0,0.0,11.0,0.0,2.0,1.0,5.0,3.0,7.0,0.0,19.0,0.0,1.0,1.0,1.0,6.0,2.0,4.0,0.0,9.0,3.0,3.0,1.0,2.0,0.0,8.0,1.0,0.0,0.0,6.0,28.0
141,17.0,9.0,5.0,4.0,1.0,0.0,0.0,0.0,0.0,2.0,2.0,0.0,6.0,2.0,6.0,5.0,6.0,0.0,4.0,1.0,0.0,7.0,0.0,1.0,1.0,7.0,4.0,12.0,6.0,0.0,9.0,4.0,12.0,18.0,13.0,152.0,2.0,13.0,10.0,0.0,18.0,0.0,0.0,19.0,3.0,6.0,3.0,16.0,3.0,1.0,21.0,0.0,2.0,3.0,6.0,3.0,2.0,3.0,9.0,0.0,1.0,14.0,0.0,3.0,1.0,2.0,11.0,0.0,0.0,12.0,1.0,1.0,3.0,12.0,0.0,15.0,0.0,1.0,5.0,1.0,24.0,0.0,2.0,0.0,4.0,0.0,15.0,7.0,0.0,5.0,3.0,1.0,4.0,0.0,2.0,3.0,3.0,1.0,0.0,5.0
142,17.0,4.0,0.0,7.0,5.0,1.0,0.0,3.0,11.0,1.0,6.0,2.0,10.0,1.0,6.0,0.0,5.0,5.0,1.0,7.0,14.0,1.0,7.0,11.0,3.0,13.0,3.0,10.0,8.0,7.0,26.0,0.0,6.0,14.0,15.0,90.0,2.0,0.0,12.0,4.0,7.0,17.0,5.0,0.0,6.0,22.0,0.0,12.0,14.0,0.0,13.0,0.0,0.0,3.0,3.0,3.0,4.0,3.0,8.0,5.0,3.0,1.0,0.0,1.0,5.0,1.0,0.0,7.0,15.0,14.0,2.0,4.0,2.0,8.0,15.0,6.0,2.0,6.0,4.0,0.0,6.0,1.0,15.0,12.0,0.0,5.0,0.0,4.0,3.0,9.0,0.0,1.0,2.0,3.0,0.0,2.0,2.0,1.0,5.0,0.0
143,11.0,0.0,0.0,1.0,3.0,3.0,1.0,1.0,8.0,0.0,29.0,7.0,2.0,2.0,13.0,2.0,3.0,2.0,10.0,2.0,5.0,2.0,5.0,3.0,3.0,23.0,1.0,5.0,5.0,3.0,0.0,0.0,6.0,4.0,4.0,153.0,1.0,13.0,4.0,5.0,3.0,0.0,7.0,3.0,0.0,25.0,0.0,1.0,2.0,4.0,3.0,0.0,0.0,2.0,0.0,4.0,1.0,3.0,0.0,0.0,9.0,0.0,26.0,3.0,3.0,0.0,2.0,3.0,0.0,2.0,0.0,0.0,10.0,0.0,1.0,23.0,21.0,0.0,16.0,1.0,2.0,0.0,0.0,2.0,0.0,12.0,11.0,5.0,8.0,2.0,2.0,12.0,0.0,0.0,9.0,1.0,9.0,1.0,2.0,17.0
144,2.0,2.0,5.0,24.0,1.0,2.0,5.0,10.0,0.0,0.0,4.0,2.0,4.0,0.0,14.0,0.0,0.0,8.0,2.0,13.0,6.0,15.0,2.0,6.0,13.0,0.0,13.0,0.0,2.0,1.0,2.0,11.0,3.0,6.0,16.0,170.0,4.0,0.0,1.0,0.0,9.0,5.0,10.0,9.0,0.0,9.0,4.0,4.0,0.0,11.0,4.0,5.0,1.0,8.0,12.0,4.0,0.0,2.0,2.0,12.0,5.0,1.0,8.0,6.0,3.0,0.0,0.0,15.0,1.0,14.0,1.0,0.0,1.0,1.0,2.0,0.0,22.0,0.0,9.0,20.0,4.0,0.0,6.0,0.0,0.0,0.0,5.0,6.0,9.0,20.0,0.0,3.0,9.0,0.0,4.0,5.0,0.0,2.0,12.0,4.0
145,5.0,0.0,4.0,0.0,1.0,3.0,2.0,2.0,3.0,0.0,0.0,1.0,2.0,1.0,0.0,16.0,1.0,0.0,0.0,6.0,4.0,3.0,7.0,4.0,3.0,2.0,13.0,0.0,12.0,0.0,0.0,1.0,1.0,6.0,9.0,97.0,5.0,2.0,8.0,3.0,4.0,6.0,1.0,2.0,5.0,2.0,10.0,2.0,1.0,0.0,0.0,0.0,4.0,1.0,1.0,4.0,4.0,8.0,0.0,2.0,1.0,10.0,4.0,5.0,1.0,0.0,0.0,0.0,0.0,7.0,0.0,0.0,0.0,0.0,1.0,1.0,0.0,6.0,1.0,20.0,20.0,1.0,4.0,0.0,19.0,0.0,1.0,2.0,22.0,20.0,1.0,0.0,0.0,17.0,0.0,0.0,0.0,4.0,0.0,6.0
146,4.0,1.0,5.0,9.0,7.0,1.0,2.0,2.0,10.0,18.0,4.0,5.0,5.0,0.0,2.0,1.0,2.0,11.0,1.0,0.0,0.0,4.0,1.0,9.0,0.0,2.0,1.0,2.0,0.0,7.0,0.0,17.0,5.0,16.0,10.0,85.0,12.0,11.0,18.0,11.0,10.0,4.0,0.0,0.0,0.0,1.0,3.0,4.0,4.0,1.0,0.0,1.0,4.0,17.0,1.0,0.0,8.0,7.0,3.0,7.0,3.0,6.0,0.0,0.0,4.0,4.0,0.0,0.0,1.0,4.0,0.0,5.0,2.0,2.0,2.0,1.0,1.0,5.0,1.0,0.0,4.0,8.0,4.0,16.0,3.0,2.0,5.0,1.0,1.0,0.0,0.0,0.0,3.0,0.0,5.0,9.0,1.0,26.0,1.0,0.0
147,3.0,1.0,29.0,1.0,17.0,3.0,2.0,7.0,0.0,5.0,0.0,1.0,4.0,15.0,0.0,4.0,3.0,19.0,0.0,3.0,14.0,4.0,1.0,0.0,3.0,0.0,13.0,3.0,4.0,1.0,0.0,11.0,6.0,3.0,6.0,158.0,2.0,0.0,0.0,6.0,30.0,9.0,1.0,0.0,1.0,5.0,11.0,10.0,24.0,2.0,5.0,0.0,18.0,0.0,0.0,0.0,0.0,2.0,4.0,5.0,0.0,0.0,10.0,4.0,3.0,16.0,20.0,2.0,4.0,4.0,0.0,3.0,7.0,0.0,5.0,1.0,1.0,5.0,7.0,0.0,0.0,11.0,1.0,2.0,0.0,0.0,2.0,1.0,3.0,7.0,12.0,3.0,6.0,1.0,0.0,0.0,7.0,1.0,0.0,6.0
148,8.0,7.0,0.0,1.0,1.0,4.0,2.0,2.0,5.0,0.0,5.0,6.0,8.0,6.0,0.0,15.0,2.0,2.0,3.0,0.0,0.0,0.0,2.0,6.0,4.0,7.0,13.0,1.0,3.0,2.0,11.0,6.0,2.0,0.0,0.0,84.0,1.0,0.0,15.0,0.0,7.0,0.0,8.0,6.0,16.0,6.0,16.0,13.0,3.0,5.0,3.0,1.0,17.0,2.0,0.0,3.0,3.0,6.0,1.0,31.0,3.0,5.0,5.0,3.0,8.0,3.0,20.0,0.0,0.0,3.0,5.0,1.0,0.0,0.0,9.0,10.0,13.0,29.0,8.0,3.0,1.0,0.0,10.0,0.0,1.0,1.0,14.0,12.0,0.0,1.0,13.0,0.0,0.0,13.0,5.0,3.0,4.0,2.0,2.0,0.0
149,1.0,1.0,9.0,0.0,1.0,0.0,0.0,5.0,11.0,0.0,4.0,4.0,0.0,6.0,3.0,0.0,5.0,11.0,1.0,13.0,25.0,0.0,6.0,3.0,5.0,1.0,1.0,2.0,5.0,5.0,2.0,1.0,0.0,3.0,4.0,191.0,3.0,5.0,5.0,0.0,22.0,1.0,1.0,16.0,9.0,3.0,2.0,1.0,2.0,0.0,5.0,6.0,4.0,3.0,8.0,23.0,1.0,12.0,0.0,2.0,2.0,6.0,10.0,2.0,1.0,0.0,1.0,5.0,17.0,0.0,2.0,2.0,2.0,0.0,2.0,4.0,0.0,17.0,12.0,1.0,6.0,1.0,14.0,3.0,0.0,2.0,2.0,12.0,0.0,3.0,3.0,4.0,11.0,1.0,6.0,1.0,0.0,0.0,3.0,13.0
150,1.0,0.0,0.0,0.0,0.0,29.0,4.0,1.0,2.0,9.0,8.0,3.0,3.0,2.0,8.0,0.0,9.0,3.0,10.0,0.0,7.0,0.0,0.0,7.0,2.0,1.0,4.0,4.0,13.0,0.0,10.0,2.0,5.0,0.0,0.0,143.0,2.0,13.0,5.0,0.0,1.0,1.0,0.0,3.0,3.0,4.0,2.0,14.0,12.0,2.0,0.0,11.0,0.0,10.0,0.0,0.0,3.0,7.0,4.0,7.0,3.0,10.0,18.0,2.0,8.0,1.0,19.0,4.0,8.0,14.0,7.0,3.0,9.0,0.0,4.0,1.0,0.0,1.0,3.0,3.0,0.0,0.0,10.0,5.0,2.0,4.0,3.0,2.0,0.0,2.0,6.0,5.0,1.0,5.0,10.0,3.0,0.0,8.0,2.0,0.0
151,7.0,0.0,0.0,11.0,16.0,3.0,6.0,3.0,0.0,7.0,0.0,1.0,7.0,11.0,4.0,2.0,3.0,1.0,1.0,4.0,1.0,1.0,0.0,10.0,19.0,2.0,0.0,0.0,5.0,5.0,2.0,0.0,8.0,11.0,7.0,128.0,0.0,0.0,1.0,1.0,5.0,7.0,4.0,2.0,6.0,1.0,2.0,8.0,2.0,1.0,0.0,0.0,0.0,2.0,13.0,0.0,2.0,7.0,3.0,3.0,6.0,2.0,11.0,0.0,0.0,15.0,0.0,0.0,7.0,13.0,0.0,0.0,2.0,3.0,1.0,17.0,4.0,2.0,0.0,1.0,2.0,0.0,1.0,1.0,0.0,1.0,5.0,0.0,7.0,2.0,0.0,34.0,0.0,4.0,0.0,8.0,2.0,0.0,3.0,1.0
152,0.0,4.0,9.0,5.0,19.0,0.0,6.0,5.0,7.0,3.0,2.0,3.0,19.0,0.0,8.0,0.0,1.0,8.0,8.0,0.0,4.0,0.0,2.0,0.0,0.0,0.0,2.0,1.0,12.0,1.0,0.0,1.0,2.0,3.0,0.0,203.0,2.0,2.0,0.0,0.0,5.0,1.0,0.0,8.0,1.0,0.0,0.0,3.0,13.0,10.0,0.0,2.0,0.0,0.0,7.0,0.0,0.0,0.0,5.0,13.0,8.0,0.0,0.0,5.0,2.0,0.0,5.0,0.0,1.0,24.0,2.0,7.0,3.0,0.0,16.0,27.0,1.0,3.0,0.0,3.0,5.0,0.0,2.0,0.0,3.0,2.0,6.0,7.0,2.0,26.0,1.0,14.0,0.0,15.0,8.0,0.0,9.0,9.0,6.0,9.0
153,9.0,0.0,0.0,2.0,3.0,4.0,5.0,14.0,0.0,0.0,0.0,0.0,0.0,1.0,1.0,1.0,0.0,1.0,2.0,6.0,6.0,10.0,0.0,1.0,4.0,1.0,2.0,0.0,0.0,2.0,7.0,2.0,4.0,0.0,8.0,127.0,3.0,1.0,0.0,0.0,1.0,13.0,0.0,12.0,6.0,0.0,5.0,0.0,0.0,3.0,0.0,13.0,2.0,1.0,10.0,1.0,7.0,2.0,7.0,3.0,0.0,3.0,0.0,6.0,0.0,0.0,0.0,0.0,3.0,1.0,7.0,4.0,1.0,3.0,5.0,5.0,3.0,1.0,1.0,0.0,0.0,0.0,1.0,1.0,25.0,6.0,0.0,1.0,16.0,0.0,0.0,2.0,4.0,4.0,0.0,16.0,11.0,4.0,10.0,0.0
154,9.0,2.0,7.0,12.0,1.0,4.0,2.0,0.0,6.0,13.0,0.0,1.0,2.0,5.0,6.0,0.0,0.0,0.0,1.0,0.0,0.0,29.0,14.0,2.0,0.0,16.0,1.0,7.0,2.0,3.0,7.0,18.0,0.0,7.0,5.0,105.0,17.0,3.0,16.0,2.0,27.0,1.0,4.0,0.0,3.0,1.0,0.0,18.0,0.0,3.0,2.0,1.0,4.0,1.0,0.0,5.0,0.0,4.0,0.0,16.0,1.0,4.0,1.0,13.0,9.0,15.0,0.0,0.0,5.0,9.0,0.0,1.0,0.0,0.0,2.0,2.0,12.0,7.0,0.0,0.0,2.0,2.0,1.0,4.0,8.0,3.0,3.0,1.0,5.0,17.0,1.0,3.0,10.0,3.0,1.0,5.0,11.0,1.0,1.0,4.0
155,9.0,5.0,0.0,0.0,17.0,15.0,4.0,2.0,2.0,2.0,5.0,0.0,1.0,3.0,7.0,9.0,9.0,1.0,8.0,20.0,2.0,0.0,3.0,3.0,0.0,2.0,3.0,17.0,0.0,0.0,0.0,26.0,3.0,4.0,2.0,95.0,24.0,8.0,1.0,3.0,14.0,3.0,2.0,3.0,0.0,4.0,0.0,10.0,3.0,2.0,0.0,8.0,0.0,1.0,15.0,17.0,7.0,7.0,3.0,3.0,20.0,10.0,13.0,2.0,1.0,8.0,13.0,3.0,3.0,6.0,1.0,5.0,2.0,8.0,3.0,0.0,2.0,2.0,11.0,3.0,1.0,4.0,0.0,9.0,5.0,0.0,6.0,5.0,0.0,8.0,0.0,1.0,4.0,5.0,0.0,8.0,0.0,1.0,0.0,1.0
156,3.0,18.0,0.0,3.0,15.0,18.0,2.0,5.0,8.0,0.0,0.0,3.0,3.0,5.0,1.0,0.0,0.0,0.0,0.0,1.0,0.0,2.0,1.0,3.0,2.0,1.0,5.0,3.0,10.0,0.0,21.0,1.0,19.0,1.0,5.0,155.0,12.0,6.0,4.0,3.0,16.0,4.0,0.0,6.0,8.0,4.0,7.0,1.0,0.0,4.0,15.0,1.0,5.0,8.0,0.0,0.0,1.0,22.0,6.0,0.0,9.0,1.0,12.0,8.0,6.0,11.0,1.0,5.0,9.0,6.0,1.0,1.0,11.0,1.0,3.0,5.0,0.0,4.0,0.0,0.0,1.0,1.0,0.0,0.0,0.0,9.0,1.0,0.0,0.0,4.0,1.0,4.0,1.0,7.0,19.0,0.0,2.0,1.0,8.0,16.0
157,8.0,11.0,4.0,0.0,8.0,3.0,16.0,1.0,0.0,0.0,2.0,5.0,1.0,1.0,0.0,3.0,9.0,19.0,17.0,5.0,8.0,5.0,7.0,15.0,17.0,13.0,18.0,3.0,3.0,10.0,0.0,2.0,5.0,13.0,2.0,164.0,0.0,4.0,0.0,9.0,0.0,7.0,0.0,0.0,0.0,4.0,0.0,1.0,2.0,5.0,1.0,0.0,1.0,5.0,2.0,3.0,2.0,2.0,2.0,0.0,10.0,15.0,5.0,13.0,7.0,0.0,0.0,7.0,6.0,1.0,0.0,0.0,5.0,0.0,9.0,4.0,0.0,8.0,7.0,0.0,4.0,0.0,3.0,1.0,7.0,4.0,11.0,1.0,2.0,0.0,5.0,13.0,3.0,9.0,0.0,0.0,0.0,1.0,0.0,2.0
158,5.0,14.0,9.0,6.0,1.0,2.0,10.0,16.0,2.0,1.0,1.0,0.0,5.0,9.0,15.0,2.0,1.0,5.0,0.0,3.0,16.0,0.0,3.0,1.0,0.0,1.0,2.0,5.0,10.0,13.0,2.0,0.0,7.0,2.0,6.0,184.0,0.0,2.0,1.0,16.0,16.0,2.0,4.0,4.0,11.0,0.0,0.0,4.0,1.0,5.0,5.0,0.0,1.0,3.0,0.0,10.0,2.0,1.0,3.0,1.0,3.0,6.0,7.0,0.0,11.0,1.0,2.0,7.0,2.0,5.0,0.0,0.0,7.0,0.0,5.0,3.0,1.0,2.0,1.0,7.0,1.0,11.0,0.0,0.0,0.0,0.0,5.0,3.0,0.0,4.0,5.0,8.0,0.0,0.0,1.0,6.0,9.0,10.0,6.0,0.0
159,2.0,5.0,0.0,2.0,1.0,1.0,4.0,29.0,3.0,0.0,1.0,4.0,5.0,1.0,1.0,7.0,3.0,0.0,1.0,0.0,3.0,0.0,0.0,2.0,11.0,7.0,1.0,1.0,3.0,0.0,7.0,4.0,3.0,0.0,0.0,153.0,1.0,0.0,12.0,0.0,1.0,0.0,0.0,4.0,1.0,0.0,22.0,9.0,5.0,2.0,17.0,13.0,14.0,13.0,0.0,2.0,2.0,0.0,5.0,11.0,2.0,5.0,4.0,7.0,11.0,0.0,6.0,0.0,2.0,0.0,4.0,12.0,4.0,1.0,16.0,1.0,2.0,1.0,9.0,5.0,0.0,1.0,4.0,2.0,0.0,0.0,3.0,0.0,0.0,2.0,12.0,1.0,3.0,1.0,0.0,1.0,5.0,11.0,4.0,9.0
160,7.0,10.0,6.0,13.0,0.0,4.0,4.0,0.0,3.0,3.0,3.0,6.0,0.0,1.0,1.0,12.0,0.0,0.0,5.0,6.0,2.0,2.0,0.0,2.0,1.0,1.0,0.0,2.0,0.0,0.0,1.0,0.0,6.0,0.0,1.0,162.0,2.0,3.0,0.0,4.0,4.0,0.0,8.0,2.0,1.0,13.0,0.0,4.0,14.0,5.0,7.0,8.0,10.0,11.0,11.0,5.0,3.0,0.0,3.0,1.0,2.0,0.0,2.0,9.0,2.0,0.0,1.0,0.0,15.0,0.0,1.0,4.0,7.0,2.0,5.0,21.0,1.0,1.0,10.0,7.0,1.0,5.0,1.0,1.0,0.0,1.0,8.0,0.0,1.0,2.0,1.0,1.0,1.0,4.0,4.0,0.0,5.0,1.0,0.0,9.0
161,1.0,7.0,3.0,0.0,1.0,1.0,0.0,2.0,18.0,8.0,5.0,23.0,35.0,4.0,5.0,0.0,1.0,1.0,1.0,1.0,0.0,0.0,0.0,8.0,1.0,1.0,0.0,1.0,0.0,7.0,1.0,0.0,1.0,6.0,2.0,142.0,0.0,1.0,14.0,6.0,5.0,2.0,11.0,1.0,4.0,10.0,1.0,2.0,9.0,0.0,4.0,3.0,0.0,3.0,0.0,13.0,4.0,18.0,0.0,14.0,5.0,0.0,19.0,15.0,11.0,2.0,1.0,9.0,5.0,2.0,6.0,2.0,0.0,0.0,0.0,1.0,1.0,4.0,6.0,6.0,0.0,9.0,0.0,8.0,5.0,8.0,2.0,0.0,6.0,2.0,4.0,16.0,0.0,0.0,6.0,4.0,0.0,0.0,0.0,9.0
162,28.0,10.0,1.0,6.0,2.0,1.0,13.0,0.0,10.0,5.0,8.0,2.0,0.0,0.0,2.0,15.0,5.0,2.0,11.0,2.0,8.0,2.0,0.0,0.0,7.0,4.0,2.0,0.0,1.0,0.0,10.0,9.0,1.0,3.0,0.0,129.0,29.0,2.0,6.0,5.0,1.0,0.0,18.0,5.0,1.0,25.0,0.0,10.0,0.0,8.0,0.0,0.0,5.0,9.0,0.0,4.0,0.0,0.0,0.0,2.0,29.0,1.0,13.0,0.0,0.0,3.0,1.0,0.0,5.0,5.0,0.0,18.0,0.0,8.0,12.0,12.0,0.0,0.0,3.0,1.0,9.0,0.0,5.0,1.0,0.0,0.0,23.0,0.0,4.0,0.0,2.0,12.0,0.0,0.0,10.0,9.0,0.0,0.0,0.0,0.0
163,1.0,2.0,3.0,9.0,2.0,3.0,17.0,2.0,4.0,1.0,2.0,20.0,15.0,9.0,7.0,4.0,3.0,0.0,5.0,10.0,4.0,4.0,0.0,5.0,3.0,9.0,6.0,2.0,9.0,12.0,3.0,1.0,2.0,6.0,1.0,174.0,9.0,9.0,4.0,6.0,0.0,0.0,0.0,2.0,0.0,7.0,6.0,5.0,3.0,2.0,24.0,30.0,0.0,0.0,0.0,9.0,0.0,28.0,2.0,8.0,1.0,2.0,3.0,3.0,3.0,32.0,2.0,0.0,1.0,0.0,1.0,0.0,0.0,13.0,1.0,10.0,14.0,3.0,22.0,4.0,0.0,2.0,7.0,5.0,6.0,3.0,9.0,5.0,2.0,0.0,6.0,5.0,23.0,2.0,2.0,17.0,10.0,5.0,14.0,2.0
164,5.0,0.0,1.0,3.0,11.0,8.0,1.0,2.0,2.0,7.0,5.0,0.0,1.0,11.0,3.0,0.0,2.0,6.0,2.0,1.0,0.0,1.0,1.0,4.0,3.0,12.0,1.0,8.0,13.0,1.0,8.0,0.0,6.0,3.0,2.0,152.0,0.0,0.0,0.0,1.0,9.0,0.0,14.0,9.0,0.0,3.0,1.0,9.0,15.0,2.0,0.0,0.0,3.0,2.0,0.0,4.0,4.0,1.0,0.0,2.0,17.0,0.0,6.0,7.0,0.0,4.0,2.0,9.0,2.0,4.0,1.0,0.0,1.0,0.0,6.0,13.0,3.0,4.0,7.0,10.0,0.0,0.0,2.0,2.0,2.0,2.0,4.0,0.0,0.0,1.0,0.0,6.0,0.0,10.0,3.0,9.0,8.0,14.0,1.0,1.0
165,0.0,2.0,1.0,0.0,1.0,1.0,8.0,1.0,0.0,2.0,1.0,1.0,1.0,0.0,0.0,0.0,4.0,2.0,1.0,1.0,19.0,1.0,0.0,23.0,5.0,1.0,2.0,0.0,0.0,0.0,0.0,3.0,0.0,9.0,0.0,70.0,0.0,1.0,1.0,0.0,2.0,0.0,7.0,4.0,13.0,1.0,5.0,11.0,1.0,4.0,2.0,0.0,12.0,0.0,1.0,3.0,0.0,0.0,29.0,3.0,2.0,0.0,4.0,2.0,4.0,2.0,10.0,2.0,0.0,11.0,2.0,0.0,17.0,3.0,1.0,1.0,6.0,1.0,5.0,1.0,1.0,3.0,12.0,20.0,8.0,1.0,13.0,2.0,2.0,3.0,0.0,2.0,0.0,5.0,4.0,4.0,6.0,3.0,13.0,10.0
166,15.0,0.0,4.0,1.0,9.0,8.0,12.0,0.0,7.0,4.0,5.0,0.0,1.0,9.0,10.0,0.0,8.0,0.0,0.0,3.0,1.0,1.0,6.0,5.0,2.0,0.0,6.0,0.0,0.0,1.0,0.0,5.0,2.0,1.0,0.0,89.0,11.0,4.0,20.0,0.0,5.0,0.0,0.0,29.0,3.0,4.0,0.0,1.0,0.0,0.0,3.0,11.0,7.0,0.0,0.0,3.0,0.0,0.0,12.0,3.0,2.0,1.0,1.0,1.0,1.0,7.0,0.0,0.0,6.0,1.0,4.0,14.0,1.0,4.0,0.0,5.0,3.0,1.0,9.0,6.0,3.0,17.0,6.0,7.0,7.0,5.0,2.0,1.0,5.0,4.0,3.0,11.0,6.0,5.0,1.0,6.0,11.0,2.0,2.0,5.0
167,25.0,4.0,1.0,1.0,5.0,12.0,0.0,7.0,3.0,11.0,0.0,1.0,3.0,13.0,1.0,3.0,12.0,0.0,8.0,0.0,2.0,3.0,14.0,12.0,3.0,2.0,0.0,17.0,8.0,1.0,11.0,7.0,12.0,5.0,26.0,164.0,28.0,12.0,3.0,2.0,11.0,5.0,1.0,0.0,10.0,1.0,8.0,0.0,5.0,15.0,0.0,0.0,3.0,0.0,11.0,2.0,0.0,7.0,21.0,4.0,1.0,2.0,0.0,0.0,2.0,0.0,0.0,8.0,0.0,24.0,0.0,5.0,1.0,0.0,0.0,12.0,3.0,8.0,5.0,0.0,25.0,6.0,0.0,3.0,1.0,2.0,10.0,2.0,24.0,13.0,10.0,6.0,0.0,0.0,3.0,1.0,0.0,2.0,4.0,5.0
168,2.0,5.0,0.0,13.0,0.0,3.0,1.0,3.0,2.0,0.0,0.0,10.0,3.0,0.0,12.0,9.0,1.0,0.0,0.0,8.0,11.0,12.0,18.0,3.0,6.0,0.0,0.0,10.0,0.0,0.0,8.0,0.0,9.0,0.0,0.0,197.0,20.0,20.0,5.0,4.0,6.0,12.0,1.0,1.0,7.0,2.0,4.0,3.0,0.0,0.0,2.0,4.0,8.0,0.0,6.0,4.0,3.0,7.0,7.0,0.0,2.0,7.0,1.0,6.0,8.0,4.0,0.0,0.0,3.0,1.0,29.0,1.0,0.0,6.0,3.0,8.0,4.0,3.0,9.0,0.0,10.0,0.0,0.0,4.0,1.0,1.0,2.0,0.0,1.0,1.0,0.0,3.0,1.0,11.0,4.0,10.0,6.0,5.0,0.0,4.0
169,1.0,6.0,0.0,4.0,1.0,3.0,0.0,4.0,0.0,1.0,6.0,3.0,2.0,7.0,1.0,2.0,2.0,3.0,1.0,3.0,3.0,3.0,3.0,7.0,0.0,3.0,0.0,4.0,6.0,0.0,1.0,0.0,1.0,2.0,9.0,130.0,4.0,6.0,3.0,18.0,7.0,8.0,2.0,0.0,0.0,3.0,0.0,5.0,0.0,0.0,1.0,0.0,2.0,11.0,0.0,4.0,10.0,0.0,0.0,2.0,20.0,12.0,3.0,1.0,8.0,4.0,10.0,10.0,0.0,5.0,7.0,0.0,5.0,1.0,12.0,2.0,5.0,9.0,13.0,4.0,0.0,5.0,3.0,10.0,0.0,1.0,17.0,0.0,3.0,5.0,18.0,29.0,6.0,10.0,1.0,9.0,0.0,3.0,0.0,0.0
170,1.0,17.0,0.0,7.0,2.0,7.0,0.0,0.0,14.0,14.0,2.0,12.0,10.0,1.0,0.0,0.0,0.0,0.0,4.0,1.0,0.0,5.0,0.0,12.0,7.0,3.0,0.0,0.0,14.0,3.0,3.0,2.0,3.0,11.0,4.0,146.0,0.0,8.0,0.0,8.0,1.0,6.0,5.0,12.0,0.0,0.0,6.0,0.0,0.0,2.0,1.0,18.0,25.0,0.0,2.0,0.0,15.0,17.0,1.0,3.0,8.0,1.0,15.0,1.0,0.0,0.0,2.0,3.0,4.0,0.0,1.0,4.0,2.0,6.0,2.0,15.0,9.0,2.0,0.0,34.0,0.0,21.0,0.0,9.0,0.0,1.0,3.0,20.0,0.0,0.0,3.0,1.0,1.0,2.0,0.0,0.0,5.0,2.0,6.0,3.0
171,11.0,6.0,0.0,3.0,4.0,21.0,0.0,8.0,16.0,2.0,5.0,0.0,1.0,3.0,3.0,4.0,0.0,0.0,18.0,0.0,3.0,1.0,0.0,1.0,12.0,31.0,3.0,3.0,0.0,2.0,2.0,14.0,0.0,30.0,14.0,178.0,10.0,0.0,4.0,0.0,0.0,6.0,7.0,8.0,5.0,1.0,9.0,5.0,0.0,0.0,0.0,2.0,2.0,5.0,11.0,0.0,10.0,6.0,14.0,3.0,0.0,4.0,5.0,12.0,0.0,7.0,2.0,4.0,3.0,5.0,2.0,9.0,0.0,3.0,13.0,13.0,5.0,5.0,2.0,0.0,8.0,4.0,12.0,1.0,2.0,6.0,1.0,0.0,5.0,0.0,0.0,0.0,10.0,6.0,0.0,14.0,0.0,0.0,3.0,9.0
172,0.0,2.0,0.0,1.0,0.0,10.0,2.0,21.0,2.0,2.0,9.0,0.0,3.0,4.0,2.0,1.0,10.0,12.0,2.0,1.0,1.0,0.0,1.0,2.0,0.0,0.0,0.0,1.0,2.0,14.0,1.0,4.0,3.0,3.0,19.0,114.0,1.0,12.0,1.0,0.0,0.0,0.0,2.0,18.0,0.0,0.0,11.0,0.0,18.0,0.0,4.0,4.0,0.0,0.0,1.0,2.0,10.0,8.0,5.0,0.0,0.0,3.0,5.0,7.0,0.0,8.0,2.0,6.0,1.0,4.0,9.0,1.0,5.0,1.0,8.0,0.0,0.0,2.0,8.0,1.0,5.0,2.0,25.0,2.0,3.0,1.0,0.0,0.0,2.0,15.0,4.0,1.0,10.0,0.0,0.0,9.0,6.0,0.0,3.0,2.0
173,11.0,6.0,0.0,0.0,6.0,3.0,4.0,2.0,8.0,10.0,13.0,3.0,9.0,13.0,7.0,0.0,3.0,2.0,7.0,5.0,14.0,7.0,10.0,0.0,0.0,4.0,3.0,15.0,2.0,0.0,2.0,1.0,6.0,0.0,15.0,176.0,5.0,6.0,13.0,4.0,0.0,3.0,0.0,6.0,0.0,0.0,6.0,0.0,4.0,20.0,0.0,14.0,0.0,15.0,0.0,2.0,1.0,5.0,4.0,14.0,5.0,0.0,1.0,0.0,20.0,3.0,0.0,5.0,14.0,0.0,0.0,4.0,17.0,1.0,3.0,5.0,33.0,0.0,0.0,8.0,1.0,6.0,2.0,11.0,1.0,17.0,2.0,5.0,14.0,0.0,8.0,0.0,11.0,8.0,1.0,0.0,5.0,0.0,0.0,0.0
174,0.0,9.0,1.0,14.0,0.0,9.0,2.0,0.0,0.0,1.0,4.0,0.0,4.0,0.0,6.0,0.0,0.0,0.0,0.0,4.0,1.0,5.0,0.0,2.0,6.0,4.0,11.0,7.0,7.0,6.0,0.0,2.0,25.0,16.0,0.0,200.0,9.0,0.0,6.0,3.0,4.0,10.0,7.0,2.0,0.0,9.0,6.0,2.0,10.0,1.0,2.0,7.0,2.0,6.0,9.0,4.0,2.0,3.0,14.0,5.0,0.0,14.0,4.0,7.0,1.0,1.0,7.0,6.0,2.0,0.0,7.0,25.0,5.0,0.0,1.0,24.0,8.0,6.0,1.0,7.0,8.0,2.0,0.0,0.0,4.0,6.0,1.0,3.0,2.0,0.0,17.0,15.0,9.0,0.0,1.0,6.0,0.0,1.0,8.0,7.0
175,1.0,3.0,14.0,0.0,30.0,1.0,1.0,0.0,0.0,1.0,0.0,2.0,4.0,23.0,0.0,0.0,0.0,1.0,19.0,2.0,9.0,6.0,0.0,1.0,9.0,22.0,1.0,2.0,0.0,4.0,1.0,12.0,0.0,1.0,0.0,142.0,0.0,4.0,3.0,9.0,0.0,3.0,0.0,0.0,7.0,0.0,1.0,6.0,12.0,0.0,0.0,9.0,0.0,1.0,5.0,5.0,5.0,1.0,3.0,0.0,0.0,0.0,8.0,1.0,3.0,0.0,16.0,0.0,6.0,30.0,2.0,0.0,4.0,5.0,4.0,1.0,19.0,1.0,7.0,1.0,0.0,0.0,0.0,4.0,0.0,0.0,0.0,0.0,11.0,5.0,0.0,0.0,0.0,8.0,2.0,0.0,6.0,1.0,22.0,0.0
176,0.0,2.0,0.0,7.0,4.0,2.0,7.0,1.0,3.0,1.0,2.0,7.0,4.0,1.0,7.0,0.0,10.0,0.0,0.0,16.0,9.0,0.0,8.0,6.0,1.0,3.0,0.0,2.0,6.0,0.0,4.0,3.0,14.0,2.0,0.0,94.0,2.0,0.0,4.0,2.0,0.0,4.0,4.0,0.0,3.0,12.0,2.0,5.0,11.0,5.0,0.0,2.0,0.0,0.0,18.0,2.0,26.0,6.0,8.0,1.0,1.0,5.0,0.0,3.0,7.0,2.0,1.0,8.0,8.0,0.0,5.0,4.0,2.0,5.0,24.0,2.0,5.0,0.0,4.0,15.0,7.0,0.0,0.0,0.0,0.0,2.0,7.0,6.0,1.0,22.0,6.0,3.0,7.0,10.0,23.0,5.0,1.0,1.0,13.0,2.0
177,0.0,2.0,0.0,3.0,0.0,12.0,0.0,3.0,9.0,4.0,6.0,2.0,1.0,16.0,2.0,0.0,2.0,3.0,2.0,4.0,20.0,1.0,0.0,1.0,5.0,2.0,3.0,6.0,0.0,6.0,14.0,3.0,3.0,1.0,0.0,99.0,9.0,14.0,8.0,0.0,2.0,2.0,16.0,3.0,2.0,1.0,3.0,15.0,7.0,5.0,10.0,1.0,3.0,3.0,4.0,0.0,3.0,1.0,0.0,0.0,11.0,7.0,7.0,17.0,9.0,0.0,4.0,10.0,1.0,4.0,2.0,0.0,5.0,0.0,2.0,1.0,3.0,0.0,4.0,5.0,6.0,0.0,2.0,5.0,2.0,8.0,2.0,10.0,1.0,3.0,10.0,6.0,1.0,5.0,7.0,3.0,0.0,2.0,5.0,2.0
178,2.0,0.0,2.0,0.0,0.0,0.0,0.0,6.0,6.0,2.0,2.0,0.0,5.0,3.0,0.0,0.0,0.0,0.0,0.0,6.0,7.0,2.0,0.0,0.0,5.0,3.0,12.0,8.0,4.0,3.0,0.0,0.0,0.0,18.0,0.0,79.0,1.0,0.0,2.0,0.0,3.0,3.0,10.0,0.0,0.0,0.0,3.0,1.0,1.0,2.0,0.0,12.0,5.0,0.0,2.0,10.0,1.0,16.0,0.0,1.0,2.0,0.0,0.0,2.0,3.0,1.0,4.0,3.0,0.0,3.0,0.0,2.0,9.0,0.0,0.0,3.0,14.0,5.0,6.0,16.0,13.0,0.0,1.0,2.0,1.0,0.0,4.0,3.0,1.0,3.0,3.0,2.0,0.0,0.0,1.0,8.0,0.0,18.0,4.0,0.0
179,0.0,0.0,20.0,5.0,1.0,8.0,0.0,7.0,1.0,11.0,10.0,3.0,9.0,3.0,1.0,1.0,2.0,2.0,0.0,3.0,5.0,1.0,0.0,0.0,6.0,5.0,4.0,2.0,1.0,0.0,3.0,1.0,10.0,1.0,1.0,120.0,0.0,7.0,3.0,3.0,14.0,1.0,3.0,4.0,0.0,0.0,23.0,2.0,0.0,3.0,2.0,5.0,8.0,2.0,35.0,7.0,0.0,0.0,0.0,0.0,0.0,16.0,0.0,15.0,23.0,0.0,4.0,13.0,13.0,2.0,1.0,1.0,6.0,11.0,19.0,0.0,3.0,13.0,0.0,0.0,17.0,15.0,0.0,3.0,5.0,1.0,13.0,0.0,0.0,0.0,2.0,5.0,0.0,17.0,1.0,6.0,2.0,12.0,11.0,1.0
180,4.0,0.0,0.0,1.0,10.0,5.0,0.0,2.0,35.0,1.0,4.0,6.0,0.0,8.0,0.0,5.0,0.0,7.0,0.0,9.0,8.0,2.0,0.0,2.0,3.0,1.0,4.0,3.0,2.0,20.0,1.0,1.0,1.0,2.0,1.0,162.0,1.0,0.0,1.0,0.0,6.0,7.0,16.0,10.0,9.0,1.0,4.0,2.0,5.0,5.0,32.0,0.0,1.0,2.0,0.0,0.0,2.0,0.0,3.0,9.0,0.0,6.0,5.0,0.0,0.0,4.0,1.0,1.0,11.0,1.0,3.0,3.0,12.0,0.0,0.0,0.0,1.0,1.0,2.0,0.0,0.0,9.0,2.0,4.0,23.0,0.0,5.0,0.0,2.0,6.0,0.0,17.0,12.0,6.0,8.0,3.0,9.0,3.0,9.0,0.0
181,32.0,0.0,4.0,0.0,0.0,11.0,0.0,5.0,6.0,6.0,1.0,1.0,0.0,0.0,12.0,0.0,5.0,17.0,14.0,8.0,7.0,0.0,2.0,0.0,0.0,5.0,0.0,0.0,4.0,0.0,1.0,3.0,2.0,20.0,2.0,75.0,1.0,0.0,4.0,15.0,1.0,5.0,3.0,1.0,3.0,11.0,1.0,0.0,13.0,0.0,0.0,10.0,0.0,11.0,1.0,1.0,2.0,7.0,4.0,0.0,6.0,0.0,0.0,15.0,0.0,5.0,2.0,7.0,2.0,1.0,14.0,2.0,1.0,2.0,2.0,4.0,0.0,7.0,0.0,0.0,1.0,9.0,0.0,4.0,5.0,1.0,1.0,4.0,10.0,5.0,19.0,0.0,8.0,6.0,9.0,1.0,0.0,0.0,17.0,0.0
182,4.0,1.0,17.0,1.0,2.0,5.0,6.0,9.0,2.0,0.0,11.0,0.0,5.0,0.0,7.0,5.0,0.0,0.0,0.0,24.0,4.0,3.0,12.0,1.0,1.0,0.0,1.0,5.0,5.0,6.0,2.0,1.0,1.0,1.0,19.0,117.0,3.0,2.0,3.0,1.0,0.0,15.0,0.0,2.0,10.0,0.0,7.0,0.0,0.0,1.0,1.0,1.0,4.0,0.0,1.0,2.0,0.0,0.0,6.0,0.0,1.0,2.0,4.0,0.0,7.0,9.0,3.0,3.0,2.0,7.0,3.0,0.0,13.0,0.0,4.0,3.0,5.0,8.0,1.0,0.0,4.0,0.0,2.0,4.0,2.0,0.0,5.0,13.0,8.0,9.0,4.0,5.0,0.0,5.0,2.0,0.0,3.0,5.0,11.0,0.0
183,1.0,0.0,2.0,11.0,8.0,0.0,3.0,0.0,3.0,8.0,0.0,1.0,2.0,5.0,1.0,0.0,5.0,1.0,1.0,5.0,0.0,13.0,3.0,0.0,0.0,4.0,1.0,14.0,3.0,17.0,0.0,0.0,2.0,5.0,0.0,140.0,9.0,0.0,8.0,0.0,8.0,1.0,8.0,3.0,0.0,2.0,3.0,0.0,2.0,24.0,1.0,1.0,0.0,1.0,24.0,0.0,0.0,11.0,7.0,0.0,17.0,1.0,0.0,0.0,1.0,4.0,0.0,0.0,0.0,11.0,4.0,1.0,13.0,0.0,7.0,0.0,1.0,1.0,0.0,20.0,20.0,4.0,0.0,0.0,4.0,15.0,3.0,0.0,18.0,2.0,0.0,12.0,1.0,3.0,4.0,2.0,9.0,14.0,0.0,0.0
184,18.0,0.0,0.0,4.0,11.0,5.0,1.0,16.0,7.0,1.0,1.0,6.0,19.0,3.0,2.0,0.0,4.0,0.0,25.0,6.0,8.0,1.0,6.0,0.0,1.0,4.0,6.0,7.0,7.0,7.0,0.0,3.0,9.0,1.0,8.0,174.0,4.0,2.0,3.0,1.0,3.0,3.0,0.0,1.0,1.0,0.0,7.0,4.0,0.0,0.0,6.0,1.0,2.0,1.0,0.0,0.0,0.0,26.0,2.0,3.0,0.0,4.0,2.0,1.0,0.0,9.0,0.0,14.0,7.0,5.0,0.0,0.0,1.0,0.0,2.0,1.0,12.0,0.0,1.0,7.0,0.0,6.0,1.0,3.0,0.0,5.0,2.0,0.0,3.0,14.0,4.0,4.0,14.0,6.0,0.0,13.0,1.0,0.0,2.0,9.0
185,4.0,3.0,8.0,5.0,1.0,11.0,0.0,3.0,2.0,0.0,4.0,17.0,0.0,0.0,3.0,0.0,2.0,0.0,0.0,0.0,4.0,4.0,1.0,0.0,0.0,10.0,1.0,0.0,2.0,11.0,1.0,9.0,0.0,0.0,5.0,88.0,1.0,7.0,7.0,0.0,0.0,2.0,20.0,12.0,0.0,0.0,2.0,11.0,4.0,7.0,3.0,2.0,4.0,2.0,12.0,2.0,7.0,7.0,2.0,14.0,1.0,9.0,9.0,0.0,2.0,2.0,1.0,4.0,0.0,2.0,2.0,16.0,1.0,0.0,1.0,5.0,2.0,2.0,11.0,0.0,2.0,1.0,3.0,0.0,0.0,2.0,18.0,0.0,0.0,1.0,4.0,7.0,5.0,0.0,0.0,0.0,3.0,10.0,2.0,1.0
186,0.0,5.0,2.0,1.0,0.0,6.0,0.0,5.0,2.0,1.0,0.0,3.0,3.0,4.0,0.0,7.0,17.0,5.0,0.0,4.0,2.0,0.0,0.0,0.0,0.0,5.0,2.0,3.0,3.0,7.0,0.0,0.0,0.0,12.0,12.0,111.0,3.0,1.0,1.0,0.0,4.0,19.0,2.0,3.0,0.0,8.0,5.0,1.0,3.0,3.0,10.0,2.0,0.0,0.0,3.0,6.0,0.0,3.0,2.0,5.0,2.0,1.0,29.0,1.0,0.0,8.0,1.0,0.0,10.0,3.0,7.0,2.0,1.0,1.0,0.0,2.0,19.0,25.0,7.0,7.0,0.0,1.0,9.0,5.0,7.0,0.0,15.0,5.0,10.0,0.0,33.0,6.0,0.0,4.0,1.0,2.0,0.0,0.0,58.0,2.0
187,24.0,2.0,5.0,0.0,1.0,0.0,1.0,3.0,4.0,0.0,8.0,3.0,0.0,14.0,3.0,0.0,19.0,0.0,2.0,8.0,4.0,5.0,2.0,5.0,0.0,10.0,0.0,3.0,2.0,2.0,1.0,0.0,6.0,0.0,0.0,176.0,1.0,9.0,0.0,2.0,5.0,0.0,2.0,0.0,0.0,0.0,2.0,1.0,1.0,2.0,1.0,12.0,13.0,0.0,13.0,0.0,2.0,5.0,0.0,1.0,1.0,9.0,0.0,13.0,0.0,1.0,0.0,3.0,8.0,1.0,3.0,11.0,0.0,1.0,2.0,0.0,10.0,15.0,9.0,4.0,1.0,15.0,0.0,8.0,0.0,1.0,1.0,2.0,0.0,8.0,5.0,4.0,3.0,23.0,15.0,9.0,4.0,0.0,5.0,8.0
188,3.0,6.0,16.0,0.0,12.0,7.0,0.0,4.0,1.0,1.0,3.0,11.0,7.0,3.0,1.0,24.0,4.0,1.0,3.0,0.0,6.0,0.0,1.0,1.0,0.0,7.0,18.0,9.0,2.0,1.0,2.0,1.0,1.0,1.0,0.0,132.0,0.0,0.0,2.0,10.0,18.0,4.0,0.0,0.0,0.0,0.0,4.0,7.0,3.0,3.0,1.0,8.0,0.0,1.0,5.0,0.0,0.0,2.0,0.0,0.0,0.0,15.0,7.0,15.0,4.0,2.0,1.0,0.0,0.0,7.0,1.0,1.0,0.0,5.0,1.0,0.0,3.0,1.0,3.0,0.0,5.0,0.0,17.0,2.0,4.0,4.0,8.0,3.0,4.0,1.0,6.0,0.0,0.0,2.0,4.0,2.0,8.0,1.0,12.0,1.0
189,0.0,0.0,1.0,1.0,1.0,0.0,9.0,0.0,0.0,13.0,0.0,1.0,0.0,2.0,3.0,17.0,0.0,4.0,0.0,8.0,2.0,1.0,4.0,2.0,0.0,5.0,8.0,7.0,0.0,1.0,2.0,0.0,2.0,5.0,9.0,190.0,17.0,9.0,3.0,0.0,3.0,0.0,4.0,7.0,0.0,4.0,1.0,34.0,3.0,11.0,17.0,10.0,4.0,0.0,1.0,12.0,0.0,2.0,0.0,7.0,0.0,5.0,2.0,7.0,0.0,1.0,4.0,1.0,1.0,1.0,16.0,5.0,8.0,2.0,0.0,1.0,15.0,2.0,1.0,21.0,1.0,0.0,1.0,4.0,0.0,8.0,1.0,0.0,1.0,2.0,0.0,14.0,4.0,2.0,3.0,1.0,14.0,3.0,2.0,0.0
190,11.0,9.0,3.0,4.0,0.0,11.0,0.0,0.0,1.0,0.0,1.0,7.0,0.0,4.0,8.0,0.0,1.0,0.0,2.0,13.0,3.0,1.0,14.0,0.0,0.0,11.0,0.0,3.0,5.0,6.0,2.0,1.0,2.0,4.0,0.0,88.0,18.0,13.0,0.0,16.0,5.0,7.0,1.0,1.0,9.0,1.0,5.0,0.0,1.0,1.0,25.0,0.0,3.0,10.0,0.0,1.0,4.0,23.0,1.0,4.0,0.0,4.0,3.0,19.0,11.0,2.0,5.0,3.0,2.0,6.0,0.0,0.0,8.0,15.0,2.0,7.0,1.0,19.0,0.0,45.0,3.0,12.0,3.0,7.0,6.0,7.0,8.0,2.0,5.0,4.0,6.0,1.0,6.0,6.0,20.0,2.0,0.0,0.0,2.0,15.0
191,1.0,7.0,3.0,7.0,4.0,0.0,0.0,0.0,3.0,0.0,14.0,1.0,0.0,2.0,1.0,22.0,13.0,0.0,0.0,0.0,2.0,7.0,3.0,1.0,3.0,1.0,0.0,15.0,2.0,6.0,18.0,1.0,3.0,14.0,12.0,82.0,14.0,4.0,10.0,5.0,11.0,0.0,10.0,0.0,14.0,4.0,5.0,3.0,10.0,0.0,0.0,4.0,4.0,6.0,0.0,3.0,2.0,2.0,0.0,3.0,1.0,9.0,2.0,9.0,8.0,0.0,3.0,5.0,16.0,2.0,1.0,1.0,12.0,2.0,0.0,1.0,4.0,3.0,18.0,15.0,11.0,8.0,3.0,10.0,1.0,0.0,4.0,0.0,0.0,0.0,5.0,2.0,1.0,0.0,2.0,0.0,22.0,0.0,0.0,0.0
192,1.0,12.0,9.0,10.0,1.0,3.0,1.0,8.0,3.0,3.0,6.0,0.0,0.0,1.0,1.0,0.0,10.0,2.0,3.0,1.0,0.0,28.0,1.0,1.0,0.0,0.0,4.0,6.0,9.0,0.0,4.0,1.0,1.0,10.0,0.0,174.0,1.0,9.0,2.0,8.0,1.0,4.0,1.0,0.0,3.0,1.0,3.0,24.0,8.0,0.0,0.0,4.0,4.0,2.0,0.0,4.0,0.0,12.0,1.0,19.0,1.0,0.0,5.0,0.0,0.0,0.0,3.0,28.0,0.0,21.0,1.0,0.0,0.0,0.0,6.0,3.0,9.0,11.0,13.0,4.0,5.0,12.0,5.0,3.0,0.0,17.0,8.0,4.0,0.0,4.0,12.0,2.0,0.0,0.0,5.0,1.0,0.0,17.0,3.0,2.0
193,9.0,6.0,0.0,8.0,4.0,28.0,4.0,14.0,4.0,5.0,0.0,7.0,0.0,3.0,3.0,0.0,0.0,5.0,9.0,1.0,12.0,2.0,0.0,12.0,2.0,0.0,2.0,1.0,1.0,0.0,0.0,2.0,8.0,1.0,1.0,92.0,0.0,0.0,4.0,0.0,0.0,8.0,6.0,1.0,10.0,43.0,0.0,8.0,19.0,4.0,0.0,6.0,3.0,0.0,1.0,1.0,7.0,2.0,5.0,7.0,4.0,5.0,0.0,36.0,4.0,0.0,3.0,19.0,0.0,3.0,0.0,1.0,5.0,2.0,3.0,1.0,0.0,5.0,8.0,0.0,16.0,3.0,2.0,5.0,0.0,0.0,0.0,5.0,1.0,0.0,0.0,0.0,1.0,6.0,12.0,2.0,3.0,10.0,20.0,3.0
194,2.0,0.0,0.0,0.0,4.0,0.0,0.0,11.0,1.0,4.0,0.0,15.0,0.0,6.0,0.0,2.0,4.0,0.0,5.0,0.0,1.0,1.0,8.0,0.0,3.0,2.0,6.0,5.0,0.0,4.0,8.0,0.0,0.0,6.0,3.0,185.0,2.0,9.0,12.0,0.0,5.0,0.0,6.0,24.0,6.0,6.0,0.0,2.0,0.0,0.0,0.0,2.0,0.0,1.0,0.0,0.0,0.0,1.0,7.0,6.0,0.0,1.0,0.0,6.0,12.0,1.0,2.0,6.0,1.0,2.0,6.0,2.0,8.0,6.0,0.0,6.0,2.0,0.0,0.0,13.0,2.0,0.0,0.0,1.0,0.0,5.0,1.0,8.0,4.0,0.0,4.0,2.0,7.0,7.0,12.0,15.0,16.0,1.0,1.0,4.0
195,0.0,6.0,1.0,6.0,17.0,0.0,1.0,4.0,18.0,4.0,2.0,3.0,14.0,7.0,4.0,9.0,4.0,25.0,5.0,0.0,2.0,0.0,0.0,3.0,16.0,4.0,0.0,5.0,0.0,5.0,0.0,2.0,6.0,4.0,1.0,129.0,0.0,8.0,0.0,1.0,0.0,10.0,10.0,0.0,0.0,34.0,11.0,2.0,2.0,0.0,0.0,4.0,1.0,0.0,5.0,9.0,0.0,3.0,2.0,18.0,6.0,4.0,3.0,2.0,0.0,0.0,1.0,0.0,0.0,0.0,2.0,4.0,0.0,9.0,2.0,0.0,2.0,0.0,7.0,1.0,16.0,0.0,10.0,8.0,0.0,2.0,0.0,0.0,1.0,0.0,9.0,0.0,4.0,0.0,0.0,7.0,4.0,0.0,0.0,2.0
196,12.0,11.0,0.0,15.0,6.0,3.0,13.0,11.0,3.0,16.0,3.0,23.0,0.0,7.0,0.0,4.0,5.0,6.0,9.0,3.0,2.0,10.0,0.0,0.0,4.0,4.0,9.0,1.0,0.0,6.0,3.0,1.0,0.0,1.0,0.0,196.0,0.0,14.0,0.0,6.0,13.0,0.0,3.0,4.0,0.0,0.0,6.0,8.0,2.0,2.0,1.0,1.0,11.0,6.0,4.0,10.0,0.0,0.0,0.0,6.0,1.0,4.0,2.0,3.0,0.0,5.0,7.0,0.0,16.0,5.0,2.0,3.0,4.0,14.0,5.0,4.0,2.0,2.0,23.0,0.0,0.0,9.0,2.0,13.0,6.0,13.0,2.0,4.0,0.0,9.0,7.0,6.0,6.0,1.0,22.0,4.0,0.0,1.0,0.0,8.0
197,0.0,5.0,0.0,2.0,1.0,0.0,1.0,7.0,1.0,4.0,1.0,5.0,1.0,0.0,1.0,6.0,2.0,8.0,1.0,0.0,0.0,5.0,7.0,5.0,13.0,11.0,2.0,12.0,6.0,12.0,0.0,1.0,3.0,6.0,0.0,94.0,0.0,4.0,2.0,8.0,3.0,3.0,5.0,0.0,2.0,0.0,1.0,2.0,5.0,2.0,0.0,0.0,1.0,0.0,0.0,22.0,2.0,3.0,2.0,0.0,13.0,0.0,7.0,0.0,0.0,0.0,11.0,4.0,8.0,0.0,1.0,7.0,0.0,0.0,5.0,0.0,1.0,2.0,8.0,0.0,29.0,16.0,4.0,0.0,8.0,6.0,0.0,10.0,3.0,9.0,5.0,12.0,6.0,1.0,2.0,0.0,1.0,13.0,9.0,3.0
198,15.0,7.0,4.0,4.0,0.0,3.0,6.0,16.0,3.0,0.0,7.0,4.0,3.0,6.0,5.0,1.0,0.0,1.0,1.0,8.0,9.0,32.0,0.0,12.0,0.0,3.0,6.0,6.0,2.0,1.0,1.0,3.0,11.0,1.0,0.0,232.0,6.0,7.0,1.0,0.0,0.0,7.0,12.0,1.0,5.0,5.0,0.0,3.0,1.0,1.0,4.0,0.0,4.0,25.0,4.0,0.0,3.0,7.0,0.0,1.0,2.0,8.0,6.0,4.0,9.0,3.0,2.0,2.0,2.0,1.0,5.0,3.0,0.0,12.0,6.0,11.0,1.0,2.0,0.0,3.0,0.0,5.0,0.0,1.0,3.0,0.0,3.0,5.0,2.0,4.0,0.0,5.0,7.0,5.0,14.0,7.0,6.0,2.0,7.0,19.0
199,5.0,12.0,0.0,1.0,5.0,3.0,15.0,2.0,0.0,7.0,8.0,7.0,1.0,0.0,0.0,6.0,1.0,3.0,2.0,6.0,2.0,2.0,8.0,3.0,2.0,1.0,3.0,3.0,1.0,0.0,0.0,0.0,12.0,6.0,0.0,189.0,0.0,3.0,11.0,0.0,3.0,0.0,10.0,6.0,13.0,0.0,1.0,36.0,0.0,0.0,8.0,13.0,5.0,4.0,17.0,3.0,7.0,5.0,16.0,11.0,2.0,0.0,5.0,2.0,25.0,0.0,2.0,2.0,5.0,8.0,8.0,0.0,8.0,16.0,14.0,0.0,10.0,3.0,1.0,0.0,8.0,1.0,3.0,2.0,13.0,0.0,0.0,3.0,1.0,0.0,10.0,2.0,0.0,0.0,7.0,10.0,9.0,27.0,1.0,6.0
200,0.0,4.0,0.0,7.0,9.0,2.0,10.0,13.0,6.0,7.0,6.0,10.0,0.0,0.0,3.0,14.0,0.0,0.0,1.0,5.0,1.0,1.0,12.0,7.0,0.0,4.0,18.0,2.0,0.0,3.0,0.0,7.0,9.0,5.0,5.0,71.0,1.0,32.0,0.0,6.0,6.0,1.0,4.0,8.0,0.0,5.0,0.0,0.0,1.0,4.0,5.0,0.0,1.0,5.0,3.0,2.0,0.0,4.0,11.0,6.0,5.0,7.0,6.0,6.0,21.0,8.0,5.0,3.0,0.0,0.0,0.0,0.0,1.0,4.0,2.0,3.0,0.0,5.0,1.0,4.0,0.0,2.0,0.0,0.0,0.0,5.0,0.0,6.0,3.0,3.0,6.0,7.0,3.0,1.0,10.0,0.0,9.0,6.0,2.0,0.0
201,2.0,7.0,1.0,3.0,0.0,6.0,7.0,3.0,1.0,3.0,0.0,0.0,1.0,2.0,7.0,0.0,0.0,2.0,5.0,0.0,4.0,0.0,5.0,8.0,0.0,1.0,10.0,0.0,7.0,3.0,9.0,6.0,0.0,1.0,1.0,155.0,0.0,1.0,1.0,1.0,5.0,4.0,0.0,9.0,2.0,4.0,3.0,1.0,3.0,3.0,21.0,16.0,1.0,0.0,5.0,1.0,0.0,23.0,0.0,0.0,4.0,2.0,9.0,4.0,4.0,2.0,8.0,1.0,3.0,0.0,0.0,0.0,0.0,9.0,10.0,1.0,0.0,1.0,11.0,3.0,0.0,0.0,2.0,0.0,20.0,1.0,0.0,0.0,2.0,17.0,0.0,26.0,5.0,4.0,0.0,3.0,5.0,1.0,8.0,5.0
202,13.0,1.0,0.0,11.0,9.0,0.0,11.0,1.0,1.0,5.0,0.0,3.0,2.0,1.0,5.0,2.0,0.0,2.0,1.0,1.0,0.0,1.0,8.0,15.0,4.0,5.0,6.0,3.0,11.0,12.0,2.0,4.0,1.0,12.0,11.0,103.0,3.0,1.0,18.0,15.0,1.0,3.0,0.0,0.0,19.0,1.0,5.0,0.0,16.0,7.0,2.0,13.0,4.0,10.0,0.0,0.0,2.0,12.0,8.0,4.0,1.0,2.0,2.0,4.0,0.0,4.0,1.0,8.0,1.0,8.0,0.0,1.0,17.0,2.0,0.0,1.0,4.0,3.0,2.0,10.0,3.0,1.0,1.0,1.0,0.0,11.0,1.0,2.0,0.0,11.0,9.0,1.0,12.0,14.0,12.0,0.0,3.0,22.0,0.0,2.0
203,6.0,1.0,10.0,4.0,8.0,0.0,10.0,0.0,0.0,28.0,0.0,24.0,0.0,14.0,5.0,2.0,0.0,5.0,0.0,5.0,4.0,2.0,7.0,1.0,0.0,7.0,1.0,2.0,1.0,0.0,1.0,6.0,5.0,14.0,0.0,195.0,4.0,12.0,4.0,5.0,7.0,1.0,1.0,0.0,14.0,0.0,0.0,11.0,0.0,0.0,5.0,1.0,5.0,7.0,5.0,0.0,15.0,7.0,15.0,3.0,3.0,0.0,0.0,7.0,1.0,0.0,0.0,7.0,14.0,1.0,0.0,4.0,0.0,7.0,3.0,6.0,4.0,21.0,6.0,4.0,1.0,12.0,4.0,1.0,5.0,1.0,10.0,0.0,0.0,3.0,1.0,3.0,2.0,1.0,3.0,3.0,17.0,3.0,8.0,0.0
204,0.0,10.0,27.0,6.0,6.0,4.0,3.0,4.0,0.0,0.0,20.0,2.0,0.0,1.0,0.0,1.0,2.0,3.0,1.0,11.0,0.0,0.0,0.0,12.0,1.0,11.0,1.0,6.0,1.0,2.0,2.0,1.0,4.0,1.0,10.0,84.0,0.0,0.0,9.0,0.0,1.0,3.0,0.0,2.0,4.0,0.0,3.0,5.0,2.0,0.0,2.0,0.0,1.0,7.0,0.0,11.0,3.0,1.0,6.0,14.0,0.0,0.0,0.0,2.0,9.0,1.0,1.0,0.0,3.0,0.0,2.0,1.0,0.0,2.0,1.0,1.0,7.0,5.0,3.0,5.0,3.0,0.0,15.0,3.0,0.0,1.0,0.0,2.0,0.0,13.0,7.0,0.0,3.0,1.0,0.0,3.0,2.0,0.0,0.0,0.0
205,7.0,0.0,2.0,2.0,0.0,13.0,5.0,8.0,0.0,0.0,4.0,0.0,6.0,1.0,29.0,0.0,0.0,3.0,0.0,0.0,6.0,11.0,12.0,3.0,10.0,7.0,5.0,9.0,3.0,4.0,8.0,0.0,9.0,7.0,18.0,179.0,11.0,2.0,0.0,0.0,2.0,3.0,1.0,21.0,0.0,1.0,1.0,0.0,0.0,9.0,1.0,7.0,2.0,5.0,20.0,5.0,6.0,0.0,4.0,0.0,1.0,0.0,7.0,8.0,6.0,13.0,8.0,13.0,1.0,0.0,1.0,2.0,0.0,1.0,6.0,1.0,6.0,8.0,1.0,3.0,2.0,1.0,9.0,0.0,5.0,2.0,28.0,5.0,20.0,3.0,3.0,11.0,5.0,1.0,2.0,11.0,0.0,9.0,0.0,0.0
206,0.0,2.0,11.0,0.0,6.0,3.0,0.0,11.0,3.0,10.0,4.0,0.0,2.0,0.0,0.0,3.0,1.0,7.0,3.0,2.0,0.0,3.0,16.0,2.0,0.0,15.0,2.0,4.0,10.0,0.0,0.0,8.0,0.0,1.0,0.0,110.0,2.0,12.0,0.0,2.0,39.0,1.0,6.0,0.0,0.0,14.0,0.0,4.0,3.0,3.0,7.0,4.0,2.0,1.0,4.0,0.0,12.0,2.0,4.0,0.0,4.0,2.0,1.0,2.0,3.0,2.0,2.0,11.0,7.0,6.0,3.0,4.0,2.0,0.0,6.0,6.0,12.0,0.0,0.0,7.0,0.0,9.0,8.0,0.0,0.0,9.0,0.0,1.0,2.0,1.0,1.0,0.0,0.0,4.0,3.0,5.0,2.0,0.0,1.0,0.0
207,7.0,0.0,3.0,3.0,23.0,1.0,17.0,2.0,11.0,4.0,6.0,0.0,0.0,5.0,1.0,13.0,5.0,8.0,1.0,6.0,0.0,13.0,2.0,0.0,0.0,3.0,0.0,0.0,20.0,1.0,2.0,13.0,4.0,3.0,5.0,82.0,1.0,5.0,9.0,8.0,1.0,0.0,0.0,0.0,20.0,0.0,6.0,1.0,5.0,1.0,3.0,3.0,1.0,4.0,2.0,4.0,10.0,8.0,1.0,2.0,0.0,2.0,19.0,0.0,3.0,5.0,0.0,0.0,3.0,15.0,5.0,1.0,3.0,0.0,18.0,6.0,4.0,6.0,7.0,0.0,16.0,7.0,2.0,0.0,1.0,4.0,2.0,3.0,2.0,1.0,7.0,1.0,9.0,8.0,2.0,0.0,0.0,0.0,0.0,2.0
208,2.0,5.0,0.0,5.0,9.0,17.0,3.0,0.0,7.0,0.0,4.0,4.0,2.0,0.0,3.0,1.0,2.0,0.0,9.0,0.0,2.0,3.0,5.0,3.0,1.0,1.0,23.0,1.0,5.0,2.0,4.0,7.0,9.0,12.0,0.0,70.0,4.0,0.0,2.0,8.0,6.0,2.0,0.0,0.0,0.0,2.0,1.0,4.0,4.0,4.0,0.0,11.0,7.0,0.0,0.0,0.0,13.0,0.0,2.0,0.0,0.0,2.0,3.0,0.0,7.0,0.0,18.0,2.0,2.0,2.0,2.0,6.0,10.0,0.0,3.0,5.0,9.0,5.0,0.0,2.0,14.0,26.0,0.0,4.0,1.0,8.0,5.0,3.0,7.0,0.0,16.0,1.0,3.0,3.0,20.0,1.0,11.0,2.0,4.0,0.0
209,10.0,0.0,0.0,3.0,0.0,0.0,1.0,3.0,0.0,5.0,2.0,16.0,9.0,8.0,1.0,0.0,0.0,1.0,0.0,1.0,0.0,0.0,1.0,0.0,0.0,0.0,1.0,2.0,3.0,0.0,9.0,0.0,28.0,0.0,4.0,168.0,0.0,9.0,0.0,0.0,3.0,0.0,0.0,3.0,0.0,0.0,0.0,7.0,0.0,3.0,0.0,8.0,4.0,0.0,1.0,13.0,11.0,4.0,1.0,10.0,1.0,0.0,0.0,3.0,11.0,0.0,3.0,7.0,6.0,11.0,9.0,8.0,0.0,13.0,0.0,1.0,7.0,1.0,1.0,1.0,0.0,8.0,8.0,2.0,0.0,1.0,1.0,2.0,1.0,4.0,6.0,2.0,0.0,4.0,16.0,1.0,0.0,1.0,5.0,4.0
210,4.0,0.0,10.0,0.0,13.0,5.0,7.0,7.0,0.0,0.0,2.0,0.0,2.0,1.0,7.0,14.0,0.0,9.0,1.0,11.0,1.0,1.0,2.0,7.0,11.0,28.0,2.0,2.0,5.0,0.0,0.0,0.0,6.0,14.0,5.0,94.0,1.0,4.0,0.0,0.0,3.0,2.0,3.0,5.0,2.0,0.0,3.0,1.0,5.0,0.0,7.0,2.0,6.0,7.0,2.0,2.0,3.0,15.0,7.0,2.0,5.0,0.0,18.0,3.0,1.0,6.0,0.0,5.0,6.0,0.0,23.0,3.0,2.0,8.0,0.0,4.0,4.0,0.0,3.0,3.0,6.0,2.0,13.0,33.0,4.0,3.0,0.0,4.0,6.0,2.0,1.0,0.0,1.0,2.0,0.0,0.0,2.0,0.0,17.0,0.0
211,6.0,0.0,0.0,10.0,2.0,2.0,4.0,16.0,0.0,11.0,1.0,1.0,7.0,7.0,0.0,4.0,13.0,0.0,1.0,0.0,1.0,1.0,2.0,1.0,21.0,0.0,5.0,1.0,1.0,17.0,0.0,0.0,2.0,5.0,0.0,175.0,0.0,2.0,0.0,0.0,9.0,7.0,1.0,0.0,8.0,0.0,2.0,1.0,0.0,12.0,1.0,4.0,8.0,7.0,0.0,11.0,0.0,2.0,23.0,4.0,1.0,0.0,6.0,18.0,2.0,4.0,2.0,0.0,0.0,2.0,1.0,0.0,0.0,3.0,16.0,14.0,7.0,21.0,2.0,2.0,7.0,2.0,0.0,7.0,3.0,5.0,1.0,11.0,3.0,1.0,15.0,13.0,3.0,5.0,1.0,2.0,1.0,8.0,8.0,3.0
212,3.0,4.0,0.0,0.0,5.0,0.0,17.0,4.0,0.0,0.0,7.0,1.0,4.0,0.0,0.0,0.0,27.0,9.0,1.0,11.0,0.0,0.0,7.0,16.0,1.0,8.0,4.0,0.0,4.0,3.0,5.0,5.0,1.0,4.0,2.0,200.0,14.0,22.0,7.0,0.0,4.0,1.0,3.0,30.0,1.0,0.0,5.0,3.0,5.0,0.0,5.0,1.0,1.0,0.0,10.0,0.0,1.0,6.0,8.0,0.0,0.0,4.0,0.0,0.0,0.0,6.0,1.0,5.0,2.0,0.0,0.0,0.0,6.0,13.0,14.0,1.0,5.0,0.0,6.0,0.0,0.0,1.0,1.0,12.0,0.0,0.0,13.0,0.0,6.0,4.0,10.0,0.0,0.0,3.0,0.0,6.0,0.0,0.0,4.0,0.0
213,1.0,8.0,0.0,12.0,0.0,1.0,2.0,0.0,8.0,2.0,28.0,11.0,0.0,0.0,7.0,4.0,0.0,8.0,16.0,0.0,0.0,4.0,3.0,2.0,0.0,2.0,5.0,0.0,5.0,0.0,3.0,7.0,16.0,1.0,0.0,87.0,5.0,3.0,1.0,7.0,13.0,1.0,0.0,19.0,0.0,4.0,15.0,2.0,0.0,6.0,13.0,11.0,0.0,4.0,0.0,0.0,3.0,17.0,3.0,0.0,6.0,4.0,1.0,4.0,6.0,28.0,10.0,8.0,0.0,1.0,0.0,5.0,0.0,0.0,0.0,1.0,0.0,8.0,2.0,7.0,2.0,6.0,3.0,2.0,1.0,0.0,2.0,4.0,0.0,23.0,4.0,0.0,2.0,5.0,3.0,3.0,5.0,0.0,3.0,7.0
214,0.0,1.0,2.0,0.0,8.0,10.0,5.0,4.0,5.0,0.0,3.0,0.0,1.0,0.0,19.0,27.0,5.0,6.0,2.0,12.0,1.0,1.0,2.0,0.0,8.0,2.0,1.0,1.0,16.0,0.0,0.0,7.0,10.0,0.0,2.0,193.0,14.0,12.0,4.0,1.0,4.0,6.0,0.0,0.0,7.0,5.0,0.0,2.0,13.0,12.0,0.0,7.0,0.0,1.0,4.0,0.0,3.0,9.0,2.0,24.0,0.0,8.0,4.0,0.0,2.0,1.0,0.0,5.0,9.0,1.0,15.0,9.0,5.0,4.0,1.0,0.0,6.0,11.0,0.0,15.0,1.0,1.0,0.0,12.0,0.0,0.0,3.0,5.0,2.0,0.0,3.0,1.0,0.0,3.0,0.0,0.0,7.0,13.0,1.0,0.0
215,0.0,2.0,1.0,4.0,16.0,1.0,3.0,13.0,2.0,2.0,6.0,0.0,2.0,8.0,1.0,0.0,5.0,0.0,0.0,0.0,5.0,0.0,2.0,2.0,0.0,16.0,10.0,8.0,4.0,15.0,3.0,0.0,8.0,7.0,4.0,103.0,0.0,8.0,6.0,3.0,7.0,2.0,3.0,3.0,12.0,5.0,0.0,0.0,5.0,0.0,1.0,0.0,2.0,1.0,1.0,7.0,4.0,18.0,1.0,0.0,0.0,4.0,15.0,1.0,0.0,1.0,0.0,7.0,1.0,0.0,0.0,5.0,0.0,0.0,1.0,1.0,2.0,19.0,0.0,1.0,8.0,0.0,0.0,0.0,8.0,1.0,5.0,0.0,2.0,0.0,0.0,1.0,5.0,7.0,0.0,13.0,5.0,11.0,0.0,0.0
216,7.0,15.0,5.0,1.0,0.0,2.0,0.0,0.0,13.0,15.0,2.0,0.0,19.0,0.0,9.0,9.0,8.0,3.0,14.0,1.0,1.0,2.0,4.0,2.0,0.0,0.0,12.0,19.0,3.0,3.0,3.0,9.0,1.0,0.0,11.0,129.0,1.0,0.0,2.0,17.0,0.0,10.0,14.0,2.0,11.0,6.0,7.0,0.0,3.0,4.0,3.0,6.0,5.0,21.0,11.0,7.0,4.0,1.0,0.0,4.0,2.0,6.0,8.0,3.0,6.0,0.0,6.0,5.0,0.0,9.0,25.0,7.0,2.0,0.0,3.0,9.0,17.0,2.0,3.0,0.0,1.0,0.0,12.0,1.0,0.0,0.0,1.0,2.0,0.0,2.0,5.0,0.0,2.0,8.0,0.0,11.0,0.0,3.0,13.0,5.0
217,1.0,7.0,18.0,24.0,6.0,0.0,10.0,1.0,2.0,13.0,0.0,10.0,7.0,1.0,1.0,1.0,3.0,1.0,3.0,1.0,4.0,0.0,3.0,2.0,2.0,2.0,1.0,1.0,0.0,0.0,6.0,1.0,3.0,9.0,0.0,188.0,3.0,1.0,3.0,2.0,8.0,9.0,1.0,0.0,0.0,30.0,4.0,7.0,0.0,2.0,9.0,9.0,4.0,3.0,0.0,2.0,6.0,0.0,0.0,5.0,0.0,0.0,2.0,1.0,10.0,50.0,4.0,0.0,4.0,14.0,2.0,0.0,0.0,12.0,3.0,1.0,0.0,2.0,0.0,11.0,9.0,1.0,1.0,6.0,20.0,2.0,2.0,0.0,2.0,10.0,4.0,1.0,0.0,9.0,15.0,2.0,3.0,4.0,0.0,0.0
218,6.0,6.0,3.0,1.0,0.0,4.0,0.0,0.0,14.0,9.0,12.0,1.0,0.0,0.0,5.0,0.0,8.0,1.0,1.0,1.0,14.0,20.0,8.0,0.0,15.0,3.0,2.0,8.0,0.0,0.0,1.0,15.0,7.0,0.0,0.0,130.0,0.0,1.0,32.0,7.0,3.0,1.0,5.0,9.0,15.0,3.0,6.0,11.0,2.0,18.0,11.0,0.0,0.0,2.0,0.0,3.0,5.0,5.0,0.0,0.0,0.0,6.0,1.0,3.0,5.0,0.0,6.0,16.0,3.0,9.0,0.0,4.0,5.0,5.0,4.0,1.0,1.0,1.0,5.0,1.0,0.0,0.0,4.0,2.0,6.0,0.0,9.0,1.0,18.0,5.0,0.0,6.0,12.0,3.0,0.0,3.0,3.0,4.0,3.0,0.0
219,19.0,5.0,5.0,4.0,0.0,3.0,1.0,1.0,10.0,0.0,0.0,0.0,0.0,5.0,0.0,2.0,2.0,0.0,0.0,2.0,28.0,1.0,4.0,2.0,6.0,12.0,3.0,13.0,0.0,1.0,7.0,2.0,21.0,0.0,0.0,100.0,0.0,0.0,6.0,2.0,0.0,0.0,0.0,0.0,7.0,3.0,21.0,1.0,1.0,1.0,9.0,0.0,2.0,8.0,2.0,8.0,3.0,2.0,9.0,0.0,1.0,6.0,3.0,1.0,5.0,8.0,7.0,0.0,2.0,3.0,4.0,4.0,3.0,15.0,0.0,0.0,0.0,0.0,2.0,1.0,1.0,1.0,1.0,0.0,1.0,4.0,0.0,42.0,2.0,0.0,3.0,7.0,5.0,6.0,0.0,0.0,1.0,6.0,1.0,8.0
220,1.0,18.0,8.0,1.0,25.0,3.0,4.0,14.0,2.0,2.0,2.0,3.0,0.0,1.0,20.0,0.0,10.0,7.0,1.0,2.0,0.0,0.0,10.0,8.0,11.0,3.0,8.0,4.0,9.0,2.0,0.0,20.0,4.0,5.0,9.0,110.0,4.0,15.0,0.0,1.0,0.0,6.0,1.0,8.0,3.0,1.0,1.0,9.0,2.0,0.0,15.0,0.0,3.0,2.0,21.0,12.0,0.0,9.0,4.0,6.0,0.0,3.0,5.0,2.0,4.0,25.0,10.0,2.0,0.0,0.0,1.0,2.0,0.0,17.0,0.0,0.0,6.0,1.0,19.0,0.0,5.0,1.0,2.0,1.0,2.0,17.0,13.0,0.0,8.0,2.0,0.0,0.0,4.0,7.0,3.0,9.0,10.0,19.0,19.0,6.0
221,0.0,2.0,5.0,0.0,3.0,0.0,0.0,2.0,2.0,5.0,18.0,3.0,2.0,3.0,5.0,1.0,0.0,0.0,12.0,0.0,12.0,10.0,8.0,4.0,3.0,3.0,5.0,6.0,10.0,7.0,19.0,3.0,17.0,3.0,2.0,102.0,22.0,1.0,4.0,2.0,0.0,0.0,5.0,8.0,1.0,5.0,9.0,4.0,2.0,0.0,0.0,3.0,15.0,4.0,2.0,3.0,7.0,3.0,5.0,3.0,5.0,0.0,4.0,1.0,1.0,4.0,8.0,0.0,1.0,0.0,2.0,1.0,0.0,3.0,21.0,1.0,0.0,6.0,2.0,0.0,0.0,15.0,1.0,2.0,2.0,6.0,13.0,5.0,1.0,5.0,5.0,0.0,2.0,8.0,0.0,0.0,3.0,2.0,0.0,1.0
222,0.0,2.0,13.0,2.0,3.0,1.0,0.0,2.0,7.0,2.0,0.0,4.0,10.0,4.0,0.0,1.0,9.0,1.0,7.0,0.0,0.0,8.0,8.0,0.0,7.0,12.0,0.0,0.0,0.0,7.0,0.0,0.0,0.0,0.0,11.0,108.0,5.0,7.0,9.0,7.0,4.0,9.0,7.0,13.0,3.0,0.0,10.0,8.0,2.0,1.0,2.0,0.0,4.0,6.0,9.0,4.0,1.0,5.0,0.0,14.0,8.0,2.0,0.0,0.0,2.0,6.0,9.0,8.0,4.0,6.0,0.0,0.0,3.0,6.0,10.0,0.0,18.0,15.0,17.0,1.0,8.0,13.0,0.0,12.0,0.0,13.0,1.0,0.0,19.0,13.0,1.0,9.0,2.0,0.0,4.0,0.0,13.0,7.0,0.0,11.0
223,6.0,1.0,1.0,0.0,0.0,0.0,4.0,1.0,0.0,5.0,8.0,0.0,12.0,2.0,0.0,0.0,10.0,10.0,20.0,3.0,8.0,1.0,1.0,3.0,1.0,12.0,0.0,29.0,3.0,2.0,1.0,11.0,1.0,0.0,1.0,117.0,3.0,0.0,10.0,2.0,1.0,1.0,0.0,8.0,0.0,0.0,1.0,18.0,0.0,18.0,9.0,11.0,0.0,10.0,0.0,0.0,0.0,5.0,6.0,5.0,0.0,2.0,9.0,0.0,2.0,26.0,2.0,0.0,0.0,1.0,7.0,2.0,9.0,17.0,0.0,6.0,0.0,5.0,10.0,14.0,1.0,1.0,0.0,15.0,4.0,6.0,11.0,0.0,9.0,1.0,3.0,0.0,0.0,0.0,0.0,8.0,10.0,13.0,28.0,29.0
224,1.0,1.0,0.0,6.0,0.0,3.0,5.0,17.0,12.0,5.0,0.0,0.0,16.0,4.0,1.0,0.0,7.0,4.0,12.0,6.0,0.0,0.0,0.0,0.0,5.0,10.0,1.0,0.0,0.0,30.0,0.0,0.0,4.0,0.0,2.0,93.0,10.0,0.0,4.0,2.0,2.0,1.0,21.0,4.0,0.0,8.0,0.0,3.0,6.0,2.0,0.0,8.0,1.0,0.0,5.0,0.0,0.0,0.0,3.0,2.0,1.0,1.0,1.0,6.0,11.0,2.0,1.0,1.0,9.0,3.0,0.0,0.0,20.0,4.0,1.0,2.0,6.0,1.0,36.0,8.0,11.0,12.0,2.0,10.0,0.0,6.0,6.0,4.0,5.0,5.0,3.0,4.0,2.0,7.0,3.0,0.0,6.0,4.0,12.0,0.0
225,7.0,6.0,10.0,5.0,0.0,1.0,2.0,1.0,3.0,0.0,12.0,0.0,0.0,0.0,1.0,1.0,9.0,7.0,9.0,5.0,0.0,0.0,3.0,0.0,1.0,8.0,0.0,3.0,1.0,1.0,11.0,1.0,6.0,0.0,0.0,178.0,6.0,2.0,5.0,0.0,3.0,2.0,2.0,0.0,4.0,5.0,3.0,2.0,1.0,5.0,0.0,0.0,0.0,4.0,1.0,1.0,1.0,3.0,0.0,7.0,1.0,0.0,0.0,0.0,0.0,10.0,2.0,6.0,4.0,12.0,1.0,8.0,4.0,5.0,3.0,6.0,15.0,3.0,0.0,10.0,1.0,5.0,2.0,2.0,4.0,12.0,1.0,0.0,7.0,1.0,1.0,2.0,1.0,10.0,0.0,1.0,6.0,2.0,14.0,3.0
226,7.0,10.0,7.0,1.0,0.0,0.0,3.0,1.0,6.0,9.0,9.0,1.0,5.0,3.0,1.0,7.0,1.0,0.0,6.0,9.0,10.0,12.0,2.0,11.0,0.0,0.0,1.0,13.0,7.0,3.0,13.0,5.0,5.0,1.0,0.0,123.0,0.0,6.0,5.0,4.0,1.0,0.0,7.0,2.0,4.0,7.0,3.0,2.0,10.0,2.0,0.0,10.0,0.0,0.0,0.0,0.0,0.0,21.0,6.0,7.0,0.0,8.0,12.0,14.0,10.0,3.0,3.0,11.0,12.0,4.0,0.0,12.0,7.0,12.0,3.0,8.0,2.0,0.0,0.0,21.0,1.0,6.0,7.0,1.0,1.0,3.0,2.0,2.0,4.0,1.0,9.0,0.0,22.0,6.0,0.0,10.0,11.0,10.0,0.0,0.0
227,0.0,1.0,0.0,0.0,0.0,3.0,10.0,4.0,4.0,8.0,0.0,9.0,9.0,6.0,1.0,0.0,1.0,9.0,0.0,4.0,1.0,10.0,3.0,6.0,7.0,12.0,3.0,3.0,1.0,4.0,2.0,12.0,1.0,1.0,5.0,149.0,0.0,6.0,11.0,0.0,12.0,1.0,0.0,1.0,0.0,5.0,13.0,22.0,15.0,0.0,4.0,0.0,0.0,11.0,0.0,15.0,2.0,0.0,12.0,6.0,6.0,0.0,13.0,5.0,0.0,0.0,0.0,0.0,7.0,17.0,12.0,0.0,0.0,3.0,12.0,1.0,6.0,0.0,3.0,2.0,7.0,0.0,1.0,5.0,0.0,4.0,3.0,21.0,19.0,0.0,2.0,0.0,0.0,0.0,10.0,1.0,2.0,4.0,0.0,0.0
228,1.0,7.0,2.0,0.0,7.0,8.0,0.0,17.0,0.0,14.0,1.0,4.0,4.0,1.0,3.0,1.0,0.0,0.0,5.0,0.0,5.0,0.0,5.0,0.0,7.0,9.0,0.0,5.0,1.0,0.0,6.0,1.0,7.0,14.0,10.0,152.0,0.0,0.0,1.0,9.0,0.0,12.0,0.0,0.0,5.0,7.0,3.0,5.0,1.0,13.0,0.0,8.0,1.0,0.0,0.0,1.0,0.0,8.0,7.0,0.0,0.0,2.0,0.0,20.0,3.0,0.0,8.0,2.0,1.0,0.0,0.0,2.0,7.0,6.0,9.0,5.0,1.0,10.0,3.0,0.0,2.0,7.0,10.0,0.0,3.0,2.0,3.0,1.0,3.0,6.0,0.0,24.0,2.0,1.0,2.0,0.0,3.0,0.0,0.0,11.0
229,2.0,9.0,11.0,0.0,3.0,6.0,7.0,3.0,8.0,5.0,1.0,0.0,1.0,0.0,11.0,3.0,2.0,7.0,12.0,11.0,1.0,1.0,2.0,0.0,0.0,1.0,2.0,0.0,0.0,0.0,7.0,1.0,14.0,3.0,11.0,122.0,5.0,0.0,6.0,4.0,5.0,21.0,0.0,6.0,2.0,3.0,11.0,1.0,4.0,1.0,3.0,0.0,14.0,4.0,10.0,1.0,7.0,14.0,2.0,4.0,12.0,1.0,0.0,2.0,10.0,23.0,2.0,3.0,0.0,0.0,1.0,5.0,0.0,7.0,2.0,6.0,1.0,5.0,0.0,11.0,0.0,12.0,4.0,0.0,11.0,3.0,6.0,12.0,5.0,8.0,0.0,1.0,3.0,0.0,31.0,3.0,1.0,6.0,0.0,2.0
230,11.0,11.0,3.0,9.0,0.0,2.0,5.0,0.0,0.0,0.0,8.0,0.0,9.0,7.0,4.0,7.0,0.0,1.0,2.0,10.0,0.0,11.0,6.0,0.0,3.0,1.0,2.0,25.0,4.0,10.0,0.0,17.0,4.0,4.0,0.0,196.0,2.0,0.0,3.0,11.0,1.0,0.0,0.0,16.0,1.0,3.0,2.0,1.0,1.0,15.0,0.0,1.0,3.0,2.0,12.0,9.0,8.0,0.0,6.0,4.0,2.0,35.0,1.0,6.0,11.0,4.0,20.0,1.0,0.0,22.0,2.0,2.0,0.0,3.0,0.0,0.0,1.0,23.0,0.0,0.0,0.0,7.0,0.0,10.0,23.0,8.0,4.0,1.0,4.0,8.0,3.0,1.0,16.0,0.0,7.0,6.0,0.0,10.0,2.0,22.0
231,4.0,2.0,21.0,5.0,12.0,18.0,12.0,2.0,0.0,10.0,1.0,0.0,2.0,1.0,2.0,3.0,8.0,2.0,0.0,2.0,1.0,5.0,0.0,2.0,5.0,1.0,1.0,0.0,1.0,11.0,19.0,6.0,6.0,7.0,5.0,163.0,10.0,8.0,14.0,10.0,3.0,19.0,0.0,0.0,1.0,13.0,0.0,6.0,0.0,6.0,6.0,6.0,2.0,1.0,0.0,0.0,5.0,5.0,0.0,1.0,21.0,5.0,18.0,5.0,1.0,1.0,2.0,0.0,0.0,21.0,1.0,5.0,7.0,2.0,8.0,0.0,6.0,16.0,3.0,2.0,2.0,7.0,11.0,1.0,1.0,0.0,4.0,0.0,4.0,0.0,9.0,5.0,0.0,4.0,1.0,0.0,1.0,5.0,4.0,0.0
232,15.0,14.0,1.0,2.0,4.0,7.0,4.0,0.0,1.0,6.0,0.0,0.0,9.0,0.0,0.0,3.0,4.0,10.0,4.0,3.0,2.0,18.0,5.0,3.0,0.0,13.0,8.0,6.0,6.0,0.0,0.0,3.0,1.0,0.0,3.0,105.0,1.0,0.0,7.0,1.0,5.0,0.0,10.0,1.0,3.0,2.0,4.0,2.0,0.0,5.0,5.0,5.0,0.0,1.0,3.0,0.0,13.0,0.0,0.0,0.0,25.0,7.0,17.0,0.0,0.0,2.0,0.0,26.0,2.0,8.0,0.0,0.0,0.0,0.0,0.0,0.0,1.0,3.0,0.0,1.0,0.0,2.0,5.0,0.0,0.0,9.0,13.0,22.0,25.0,14.0,2.0,1.0,2.0,2.0,0.0,3.0,12.0,0.0,1.0,9.0
233,8.0,0.0,0.0,5.0,36.0,0.0,0.0,0.0,1.0,0.0,8.0,0.0,1.0,0.0,12.0,0.0,9.0,4.0,7.0,2.0,6.0,0.0,0.0,0.0,4.0,12.0,11.0,0.0,1.0,1.0,7.0,3.0,0.0,1.0,5.0,86.0,8.0,3.0,34.0,13.0,12.0,8.0,1.0,4.0,0.0,6.0,4.0,1.0,0.0,4.0,7.0,2.0,0.0,1.0,3.0,17.0,0.0,3.0,1.0,12.0,2.0,0.0,2.0,0.0,16.0,0.0,0.0,0.0,0.0,3.0,3.0,16.0,1.0,9.0,5.0,0.0,3.0,7.0,1.0,6.0,0.0,0.0,0.0,14.0,1.0,15.0,5.0,1.0,0.0,5.0,8.0,3.0,7.0,1.0,0.0,1.0,0.0,0.0,1.0,0.0
234,10.0,9.0,4.0,7.0,24.0,5.0,6.0,5.0,1.0,1.0,2.0,1.0,0.0,3.0,8.0,10.0,5.0,1.0,12.0,8.0,0.0,15.0,1.0,9.0,1.0,5.0,4.0,83.0,2.0,8.0,0.0,0.0,4.0,8.0,2.0,3.0,0.0,0.0,2.0,2.0,0.0,1.0,9.0,1.0,1.0,5.0,8.0,2.0,0.0,4.0,11.0,3.0,6.0,13.0,0.0,164.0,2.0,2.0,1.0,1.0,0.0,175.0,1.0,0.0,3.0,3.0,9.0,116.0,1.0,1.0,0.0,0.0,22.0,0.0,0.0,5.0,5.0,1.0,2.0,2.0,24.0,3.0,0.0,1.0,0.0,0.0,87.0,7.0,2.0,69.0,0.0,8.0,4.0,4.0,5.0,29.0,0.0,6.0,2.0,4.0
235,2.0,16.0,1.0,3.0,2.0,1.0,3.0,5.0,13.0,3.0,10.0,0.0,1.0,11.0,0.0,7.0,4.0,0.0,0.0,11.0,6.0,0.0,2.0,1.0,3.0,19.0,2.0,104.0,3.0,7.0,2.0,3.0,2.0,8.0,0.0,1.0,1.0,0.0,9.0,0.0,2.0,15.0,18.0,6.0,0.0,2.0,1.0,0.0,0.0,10.0,2.0,0.0,4.0,0.0,6.0,170.0,1.0,2.0,17.0,8.0,5.0,192.0,7.0,6.0,0.0,2.0,45.0,203.0,0.0,3.0,4.0,11.0,0.0,1.0,6.0,1.0,19.0,6.0,0.0,0.0,7.0,1.0,2.0,2.0,0.0,0.0,120.0,1.0,7.0,75.0,8.0,19.0,12.0,11.0,12.0,5.0,0.0,10.0,3.0,9.0
236,5.0,11.0,2.0,1.0,8.0,0.0,3.0,5.0,0.0,0.0,6.0,7.0,13.0,8.0,0.0,0.0,1.0,0.0,1.0,0.0,5.0,30.0,0.0,0.0,17.0,3.0,5.0,174.0,1.0,12.0,14.0,0.0,1.0,12.0,3.0,3.0,11.0,18.0,0.0,6.0,2.0,4.0,28.0,0.0,12.0,1.0,0.0,7.0,4.0,1.0,12.0,1.0,30.0,1.0,0.0,99.0,8.0,2.0,1.0,3.0,5.0,74.0,1.0,5.0,1.0,0.0,1.0,102.0,0.0,11.0,0.0,6.0,5.0,22.0,9.0,1.0,4.0,11.0,18.0,1.0,1.0,1.0,1.0,2.0,3.0,3.0,109.0,4.0,0.0,107.0,2.0,8.0,2.0,2.0,1.0,3.0,0.0,4.0,13.0,0.0
237,2.0,0.0,6.0,3.0,0.0,1.0,6.0,5.0,0.0,2.0,9.0,0.0,5.0,3.0,1.0,6.0,11.0,1.0,14.0,5.0,1.0,0.0,1.0,6.0,4.0,17.0,18.0,235.0,0.0,7.0,1.0,2.0,0.0,4.0,1.0,7.0,0.0,4.0,2.0,19.0,0.0,2.0,0.0,2.0,0.0,0.0,0.0,0.0,2.0,2.0,1.0,10.0,4.0,3.0,0.0,101.0,0.0,10.0,13.0,19.0,4.0,196.0,3.0,0.0,3.0,6.0,0.0,161.0,4.0,4.0,1.0,0.0,9.0,0.0,12.0,1.0,0.0,14.0,0.0,2.0,0.0,8.0,6.0,8.0,7.0,15.0,109.0,4.0,17.0,151.0,10.0,7.0,2.0,0.0,1.0,0.0,1.0,0.0,16.0,2.0
238,1.0,5.0,9.0,3.0,14.0,2.0,4.0,4.0,0.0,9.0,0.0,10.0,0.0,0.0,15.0,12.0,8.0,6.0,0.0,3.0,1.0,10.0,17.0,3.0,9.0,0.0,19.0,85.0,7.0,6.0,2.0,0.0,3.0,1.0,0.0,3.0,1.0,1.0,3.0,3.0,0.0,3.0,3.0,6.0,4.0,7.0,1.0,2.0,0.0,12.0,4.0,0.0,31.0,0.0,6.0,188.0,0.0,7.0,0.0,5.0,4.0,140.0,1.0,4.0,6.0,0.0,0.0,85.0,2.0,16.0,9.0,3.0,7.0,2.0,0.0,0.0,3.0,8.0,0.0,1.0,1.0,16.0,0.0,5.0,1.0,1.0,79.0,5.0,0.0,122.0,10.0,3.0,12.0,6.0,0.0,0.0,4.0,4.0,2.0,2.0
239,9.0,19.0,0.0,3.0,11.0,3.0,1.0,0.0,0.0,0.0,8.0,6.0,18.0,20.0,6.0,7.0,0.0,3.0,3.0,6.0,0.0,12.0,0.0,1.0,1.0,1.0,6.0,165.0,3.0,4.0,12.0,8.0,6.0,0.0,0.0,7.0,0.0,10.0,1.0,2.0,0.0,0.0,1.0,2.0,0.0,3.0,5.0,5.0,3.0,18.0,18.0,3.0,1.0,0.0,3.0,102.0,6.0,19.0,1.0,11.0,12.0,150.0,8.0,0.0,1.0,0.0,0.0,165.0,17.0,0.0,11.0,0.0,2.0,24.0,22.0,21.0,5.0,7.0,4.0,0.0,3.0,11.0,1.0,3.0,9.0,0.0,112.0,0.0,4.0,148.0,10.0,7.0,8.0,7.0,4.0,8.0,8.0,8.0,2.0,0.0
240,0.0,0.0,1.0,3.0,0.0,4.0,1.0,17.0,0.0,2.0,7.0,13.0,0.0,1.0,0.0,1.0,17.0,1.0,4.0,1.0,27.0,11.0,7.0,1.0,6.0,1.0,0.0,206.0,1.0,6.0,0.0,0.0,10.0,1.0,4.0,0.0,8.0,3.0,0.0,1.0,1.0,7.0,2.0,0.0,1.0,13.0,0.0,6.0,0.0,30.0,2.0,2.0,2.0,3.0,5.0,90.0,0.0,0.0,1.0,0.0,31.0,197.0,7.0,12.0,6.0,2.0,2.0,85.0,4.0,0.0,0.0,14.0,0.0,0.0,0.0,0.0,0.0,5.0,2.0,0.0,21.0,2.0,1.0,14.0,4.0,6.0,120.0,0.0,2.0,129.0,1.0,14.0,9.0,5.0,0.0,6.0,3.0,0.0,2.0,6.0
241,10.0,6.0,5.0,0.0,0.0,0.0,14.0,6.0,1.0,0.0,0.0,3.0,3.0,4.0,12.0,0.0,1.0,1.0,9.0,5.0,4.0,1.0,3.0,0.0,2.0,4.0,1.0,209.0,17.0,0.0,2.0,0.0,2.0,20.0,1.0,0.0,17.0,1.0,11.0,6.0,14.0,13.0,14.0,39.0,2.0,19.0,0.0,2.0,8.0,0.0,0.0,3.0,4.0,0.0,1.0,154.0,1.0,2.0,7.0,1.0,0.0,171.0,0.0,3.0,2.0,1.0,3.0,90.0,0.0,3.0,1.0,1.0,2.0,0.0,1.0,0.0,1.0,7.0,0.0,0.0,5.0,20.0,13.0,1.0,0.0,11.0,185.0,5.0,7.0,127.0,0.0,4.0,0.0,7.0,0.0,3.0,16.0,6.0,11.0,2.0
242,0.0,7.0,1.0,4.0,6.0,13.0,13.0,0.0,18.0,3.0,15.0,12.0,0.0,4.0,3.0,7.0,0.0,6.0,0.0,11.0,3.0,2.0,15.0,8.0,3.0,5.0,1.0,143.0,12.0,2.0,5.0,1.0,11.0,10.0,0.0,2.0,0.0,2.0,0.0,0.0,6.0,0.0,10.0,4.0,2.0,0.0,0.0,0.0,1.0,1.0,5.0,5.0,12.0,1.0,2.0,133.0,2.0,1.0,1.0,1.0,1.0,73.0,9.0,10.0,17.0,9.0,3.0,185.0,31.0,6.0,1.0,0.0,14.0,6.0,8.0,7.0,0.0,5.0,2.0,0.0,10.0,0.0,3.0,1.0,0.0,0.0,148.0,1.0,1.0,141.0,1.0,4.0,0.0,0.0,6.0,0.0,19.0,8.0,0.0,1.0
243,0.0,0.0,9.0,2.0,2.0,0.0,0.0,6.0,0.0,2.0,5.0,0.0,3.0,0.0,0.0,2.0,0.0,6.0,6.0,0.0,21.0,1.0,0.0,6.0,1.0,1.0,0.0,95.0,0.0,1.0,2.0,2.0,14.0,1.0,0.0,0.0,1.0,0.0,0.0,3.0,2.0,10.0,1.0,0.0,0.0,5.0,0.0,0.0,10.0,7.0,6.0,23.0,3.0,1.0,16.0,74.0,2.0,0.0,3.0,0.0,5.0,107.0,1.0,19.0,1.0,4.0,0.0,99.0,1.0,11.0,20.0,1.0,2.0,2.0,9.0,7.0,1.0,4.0,0.0,3.0,17.0,0.0,18.0,2.0,6.0,5.0,200.0,0.0,2.0,121.0,6.0,8.0,5.0,5.0,1.0,12.0,5.0,3.0,18.0,10.0
244,8.0,0.0,4.0,3.0,3.0,11.0,11.0,1.0,5.0,5.0,1.0,13.0,0.0,15.0,0.0,4.0,24.0,2.0,7.0,26.0,1.0,2.0,0.0,0.0,11.0,5.0,0.0,100.0,0.0,1.0,0.0,7.0,0.0,9.0,0.0,2.0,0.0,1.0,1.0,7.0,0.0,22.0,0.0,0.0,1.0,4.0,3.0,7.0,1.0,3.0,1.0,12.0,2.0,3.0,2.0,96.0,1.0,10.0,21.0,17.0,5.0,188.0,1.0,1.0,3.0,20.0,4.0,173.0,0.0,22.0,0.0,7.0,0.0,1.0,17.0,0.0,0.0,2.0,6.0,0.0,0.0,17.0,2.0,1.0,9.0,3.0,174.0,0.0,2.0,109.0,1.0,3.0,5.0,24.0,0.0,0.0,1.0,3.0,2.0,1.0
245,5.0,1.0,0.0,0.0,0.0,0.0,7.0,3.0,1.0,3.0,2.0,0.0,2.0,9.0,0.0,6.0,6.0,3.0,3.0,12.0,0.0,0.0,5.0,0.0,3.0,23.0,1.0,79.0,2.0,3.0,2.0,0.0,4.0,19.0,1.0,13.0,4.0,6.0,2.0,0.0,1.0,1.0,0.0,3.0,1.0,0.0,3.0,15.0,6.0,0.0,7.0,2.0,10.0,7.0,2.0,156.0,1.0,6.0,2.0,6.0,0.0,134.0,4.0,0.0,19.0,1.0,0.0,71.0,0.0,5.0,4.0,3.0,23.0,1.0,1.0,2.0,0.0,19.0,5.0,4.0,7.0,0.0,5.0,10.0,0.0,0.0,182.0,7.0,6.0,198.0,2.0,1.0,10.0,12.0,3.0,12.0,1.0,0.0,2.0,0.0
246,13.0,0.0,2.0,5.0,0.0,0.0,0.0,7.0,0.0,1.0,0.0,26.0,0.0,3.0,1.0,15.0,3.0,13.0,10.0,2.0,0.0,3.0,1.0,1.0,1.0,6.0,1.0,93.0,2.0,4.0,3.0,5.0,4.0,24.0,1.0,0.0,3.0,2.0,7.0,0.0,3.0,4.0,6.0,6.0,6.0,16.0,2.0,0.0,15.0,5.0,9.0,8.0,2.0,2.0,10.0,191.0,18.0,3.0,2.0,3.0,3.0,100.0,0.0,2.0,6.0,3.0,11.0,174.0,0.0,4.0,8.0,0.0,2.0,18.0,0.0,0.0,1.0,0.0,3.0,9.0,18.0,12.0,4.0,2.0,3.0,2.0,143.0,2.0,0.0,161.0,2.0,2.0,0.0,3.0,0.0,1.0,0.0,0.0,0.0,1.0
247,1.0,0.0,2.0,1.0,0.0,0.0,10.0,0.0,2.0,8.0,3.0,1.0,6.0,0.0,0.0,2.0,11.0,7.0,10.0,2.0,1.0,12.0,0.0,10.0,5.0,1.0,8.0,132.0,1.0,2.0,8.0,3.0,0.0,22.0,4.0,0.0,0.0,6.0,10.0,7.0,0.0,1.0,2.0,9.0,1.0,4.0,2.0,1.0,4.0,1.0,0.0,13.0,18.0,0.0,11.0,85.0,0.0,3.0,9.0,0.0,5.0,82.0,5.0,2.0,4.0,9.0,17.0,110.0,5.0,3.0,8.0,0.0,7.0,8.0,1.0,0.0,0.0,4.0,11.0,7.0,6.0,9.0,0.0,0.0,2.0,0.0,106.0,0.0,1.0,115.0,0.0,9.0,19.0,1.0,0.0,0.0,4.0,0.0,6.0,8.0
248,13.0,0.0,4.0,0.0,13.0,9.0,9.0,2.0,1.0,14.0,6.0,6.0,1.0,6.0,0.0,5.0,2.0,14.0,0.0,8.0,1.0,0.0,15.0,6.0,0.0,0.0,0.0,115.0,2.0,8.0,0.0,9.0,14.0,23.0,6.0,13.0,0.0,4.0,0.0,3.0,0.0,1.0,2.0,18.0,1.0,7.0,3.0,0.0,5.0,6.0,6.0,1.0,0.0,5.0,0.0,140.0,1.0,14.0,0.0,3.0,1.0,149.0,27.0,5.0,13.0,3.0,1.0,202.0,0.0,6.0,2.0,1.0,2.0,2.0,0.0,1.0,9.0,16.0,13.0,4.0,3.0,1.0,0.0,1.0,4.0,9.0,84.0,0.0,5.0,144.0,4.0,2.0,2.0,4.0,5.0,11.0,0.0,0.0,0.0,1.0
249,2.0,3.0,22.0,0.0,6.0,2.0,2.0,18.0,3.0,2.0,2.0,2.0,3.0,1.0,5.0,0.0,0.0,4.0,0.0,0.0,12.0,4.0,3.0,25.0,3.0,1.0,6.0,77.0,1.0,3.0,13.0,0.0,6.0,10.0,1.0,14.0,4.0,14.0,19.0,0.0,5.0,0.0,1.0,3.0,3.0,5.0,2.0,9.0,1.0,2.0,19.0,4.0,5.0,0.0,1.0,76.0,5.0,0.0,6.0,5.0,2.0,200.0,0.0,0.0,4.0,1.0,0.0,177.0,0.0,3.0,4.0,4.0,0.0,2.0,5.0,0.0,2.0,1.0,3.0,1.0,0.0,0.0,6.0,1.0,9.0,7.0,144.0,2.0,0.0,84.0,3.0,1.0,3.0,0.0,4.0,11.0,0.0,0.0,2.0,1.0
250,10.0,1.0,2.0,2.0,17.0,1.0,0.0,0.0,5.0,0.0,0.0,1.0,13.0,0.0,14.0,0.0,7.0,0.0,2.0,4.0,20.0,0.0,0.0,7.0,2.0,3.0,9.0,145.0,14.0,0.0,6.0,3.0,3.0,3.0,19.0,13.0,0.0,10.0,15.0,1.0,2.0,0.0,3.0,0.0,1.0,1.0,5.0,2.0,2.0,6.0,3.0,1.0,2.0,3.0,0.0,156.0,0.0,4.0,5.0,7.0,0.0,100.0,5.0,1.0,2.0,8.0,10.0,158.0,1.0,2.0,3.0,3.0,0.0,1.0,0.0,7.0,1.0,1.0,4.0,7.0,2.0,5.0,3.0,0.0,1.0,0.0,173.0,0.0,12.0,172.0,0.0,22.0,14.0,10.0,0.0,0.0,3.0,0.0,0.0,0.0
251,0.0,1.0,0.0,8.0,0.0,4.0,2.0,0.0,23.0,1.0,10.0,0.0,5.0,3.0,17.0,1.0,13.0,0.0,1.0,0.0,9.0,1.0,4.0,10.0,14.0,0.0,0.0,172.0,4.0,1.0,1.0,3.0,2.0,2.0,4.0,1.0,2.0,1.0,3.0,1.0,4.0,1.0,1.0,11.0,3.0,0.0,29.0,5.0,0.0,4.0,7.0,7.0,7.0,0.0,2.0,190.0,3.0,2.0,0.0,0.0,0.0,177.0,0.0,2.0,14.0,0.0,4.0,171.0,6.0,7.0,11.0,0.0,0.0,3.0,0.0,9.0,2.0,21.0,0.0,0.0,1.0,17.0,9.0,0.0,9.0,3.0,127.0,7.0,11.0,71.0,1.0,5.0,18.0,5.0,31.0,8.0,2.0,4.0,0.0,19.0
252,0.0,7.0,2.0,5.0,11.0,0.0,1.0,0.0,5.0,25.0,8.0,3.0,4.0,2.0,3.0,10.0,1.0,1.0,5.0,6.0,0.0,0.0,0.0,16.0,1.0,0.0,2.0,157.0,17.0,3.0,0.0,2.0,14.0,7.0,8.0,0.0,3.0,9.0,1.0,1.0,2.0,10.0,2.0,4.0,2.0,4.0,11.0,0.0,0.0,5.0,0.0,2.0,0.0,10.0,7.0,189.0,0.0,11.0,0.0,2.0,0.0,81.0,12.0,2.0,1.0,2.0,0.0,150.0,0.0,0.0,21.0,0.0,0.0,13.0,4.0,0.0,4.0,6.0,3.0,11.0,0.0,11.0,0.0,3.0,2.0,2.0,188.0,2.0,1.0,126.0,1.0,2.0,11.0,13.0,3.0,15.0,0.0,0.0,1.0,8.0
253,3.0,7.0,3.0,1.0,9.0,15.0,8.0,14.0,0.0,6.0,0.0,2.0,0.0,7.0,4.0,12.0,11.0,0.0,17.0,7.0,1.0,21.0,7.0,4.0,2.0,1.0,3.0,74.0,6.0,39.0,10.0,1.0,9.0,0.0,2.0,1.0,7.0,9.0,1.0,0.0,2.0,3.0,14.0,3.0,2.0,7.0,11.0,5.0,15.0,2.0,3.0,17.0,0.0,2.0,4.0,111.0,7.0,3.0,0.0,0.0,4.0,130.0,0.0,8.0,3.0,24.0,0.0,92.0,1.0,10.0,1.0,1.0,19.0,0.0,11.0,0.0,1.0,1.0,0.0,0.0,5.0,0.0,0.0,16.0,1.0,2.0,115.0,1.0,8.0,199.0,3.0,3.0,11.0,1.0,2.0,1.0,1.0,0.0,9.0,4.0
254,0.0,7.0,0.0,5.0,3.0,0.0,0.0,6.0,1.0,0.0,2.0,12.0,2.0,0.0,1.0,3.0,11.0,19.0,1.0,2.0,15.0,2.0,0.0,0.0,0.0,1.0,1.0,89.0,0.0,2.0,0.0,1.0,8.0,11.0,3.0,14.0,2.0,2.0,2.0,2.0,0.0,2.0,3.0,5.0,1.0,0.0,4.0,1.0,9.0,9.0,2.0,0.0,0.0,0.0,2.0,158.0,16.0,2.0,0.0,0.0,0.0,110.0,9.0,0.0,0.0,3.0,4.0,79.0,0.0,11.0,0.0,0.0,0.0,0.0,0.0,3.0,0.0,23.0,2.0,7.0,0.0,1.0,3.0,3.0,5.0,1.0,185.0,0.0,1.0,99.0,2.0,1.0,17.0,3.0,0.0,5.0,0.0,16.0,3.0,1.0
255,2.0,2.0,0.0,0.0,6.0,0.0,10.0,0.0,5.0,9.0,4.0,5.0,27.0,3.0,4.0,4.0,20.0,11.0,2.0,1.0,6.0,5.0,1.0,0.0,3.0,2.0,17.0,108.0,11.0,9.0,1.0,0.0,0.0,0.0,2.0,0.0,12.0,14.0,0.0,4.0,0.0,2.0,0.0,8.0,2.0,0.0,3.0,0.0,10.0,15.0,14.0,4.0,2.0,6.0,3.0,132.0,10.0,2.0,3.0,6.0,11.0,100.0,4.0,4.0,0.0,0.0,0.0,72.0,6.0,0.0,4.0,2.0,4.0,1.0,2.0,9.0,1.0,2.0,4.0,3.0,3.0,18.0,8.0,11.0,4.0,3.0,130.0,39.0,0.0,80.0,0.0,0.0,17.0,0.0,0.0,2.0,25.0,5.0,11.0,3.0
256,0.0,6.0,2.0,4.0,0.0,0.0,0.0,7.0,16.0,2.0,2.0,0.0,20.0,2.0,0.0,8.0,1.0,5.0,1.0,12.0,12.0,4.0,2.0,5.0,0.0,6.0,0.0,103.0,0.0,8.0,0.0,15.0,5.0,1.0,1.0,3.0,0.0,9.0,0.0,0.0,3.0,18.0,1.0,3.0,8.0,0.0,0.0,5.0,0.0,1.0,6.0,3.0,12.0,11.0,0.0,89.0,1.0,7.0,12.0,4.0,1.0,72.0,1.0,2.0,0.0,0.0,8.0,169.0,14.0,7.0,0.0,0.0,0.0,1.0,2.0,1.0,5.0,0.0,2.0,16.0,5.0,0.0,7.0,11.0,0.0,4.0,164.0,2.0,2.0,193.0,5.0,0.0,10.0,4.0,5.0,0.0,3.0,1.0,0.0,0.0
257,0.0,2.0,0.0,0.0,28.0,0.0,4.0,13.0,0.0,6.0,22.0,13.0,2.0,5.0,5.0,0.0,5.0,5.0,7.0,12.0,5.0,0.0,13.0,2.0,11.0,34.0,9.0,103.0,17.0,5.0,7.0,7.0,7.0,6.0,3.0,0.0,5.0,2.0,2.0,10.0,1.0,2.0,11.0,9.0,12.0,1.0,0.0,1.0,3.0,13.0,5.0,3.0,8.0,4.0,6.0,107.0,0.0,11.0,4.0,9.0,0.0,107.0,10.0,4.0,4.0,3.0,12.0,110.0,5.0,4.0,0.0,5.0,0.0,16.0,10.0,12.0,0.0,0.0,6.0,1.0,5.0,2.0,6.0,4.0,0.0,0.0,156.0,6.0,1.0,126.0,0.0,15.0,9.0,16.0,3.0,5.0,1.0,0.0,6.0,0.0
258,1.0,6.0,0.0,0.0,0.0,7.0,11.0,18.0,5.0,7.0,0.0,11.0,0.0,0.0,5.0,2.0,2.0,2.0,1.0,3.0,1.0,7.0,1.0,7.0,2.0,1.0,1.0,111.0,6.0,2.0,4.0,0.0,0.0,1.0,2.0,2.0,0.0,0.0,7.0,2.0,5.0,7.0,8.0,14.0,0.0,0.0,3.0,7.0,3.0,14.0,10.0,3.0,3.0,0.0,0.0,201.0,6.0,1.0,6.0,5.0,5.0,103.0,0.0,9.0,0.0,2.0,0.0,95.0,5.0,3.0,0.0,20.0,8.0,11.0,26.0,4.0,2.0,0.0,2.0,0.0,4.0,12.0,0.0,6.0,0.0,1.0,101.0,8.0,1.0,109.0,5.0,7.0,1.0,5.0,9.0,1.0,5.0,0.0,8.0,0.0
259,1.0,19.0,6.0,4.0,0.0,8.0,1.0,3.0,0.0,3.0,1.0,0.0,4.0,0.0,3.0,3.0,12.0,5.0,0.0,6.0,7.0,15.0,5.0,18.0,0.0,7.0,0.0,204.0,4.0,5.0,10.0,0.0,0.0,3.0,6.0,0.0,1.0,0.0,23.0,5.0,1.0,1.0,3.0,0.0,3.0,2.0,11.0,0.0,3.0,7.0,4.0,5.0,3.0,2.0,2.0,96.0,0.0,0.0,10.0,4.0,0.0,188.0,1.0,13.0,1.0,7.0,0.0,108.0,5.0,1.0,3.0,1.0,8.0,11.0,2.0,0.0,0.0,7.0,13.0,8.0,1.0,16.0,4.0,9.0,3.0,17.0,87.0,1.0,9.0,79.0,3.0,6.0,13.0,8.0,0.0,14.0,1.0,10.0,12.0,8.0
260,6.0,0.0,5.0,6.0,4.0,1.0,10.0,3.0,0.0,1.0,2.0,8.0,1.0,4.0,8.0,7.0,5.0,0.0,17.0,0.0,2.0,1.0,5.0,4.0,9.0,3.0,0.0,105.0,1.0,11.0,0.0,1.0,4.0,2.0,0.0,0.0,1.0,5.0,7.0,2.0,2.0,30.0,0.0,1.0,9.0,1.0,1.0,0.0,0.0,5.0,2.0,2.0,0.0,0.0,1.0,165.0,19.0,14.0,2.0,6.0,9.0,136.0,1.0,0.0,0.0,0.0,7.0,184.0,12.0,8.0,0.0,2.0,8.0,5.0,5.0,2.0,27.0,0.0,5.0,0.0,0.0,3.0,15.0,3.0,5.0,0.0,126.0,7.0,0.0,112.0,17.0,0.0,0.0,4.0,4.0,0.0,2.0,2.0,1.0,5.0
261,0.0,1.0,5.0,1.0,10.0,0.0,6.0,3.0,5.0,1.0,1.0,0.0,6.0,0.0,0.0,6.0,2.0,1.0,1.0,15.0,11.0,0.0,0.0,3.0,2.0,8.0,0.0,73.0,7.0,9.0,2.0,1.0,3.0,8.0,5.0,1.0,1.0,0.0,0.0,0.0,6.0,3.0,0.0,3.0,0.0,3.0,1.0,1.0,2.0,15.0,3.0,0.0,0.0,4.0,2.0,179.0,0.0,3.0,0.0,16.0,6.0,142.0,0.0,0.0,26.0,3.0,5.0,101.0,6.0,0.0,0.0,4.0,0.0,13.0,3.0,6.0,1.0,1.0,1.0,0.0,8.0,0.0,0.0,11.0,0.0,10.0,140.0,10.0,0.0,86.0,3.0,13.0,0.0,0.0,0.0,4.0,9.0,2.0,0.0,0.0
262,1.0,0.0,1.0,5.0,6.0,0.0,6.0,1.0,19.0,2.0,0.0,4.0,1.0,4.0,0.0,0.0,0.0,2.0,33.0,0.0,23.0,0.0,5.0,15.0,0.0,0.0,18.0,167.0,1.0,0.0,4.0,4.0,4.0,14.0,4.0,7.0,37.0,1.0,7.0,0.0,0.0,4.0,0.0,0.0,1.0,0.0,0.0,0.0,2.0,0.0,6.0,3.0,6.0,5.0,13.0,103.0,2.0,9.0,25.0,0.0,5.0,134.0,0.0,1.0,0.0,3.0,12.0,114.0,4.0,1.0,7.0,4.0,4.0,2.0,2.0,17.0,1.0,1.0,3.0,16.0,16.0,0.0,1.0,13.0,19.0,0.0,119.0,0.0,13.0,118.0,8.0,3.0,2.0,0.0,4.0,2.0,0.0,5.0,4.0,4.0
263,5.0,13.0,16.0,1.0,4.0,9.0,1.0,0.0,5.0,0.0,8.0,19.0,8.0,2.0,1.0,5.0,8.0,2.0,2.0,3.0,0.0,1.0,0.0,2.0,1.0,11.0,4.0,132.0,6.0,8.0,7.0,10.0,1.0,0.0,2.0,5.0,0.0,1.0,0.0,2.0,1.0,0.0,3.0,2.0,1.0,9.0,0.0,3.0,14.0,2.0,12.0,5.0,12.0,5.0,16.0,141.0,2.0,0.0,2.0,0.0,6.0,135.0,0.0,21.0,7.0,2.0,6.0,140.0,0.0,5.0,2.0,4.0,0.0,0.0,34.0,7.0,14.0,1.0,9.0,13.0,12.0,2.0,3.0,1.0,2.0,22.0,136.0,13.0,14.0,190.0,2.0,0.0,7.0,7.0,7.0,0.0,2.0,8.0,2.0,2.0
264,5.0,14.0,14.0,0.0,0.0,5.0,8.0,2.0,0.0,12.0,19.0,0.0,28.0,0.0,0.0,0.0,0.0,1.0,1.0,0.0,6.0,1.0,0.0,1.0,0.0,9.0,6.0,72.0,11.0,2.0,0.0,4.0,5.0,0.0,1.0,15.0,1.0,0.0,13.0,3.0,2.0,0.0,0.0,3.0,0.0,2.0,14.0,0.0,5.0,0.0,3.0,5.0,10.0,4.0,3.0,120.0,0.0,3.0,0.0,2.0,0.0,129.0,24.0,9.0,1.0,3.0,3.0,167.0,1.0,7.0,2.0,7.0,7.0,4.0,0.0,5.0,13.0,7.0,8.0,5.0,1.0,3.0,8.0,1.0,10.0,0.0,200.0,12.0,1.0,128.0,0.0,0.0,12.0,6.0,2.0,5.0,27.0,1.0,0.0,6.0
265,11.0,1.0,0.0,11.0,3.0,7.0,6.0,5.0,0.0,10.0,5.0,13.0,0.0,7.0,18.0,15.0,1.0,13.0,1.0,1.0,4.0,4.0,0.0,5.0,3.0,0.0,1.0,71.0,4.0,0.0,6.0,5.0,1.0,8.0,3.0,1.0,8.0,0.0,15.0,13.0,0.0,1.0,2.0,0.0,2.0,1.0,0.0,0.0,4.0,2.0,0.0,1.0,3.0,10.0,17.0,169.0,27.0,2.0,0.0,16.0,8.0,127.0,6.0,1.0,0.0,0.0,3.0,128.0,1.0,5.0,0.0,3.0,1.0,0.0,0.0,0.0,4.0,8.0,0.0,10.0,2.0,6.0,4.0,12.0,14.0,6.0,149.0,0.0,1.0,181.0,1.0,7.0,9.0,0.0,2.0,8.0,1.0,0.0,0.0,0.0
266,0.0,12.0,3.0,0.0,0.0,3.0,0.0,0.0,3.0,3.0,3.0,4.0,4.0,10.0,10.0,13.0,0.0,4.0,6.0,3.0,1.0,1.0,6.0,0.0,0.0,14.0,0.0,130.0,3.0,4.0,0.0,5.0,6.0,1.0,3.0,0.0,10.0,4.0,0.0,9.0,0.0,1.0,0.0,18.0,8.0,5.0,0.0,0.0,0.0,0.0,4.0,19.0,1.0,0.0,11.0,101.0,19.0,2.0,0.0,0.0,4.0,154.0,0.0,7.0,4.0,6.0,8.0,106.0,5.0,18.0,0.0,0.0,0.0,0.0,0.0,10.0,4.0,6.0,1.0,14.0,12.0,5.0,7.0,0.0,0.0,5.0,151.0,0.0,10.0,71.0,0.0,13.0,3.0,1.0,5.0,4.0,15.0,0.0,10.0,3.0
267,1.0,5.0,1.0,2.0,3.0,3.0,1.0,0.0,2.0,0.0,20.0,0.0,12.0,2.0,3.0,2.0,5.0,6.0,18.0,0.0,8.0,11.0,5.0,4.0,0.0,1.0,12.0,69.0,0.0,2.0,1.0,8.0,0.0,1.0,18.0,9.0,0.0,12.0,15.0,8.0,0.0,1.0,12.0,3.0,4.0,14.0,1.0,3.0,0.0,10.0,10.0,20.0,7.0,2.0,1.0,88.0,7.0,14.0,0.0,3.0,0.0,231.0,10.0,4.0,1.0,7.0,0.0,185.0,1.0,0.0,7.0,2.0,11.0,0.0,0.0,8.0,0.0,0.0,8.0,34.0,14.0,2.0,4.0,0.0,17.0,8.0,112.0,2.0,0.0,90.0,0.0,1.0,3.0,14.0,0.0,5.0,10.0,2.0,1.0,0.0
268,0.0,8.0,6.0,5.0,3.0,8.0,2.0,0.0,16.0,6.0,5.0,11.0,11.0,1.0,5.0,2.0,1.0,23.0,13.0,0.0,7.0,16.0,0.0,7.0,25.0,0.0,1.0,87.0,1.0,2.0,2.0,5.0,15.0,5.0,6.0,5.0,3.0,0.0,4.0,4.0,7.0,8.0,3.0,2.0,0.0,6.0,2.0,7.0,0.0,8.0,0.0,0.0,3.0,14.0,4.0,206.0,8.0,8.0,11.0,2.0,0.0,152.0,6.0,5.0,3.0,1.0,0.0,119.0,3.0,17.0,5.0,8.0,0.0,12.0,18.0,7.0,0.0,4.0,16.0,2.0,2.0,11.0,0.0,10.0,1.0,7.0,137.0,2.0,0.0,139.0,0.0,11.0,3.0,0.0,2.0,3.0,0.0,20.0,6.0,9.0
269,0.0,2.0,8.0,19.0,2.0,2.0,1.0,3.0,0.0,0.0,8.0,8.0,4.0,0.0,1.0,5.0,0.0,3.0,8.0,0.0,6.0,3.0,0.0,10.0,2.0,0.0,0.0,1.0,14.0,2.0,1.0,3.0,1.0,0.0,1.0,2.0,13.0,1.0,5.0,10.0,9.0,6.0,3.0,2.0,0.0,0.0,3.0,2.0,26.0,0.0,5.0,194.0,1.0,6.0,12.0,161.0,9.0,0.0,19.0,2.0,0.0,0.0,3.0,0.0,26.0,6.0,12.0,0.0,0.0,1.0,1.0,9.0,0.0,9.0,4.0,0.0,16.0,8.0,5.0,0.0,1.0,0.0,13.0,23.0,4.0,15.0,0.0,1.0,1.0,189.0,0.0,13.0,0.0,5.0,0.0,23.0,191.0,3.0,6.0,0.0
270,0.0,1.0,3.0,1.0,1.0,3.0,6.0,3.0,2.0,0.0,9.0,0.0,0.0,7.0,1.0,4.0,1.0,7.0,3.0,2.0,3.0,3.0,0.0,6.0,0.0,0.0,0.0,17.0,3.0,7.0,16.0,3.0,3.0,12.0,6.0,9.0,0.0,0.0,3.0,11.0,0.0,2.0,0.0,5.0,1.0,1.0,1.0,1.0,0.0,0.0,2.0,117.0,5.0,4.0,0.0,175.0,0.0,0.0,1.0,3.0,17.0,0.0,1.0,0.0,17.0,2.0,0.0,8.0,4.0,0.0,3.0,2.0,1.0,2.0,0.0,2.0,9.0,0.0,0.0,0.0,7.0,4.0,0.0,2.0,2.0,4.0,0.0,0.0,3.0,152.0,4.0,1.0,0.0,2.0,17.0,1.0,77.0,3.0,14.0,4.0
271,0.0,7.0,0.0,9.0,10.0,11.0,0.0,30.0,0.0,4.0,9.0,0.0,7.0,0.0,3.0,0.0,0.0,1.0,0.0,6.0,0.0,14.0,0.0,18.0,1.0,0.0,3.0,7.0,1.0,6.0,0.0,0.0,1.0,3.0,6.0,7.0,2.0,0.0,10.0,2.0,0.0,3.0,2.0,2.0,0.0,11.0,3.0,8.0,0.0,6.0,2.0,131.0,6.0,0.0,11.0,115.0,0.0,0.0,6.0,6.0,0.0,5.0,0.0,1.0,0.0,10.0,0.0,1.0,1.0,9.0,1.0,3.0,9.0,10.0,10.0,4.0,6.0,0.0,13.0,36.0,1.0,20.0,7.0,6.0,1.0,0.0,5.0,3.0,0.0,142.0,3.0,1.0,1.0,2.0,2.0,0.0,143.0,6.0,0.0,0.0
272,0.0,3.0,0.0,0.0,9.0,9.0,1.0,8.0,11.0,9.0,3.0,26.0,3.0,10.0,2.0,5.0,0.0,6.0,9.0,1.0,1.0,9.0,3.0,7.0,0.0,0.0,0.0,8.0,0.0,0.0,1.0,7.0,12.0,1.0,24.0,0.0,11.0,1.0,0.0,9.0,0.0,2.0,1.0,4.0,17.0,2.0,0.0,0.0,11.0,0.0,0.0,162.0,0.0,0.0,0.0,188.0,2.0,5.0,8.0,3.0,3.0,1.0,2.0,1.0,0.0,0.0,0.0,12.0,5.0,0.0,0.0,0.0,5.0,10.0,0.0,12.0,1.0,7.0,0.0,1.0,11.0,2.0,2.0,1.0,0.0,0.0,2.0,11.0,15.0,152.0,4.0,7.0,0.0,28.0,3.0,3.0,205.0,3.0,6.0,0.0
273,5.0,2.0,7.0,0.0,0.0,4.0,19.0,1.0,2.0,0.0,2.0,3.0,9.0,0.0,8.0,11.0,1.0,0.0,0.0,2.0,6.0,20.0,0.0,4.0,1.0,0.0,12.0,1.0,3.0,15.0,21.0,16.0,1.0,1.0,0.0,11.0,2.0,7.0,27.0,1.0,2.0,4.0,1.0,17.0,14.0,0.0,7.0,11.0,1.0,3.0,1.0,160.0,2.0,1.0,4.0,180.0,2.0,4.0,2.0,0.0,6.0,3.0,3.0,0.0,5.0,4.0,1.0,1.0,23.0,0.0,11.0,6.0,0.0,1.0,3.0,10.0,0.0,28.0,2.0,8.0,9.0,0.0,4.0,1.0,3.0,0.0,14.0,5.0,7.0,117.0,9.0,0.0,9.0,11.0,2.0,15.0,75.0,2.0,22.0,0.0
274,0.0,0.0,3.0,3.0,1.0,1.0,2.0,16.0,15.0,10.0,6.0,0.0,4.0,5.0,12.0,19.0,10.0,1.0,20.0,11.0,1.0,1.0,7.0,0.0,2.0,1.0,0.0,4.0,13.0,0.0,5.0,18.0,1.0,6.0,15.0,0.0,4.0,3.0,4.0,1.0,0.0,1.0,0.0,3.0,1.0,7.0,5.0,0.0,2.0,1.0,0.0,80.0,13.0,0.0,1.0,108.0,2.0,0.0,2.0,10.0,23.0,1.0,2.0,13.0,1.0,1.0,1.0,7.0,5.0,7.0,1.0,1.0,18.0,5.0,10.0,5.0,15.0,7.0,10.0,33.0,4.0,4.0,3.0,9.0,8.0,4.0,0.0,4.0,8.0,174.0,3.0,4.0,2.0,3.0,2.0,2.0,176.0,2.0,2.0,0.0
275,2.0,0.0,18.0,18.0,6.0,1.0,1.0,4.0,3.0,1.0,13.0,19.0,5.0,3.0,8.0,1.0,3.0,6.0,1.0,2.0,0.0,3.0,13.0,0.0,0.0,0.0,20.0,15.0,4.0,9.0,3.0,4.0,1.0,0.0,3.0,0.0,0.0,8.0,1.0,7.0,0.0,17.0,10.0,22.0,7.0,0.0,11.0,0.0,24.0,0.0,3.0,69.0,7.0,4.0,5.0,123.0,1.0,0.0,4.0,3.0,2.0,1.0,5.0,16.0,2.0,14.0,11.0,19.0,3.0,5.0,3.0,21.0,2.0,0.0,6.0,0.0,8.0,4.0,0.0,9.0,18.0,0.0,4.0,2.0,27.0,0.0,0.0,3.0,1.0,89.0,5.0,0.0,7.0,3.0,5.0,3.0,89.0,10.0,0.0,0.0
276,4.0,3.0,2.0,0.0,0.0,1.0,0.0,3.0,10.0,0.0,0.0,3.0,4.0,6.0,3.0,0.0,1.0,4.0,4.0,22.0,0.0,4.0,8.0,0.0,0.0,11.0,2.0,0.0,0.0,5.0,5.0,2.0,2.0,2.0,13.0,7.0,4.0,0.0,1.0,2.0,7.0,3.0,1.0,3.0,3.0,0.0,10.0,0.0,1.0,6.0,10.0,134.0,2.0,20.0,1.0,119.0,1.0,3.0,7.0,3.0,6.0,0.0,1.0,0.0,2.0,2.0,12.0,3.0,0.0,3.0,3.0,5.0,2.0,0.0,0.0,6.0,1.0,1.0,5.0,0.0,1.0,3.0,1.0,0.0,9.0,0.0,24.0,2.0,0.0,70.0,2.0,0.0,4.0,8.0,9.0,6.0,154.0,0.0,4.0,4.0
277,1.0,2.0,0.0,13.0,4.0,4.0,2.0,5.0,10.0,5.0,3.0,1.0,9.0,3.0,0.0,5.0,2.0,1.0,9.0,8.0,25.0,0.0,0.0,0.0,2.0,4.0,19.0,6.0,33.0,6.0,8.0,0.0,0.0,1.0,15.0,8.0,1.0,0.0,6.0,1.0,0.0,4.0,0.0,0.0,1.0,1.0,1.0,1.0,0.0,2.0,11.0,89.0,4.0,4.0,6.0,129.0,0.0,0.0,4.0,2.0,0.0,2.0,10.0,3.0,0.0,16.0,0.0,1.0,10.0,19.0,2.0,1.0,0.0,11.0,5.0,2.0,0.0,5.0,5.0,1.0,10.0,9.0,6.0,6.0,1.0,5.0,3.0,15.0,2.0,151.0,4.0,1.0,2.0,0.0,7.0,5.0,163.0,0.0,6.0,0.0
278,11.0,0.0,14.0,6.0,4.0,13.0,1.0,6.0,1.0,3.0,1.0,0.0,6.0,0.0,1.0,2.0,0.0,2.0,0.0,4.0,2.0,8.0,15.0,1.0,0.0,3.0,6.0,4.0,1.0,0.0,9.0,1.0,0.0,0.0,9.0,0.0,8.0,0.0,1.0,3.0,1.0,2.0,0.0,0.0,2.0,7.0,1.0,2.0,0.0,2.0,8.0,89.0,1.0,13.0,2.0,143.0,2.0,10.0,4.0,6.0,1.0,7.0,2.0,18.0,11.0,23.0,0.0,0.0,1.0,0.0,1.0,0.0,4.0,4.0,1.0,13.0,11.0,10.0,4.0,5.0,4.0,2.0,8.0,8.0,1.0,9.0,9.0,1.0,1.0,131.0,2.0,5.0,2.0,0.0,0.0,1.0,147.0,5.0,8.0,13.0
279,8.0,4.0,23.0,5.0,1.0,2.0,17.0,2.0,0.0,9.0,1.0,25.0,0.0,1.0,0.0,19.0,2.0,4.0,8.0,0.0,3.0,7.0,0.0,6.0,1.0,11.0,0.0,6.0,5.0,0.0,4.0,0.0,0.0,0.0,3.0,1.0,20.0,1.0,4.0,0.0,9.0,0.0,14.0,11.0,4.0,6.0,1.0,13.0,0.0,11.0,1.0,180.0,3.0,0.0,1.0,176.0,7.0,7.0,5.0,3.0,5.0,0.0,0.0,5.0,1.0,6.0,3.0,19.0,19.0,0.0,3.0,0.0,12.0,1.0,4.0,2.0,0.0,2.0,3.0,7.0,0.0,6.0,0.0,0.0,5.0,0.0,12.0,4.0,2.0,87.0,11.0,4.0,3.0,5.0,4.0,9.0,200.0,15.0,0.0,9.0
280,0.0,0.0,5.0,0.0,0.0,6.0,14.0,3.0,4.0,3.0,4.0,8.0,2.0,14.0,5.0,0.0,2.0,0.0,0.0,7.0,4.0,5.0,3.0,3.0,3.0,8.0,1.0,2.0,1.0,0.0,1.0,1.0,27.0,1.0,3.0,5.0,0.0,2.0,8.0,1.0,10.0,5.0,31.0,13.0,3.0,8.0,12.0,3.0,9.0,15.0,2.0,69.0,0.0,5.0,12.0,180.0,3.0,2.0,3.0,0.0,13.0,1.0,2.0,2.0,1.0,0.0,22.0,4.0,1.0,4.0,0.0,0.0,0.0,0.0,10.0,0.0,2.0,0.0,0.0,8.0,15.0,0.0,2.0,3.0,7.0,10.0,1.0,0.0,1.0,113.0,1.0,6.0,2.0,18.0,1.0,2.0,162.0,2.0,0.0,0.0
281,10.0,1.0,3.0,5.0,0.0,2.0,2.0,9.0,0.0,11.0,5.0,1.0,1.0,3.0,0.0,13.0,0.0,0.0,0.0,3.0,0.0,4.0,0.0,0.0,0.0,9.0,1.0,1.0,8.0,21.0,0.0,4.0,4.0,0.0,2.0,3.0,7.0,2.0,0.0,0.0,0.0,2.0,4.0,7.0,11.0,5.0,9.0,0.0,6.0,9.0,1.0,86.0,5.0,1.0,1.0,210.0,1.0,4.0,2.0,1.0,1.0,6.0,5.0,8.0,2.0,30.0,5.0,9.0,4.0,3.0,10.0,0.0,1.0,8.0,0.0,0.0,11.0,0.0,0.0,7.0,0.0,0.0,0.0,0.0,1.0,0.0,22.0,0.0,1.0,165.0,1.0,0.0,1.0,0.0,4.0,6.0,128.0,1.0,1.0,0.0
282,0.0,10.0,2.0,1.0,0.0,9.0,21.0,4.0,1.0,0.0,2.0,0.0,1.0,14.0,13.0,12.0,3.0,2.0,2.0,0.0,9.0,10.0,3.0,0.0,3.0,4.0,1.0,0.0,10.0,5.0,1.0,1.0,30.0,10.0,0.0,8.0,2.0,14.0,0.0,8.0,12.0,0.0,8.0,0.0,8.0,4.0,0.0,0.0,5.0,0.0,1.0,80.0,0.0,0.0,3.0,195.0,0.0,5.0,12.0,0.0,7.0,13.0,3.0,4.0,28.0,3.0,4.0,0.0,0.0,2.0,5.0,1.0,3.0,9.0,1.0,5.0,2.0,4.0,27.0,3.0,6.0,2.0,4.0,13.0,1.0,4.0,6.0,4.0,0.0,108.0,15.0,7.0,0.0,1.0,3.0,12.0,70.0,3.0,16.0,7.0
283,2.0,2.0,1.0,6.0,4.0,11.0,6.0,4.0,0.0,12.0,0.0,2.0,0.0,0.0,0.0,13.0,4.0,1.0,2.0,14.0,26.0,3.0,2.0,0.0,0.0,0.0,8.0,0.0,11.0,18.0,5.0,0.0,16.0,9.0,9.0,3.0,5.0,1.0,0.0,1.0,14.0,4.0,3.0,6.0,6.0,0.0,2.0,2.0,12.0,5.0,1.0,129.0,1.0,26.0,6.0,90.0,20.0,8.0,5.0,0.0,11.0,1.0,3.0,7.0,17.0,0.0,13.0,2.0,3.0,1.0,8.0,4.0,0.0,0.0,4.0,1.0,4.0,3.0,0.0,3.0,11.0,6.0,0.0,0.0,2.0,0.0,2.0,5.0,12.0,114.0,0.0,8.0,2.0,2.0,2.0,0.0,90.0,10.0,0.0,12.0
284,0.0,7.0,3.0,5.0,3.0,10.0,2.0,1.0,3.0,2.0,16.0,2.0,14.0,8.0,5.0,0.0,2.0,7.0,5.0,2.0,13.0,7.0,11.0,1.0,5.0,8.0,0.0,3.0,10.0,4.0,13.0,0.0,2.0,0.0,0.0,0.0,1.0,1.0,3.0,13.0,1.0,8.0,6.0,0.0,1.0,4.0,7.0,19.0,0.0,0.0,2.0,102.0,0.0,8.0,9.0,116.0,0.0,0.0,8.0,7.0,0.0,3.0,0.0,0.0,4.0,3.0,10.0,2.0,2.0,0.0,2.0,11.0,0.0,2.0,9.0,0.0,10.0,0.0,4.0,22.0,0.0,0.0,1.0,12.0,1.0,1.0,3.0,1.0,0.0,76.0,14.0,4.0,15.0,4.0,6.0,8.0,89.0,2.0,4.0,0.0
285,1.0,11.0,0.0,0.0,12.0,5.0,1.0,10.0,2.0,3.0,12.0,1.0,23.0,1.0,3.0,12.0,0.0,12.0,4.0,1.0,5.0,4.0,8.0,6.0,11.0,17.0,7.0,0.0,5.0,9.0,5.0,0.0,0.0,2.0,0.0,2.0,9.0,5.0,0.0,3.0,4.0,0.0,1.0,0.0,8.0,0.0,12.0,1.0,3.0,1.0,4.0,92.0,1.0,1.0,1.0,106.0,0.0,2.0,5.0,4.0,0.0,4.0,4.0,3.0,0.0,5.0,0.0,13.0,0.0,10.0,0.0,2.0,4.0,0.0,6.0,1.0,0.0,2.0,2.0,6.0,0.0,22.0,2.0,3.0,1.0,3.0,1.0,31.0,7.0,156.0,1.0,1.0,7.0,8.0,0.0,1.0,75.0,0.0,9.0,13.0
286,2.0,0.0,1.0,0.0,3.0,0.0,0.0,0.0,11.0,5.0,0.0,2.0,11.0,6.0,32.0,18.0,1.0,9.0,2.0,2.0,6.0,0.0,0.0,11.0,14.0,4.0,0.0,9.0,5.0,2.0,6.0,3.0,5.0,1.0,0.0,1.0,2.0,3.0,1.0,0.0,2.0,2.0,2.0,0.0,17.0,20.0,0.0,3.0,0.0,17.0,15.0,109.0,3.0,0.0,1.0,77.0,0.0,1.0,0.0,21.0,11.0,0.0,0.0,2.0,4.0,5.0,0.0,10.0,9.0,7.0,0.0,8.0,4.0,1.0,12.0,1.0,1.0,14.0,4.0,3.0,9.0,2.0,3.0,2.0,1.0,0.0,7.0,2.0,0.0,83.0,1.0,6.0,0.0,0.0,0.0,0.0,123.0,3.0,3.0,12.0
287,16.0,9.0,6.0,4.0,0.0,3.0,7.0,22.0,0.0,10.0,4.0,16.0,0.0,3.0,0.0,4.0,0.0,8.0,0.0,12.0,1.0,0.0,9.0,0.0,1.0,10.0,2.0,12.0,0.0,1.0,3.0,2.0,9.0,0.0,5.0,7.0,0.0,0.0,1.0,3.0,2.0,0.0,30.0,1.0,5.0,2.0,0.0,9.0,3.0,9.0,2.0,118.0,2.0,6.0,0.0,92.0,0.0,2.0,1.0,3.0,15.0,2.0,3.0,15.0,7.0,19.0,1.0,1.0,17.0,4.0,1.0,1.0,0.0,9.0,2.0,1.0,0.0,7.0,9.0,0.0,1.0,0.0,8.0,1.0,0.0,12.0,3.0,2.0,4.0,214.0,1.0,0.0,0.0,5.0,4.0,13.0,156.0,0.0,23.0,22.0
288,3.0,2.0,1.0,1.0,0.0,4.0,3.0,3.0,2.0,6.0,4.0,0.0,1.0,19.0,16.0,2.0,0.0,1.0,1.0,0.0,0.0,0.0,0.0,0.0,10.0,7.0,17.0,8.0,2.0,8.0,2.0,9.0,3.0,0.0,2.0,1.0,9.0,5.0,10.0,0.0,1.0,1.0,0.0,4.0,0.0,0.0,18.0,0.0,2.0,3.0,1.0,198.0,0.0,5.0,0.0,121.0,12.0,3.0,7.0,0.0,1.0,3.0,0.0,7.0,5.0,4.0,0.0,11.0,0.0,1.0,8.0,5.0,0.0,8.0,13.0,22.0,5.0,19.0,1.0,11.0,0.0,1.0,8.0,7.0,0.0,8.0,5.0,0.0,23.0,206.0,4.0,0.0,12.0,1.0,6.0,0.0,85.0,1.0,18.0,2.0
289,7.0,0.0,4.0,1.0,23.0,0.0,5.0,4.0,5.0,15.0,2.0,6.0,6.0,1.0,1.0,3.0,2.0,6.0,0.0,1.0,6.0,0.0,7.0,2.0,0.0,1.0,2.0,5.0,2.0,15.0,0.0,1.0,4.0,3.0,0.0,0.0,9.0,1.0,10.0,0.0,7.0,1.0,1.0,4.0,1.0,7.0,12.0,7.0,4.0,0.0,4.0,150.0,5.0,0.0,0.0,156.0,4.0,2.0,20.0,0.0,2.0,0.0,0.0,1.0,1.0,8.0,0.0,0.0,1.0,0.0,19.0,14.0,1.0,1.0,1.0,3.0,11.0,17.0,1.0,0.0,0.0,0.0,7.0,4.0,1.0,5.0,7.0,0.0,4.0,148.0,9.0,1.0,0.0,3.0,4.0,4.0,127.0,1.0,1.0,2.0
290,0.0,0.0,2.0,4.0,6.0,10.0,2.0,2.0,6.0,12.0,13.0,4.0,1.0,1.0,1.0,1.0,0.0,4.0,4.0,4.0,8.0,7.0,0.0,0.0,0.0,2.0,1.0,1.0,6.0,3.0,4.0,12.0,3.0,2.0,2.0,2.0,3.0,0.0,1.0,0.0,7.0,0.0,0.0,3.0,8.0,5.0,0.0,3.0,0.0,5.0,0.0,197.0,1.0,0.0,1.0,187.0,1.0,0.0,12.0,1.0,1.0,2.0,3.0,1.0,7.0,4.0,10.0,2.0,23.0,0.0,0.0,0.0,1.0,1.0,10.0,0.0,11.0,3.0,0.0,1.0,1.0,5.0,0.0,2.0,0.0,0.0,2.0,5.0,0.0,167.0,2.0,0.0,22.0,22.0,1.0,0.0,100.0,0.0,1.0,5.0
291,7.0,1.0,5.0,1.0,23.0,5.0,2.0,0.0,0.0,3.0,10.0,2.0,5.0,1.0,10.0,1.0,7.0,0.0,1.0,3.0,17.0,3.0,5.0,0.0,3.0,4.0,0.0,0.0,0.0,4.0,3.0,0.0,0.0,0.0,2.0,2.0,1.0,0.0,11.0,2.0,3.0,0.0,0.0,2.0,2.0,0.0,3.0,14.0,0.0,3.0,8.0,205.0,2.0,3.0,9.0,103.0,7.0,3.0,0.0,1.0,0.0,3.0,0.0,38.0,8.0,4.0,1.0,5.0,24.0,9.0,15.0,1.0,5.0,0.0,0.0,3.0,2.0,3.0,0.0,1.0,0.0,0.0,7.0,0.0,1.0,1.0,2.0,0.0,8.0,174.0,13.0,15.0,3.0,0.0,0.0,3.0,141.0,10.0,12.0,1.0
292,6.0,12.0,1.0,7.0,0.0,0.0,40.0,11.0,7.0,5.0,21.0,11.0,4.0,4.0,7.0,0.0,3.0,0.0,4.0,5.0,11.0,7.0,4.0,6.0,0.0,0.0,4.0,0.0,2.0,0.0,2.0,26.0,1.0,0.0,0.0,0.0,1.0,1.0,6.0,7.0,4.0,6.0,1.0,1.0,0.0,4.0,25.0,3.0,1.0,2.0,0.0,128.0,3.0,1.0,9.0,82.0,0.0,4.0,2.0,0.0,1.0,1.0,0.0,1.0,3.0,0.0,1.0,2.0,0.0,2.0,1.0,3.0,3.0,4.0,13.0,0.0,14.0,8.0,0.0,16.0,1.0,14.0,3.0,10.0,9.0,0.0,1.0,0.0,0.0,198.0,4.0,5.0,8.0,9.0,10.0,0.0,90.0,1.0,6.0,4.0
293,5.0,0.0,12.0,6.0,4.0,21.0,2.0,1.0,2.0,0.0,19.0,2.0,0.0,1.0,0.0,10.0,0.0,0.0,0.0,1.0,2.0,6.0,7.0,12.0,10.0,8.0,0.0,2.0,7.0,8.0,9.0,0.0,0.0,9.0,0.0,3.0,2.0,3.0,3.0,0.0,16.0,8.0,0.0,6.0,14.0,0.0,1.0,6.0,1.0,13.0,10.0,110.0,8.0,0.0,3.0,80.0,0.0,10.0,2.0,2.0,5.0,4.0,0.0,2.0,5.0,13.0,7.0,0.0,0.0,6.0,5.0,0.0,4.0,10.0,11.0,8.0,8.0,5.0,0.0,2.0,6.0,0.0,1.0,2.0,3.0,10.0,0.0,20.0,1.0,135.0,6.0,5.0,1.0,0.0,0.0,3.0,127.0,1.0,1.0,1.0
294,0.0,6.0,0.0,0.0,1.0,1.0,3.0,1.0,3.0,0.0,0.0,34.0,0.0,2.0,1.0,0.0,26.0,1.0,1.0,0.0,1.0,1.0,1.0,1.0,0.0,4.0,1.0,0.0,0.0,3.0,5.0,0.0,2.0,1.0,3.0,0.0,1.0,3.0,1.0,3.0,4.0,11.0,0.0,0.0,6.0,0.0,0.0,6.0,1.0,2.0,0.0,140.0,2.0,0.0,8.0,67.0,0.0,4.0,0.0,7.0,0.0,0.0,1.0,1.0,24.0,1.0,1.0,2.0,2.0,3.0,0.0,1.0,0.0,0.0,0.0,0.0,13.0,3.0,8.0,9.0,1.0,11.0,0.0,7.0,1.0,6.0,0.0,16.0,3.0,86.0,4.0,3.0,0.0,1.0,2.0,0.0,77.0,0.0,3.0,1.0
295,19.0,0.0,3.0,1.0,0.0,4.0,5.0,4.0,10.0,19.0,1.0,3.0,5.0,0.0,5.0,6.0,0.0,7.0,4.0,7.0,14.0,4.0,1.0,7.0,1.0,18.0,3.0,17.0,0.0,4.0,1.0,5.0,13.0,0.0,3.0,2.0,3.0,9.0,1.0,3.0,3.0,2.0,5.0,10.0,11.0,14.0,9.0,0.0,24.0,0.0,12.0,121.0,5.0,8.0,6.0,88.0,21.0,8.0,10.0,2.0,5.0,16.0,0.0,0.0,1.0,0.0,0.0,13.0,8.0,4.0,1.0,0.0,2.0,10.0,7.0,1.0,1.0,5.0,2.0,0.0,10.0,0.0,16.0,0.0,4.0,9.0,8.0,8.0,3.0,160.0,0.0,2.0,3.0,1.0,2.0,2.0,94.0,22.0,0.0,0.0
296,0.0,8.0,0.0,23.0,0.0,8.0,3.0,8.0,0.0,7.0,14.0,27.0,19.0,4.0,4.0,1.0,11.0,10.0,2.0,0.0,0.0,7.0,0.0,0.0,0.0,22.0,1.0,0.0,3.0,5.0,10.0,1.0,1.0,3.0,7.0,2.0,12.0,1.0,1.0,1.0,14.0,4.0,2.0,0.0,1.0,0.0,0.0,1.0,0.0,6.0,1.0,133.0,4.0,1.0,0.0,192.0,33.0,1.0,8.0,5.0,0.0,1.0,2.0,15.0,0.0,0.0,13.0,5.0,3.0,2.0,1.0,3.0,2.0,4.0,2.0,0.0,0.0,10.0,1.0,2.0,1.0,3.0,3.0,3.0,10.0,2.0,0.0,3.0,6.0,88.0,7.0,5.0,0.0,0.0,1.0,2.0,133.0,4.0,1.0,0.0
297,20.0,8.0,7.0,1.0,11.0,7.0,8.0,2.0,1.0,3.0,0.0,0.0,1.0,3.0,2.0,5.0,0.0,16.0,2.0,9.0,7.0,7.0,1.0,0.0,17.0,2.0,1.0,24.0,2.0,1.0,0.0,0.0,0.0,2.0,7.0,6.0,12.0,12.0,4.0,24.0,3.0,7.0,14.0,1.0,13.0,0.0,5.0,1.0,0.0,7.0,0.0,158.0,4.0,1.0,0.0,172.0,0.0,2.0,5.0,0.0,1.0,11.0,0.0,0.0,3.0,2.0,1.0,3.0,10.0,2.0,1.0,2.0,0.0,2.0,4.0,1.0,0.0,2.0,0.0,4.0,6.0,5.0,4.0,17.0,5.0,1.0,0.0,41.0,0.0,224.0,13.0,0.0,3.0,2.0,0.0,0.0,183.0,6.0,0.0,1.0
298,10.0,1.0,2.0,3.0,7.0,3.0,2.0,8.0,1.0,3.0,2.0,1.0,0.0,11.0,0.0,4.0,0.0,0.0,1.0,30.0,1.0,0.0,0.0,7.0,5.0,11.0,2.0,0.0,15.0,21.0,2.0,35.0,8.0,13.0,9.0,12.0,10.0,0.0,1.0,1.0,3.0,11.0,26.0,1.0,6.0,1.0,0.0,18.0,11.0,4.0,0.0,131.0,5.0,1.0,0.0,136.0,1.0,5.0,7.0,0.0,14.0,6.0,3.0,3.0,0.0,4.0,16.0,4.0,0.0,0.0,7.0,2.0,0.0,2.0,0.0,0.0,5.0,0.0,4.0,0.0,0.0,35.0,1.0,6.0,3.0,9.0,4.0,6.0,3.0,116.0,0.0,21.0,2.0,0.0,7.0,9.0,147.0,7.0,4.0,20.0
299,1.0,5.0,6.0,3.0,3.0,11.0,6.0,0.0,0.0,1.0,7.0,15.0,0.0,0.0,19.0,5.0,6.0,23.0,3.0,12.0,0.0,0.0,1.0,3.0,0.0,0.0,0.0,3.0,17.0,0.0,0.0,0.0,4.0,1.0,7.0,6.0,0.0,15.0,0.0,4.0,3.0,0.0,6.0,0.0,17.0,3.0,4.0,1.0,2.0,3.0,4.0,165.0,4.0,3.0,16.0,73.0,0.0,0.0,3.0,18.0,11.0,2.0,4.0,4.0,16.0,0.0,13.0,1.0,3.0,1.0,0.0,2.0,2.0,7.0,0.0,13.0,0.0,9.0,6.0,0.0,1.0,2.0,0.0,2.0,9.0,0.0,1.0,12.0,0.0,109.0,31.0,14.0,3.0,1.0,0.0,0.0,123.0,0.0,1.0,9.0
300,0.0,0.0,9.0,2.0,0.0,7.0,1.0,3.0,1.0,1.0,10.0,11.0,4.0,0.0,7.0,2.0,1.0,0.0,0.0,8.0,3.0,15.0,7.0,0.0,1.0,13.0,2.0,0.0,8.0,9.0,1.0,3.0,4.0,2.0,0.0,14.0,0.0,6.0,4.0,4.0,0.0,13.0,5.0,6.0,1.0,0.0,11.0,0.0,2.0,16.0,3.0,77.0,0.0,1.0,0.0,108.0,4.0,15.0,0.0,6.0,1.0,21.0,1.0,2.0,10.0,0.0,2.0,6.0,0.0,2.0,3.0,3.0,9.0,0.0,6.0,12.0,5.0,0.0,2.0,6.0,2.0,3.0,2.0,0.0,0.0,6.0,6.0,3.0,0.0,131.0,31.0,2.0,2.0,9.0,3.0,0.0,188.0,5.0,2.0,0.0
301,0.0,0.0,11.0,5.0,3.0,1.0,12.0,1.0,5.0,1.0,0.0,0.0,13.0,0.0,4.0,0.0,5.0,7.0,1.0,3.0,7.0,4.0,2.0,3.0,1.0,1.0,2.0,0.0,2.0,0.0,0.0,1.0,6.0,3.0,4.0,0.0,15.0,0.0,3.0,0.0,0.0,1.0,6.0,9.0,0.0,4.0,0.0,9.0,2.0,5.0,0.0,166.0,10.0,17.0,9.0,157.0,0.0,0.0,4.0,2.0,1.0,0.0,1.0,4.0,0.0,4.0,1.0,0.0,0.0,0.0,4.0,2.0,12.0,3.0,4.0,1.0,4.0,4.0,4.0,1.0,4.0,2.0,0.0,13.0,0.0,6.0,0.0,0.0,10.0,203.0,0.0,0.0,1.0,14.0,2.0,4.0,172.0,6.0,0.0,4.0
302,0.0,4.0,0.0,1.0,5.0,5.0,1.0,3.0,0.0,0.0,8.0,10.0,7.0,0.0,7.0,0.0,1.0,10.0,7.0,1.0,10.0,6.0,7.0,0.0,14.0,0.0,9.0,6.0,1.0,0.0,2.0,0.0,7.0,0.0,8.0,0.0,0.0,1.0,7.0,3.0,12.0,15.0,6.0,0.0,8.0,0.0,5.0,2.0,3.0,0.0,2.0,94.0,0.0,3.0,3.0,169.0,3.0,25.0,27.0,10.0,2.0,6.0,1.0,2.0,4.0,0.0,4.0,0.0,10.0,2.0,0.0,0.0,0.0,0.0,6.0,5.0,18.0,7.0,0.0,6.0,2.0,2.0,1.0,2.0,3.0,13.0,1.0,2.0,8.0,135.0,0.0,12.0,10.0,3.0,0.0,14.0,169.0,11.0,0.0,6.0
303,8.0,4.0,0.0,1.0,2.0,15.0,6.0,11.0,6.0,8.0,2.0,1.0,12.0,5.0,27.0,0.0,7.0,14.0,0.0,4.0,1.0,3.0,5.0,3.0,3.0,22.0,6.0,28.0,2.0,9.0,9.0,4.0,7.0,2.0,3.0,3.0,0.0,0.0,0.0,1.0,0.0,4.0,10.0,0.0,2.0,2.0,14.0,4.0,0.0,0.0,1.0,122.0,11.0,21.0,5.0,132.0,0.0,2.0,1.0,10.0,0.0,0.0,3.0,6.0,1.0,2.0,3.0,4.0,7.0,0.0,2.0,8.0,11.0,4.0,4.0,5.0,0.0,10.0,3.0,0.0,19.0,0.0,6.0,1.0,4.0,0.0,15.0,7.0,7.0,162.0,2.0,0.0,25.0,3.0,0.0,6.0,92.0,0.0,1.0,7.0
304,0.0,5.0,18.0,1.0,7.0,8.0,0.0,1.0,2.0,1.0,0.0,16.0,13.0,3.0,1.0,3.0,3.0,0.0,11.0,0.0,3.0,16.0,2.0,1.0,0.0,0.0,0.0,14.0,0.0,2.0,2.0,7.0,2.0,8.0,11.0,3.0,6.0,23.0,0.0,2.0,24.0,2.0,6.0,1.0,0.0,0.0,8.0,2.0,0.0,4.0,25.0,113.0,0.0,8.0,0.0,97.0,1.0,0.0,2.0,6.0,8.0,1.0,0.0,4.0,2.0,4.0,5.0,0.0,6.0,9.0,9.0,0.0,5.0,0.0,1.0,1.0,11.0,0.0,0.0,3.0,2.0,1.0,7.0,6.0,0.0,4.0,2.0,0.0,2.0,188.0,7.0,2.0,7.0,7.0,3.0,2.0,210.0,4.0,14.0,3.0
305,0.0,0.0,1.0,1.0,2.0,0.0,3.0,4.0,2.0,0.0,0.0,0.0,10.0,2.0,4.0,4.0,2.0,0.0,4.0,1.0,1.0,8.0,0.0,9.0,14.0,5.0,0.0,11.0,0.0,9.0,25.0,10.0,1.0,1.0,0.0,8.0,0.0,1.0,4.0,11.0,8.0,1.0,0.0,3.0,0.0,0.0,0.0,14.0,0.0,3.0,2.0,92.0,0.0,1.0,3.0,97.0,0.0,2.0,0.0,1.0,1.0,5.0,2.0,11.0,3.0,8.0,8.0,1.0,2.0,7.0,3.0,4.0,2.0,3.0,10.0,1.0,0.0,0.0,0.0,8.0,0.0,1.0,2.0,1.0,10.0,0.0,0.0,1.0,6.0,136.0,0.0,0.0,3.0,0.0,16.0,1.0,132.0,1.0,4.0,2.0
306,1.0,8.0,0.0,5.0,4.0,0.0,0.0,1.0,16.0,4.0,0.0,4.0,0.0,0.0,5.0,0.0,3.0,3.0,37.0,11.0,9.0,2.0,0.0,4.0,3.0,5.0,3.0,4.0,1.0,16.0,1.0,0.0,0.0,13.0,2.0,6.0,0.0,0.0,8.0,0.0,4.0,3.0,4.0,0.0,5.0,11.0,3.0,0.0,1.0,2.0,2.0,194.0,0.0,4.0,1.0,180.0,1.0,5.0,0.0,0.0,0.0,11.0,7.0,9.0,1.0,2.0,0.0,6.0,17.0,3.0,6.0,4.0,5.0,4.0,1.0,0.0,2.0,1.0,8.0,5.0,6.0,5.0,27.0,3.0,6.0,0.0,13.0,3.0,2.0,169.0,2.0,2.0,0.0,0.0,4.0,0.0,197.0,1.0,1.0,3.0
307,12.0,0.0,1.0,0.0,0.0,2.0,0.0,14.0,15.0,0.0,5.0,1.0,6.0,2.0,3.0,5.0,2.0,7.0,2.0,12.0,41.0,0.0,6.0,5.0,0.0,0.0,1.0,7.0,1.0,0.0,3.0,3.0,1.0,0.0,2.0,15.0,3.0,6.0,0.0,3.0,2.0,3.0,0.0,5.0,0.0,1.0,8.0,1.0,7.0,4.0,26.0,123.0,3.0,0.0,1.0,89.0,3.0,0.0,0.0,4.0,3.0,2.0,1.0,0.0,13.0,24.0,4.0,1.0,26.0,7.0,1.0,7.0,3.0,7.0,3.0,0.0,5.0,7.0,0.0,41.0,17.0,6.0,1.0,4.0,3.0,6.0,9.0,5.0,0.0,175.0,0.0,0.0,2.0,0.0,0.0,0.0,129.0,5.0,5.0,10.0
308,0.0,2.0,3.0,16.0,5.0,9.0,0.0,6.0,0.0,0.0,0.0,3.0,0.0,1.0,3.0,1.0,5.0,13.0,6.0,1.0,11.0,23.0,7.0,8.0,19.0,2.0,1.0,0.0,18.0,0.0,1.0,0.0,18.0,9.0,1.0,0.0,7.0,21.0,0.0,4.0,0.0,4.0,0.0,1.0,4.0,0.0,0.0,6.0,0.0,5.0,5.0,89.0,0.0,1.0,2.0,183.0,0.0,3.0,8.0,0.0,3.0,0.0,4.0,7.0,18.0,0.0,26.0,1.0,3.0,31.0,3.0,12.0,20.0,4.0,1.0,3.0,26.0,8.0,1.0,7.0,6.0,20.0,2.0,3.0,0.0,3.0,1.0,0.0,2.0,108.0,0.0,4.0,23.0,0.0,12.0,0.0,74.0,2.0,3.0,3.0
309,0.0,8.0,1.0,2.0,2.0,2.0,0.0,1.0,7.0,0.0,11.0,5.0,4.0,0.0,3.0,0.0,0.0,10.0,7.0,0.0,27.0,0.0,0.0,6.0,4.0,8.0,17.0,1.0,0.0,7.0,8.0,1.0,6.0,4.0,1.0,6.0,1.0,4.0,14.0,2.0,0.0,0.0,0.0,0.0,7.0,9.0,3.0,2.0,3.0,23.0,28.0,112.0,28.0,7.0,7.0,177.0,5.0,5.0,21.0,1.0,0.0,25.0,1.0,4.0,0.0,5.0,4.0,9.0,5.0,0.0,3.0,1.0,0.0,11.0,2.0,1.0,9.0,2.0,5.0,16.0,0.0,0.0,10.0,4.0,3.0,7.0,1.0,14.0,0.0,144.0,13.0,2.0,0.0,9.0,0.0,11.0,159.0,7.0,0.0,7.0
310,0.0,0.0,12.0,0.0,16.0,8.0,0.0,0.0,0.0,4.0,1.0,1.0,3.0,1.0,5.0,1.0,0.0,0.0,10.0,5.0,7.0,1.0,14.0,2.0,2.0,5.0,2.0,0.0,14.0,10.0,2.0,8.0,6.0,8.0,6.0,6.0,8.0,1.0,17.0,0.0,23.0,0.0,0.0,10.0,0.0,1.0,1.0,9.0,4.0,14.0,0.0,103.0,3.0,0.0,0.0,117.0,3.0,0.0,1.0,0.0,1.0,0.0,12.0,9.0,3.0,0.0,4.0,0.0,17.0,2.0,9.0,14.0,10.0,0.0,1.0,12.0,1.0,0.0,1.0,3.0,12.0,3.0,0.0,11.0,6.0,4.0,2.0,1.0,5.0,119.0,0.0,11.0,0.0,1.0,12.0,0.0,149.0,5.0,0.0,0.0
311,6.0,6.0,0.0,11.0,0.0,1.0,3.0,2.0,9.0,0.0,3.0,2.0,1.0,1.0,2.0,0.0,0.0,4.0,7.0,3.0,7.0,6.0,0.0,8.0,0.0,1.0,0.0,9.0,0.0,0.0,4.0,3.0,0.0,13.0,3.0,3.0,1.0,6.0,5.0,10.0,1.0,9.0,11.0,13.0,0.0,17.0,3.0,8.0,2.0,0.0,5.0,166.0,1.0,4.0,1.0,122.0,1.0,0.0,3.0,0.0,5.0,0.0,2.0,2.0,1.0,14.0,0.0,3.0,0.0,0.0,5.0,15.0,6.0,0.0,0.0,6.0,14.0,13.0,3.0,8.0,2.0,2.0,4.0,8.0,6.0,2.0,6.0,0.0,0.0,66.0,5.0,2.0,5.0,7.0,1.0,0.0,192.0,2.0,0.0,9.0
312,5.0,2.0,3.0,2.0,12.0,4.0,1.0,9.0,0.0,4.0,2.0,1.0,0.0,0.0,2.0,0.0,7.0,0.0,5.0,0.0,0.0,0.0,6.0,1.0,0.0,3.0,9.0,0.0,0.0,10.0,1.0,0.0,9.0,0.0,1.0,8.0,0.0,25.0,10.0,0.0,1.0,0.0,2.0,0.0,22.0,6.0,1.0,9.0,13.0,2.0,11.0,68.0,12.0,2.0,8.0,179.0,0.0,1.0,2.0,1.0,8.0,6.0,0.0,4.0,1.0,0.0,3.0,12.0,7.0,5.0,6.0,2.0,5.0,12.0,5.0,2.0,2.0,10.0,1.0,4.0,11.0,1.0,0.0,0.0,1.0,3.0,2.0,1.0,0.0,121.0,0.0,0.0,3.0,1.0,7.0,1.0,172.0,0.0,1.0,0.0
313,2.0,0.0,9.0,0.0,20.0,6.0,9.0,4.0,3.0,0.0,21.0,0.0,1.0,1.0,5.0,0.0,0.0,0.0,1.0,0.0,0.0,0.0,3.0,0.0,8.0,1.0,0.0,68.0,0.0,0.0,0.0,20.0,3.0,3.0,0.0,2.0,9.0,5.0,8.0,14.0,9.0,134.0,8.0,4.0,2.0,6.0,3.0,0.0,3.0,14.0,0.0,3.0,1.0,10.0,3.0,0.0,1.0,24.0,0.0,0.0,3.0,2.0,3.0,44.0,17.0,1.0,3.0,3.0,0.0,6.0,13.0,0.0,0.0,1.0,3.0,0.0,1.0,11.0,1.0,4.0,0.0,1.0,0.0,0.0,0.0,6.0,17.0,5.0,0.0,0.0,0.0,7.0,0.0,2.0,12.0,2.0,0.0,0.0,1.0,0.0
314,3.0,4.0,7.0,13.0,0.0,3.0,5.0,5.0,0.0,0.0,7.0,3.0,6.0,3.0,2.0,5.0,0.0,1.0,0.0,4.0,0.0,0.0,0.0,1.0,0.0,1.0,4.0,118.0,11.0,0.0,0.0,2.0,7.0,1.0,1.0,9.0,23.0,25.0,0.0,2.0,1.0,186.0,0.0,26.0,12.0,2.0,3.0,5.0,3.0,3.0,0.0,0.0,2.0,4.0,8.0,15.0,3.0,5.0,4.0,0.0,0.0,3.0,3.0,0.0,10.0,7.0,0.0,4.0,1.0,0.0,0.0,0.0,10.0,2.0,3.0,1.0,0.0,4.0,0.0,18.0,0.0,0.0,8.0,6.0,0.0,0.0,20.0,0.0,0.0,12.0,1.0,30.0,6.0,0.0,4.0,4.0,1.0,5.0,2.0,0.0
315,2.0,1.0,3.0,10.0,0.0,23.0,3.0,1.0,0.0,1.0,0.0,7.0,1.0,0.0,1.0,11.0,37.0,10.0,1.0,24.0,1.0,1.0,0.0,5.0,9.0,0.0,21.0,161.0,9.0,5.0,3.0,3.0,1.0,6.0,4.0,4.0,4.0,2.0,10.0,8.0,0.0,105.0,1.0,27.0,8.0,11.0,12.0,3.0,4.0,1.0,5.0,0.0,1.0,6.0,0.0,1.0,3.0,0.0,2.0,1.0,7.0,4.0,1.0,5.0,0.0,4.0,4.0,0.0,1.0,4.0,12.0,3.0,5.0,0.0,0.0,3.0,0.0,0.0,0.0,1.0,13.0,1.0,6.0,1.0,2.0,4.0,1.0,4.0,0.0,1.0,0.0,0.0,4.0,3.0,22.0,1.0,0.0,14.0,0.0,3.0
316,4.0,12.0,0.0,7.0,0.0,0.0,15.0,0.0,6.0,4.0,0.0,0.0,8.0,6.0,2.0,1.0,0.0,2.0,7.0,27.0,1.0,3.0,11.0,0.0,13.0,6.0,0.0,170.0,2.0,0.0,13.0,1.0,1.0,9.0,22.0,3.0,24.0,0.0,0.0,8.0,2.0,105.0,6.0,2.0,4.0,1.0,3.0,2.0,2.0,12.0,6.0,4.0,5.0,4.0,11.0,33.0,1.0,11.0,3.0,0.0,5.0,1.0,0.0,0.0,0.0,8.0,9.0,2.0,1.0,5.0,4.0,2.0,0.0,0.0,0.0,0.0,4.0,7.0,6.0,0.0,6.0,0.0,2.0,10.0,4.0,1.0,11.0,15.0,4.0,3.0,0.0,0.0,16.0,5.0,9.0,2.0,0.0,4.0,10.0,3.0
317,0.0,1.0,2.0,0.0,0.0,0.0,1.0,1.0,0.0,8.0,1.0,5.0,0.0,1.0,1.0,7.0,0.0,10.0,0.0,3.0,1.0,0.0,1.0,0.0,9.0,1.0,0.0,124.0,3.0,3.0,3.0,7.0,1.0,14.0,0.0,2.0,1.0,0.0,0.0,0.0,0.0,186.0,11.0,15.0,8.0,8.0,0.0,0.0,2.0,20.0,7.0,2.0,2.0,2.0,0.0,3.0,0.0,0.0,7.0,2.0,2.0,15.0,2.0,0.0,5.0,4.0,9.0,0.0,0.0,3.0,0.0,0.0,1.0,0.0,2.0,0.0,1.0,4.0,2.0,2.0,13.0,2.0,2.0,0.0,5.0,3.0,0.0,7.0,2.0,5.0,4.0,11.0,11.0,0.0,3.0,10.0,14.0,0.0,4.0,9.0
318,2.0,4.0,7.0,2.0,1.0,1.0,3.0,3.0,4.0,2.0,0.0,2.0,6.0,13.0,2.0,1.0,5.0,6.0,0.0,5.0,0.0,3.0,3.0,3.0,1.0,10.0,20.0,103.0,4.0,0.0,1.0,8.0,0.0,0.0,0.0,2.0,0.0,0.0,14.0,4.0,6.0,138.0,2.0,8.0,2.0,0.0,7.0,7.0,0.0,9.0,3.0,8.0,3.0,4.0,8.0,11.0,1.0,0.0,0.0,10.0,11.0,4.0,15.0,4.0,0.0,1.0,13.0,0.0,4.0,0.0,4.0,1.0,6.0,7.0,0.0,16.0,2.0,4.0,15.0,1.0,2.0,5.0,0.0,5.0,5.0,5.0,0.0,3.0,3.0,2.0,12.0,1.0,14.0,0.0,4.0,10.0,0.0,0.0,2.0,12.0
319,18.0,13.0,7.0,1.0,30.0,1.0,1.0,1.0,2.0,9.0,1.0,1.0,3.0,4.0,2.0,7.0,0.0,19.0,0.0,1.0,8.0,9.0,0.0,2.0,5.0,1.0,0.0,153.0,1.0,0.0,0.0,2.0,1.0,0.0,4.0,1.0,1.0,0.0,1.0,0.0,2.0,168.0,4.0,2.0,1.0,0.0,0.0,2.0,8.0,1.0,0.0,0.0,3.0,11.0,1.0,3.0,0.0,1.0,2.0,0.0,0.0,1.0,0.0,1.0,15.0,0.0,3.0,13.0,0.0,6.0,2.0,2.0,0.0,0.0,17.0,20.0,0.0,4.0,22.0,19.0,3.0,0.0,1.0,3.0,0.0,16.0,3.0,5.0,26.0,1.0,11.0,6.0,1.0,9.0,0.0,1.0,2.0,8.0,9.0,2.0
320,6.0,0.0,8.0,0.0,11.0,0.0,1.0,0.0,5.0,1.0,0.0,0.0,2.0,1.0,2.0,0.0,9.0,11.0,0.0,1.0,0.0,1.0,8.0,0.0,5.0,3.0,0.0,197.0,3.0,5.0,12.0,1.0,26.0,1.0,0.0,12.0,5.0,1.0,0.0,2.0,2.0,114.0,8.0,9.0,10.0,0.0,0.0,6.0,7.0,0.0,0.0,3.0,0.0,5.0,0.0,7.0,13.0,0.0,0.0,5.0,0.0,5.0,9.0,0.0,24.0,1.0,24.0,1.0,0.0,0.0,2.0,1.0,14.0,0.0,0.0,9.0,3.0,15.0,2.0,5.0,0.0,0.0,0.0,0.0,15.0,0.0,0.0,2.0,0.0,5.0,0.0,1.0,4.0,0.0,1.0,1.0,23.0,2.0,4.0,0.0
321,3.0,0.0,1.0,5.0,1.0,1.0,5.0,14.0,0.0,34.0,0.0,7.0,15.0,0.0,5.0,2.0,4.0,1.0,3.0,0.0,0.0,10.0,0.0,1.0,0.0,6.0,6.0,210.0,6.0,0.0,4.0,8.0,7.0,6.0,1.0,2.0,2.0,0.0,0.0,10.0,4.0,113.0,3.0,2.0,0.0,10.0,2.0,1.0,0.0,12.0,2.0,0.0,9.0,1.0,1.0,1.0,10.0,0.0,1.0,1.0,5.0,0.0,0.0,0.0,0.0,1.0,8.0,0.0,4.0,10.0,0.0,1.0,1.0,6.0,3.0,5.0,9.0,4.0,0.0,2.0,0.0,0.0,1.0,7.0,3.0,4.0,4.0,1.0,3.0,3.0,0.0,24.0,1.0,0.0,1.0,4.0,5.0,3.0,28.0,0.0
322,4.0,5.0,2.0,0.0,1.0,1.0,5.0,14.0,4.0,0.0,0.0,0.0,6.0,0.0,2.0,3.0,2.0,2.0,13.0,1.0,0.0,12.0,8.0,10.0,8.0,10.0,5.0,113.0,4.0,0.0,0.0,4.0,0.0,0.0,11.0,2.0,12.0,0.0,0.0,2.0,13.0,100.0,1.0,1.0,9.0,8.0,0.0,4.0,4.0,0.0,0.0,0.0,1.0,12.0,4.0,6.0,0.0,4.0,1.0,1.0,6.0,3.0,16.0,6.0,6.0,5.0,8.0,0.0,10.0,0.0,23.0,1.0,2.0,6.0,0.0,11.0,0.0,0.0,5.0,6.0,7.0,17.0,16.0,9.0,6.0,0.0,0.0,10.0,1.0,0.0,1.0,2.0,11.0,19.0,13.0,0.0,0.0,0.0,1.0,9.0
323,9.0,12.0,4.0,17.0,0.0,0.0,4.0,2.0,3.0,0.0,1.0,3.0,0.0,1.0,1.0,8.0,0.0,0.0,0.0,4.0,5.0,0.0,1.0,1.0,2.0,1.0,7.0,136.0,0.0,11.0,15.0,2.0,7.0,0.0,1.0,0.0,15.0,32.0,2.0,3.0,2.0,169.0,1.0,0.0,0.0,4.0,0.0,5.0,2.0,7.0,16.0,2.0,19.0,6.0,0.0,2.0,0.0,6.0,5.0,1.0,2.0,6.0,1.0,0.0,0.0,5.0,17.0,7.0,0.0,3.0,0.0,2.0,0.0,0.0,2.0,0.0,7.0,3.0,9.0,0.0,1.0,0.0,3.0,0.0,1.0,0.0,2.0,10.0,6.0,0.0,2.0,2.0,1.0,9.0,1.0,7.0,1.0,2.0,2.0,4.0
324,0.0,2.0,0.0,0.0,2.0,8.0,7.0,15.0,11.0,3.0,3.0,10.0,2.0,0.0,13.0,4.0,1.0,0.0,0.0,0.0,0.0,14.0,4.0,7.0,1.0,8.0,2.0,145.0,13.0,2.0,19.0,3.0,3.0,12.0,1.0,1.0,8.0,2.0,7.0,0.0,0.0,77.0,0.0,4.0,1.0,0.0,1.0,4.0,5.0,1.0,0.0,4.0,2.0,4.0,1.0,0.0,0.0,9.0,0.0,6.0,7.0,15.0,34.0,1.0,0.0,5.0,2.0,8.0,0.0,2.0,3.0,5.0,4.0,2.0,6.0,2.0,1.0,5.0,2.0,3.0,0.0,5.0,0.0,4.0,2.0,21.0,12.0,1.0,2.0,1.0,3.0,4.0,34.0,26.0,4.0,0.0,1.0,1.0,19.0,0.0
325,0.0,4.0,17.0,4.0,0.0,1.0,16.0,9.0,0.0,11.0,3.0,5.0,0.0,13.0,3.0,2.0,7.0,3.0,1.0,2.0,4.0,13.0,0.0,9.0,0.0,7.0,0.0,83.0,11.0,12.0,0.0,0.0,13.0,4.0,7.0,3.0,3.0,0.0,5.0,4.0,1.0,183.0,2.0,0.0,2.0,5.0,15.0,6.0,1.0,1.0,0.0,14.0,0.0,2.0,7.0,1.0,7.0,3.0,5.0,0.0,0.0,6.0,6.0,4.0,5.0,0.0,1.0,1.0,4.0,0.0,7.0,4.0,16.0,1.0,7.0,17.0,2.0,0.0,3.0,21.0,1.0,17.0,4.0,3.0,8.0,0.0,1.0,2.0,0.0,3.0,1.0,2.0,1.0,0.0,5.0,4.0,7.0,0.0,16.0,15.0
326,0.0,0.0,0.0,9.0,6.0,4.0,0.0,1.0,5.0,0.0,20.0,1.0,1.0,26.0,13.0,0.0,7.0,6.0,3.0,0.0,2.0,15.0,4.0,3.0,1.0,0.0,7.0,172.0,14.0,6.0,3.0,0.0,3.0,1.0,14.0,4.0,11.0,4.0,1.0,4.0,2.0,209.0,6.0,5.0,6.0,6.0,0.0,1.0,0.0,1.0,0.0,8.0,3.0,3.0,3.0,22.0,5.0,2.0,7.0,1.0,17.0,11.0,2.0,8.0,5.0,4.0,5.0,0.0,21.0,0.0,11.0,21.0,2.0,0.0,16.0,8.0,1.0,2.0,2.0,5.0,8.0,0.0,22.0,0.0,3.0,11.0,0.0,1.0,23.0,4.0,4.0,0.0,3.0,2.0,0.0,12.0,0.0,0.0,6.0,2.0
327,5.0,2.0,10.0,14.0,11.0,6.0,1.0,0.0,9.0,0.0,18.0,0.0,4.0,7.0,7.0,7.0,23.0,0.0,16.0,0.0,8.0,1.0,21.0,4.0,6.0,3.0,0.0,104.0,4.0,5.0,18.0,3.0,9.0,0.0,1.0,3.0,0.0,0.0,2.0,6.0,5.0,202.0,5.0,0.0,0.0,0.0,14.0,1.0,2.0,13.0,3.0,16.0,0.0,0.0,6.0,10.0,0.0,3.0,1.0,1.0,1.0,9.0,2.0,4.0,10.0,1.0,8.0,1.0,2.0,3.0,1.0,4.0,0.0,14.0,0.0,3.0,0.0,0.0,0.0,0.0,1.0,6.0,3.0,7.0,3.0,6.0,0.0,0.0,1.0,1.0,0.0,0.0,0.0,11.0,2.0,1.0,27.0,0.0,0.0,9.0
328,9.0,0.0,17.0,0.0,2.0,2.0,15.0,0.0,1.0,12.0,0.0,1.0,4.0,31.0,6.0,5.0,7.0,1.0,8.0,12.0,2.0,0.0,6.0,0.0,6.0,0.0,12.0,82.0,0.0,3.0,30.0,0.0,0.0,0.0,0.0,40.0,0.0,1.0,0.0,0.0,3.0,183.0,21.0,0.0,6.0,0.0,8.0,0.0,3.0,1.0,0.0,3.0,0.0,0.0,11.0,0.0,2.0,0.0,2.0,8.0,0.0,0.0,2.0,0.0,0.0,0.0,5.0,5.0,0.0,1.0,3.0,0.0,2.0,3.0,2.0,0.0,15.0,8.0,0.0,2.0,2.0,0.0,7.0,0.0,0.0,16.0,0.0,8.0,0.0,3.0,4.0,3.0,0.0,2.0,1.0,2.0,0.0,0.0,10.0,4.0
329,14.0,10.0,5.0,0.0,3.0,0.0,2.0,3.0,0.0,1.0,17.0,0.0,0.0,23.0,0.0,0.0,0.0,1.0,2.0,5.0,0.0,19.0,15.0,0.0,3.0,3.0,7.0,112.0,0.0,1.0,2.0,0.0,7.0,1.0,8.0,0.0,1.0,5.0,0.0,18.0,5.0,172.0,15.0,9.0,0.0,3.0,4.0,0.0,3.0,6.0,3.0,2.0,0.0,0.0,1.0,0.0,1.0,5.0,2.0,4.0,13.0,4.0,6.0,1.0,1.0,9.0,0.0,3.0,2.0,8.0,1.0,0.0,1.0,1.0,12.0,4.0,4.0,6.0,1.0,1.0,0.0,3.0,0.0,5.0,2.0,0.0,5.0,2.0,0.0,10.0,15.0,3.0,2.0,12.0,25.0,7.0,3.0,0.0,8.0,5.0
330,5.0,5.0,9.0,2.0,0.0,2.0,5.0,1.0,0.0,0.0,1.0,0.0,0.0,3.0,4.0,0.0,9.0,0.0,9.0,2.0,12.0,1.0,8.0,3.0,2.0,2.0,12.0,193.0,10.0,0.0,20.0,12.0,1.0,0.0,0.0,2.0,0.0,1.0,1.0,3.0,7.0,87.0,7.0,0.0,6.0,0.0,9.0,3.0,4.0,1.0,0.0,10.0,7.0,2.0,2.0,8.0,12.0,0.0,8.0,3.0,0.0,8.0,2.0,12.0,1.0,25.0,6.0,0.0,12.0,0.0,1.0,9.0,0.0,4.0,0.0,0.0,0.0,6.0,10.0,7.0,21.0,5.0,3.0,8.0,0.0,0.0,3.0,0.0,0.0,4.0,0.0,13.0,4.0,0.0,3.0,9.0,2.0,16.0,1.0,3.0
331,15.0,1.0,8.0,0.0,0.0,10.0,3.0,0.0,10.0,0.0,6.0,8.0,9.0,1.0,37.0,3.0,26.0,10.0,15.0,26.0,2.0,9.0,0.0,13.0,3.0,0.0,4.0,160.0,7.0,7.0,3.0,2.0,17.0,0.0,1.0,8.0,18.0,20.0,0.0,7.0,6.0,120.0,15.0,12.0,2.0,3.0,2.0,2.0,10.0,10.0,0.0,9.0,13.0,1.0,0.0,2.0,0.0,1.0,11.0,0.0,0.0,1.0,10.0,2.0,0.0,10.0,1.0,3.0,1.0,9.0,1.0,2.0,23.0,7.0,0.0,0.0,11.0,24.0,0.0,0.0,1.0,11.0,0.0,1.0,21.0,0.0,1.0,7.0,0.0,8.0,2.0,4.0,2.0,1.0,9.0,0.0,0.0,1.0,1.0,0.0
332,8.0,0.0,0.0,3.0,7.0,3.0,0.0,1.0,3.0,0.0,9.0,5.0,3.0,2.0,9.0,7.0,4.0,2.0,15.0,3.0,1.0,3.0,0.0,0.0,4.0,1.0,9.0,109.0,3.0,0.0,1.0,7.0,6.0,5.0,6.0,0.0,0.0,15.0,1.0,0.0,4.0,84.0,0.0,7.0,2.0,7.0,4.0,0.0,0.0,2.0,18.0,8.0,2.0,7.0,0.0,17.0,1.0,3.0,0.0,0.0,3.0,7.0,11.0,2.0,0.0,0.0,1.0,5.0,1.0,2.0,11.0,6.0,0.0,17.0,10.0,3.0,10.0,8.0,3.0,1.0,1.0,0.0,2.0,11.0,1.0,2.0,18.0,0.0,0.0,8.0,7.0,7.0,4.0,4.0,1.0,10.0,0.0,3.0,3.0,2.0
333,7.0,0.0,11.0,0.0,0.0,0.0,5.0,6.0,2.0,1.0,4.0,4.0,9.0,0.0,7.0,0.0,27.0,4.0,0.0,2.0,0.0,5.0,2.0,1.0,26.0,3.0,4.0,114.0,15.0,12.0,0.0,5.0,6.0,2.0,0.0,0.0,11.0,14.0,9.0,0.0,0.0,177.0,3.0,2.0,10.0,7.0,14.0,1.0,6.0,10.0,4.0,7.0,17.0,4.0,9.0,0.0,1.0,5.0,0.0,11.0,14.0,20.0,2.0,10.0,2.0,0.0,24.0,8.0,3.0,0.0,9.0,13.0,3.0,0.0,0.0,10.0,1.0,7.0,0.0,1.0,0.0,16.0,0.0,1.0,0.0,15.0,3.0,0.0,2.0,3.0,5.0,2.0,24.0,1.0,6.0,4.0,8.0,3.0,8.0,1.0
334,3.0,0.0,7.0,14.0,2.0,0.0,6.0,0.0,0.0,3.0,1.0,4.0,3.0,2.0,2.0,3.0,1.0,8.0,5.0,13.0,0.0,6.0,32.0,46.0,6.0,19.0,1.0,169.0,11.0,0.0,16.0,1.0,0.0,0.0,4.0,1.0,1.0,11.0,0.0,8.0,2.0,126.0,0.0,11.0,0.0,11.0,7.0,0.0,17.0,2.0,1.0,0.0,0.0,2.0,0.0,3.0,12.0,13.0,0.0,2.0,7.0,5.0,17.0,8.0,0.0,28.0,12.0,0.0,4.0,2.0,0.0,0.0,0.0,10.0,1.0,0.0,0.0,21.0,3.0,5.0,1.0,6.0,1.0,0.0,3.0,5.0,6.0,8.0,3.0,2.0,0.0,6.0,9.0,5.0,1.0,0.0,1.0,3.0,18.0,0.0
335,1.0,1.0,13.0,2.0,5.0,16.0,2.0,0.0,3.0,14.0,5.0,15.0,14.0,5.0,3.0,1.0,1.0,5.0,0.0,2.0,3.0,2.0,7.0,2.0,1.0,1.0,1.0,213.0,0.0,27.0,0.0,0.0,12.0,1.0,9.0,2.0,1.0,0.0,2.0,5.0,0.0,115.0,0.0,0.0,14.0,8.0,23.0,10.0,3.0,0.0,4.0,5.0,13.0,0.0,7.0,10.0,0.0,1.0,8.0,3.0,0.0,4.0,2.0,4.0,11.0,0.0,12.0,0.0,1.0,5.0,0.0,7.0,13.0,13.0,0.0,0.0,9.0,13.0,0.0,5.0,25.0,0.0,2.0,1.0,0.0,11.0,3.0,0.0,1.0,1.0,6.0,5.0,0.0,1.0,3.0,8.0,12.0,0.0,30.0,14.0
336,4.0,4.0,3.0,0.0,11.0,6.0,1.0,1.0,11.0,10.0,10.0,6.0,0.0,9.0,19.0,0.0,0.0,3.0,14.0,19.0,3.0,0.0,1.0,2.0,5.0,4.0,1.0,66.0,7.0,2.0,1.0,0.0,19.0,2.0,23.0,5.0,1.0,5.0,0.0,0.0,6.0,166.0,8.0,7.0,4.0,11.0,20.0,3.0,0.0,0.0,4.0,1.0,1.0,1.0,0.0,0.0,3.0,0.0,20.0,0.0,6.0,1.0,5.0,3.0,2.0,18.0,0.0,0.0,4.0,13.0,9.0,21.0,3.0,6.0,4.0,3.0,8.0,0.0,1.0,6.0,1.0,0.0,1.0,0.0,14.0,15.0,11.0,33.0,7.0,0.0,2.0,3.0,0.0,6.0,1.0,6.0,6.0,0.0,0.0,3.0
337,1.0,2.0,4.0,1.0,1.0,2.0,13.0,0.0,17.0,5.0,0.0,4.0,0.0,1.0,1.0,4.0,5.0,4.0,6.0,0.0,1.0,3.0,1.0,0.0,0.0,0.0,0.0,87.0,13.0,7.0,15.0,6.0,0.0,12.0,0.0,14.0,15.0,0.0,1.0,6.0,0.0,130.0,3.0,5.0,0.0,1.0,9.0,5.0,0.0,1.0,8.0,2.0,3.0,8.0,10.0,0.0,38.0,9.0,1.0,0.0,1.0,25.0,2.0,2.0,7.0,1.0,10.0,21.0,0.0,0.0,5.0,1.0,1.0,1.0,3.0,13.0,1.0,7.0,3.0,30.0,0.0,10.0,9.0,8.0,7.0,2.0,18.0,4.0,10.0,0.0,0.0,2.0,0.0,5.0,2.0,1.0,4.0,16.0,4.0,1.0
338,13.0,4.0,13.0,3.0,0.0,6.0,8.0,5.0,0.0,0.0,5.0,0.0,0.0,1.0,1.0,3.0,0.0,16.0,29.0,1.0,2.0,5.0,3.0,14.0,0.0,14.0,15.0,191.0,16.0,0.0,0.0,5.0,0.0,0.0,1.0,5.0,0.0,0.0,11.0,3.0,1.0,79.0,0.0,18.0,2.0,7.0,1.0,19.0,4.0,10.0,1.0,3.0,2.0,0.0,2.0,1.0,1.0,2.0,3.0,0.0,0.0,5.0,4.0,1.0,1.0,6.0,2.0,9.0,13.0,2.0,0.0,20.0,0.0,3.0,0.0,7.0,6.0,5.0,0.0,2.0,25.0,2.0,8.0,4.0,9.0,18.0,2.0,8.0,13.0,17.0,4.0,0.0,0.0,32.0,7.0,12.0,0.0,5.0,0.0,6.0
339,3.0,7.0,10.0,4.0,9.0,1.0,3.0,9.0,10.0,0.0,0.0,5.0,10.0,2.0,3.0,2.0,0.0,2.0,3.0,17.0,4.0,1.0,4.0,1.0,4.0,2.0,10.0,72.0,1.0,1.0,0.0,2.0,0.0,10.0,15.0,1.0,2.0,12.0,8.0,1.0,2.0,92.0,4.0,3.0,0.0,12.0,20.0,7.0,9.0,2.0,11.0,9.0,1.0,20.0,0.0,3.0,4.0,0.0,5.0,0.0,8.0,0.0,6.0,6.0,16.0,9.0,0.0,8.0,0.0,3.0,0.0,2.0,0.0,14.0,9.0,14.0,2.0,2.0,0.0,2.0,1.0,0.0,1.0,18.0,0.0,3.0,3.0,0.0,4.0,1.0,11.0,3.0,11.0,12.0,0.0,3.0,1.0,1.0,3.0,1.0
340,2.0,12.0,1.0,0.0,3.0,7.0,27.0,26.0,28.0,0.0,0.0,4.0,0.0,4.0,1.0,4.0,0.0,1.0,6.0,3.0,0.0,1.0,14.0,0.0,3.0,4.0,1.0,112.0,1.0,6.0,6.0,4.0,8.0,0.0,4.0,2.0,10.0,1.0,0.0,0.0,0.0,85.0,10.0,0.0,13.0,1.0,0.0,0.0,0.0,3.0,0.0,9.0,4.0,12.0,11.0,15.0,15.0,0.0,0.0,1.0,7.0,0.0,5.0,5.0,7.0,3.0,3.0,2.0,2.0,12.0,0.0,10.0,1.0,2.0,0.0,7.0,3.0,0.0,6.0,15.0,3.0,0.0,15.0,6.0,0.0,2.0,3.0,1.0,3.0,7.0,17.0,6.0,8.0,0.0,7.0,5.0,0.0,5.0,0.0,23.0
341,0.0,6.0,1.0,0.0,8.0,7.0,14.0,3.0,0.0,4.0,18.0,3.0,0.0,0.0,1.0,4.0,6.0,2.0,10.0,1.0,1.0,4.0,5.0,11.0,0.0,0.0,8.0,124.0,15.0,7.0,14.0,12.0,15.0,0.0,6.0,0.0,2.0,4.0,11.0,1.0,4.0,152.0,3.0,2.0,10.0,0.0,0.0,5.0,4.0,3.0,17.0,0.0,0.0,0.0,0.0,3.0,0.0,5.0,5.0,3.0,9.0,5.0,2.0,1.0,12.0,0.0,0.0,0.0,8.0,2.0,3.0,0.0,0.0,6.0,2.0,0.0,5.0,1.0,0.0,4.0,25.0,1.0,3.0,11.0,21.0,9.0,0.0,11.0,2.0,4.0,11.0,4.0,0.0,12.0,5.0,0.0,1.0,4.0,3.0,1.0
342,7.0,0.0,0.0,2.0,0.0,0.0,0.0,1.0,0.0,12.0,3.0,1.0,4.0,17.0,31.0,4.0,8.0,2.0,2.0,11.0,9.0,18.0,4.0,8.0,15.0,6.0,16.0,133.0,9.0,5.0,2.0,2.0,1.0,1.0,0.0,10.0,2.0,3.0,7.0,1.0,0.0,159.0,8.0,2.0,0.0,1.0,1.0,1.0,3.0,9.0,2.0,8.0,8.0,1.0,1.0,2.0,4.0,7.0,10.0,1.0,9.0,1.0,2.0,0.0,9.0,20.0,1.0,1.0,34.0,7.0,2.0,2.0,0.0,0.0,0.0,8.0,7.0,0.0,0.0,0.0,3.0,2.0,0.0,1.0,1.0,0.0,7.0,25.0,5.0,5.0,8.0,7.0,4.0,1.0,0.0,18.0,1.0,12.0,0.0,2.0
343,1.0,1.0,0.0,0.0,4.0,0.0,0.0,6.0,0.0,0.0,13.0,9.0,0.0,1.0,9.0,3.0,0.0,13.0,9.0,0.0,3.0,1.0,1.0,0.0,2.0,0.0,10.0,79.0,14.0,0.0,3.0,5.0,5.0,17.0,0.0,0.0,2.0,1.0,4.0,2.0,0.0,105.0,17.0,0.0,3.0,9.0,3.0,16.0,12.0,0.0,7.0,0.0,9.0,3.0,0.0,5.0,9.0,0.0,6.0,1.0,21.0,9.0,27.0,5.0,4.0,0.0,0.0,0.0,2.0,9.0,0.0,2.0,0.0,10.0,1.0,15.0,23.0,20.0,0.0,1.0,0.0,6.0,1.0,1.0,13.0,15.0,0.0,12.0,0.0,0.0,25.0,3.0,10.0,3.0,9.0,11.0,2.0,0.0,6.0,2.0
344,0.0,3.0,0.0,8.0,7.0,0.0,0.0,5.0,1.0,11.0,8.0,0.0,0.0,0.0,8.0,7.0,39.0,0.0,0.0,6.0,1.0,2.0,0.0,6.0,3.0,2.0,3.0,138.0,3.0,0.0,7.0,1.0,6.0,1.0,21.0,7.0,4.0,1.0,8.0,0.0,1.0,120.0,4.0,4.0,0.0,4.0,4.0,11.0,1.0,16.0,5.0,0.0,2.0,15.0,3.0,0.0,13.0,10.0,0.0,0.0,11.0,0.0,0.0,6.0,2.0,0.0,0.0,1.0,20.0,4.0,3.0,0.0,1.0,13.0,0.0,5.0,0.0,0.0,0.0,0.0,7.0,4.0,11.0,3.0,11.0,2.0,11.0,10.0,4.0,0.0,4.0,11.0,0.0,0.0,10.0,2.0,0.0,1.0,1.0,11.0
345,0.0,8.0,2.0,1.0,12.0,3.0,10.0,2.0,3.0,1.0,3.0,4.0,0.0,0.0,16.0,17.0,0.0,4.0,4.0,29.0,0.0,0.0,11.0,0.0,4.0,1.0,11.0,195.0,1.0,3.0,4.0,7.0,0.0,4.0,2.0,11.0,1.0,9.0,4.0,0.0,0.0,91.0,6.0,11.0,3.0,1.0,0.0,15.0,2.0,1.0,2.0,11.0,12.0,3.0,1.0,5.0,8.0,0.0,0.0,0.0,0.0,23.0,3.0,2.0,2.0,0.0,0.0,0.0,0.0,9.0,8.0,3.0,1.0,8.0,3.0,0.0,0.0,0.0,0.0,34.0,0.0,42.0,0.0,2.0,0.0,4.0,9.0,0.0,27.0,0.0,0.0,4.0,1.0,20.0,0.0,3.0,0.0,3.0,0.0,1.0
346,14.0,0.0,1.0,0.0,12.0,3.0,0.0,24.0,3.0,12.0,15.0,2.0,5.0,3.0,5.0,9.0,3.0,0.0,0.0,7.0,0.0,4.0,0.0,3.0,0.0,5.0,3.0,149.0,0.0,17.0,8.0,0.0,0.0,0.0,7.0,12.0,1.0,37.0,7.0,0.0,7.0,192.0,9.0,2.0,1.0,4.0,4.0,5.0,3.0,2.0,4.0,5.0,10.0,23.0,10.0,0.0,10.0,10.0,17.0,3.0,0.0,6.0,5.0,3.0,4.0,1.0,8.0,4.0,4.0,0.0,15.0,37.0,19.0,1.0,0.0,0.0,6.0,2.0,11.0,7.0,1.0,2.0,3.0,18.0,14.0,1.0,1.0,1.0,17.0,1.0,3.0,6.0,5.0,4.0,0.0,3.0,17.0,16.0,2.0,17.0
347,1.0,0.0,2.0,10.0,1.0,3.0,25.0,8.0,7.0,1.0,4.0,5.0,8.0,8.0,2.0,0.0,9.0,16.0,16.0,1.0,7.0,7.0,1.0,1.0,0.0,3.0,1.0,179.0,1.0,7.0,3.0,0.0,0.0,2.0,1.0,21.0,0.0,3.0,2.0,13.0,0.0,107.0,0.0,28.0,7.0,25.0,3.0,3.0,0.0,8.0,0.0,3.0,14.0,3.0,0.0,2.0,0.0,13.0,33.0,0.0,2.0,1.0,3.0,2.0,0.0,21.0,0.0,0.0,2.0,1.0,0.0,9.0,0.0,0.0,3.0,0.0,0.0,4.0,1.0,5.0,1.0,1.0,0.0,1.0,0.0,6.0,2.0,8.0,3.0,0.0,3.0,22.0,0.0,12.0,7.0,1.0,7.0,3.0,10.0,3.0
348,0.0,7.0,0.0,2.0,11.0,0.0,0.0,0.0,2.0,2.0,0.0,2.0,4.0,15.0,2.0,5.0,1.0,1.0,4.0,1.0,14.0,5.0,0.0,0.0,0.0,1.0,2.0,100.0,6.0,0.0,4.0,2.0,16.0,7.0,5.0,1.0,1.0,0.0,1.0,0.0,1.0,110.0,16.0,10.0,18.0,1.0,9.0,12.0,14.0,1.0,7.0,0.0,0.0,4.0,4.0,13.0,3.0,0.0,13.0,4.0,8.0,1.0,13.0,18.0,0.0,21.0,4.0,1.0,2.0,2.0,1.0,1.0,3.0,0.0,0.0,0.0,0.0,8.0,2.0,0.0,3.0,6.0,4.0,0.0,4.0,4.0,0.0,10.0,2.0,11.0,0.0,1.0,1.0,25.0,16.0,4.0,2.0,1.0,0.0,0.0
349,0.0,1.0,12.0,10.0,1.0,1.0,19.0,0.0,0.0,2.0,0.0,2.0,1.0,0.0,16.0,4.0,0.0,5.0,0.0,2.0,2.0,12.0,21.0,3.0,15.0,5.0,0.0,135.0,8.0,1.0,4.0,1.0,1.0,5.0,4.0,0.0,0.0,0.0,16.0,0.0,12.0,139.0,5.0,17.0,3.0,5.0,1.0,2.0,10.0,5.0,4.0,11.0,1.0,0.0,2.0,1.0,1.0,3.0,2.0,2.0,0.0,0.0,5.0,1.0,0.0,2.0,6.0,8.0,1.0,4.0,3.0,4.0,3.0,4.0,2.0,6.0,5.0,5.0,2.0,5.0,1.0,0.0,9.0,8.0,0.0,3.0,12.0,5.0,12.0,0.0,1.0,20.0,8.0,2.0,6.0,7.0,1.0,18.0,0.0,9.0
350,3.0,1.0,1.0,1.0,7.0,1.0,4.0,0.0,1.0,0.0,0.0,3.0,1.0,11.0,18.0,4.0,7.0,9.0,14.0,0.0,13.0,0.0,2.0,4.0,2.0,0.0,0.0,133.0,2.0,2.0,3.0,12.0,7.0,12.0,3.0,2.0,0.0,0.0,3.0,5.0,11.0,77.0,3.0,7.0,7.0,1.0,2.0,1.0,2.0,4.0,1.0,10.0,6.0,1.0,10.0,3.0,8.0,3.0,0.0,6.0,1.0,7.0,11.0,1.0,5.0,10.0,0.0,0.0,19.0,25.0,1.0,0.0,9.0,2.0,4.0,3.0,3.0,6.0,0.0,5.0,1.0,5.0,2.0,0.0,1.0,5.0,1.0,0.0,2.0,0.0,1.0,0.0,1.0,16.0,32.0,1.0,0.0,2.0,6.0,7.0
351,1.0,1.0,10.0,3.0,3.0,6.0,31.0,2.0,6.0,3.0,2.0,3.0,2.0,0.0,6.0,0.0,0.0,12.0,0.0,0.0,0.0,8.0,15.0,1.0,5.0,1.0,0.0,175.0,6.0,7.0,0.0,9.0,0.0,2.0,0.0,8.0,13.0,0.0,11.0,0.0,4.0,105.0,4.0,27.0,0.0,11.0,10.0,0.0,3.0,7.0,0.0,6.0,4.0,7.0,4.0,4.0,0.0,0.0,1.0,1.0,19.0,1.0,3.0,1.0,5.0,1.0,0.0,0.0,10.0,4.0,1.0,4.0,3.0,0.0,3.0,6.0,3.0,6.0,9.0,0.0,0.0,8.0,10.0,2.0,0.0,0.0,10.0,6.0,6.0,5.0,3.0,18.0,0.0,12.0,0.0,9.0,0.0,1.0,14.0,0.0
352,3.0,1.0,0.0,1.0,0.0,0.0,5.0,2.0,12.0,0.0,0.0,4.0,0.0,3.0,1.0,1.0,10.0,6.0,2.0,0.0,10.0,18.0,13.0,5.0,1.0,11.0,16.0,136.0,5.0,5.0,23.0,7.0,0.0,6.0,12.0,20.0,1.0,17.0,2.0,0.0,0.0,85.0,18.0,41.0,1.0,1.0,11.0,6.0,2.0,0.0,29.0,0.0,1.0,0.0,3.0,5.0,1.0,5.0,5.0,1.0,0.0,11.0,8.0,12.0,4.0,2.0,2.0,0.0,7.0,10.0,12.0,7.0,9.0,1.0,0.0,1.0,1.0,2.0,11.0,0.0,3.0,8.0,0.0,1.0,3.0,2.0,1.0,2.0,5.0,0.0,8.0,3.0,1.0,0.0,1.0,0.0,6.0,9.0,3.0,0.0
353,11.0,3.0,0.0,38.0,1.0,0.0,1.0,0.0,6.0,3.0,0.0,9.0,3.0,1.0,2.0,1.0,2.0,3.0,4.0,8.0,0.0,5.0,8.0,2.0,23.0,6.0,0.0,84.0,3.0,2.0,16.0,21.0,2.0,0.0,2.0,2.0,1.0,1.0,3.0,1.0,8.0,75.0,3.0,4.0,22.0,0.0,3.0,2.0,10.0,2.0,1.0,26.0,3.0,7.0,4.0,1.0,19.0,5.0,6.0,8.0,1.0,5.0,2.0,3.0,1.0,0.0,2.0,6.0,2.0,3.0,19.0,0.0,11.0,2.0,0.0,8.0,18.0,0.0,4.0,17.0,0.0,8.0,10.0,0.0,5.0,12.0,15.0,9.0,19.0,1.0,18.0,0.0,3.0,22.0,16.0,4.0,5.0,1.0,0.0,3.0
354,0.0,15.0,5.0,0.0,3.0,0.0,3.0,0.0,2.0,13.0,5.0,0.0,2.0,11.0,0.0,4.0,41.0,0.0,8.0,17.0,11.0,4.0,2.0,2.0,1.0,15.0,0.0,134.0,1.0,1.0,0.0,1.0,8.0,3.0,15.0,9.0,2.0,19.0,7.0,1.0,0.0,88.0,6.0,0.0,0.0,0.0,0.0,2.0,6.0,0.0,7.0,6.0,6.0,0.0,0.0,5.0,2.0,18.0,6.0,4.0,1.0,9.0,22.0,3.0,9.0,14.0,2.0,1.0,0.0,0.0,0.0,12.0,0.0,1.0,12.0,1.0,5.0,14.0,0.0,12.0,13.0,2.0,27.0,0.0,0.0,2.0,3.0,1.0,0.0,0.0,31.0,1.0,4.0,11.0,5.0,0.0,3.0,0.0,5.0,3.0
355,0.0,0.0,7.0,4.0,2.0,6.0,0.0,14.0,4.0,5.0,3.0,2.0,5.0,9.0,7.0,0.0,1.0,18.0,4.0,0.0,0.0,0.0,0.0,4.0,3.0,0.0,1.0,198.0,2.0,10.0,5.0,8.0,5.0,5.0,8.0,9.0,1.0,1.0,2.0,9.0,0.0,170.0,10.0,3.0,4.0,5.0,2.0,1.0,7.0,15.0,1.0,0.0,0.0,17.0,7.0,0.0,4.0,7.0,2.0,0.0,1.0,1.0,19.0,3.0,1.0,0.0,0.0,0.0,3.0,0.0,14.0,14.0,2.0,2.0,2.0,13.0,8.0,8.0,0.0,25.0,7.0,2.0,0.0,9.0,10.0,1.0,3.0,13.0,2.0,0.0,4.0,4.0,3.0,3.0,9.0,0.0,2.0,6.0,0.0,0.0
356,6.0,1.0,10.0,14.0,1.0,3.0,1.0,1.0,4.0,1.0,4.0,2.0,1.0,0.0,2.0,0.0,0.0,1.0,2.0,5.0,1.0,6.0,3.0,0.0,3.0,0.0,9.0,88.0,2.0,10.0,0.0,8.0,5.0,13.0,11.0,1.0,2.0,0.0,7.0,11.0,0.0,105.0,5.0,0.0,4.0,19.0,0.0,8.0,0.0,15.0,0.0,0.0,0.0,16.0,2.0,2.0,0.0,2.0,7.0,4.0,1.0,3.0,1.0,9.0,0.0,17.0,1.0,7.0,0.0,1.0,5.0,5.0,3.0,8.0,0.0,0.0,2.0,5.0,0.0,4.0,4.0,0.0,3.0,5.0,1.0,0.0,0.0,2.0,2.0,1.0,17.0,0.0,3.0,1.0,1.0,6.0,6.0,0.0,6.0,2.0
357,8.0,2.0,1.0,1.0,5.0,4.0,6.0,0.0,9.0,0.0,1.0,2.0,9.0,1.0,1.0,11.0,4.0,23.0,0.0,9.0,23.0,7.0,1.0,30.0,1.0,3.0,7.0,91.0,1.0,1.0,0.0,3.0,0.0,7.0,0.0,10.0,7.0,9.0,7.0,4.0,0.0,87.0,8.0,1.0,0.0,2.0,3.0,4.0,7.0,0.0,0.0,0.0,3.0,0.0,1.0,6.0,5.0,7.0,4.0,2.0,11.0,1.0,0.0,0.0,4.0,0.0,7.0,3.0,3.0,5.0,6.0,0.0,0.0,0.0,1.0,0.0,3.0,13.0,0.0,1.0,0.0,1.0,20.0,5.0,8.0,1.0,2.0,2.0,0.0,10.0,1.0,0.0,0.0,0.0,1.0,0.0,9.0,0.0,4.0,0.0
358,9.0,5.0,8.0,3.0,2.0,5.0,3.0,0.0,2.0,12.0,3.0,21.0,21.0,1.0,20.0,5.0,2.0,3.0,7.0,1.0,0.0,0.0,6.0,5.0,1.0,13.0,1.0,169.0,3.0,13.0,1.0,8.0,1.0,0.0,2.0,1.0,18.0,15.0,0.0,1.0,4.0,85.0,2.0,4.0,1.0,7.0,22.0,5.0,1.0,9.0,0.0,0.0,10.0,0.0,0.0,0.0,19.0,7.0,3.0,4.0,10.0,0.0,1.0,1.0,0.0,12.0,5.0,5.0,2.0,3.0,8.0,1.0,6.0,0.0,3.0,0.0,10.0,0.0,5.0,13.0,7.0,5.0,0.0,0.0,0.0,0.0,0.0,1.0,11.0,1.0,9.0,8.0,0.0,0.0,0.0,6.0,3.0,2.0,0.0,2.0
359,0.0,3.0,10.0,18.0,1.0,0.0,11.0,5.0,8.0,1.0,1.0,1.0,12.0,5.0,6.0,0.0,6.0,11.0,1.0,10.0,4.0,11.0,1.0,3.0,2.0,0.0,3.0,87.0,2.0,0.0,6.0,10.0,3.0,1.0,8.0,6.0,20.0,1.0,0.0,6.0,18.0,144.0,2.0,0.0,10.0,27.0,0.0,1.0,20.0,0.0,0.0,15.0,14.0,10.0,3.0,4.0,0.0,4.0,2.0,4.0,10.0,31.0,0.0,0.0,3.0,2.0,0.0,10.0,4.0,3.0,3.0,0.0,9.0,0.0,1.0,4.0,1.0,4.0,4.0,5.0,1.0,3.0,6.0,2.0,1.0,2.0,7.0,1.0,6.0,1.0,19.0,3.0,1.0,24.0,9.0,5.0,11.0,16.0,0.0,1.0
360,0.0,31.0,3.0,7.0,1.0,5.0,5.0,0.0,2.0,0.0,2.0,11.0,1.0,3.0,0.0,6.0,2.0,0.0,0.0,14.0,8.0,5.0,4.0,5.0,1.0,7.0,5.0,208.0,13.0,3.0,1.0,0.0,10.0,6.0,13.0,3.0,2.0,0.0,2.0,2.0,0.0,93.0,1.0,0.0,3.0,1.0,1.0,4.0,5.0,1.0,14.0,7.0,0.0,5.0,0.0,0.0,8.0,4.0,4.0,27.0,3.0,0.0,2.0,1.0,12.0,5.0,4.0,3.0,5.0,0.0,2.0,6.0,4.0,2.0,9.0,3.0,13.0,24.0,7.0,0.0,0.0,14.0,2.0,3.0,0.0,0.0,0.0,1.0,8.0,1.0,0.0,0.0,10.0,15.0,37.0,4.0,1.0,14.0,0.0,10.0
361,9.0,8.0,0.0,7.0,4.0,1.0,5.0,2.0,5.0,6.0,3.0,2.0,9.0,2.0,1.0,10.0,0.0,13.0,14.0,9.0,3.0,2.0,0.0,0.0,2.0,1.0,6.0,109.0,0.0,7.0,2.0,14.0,2.0,0.0,0.0,14.0,11.0,0.0,13.0,18.0,6.0,191.0,1.0,1.0,7.0,6.0,0.0,16.0,0.0,1.0,4.0,0.0,0.0,2.0,4.0,0.0,0.0,7.0,0.0,19.0,0.0,1.0,6.0,10.0,0.0,0.0,1.0,3.0,10.0,41.0,0.0,0.0,14.0,1.0,3.0,2.0,10.0,0.0,2.0,9.0,12.0,2.0,0.0,3.0,2.0,14.0,0.0,3.0,1.0,0.0,1.0,6.0,4.0,10.0,0.0,0.0,2.0,1.0,11.0,2.0
362,2.0,4.0,1.0,2.0,2.0,13.0,3.0,0.0,10.0,7.0,0.0,0.0,0.0,2.0,0.0,0.0,0.0,4.0,1.0,1.0,9.0,1.0,0.0,10.0,0.0,7.0,2.0,89.0,0.0,5.0,3.0,14.0,2.0,1.0,6.0,3.0,1.0,6.0,3.0,2.0,1.0,198.0,0.0,0.0,1.0,0.0,1.0,6.0,7.0,2.0,1.0,0.0,0.0,0.0,3.0,29.0,4.0,1.0,0.0,3.0,5.0,0.0,3.0,1.0,3.0,1.0,2.0,0.0,1.0,0.0,1.0,32.0,21.0,5.0,13.0,6.0,4.0,0.0,1.0,8.0,1.0,7.0,3.0,4.0,1.0,1.0,10.0,13.0,0.0,0.0,0.0,0.0,3.0,6.0,1.0,15.0,1.0,0.0,0.0,2.0
363,3.0,2.0,5.0,15.0,0.0,10.0,8.0,1.0,0.0,1.0,7.0,0.0,9.0,0.0,2.0,6.0,4.0,4.0,18.0,1.0,0.0,0.0,4.0,21.0,1.0,0.0,5.0,102.0,4.0,9.0,3.0,1.0,0.0,2.0,6.0,1.0,12.0,6.0,5.0,0.0,11.0,100.0,7.0,4.0,16.0,3.0,1.0,13.0,1.0,1.0,4.0,5.0,1.0,23.0,0.0,4.0,0.0,6.0,6.0,3.0,1.0,2.0,6.0,0.0,1.0,0.0,1.0,2.0,0.0,0.0,0.0,0.0,1.0,22.0,0.0,0.0,0.0,3.0,1.0,2.0,10.0,12.0,10.0,1.0,0.0,0.0,0.0,18.0,14.0,0.0,11.0,0.0,2.0,0.0,0.0,2.0,9.0,44.0,0.0,3.0
364,0.0,5.0,1.0,17.0,4.0,0.0,4.0,0.0,3.0,10.0,2.0,4.0,0.0,4.0,0.0,18.0,6.0,2.0,3.0,5.0,5.0,2.0,0.0,2.0,6.0,0.0,2.0,120.0,3.0,0.0,14.0,16.0,8.0,0.0,7.0,24.0,6.0,0.0,13.0,8.0,6.0,74.0,0.0,2.0,4.0,1.0,9.0,3.0,2.0,1.0,2.0,6.0,0.0,11.0,1.0,1.0,0.0,2.0,18.0,3.0,1.0,8.0,8.0,0.0,3.0,19.0,6.0,0.0,0.0,14.0,7.0,1.0,1.0,12.0,8.0,0.0,0.0,8.0,8.0,10.0,1.0,0.0,2.0,0.0,2.0,15.0,0.0,18.0,0.0,1.0,0.0,0.0,1.0,0.0,0.0,5.0,45.0,5.0,11.0,0.0
365,2.0,6.0,0.0,4.0,13.0,1.0,5.0,0.0,4.0,6.0,6.0,4.0,2.0,0.0,8.0,2.0,0.0,1.0,8.0,6.0,1.0,0.0,1.0,1.0,2.0,0.0,2.0,166.0,25.0,0.0,19.0,0.0,0.0,1.0,11.0,5.0,1.0,11.0,4.0,0.0,21.0,84.0,1.0,5.0,2.0,6.0,3.0,4.0,0.0,4.0,3.0,0.0,4.0,0.0,1.0,1.0,12.0,1.0,5.0,9.0,3.0,3.0,40.0,0.0,6.0,0.0,0.0,4.0,0.0,5.0,0.0,1.0,0.0,2.0,0.0,1.0,0.0,5.0,2.0,3.0,1.0,0.0,0.0,1.0,8.0,1.0,8.0,0.0,1.0,0.0,4.0,2.0,3.0,6.0,0.0,6.0,1.0,7.0,2.0,1.0
366,0.0,4.0,2.0,4.0,3.0,6.0,0.0,0.0,7.0,1.0,6.0,16.0,0.0,19.0,1.0,0.0,3.0,3.0,6.0,8.0,10.0,5.0,3.0,6.0,10.0,12.0,1.0,156.0,6.0,4.0,15.0,1.0,2.0,2.0,4.0,4.0,3.0,35.0,0.0,2.0,1.0,96.0,3.0,5.0,0.0,1.0,0.0,2.0,27.0,0.0,0.0,14.0,11.0,10.0,0.0,3.0,5.0,5.0,0.0,11.0,31.0,1.0,1.0,0.0,2.0,0.0,0.0,16.0,0.0,14.0,11.0,0.0,0.0,13.0,0.0,0.0,22.0,15.0,10.0,4.0,9.0,10.0,3.0,4.0,13.0,1.0,0.0,7.0,5.0,1.0,8.0,12.0,3.0,0.0,1.0,0.0,0.0,20.0,0.0,0.0
367,12.0,3.0,0.0,4.0,0.0,0.0,0.0,0.0,0.0,2.0,1.0,10.0,2.0,4.0,14.0,3.0,1.0,3.0,4.0,0.0,3.0,8.0,0.0,1.0,5.0,3.0,3.0,161.0,2.0,0.0,3.0,3.0,0.0,0.0,1.0,3.0,11.0,1.0,1.0,2.0,0.0,100.0,8.0,19.0,27.0,0.0,11.0,4.0,0.0,0.0,0.0,9.0,0.0,0.0,1.0,3.0,2.0,0.0,7.0,4.0,4.0,3.0,3.0,2.0,14.0,0.0,0.0,48.0,17.0,5.0,8.0,14.0,16.0,0.0,4.0,10.0,8.0,1.0,1.0,1.0,1.0,10.0,2.0,3.0,20.0,0.0,14.0,0.0,4.0,0.0,10.0,1.0,27.0,0.0,1.0,7.0,0.0,2.0,3.0,1.0
368,4.0,1.0,4.0,0.0,0.0,0.0,4.0,0.0,0.0,4.0,0.0,1.0,1.0,2.0,0.0,22.0,26.0,0.0,14.0,0.0,0.0,46.0,1.0,3.0,1.0,3.0,5.0,86.0,9.0,5.0,5.0,3.0,11.0,4.0,7.0,2.0,2.0,0.0,3.0,7.0,2.0,156.0,0.0,17.0,1.0,4.0,10.0,13.0,11.0,0.0,1.0,0.0,3.0,0.0,4.0,21.0,0.0,1.0,1.0,0.0,0.0,6.0,1.0,10.0,0.0,9.0,0.0,6.0,0.0,10.0,0.0,0.0,1.0,3.0,5.0,1.0,11.0,11.0,5.0,11.0,4.0,5.0,0.0,21.0,3.0,1.0,1.0,0.0,0.0,40.0,1.0,0.0,2.0,23.0,7.0,4.0,1.0,2.0,5.0,1.0
369,5.0,0.0,3.0,1.0,9.0,1.0,11.0,1.0,17.0,4.0,0.0,3.0,2.0,23.0,4.0,0.0,8.0,0.0,0.0,6.0,0.0,17.0,2.0,0.0,9.0,0.0,2.0,156.0,10.0,0.0,3.0,2.0,0.0,1.0,2.0,8.0,7.0,2.0,0.0,2.0,3.0,146.0,0.0,17.0,10.0,1.0,0.0,2.0,1.0,1.0,0.0,20.0,3.0,1.0,0.0,2.0,0.0,8.0,3.0,4.0,4.0,3.0,0.0,2.0,10.0,22.0,0.0,4.0,2.0,19.0,0.0,0.0,4.0,1.0,3.0,11.0,0.0,1.0,0.0,8.0,1.0,5.0,0.0,0.0,13.0,0.0,12.0,0.0,1.0,6.0,5.0,1.0,12.0,0.0,2.0,6.0,2.0,3.0,1.0,0.0
370,10.0,2.0,8.0,5.0,12.0,2.0,6.0,7.0,2.0,20.0,12.0,1.0,7.0,1.0,3.0,2.0,1.0,1.0,3.0,1.0,3.0,12.0,1.0,0.0,4.0,0.0,4.0,68.0,0.0,7.0,0.0,4.0,1.0,1.0,2.0,5.0,3.0,0.0,0.0,13.0,17.0,139.0,4.0,20.0,0.0,1.0,3.0,2.0,5.0,0.0,6.0,2.0,1.0,4.0,0.0,7.0,0.0,2.0,0.0,8.0,2.0,5.0,0.0,1.0,0.0,7.0,3.0,2.0,4.0,2.0,1.0,18.0,20.0,22.0,3.0,0.0,6.0,5.0,3.0,16.0,10.0,9.0,4.0,0.0,3.0,2.0,3.0,2.0,3.0,1.0,1.0,1.0,0.0,8.0,2.0,8.0,4.0,0.0,1.0,6.0
371,0.0,7.0,8.0,1.0,1.0,1.0,0.0,3.0,1.0,0.0,6.0,6.0,1.0,0.0,16.0,1.0,7.0,0.0,0.0,0.0,15.0,0.0,4.0,1.0,6.0,3.0,5.0,148.0,12.0,1.0,5.0,2.0,1.0,5.0,27.0,2.0,2.0,0.0,1.0,0.0,4.0,158.0,0.0,6.0,29.0,13.0,11.0,2.0,2.0,1.0,1.0,5.0,4.0,2.0,2.0,4.0,1.0,8.0,2.0,17.0,3.0,9.0,7.0,4.0,6.0,0.0,3.0,0.0,10.0,3.0,0.0,1.0,0.0,1.0,0.0,0.0,2.0,5.0,4.0,0.0,0.0,4.0,11.0,3.0,0.0,0.0,10.0,0.0,8.0,0.0,1.0,0.0,2.0,3.0,2.0,1.0,0.0,10.0,2.0,0.0
372,0.0,2.0,12.0,5.0,6.0,4.0,6.0,1.0,6.0,1.0,9.0,0.0,3.0,5.0,1.0,6.0,0.0,9.0,10.0,7.0,0.0,2.0,0.0,1.0,4.0,3.0,0.0,184.0,1.0,0.0,0.0,1.0,8.0,1.0,0.0,3.0,0.0,0.0,10.0,31.0,8.0,178.0,1.0,0.0,20.0,4.0,1.0,1.0,6.0,3.0,0.0,3.0,5.0,2.0,8.0,3.0,6.0,0.0,22.0,17.0,8.0,0.0,0.0,5.0,5.0,3.0,3.0,2.0,24.0,9.0,6.0,1.0,1.0,0.0,4.0,4.0,2.0,4.0,0.0,4.0,7.0,1.0,6.0,0.0,1.0,2.0,9.0,1.0,0.0,0.0,0.0,11.0,1.0,2.0,1.0,0.0,0.0,22.0,8.0,6.0
373,0.0,5.0,0.0,10.0,18.0,6.0,9.0,8.0,18.0,0.0,0.0,4.0,0.0,19.0,0.0,14.0,0.0,12.0,5.0,5.0,0.0,18.0,3.0,0.0,8.0,0.0,29.0,134.0,0.0,0.0,1.0,6.0,21.0,7.0,2.0,9.0,7.0,0.0,6.0,0.0,8.0,145.0,2.0,0.0,1.0,5.0,1.0,4.0,1.0,8.0,2.0,1.0,9.0,0.0,1.0,6.0,10.0,0.0,0.0,0.0,0.0,0.0,5.0,0.0,0.0,1.0,0.0,4.0,8.0,0.0,9.0,0.0,0.0,0.0,0.0,3.0,0.0,1.0,21.0,0.0,2.0,0.0,0.0,5.0,5.0,0.0,1.0,0.0,0.0,27.0,33.0,1.0,1.0,2.0,1.0,1.0,4.0,7.0,1.0,5.0
374,2.0,1.0,18.0,2.0,0.0,4.0,27.0,0.0,3.0,0.0,0.0,3.0,5.0,10.0,4.0,1.0,2.0,0.0,6.0,2.0,4.0,3.0,0.0,1.0,13.0,12.0,8.0,130.0,0.0,0.0,8.0,2.0,0.0,1.0,3.0,0.0,0.0,1.0,13.0,9.0,0.0,90.0,0.0,9.0,1.0,2.0,1.0,5.0,1.0,3.0,21.0,5.0,3.0,13.0,4.0,5.0,2.0,22.0,2.0,2.0,4.0,2.0,2.0,4.0,20.0,12.0,2.0,2.0,1.0,1.0,4.0,0.0,2.0,7.0,7.0,4.0,2.0,4.0,3.0,2.0,2.0,12.0,1.0,32.0,0.0,9.0,6.0,2.0,0.0,10.0,12.0,2.0,3.0,6.0,0.0,2.0,9.0,19.0,1.0,7.0
375,4.0,8.0,4.0,1.0,13.0,1.0,3.0,4.0,3.0,16.0,18.0,0.0,9.0,4.0,4.0,4.0,3.0,2.0,8.0,0.0,3.0,20.0,2.0,4.0,0.0,4.0,3.0,189.0,0.0,0.0,11.0,1.0,8.0,1.0,15.0,0.0,0.0,3.0,12.0,0.0,1.0,189.0,0.0,28.0,3.0,3.0,0.0,2.0,2.0,20.0,3.0,0.0,1.0,27.0,1.0,3.0,9.0,2.0,11.0,0.0,0.0,2.0,0.0,0.0,0.0,12.0,16.0,8.0,0.0,3.0,0.0,19.0,0.0,15.0,0.0,4.0,12.0,7.0,1.0,1.0,2.0,23.0,9.0,1.0,1.0,22.0,11.0,8.0,0.0,1.0,17.0,0.0,6.0,6.0,0.0,17.0,1.0,4.0,9.0,21.0
376,30.0,1.0,7.0,7.0,4.0,14.0,4.0,2.0,0.0,4.0,16.0,11.0,11.0,0.0,1.0,4.0,1.0,0.0,2.0,0.0,9.0,0.0,4.0,21.0,3.0,0.0,6.0,183.0,1.0,28.0,0.0,21.0,0.0,4.0,2.0,4.0,7.0,0.0,1.0,8.0,0.0,111.0,1.0,0.0,1.0,0.0,8.0,0.0,0.0,5.0,0.0,0.0,2.0,0.0,15.0,4.0,2.0,6.0,8.0,13.0,12.0,0.0,13.0,0.0,7.0,0.0,0.0,0.0,3.0,0.0,12.0,16.0,0.0,0.0,29.0,11.0,2.0,1.0,1.0,0.0,5.0,1.0,1.0,3.0,0.0,3.0,3.0,0.0,15.0,3.0,0.0,7.0,3.0,9.0,1.0,4.0,0.0,7.0,6.0,2.0
377,19.0,5.0,1.0,1.0,0.0,1.0,12.0,0.0,3.0,0.0,1.0,0.0,5.0,45.0,1.0,5.0,1.0,1.0,0.0,0.0,8.0,2.0,0.0,2.0,0.0,20.0,2.0,140.0,0.0,1.0,2.0,2.0,1.0,4.0,1.0,5.0,1.0,0.0,11.0,10.0,0.0,111.0,6.0,0.0,0.0,4.0,1.0,0.0,3.0,1.0,7.0,8.0,0.0,2.0,0.0,0.0,8.0,0.0,1.0,1.0,2.0,3.0,23.0,5.0,1.0,4.0,3.0,1.0,3.0,0.0,4.0,5.0,4.0,8.0,2.0,7.0,7.0,3.0,0.0,0.0,1.0,4.0,5.0,7.0,4.0,0.0,0.0,2.0,7.0,1.0,7.0,1.0,0.0,1.0,5.0,3.0,8.0,0.0,0.0,2.0
378,0.0,0.0,2.0,5.0,6.0,3.0,11.0,14.0,0.0,2.0,12.0,2.0,1.0,0.0,0.0,0.0,7.0,1.0,1.0,2.0,5.0,0.0,15.0,0.0,2.0,0.0,4.0,175.0,3.0,9.0,5.0,5.0,4.0,6.0,6.0,3.0,7.0,5.0,5.0,5.0,1.0,209.0,6.0,32.0,16.0,5.0,1.0,1.0,2.0,3.0,0.0,3.0,3.0,0.0,9.0,0.0,15.0,3.0,4.0,2.0,0.0,2.0,5.0,0.0,5.0,5.0,18.0,1.0,2.0,1.0,10.0,16.0,0.0,0.0,0.0,4.0,10.0,0.0,17.0,0.0,3.0,0.0,0.0,7.0,2.0,0.0,1.0,6.0,2.0,5.0,4.0,1.0,9.0,9.0,0.0,21.0,14.0,6.0,0.0,0.0
379,0.0,2.0,14.0,1.0,7.0,4.0,2.0,18.0,0.0,1.0,0.0,6.0,1.0,0.0,12.0,0.0,0.0,18.0,2.0,0.0,10.0,1.0,0.0,8.0,16.0,0.0,0.0,163.0,3.0,4.0,0.0,0.0,1.0,0.0,0.0,10.0,0.0,9.0,6.0,4.0,0.0,179.0,1.0,0.0,0.0,0.0,11.0,9.0,0.0,5.0,14.0,0.0,7.0,2.0,10.0,9.0,1.0,6.0,1.0,5.0,0.0,2.0,3.0,0.0,2.0,0.0,0.0,5.0,27.0,0.0,0.0,3.0,8.0,2.0,13.0,4.0,6.0,0.0,6.0,1.0,1.0,12.0,1.0,0.0,0.0,0.0,10.0,5.0,17.0,1.0,3.0,11.0,0.0,2.0,1.0,0.0,4.0,6.0,25.0,6.0
380,0.0,6.0,4.0,1.0,1.0,5.0,0.0,6.0,0.0,0.0,10.0,0.0,0.0,6.0,0.0,3.0,20.0,1.0,0.0,1.0,1.0,4.0,9.0,12.0,2.0,1.0,5.0,100.0,4.0,1.0,1.0,3.0,5.0,3.0,5.0,8.0,5.0,4.0,11.0,3.0,1.0,160.0,0.0,3.0,9.0,0.0,5.0,0.0,16.0,0.0,0.0,14.0,8.0,0.0,6.0,1.0,5.0,9.0,4.0,2.0,2.0,7.0,2.0,1.0,5.0,0.0,0.0,0.0,0.0,2.0,1.0,14.0,0.0,8.0,1.0,1.0,0.0,3.0,1.0,2.0,20.0,7.0,4.0,3.0,0.0,7.0,18.0,17.0,1.0,3.0,40.0,3.0,27.0,0.0,16.0,14.0,3.0,12.0,3.0,2.0
381,0.0,7.0,24.0,0.0,16.0,0.0,9.0,0.0,0.0,2.0,0.0,1.0,2.0,6.0,4.0,10.0,17.0,5.0,0.0,5.0,31.0,0.0,1.0,2.0,2.0,0.0,2.0,182.0,4.0,0.0,7.0,16.0,6.0,12.0,2.0,7.0,2.0,0.0,9.0,3.0,0.0,151.0,0.0,1.0,7.0,0.0,0.0,2.0,1.0,5.0,1.0,18.0,2.0,2.0,1.0,5.0,0.0,3.0,3.0,2.0,9.0,21.0,0.0,0.0,10.0,0.0,12.0,0.0,26.0,9.0,1.0,1.0,1.0,15.0,5.0,0.0,4.0,13.0,0.0,4.0,6.0,11.0,7.0,6.0,28.0,6.0,16.0,2.0,10.0,3.0,4.0,4.0,0.0,4.0,1.0,3.0,0.0,3.0,0.0,3.0
382,0.0,3.0,5.0,0.0,7.0,2.0,1.0,0.0,3.0,1.0,3.0,6.0,13.0,0.0,5.0,8.0,11.0,5.0,5.0,20.0,14.0,4.0,0.0,16.0,4.0,0.0,1.0,159.0,1.0,8.0,0.0,3.0,8.0,1.0,1.0,0.0,8.0,0.0,3.0,15.0,9.0,166.0,0.0,10.0,4.0,6.0,1.0,10.0,1.0,23.0,2.0,5.0,0.0,2.0,3.0,2.0,2.0,1.0,1.0,3.0,7.0,0.0,0.0,1.0,0.0,1.0,1.0,25.0,0.0,2.0,8.0,0.0,10.0,2.0,0.0,9.0,3.0,1.0,0.0,1.0,2.0,9.0,4.0,0.0,4.0,6.0,5.0,7.0,0.0,2.0,7.0,2.0,1.0,8.0,0.0,14.0,2.0,4.0,1.0,1.0
383,7.0,0.0,18.0,0.0,11.0,0.0,0.0,8.0,1.0,6.0,7.0,14.0,1.0,2.0,0.0,1.0,1.0,2.0,17.0,4.0,10.0,0.0,8.0,0.0,12.0,17.0,6.0,168.0,3.0,5.0,3.0,0.0,0.0,0.0,0.0,12.0,0.0,9.0,0.0,5.0,4.0,206.0,11.0,0.0,2.0,5.0,0.0,0.0,5.0,3.0,0.0,0.0,12.0,3.0,0.0,0.0,3.0,0.0,0.0,8.0,0.0,5.0,4.0,2.0,1.0,16.0,21.0,11.0,3.0,1.0,1.0,10.0,17.0,0.0,1.0,1.0,6.0,5.0,0.0,2.0,6.0,26.0,0.0,0.0,0.0,6.0,0.0,16.0,18.0,2.0,1.0,2.0,0.0,2.0,11.0,1.0,3.0,0.0,0.0,0.0
384,0.0,21.0,22.0,0.0,4.0,20.0,0.0,1.0,3.0,3.0,0.0,4.0,4.0,2.0,0.0,0.0,0.0,3.0,4.0,5.0,0.0,10.0,4.0,3.0,2.0,8.0,11.0,152.0,3.0,0.0,0.0,1.0,6.0,4.0,5.0,4.0,6.0,17.0,13.0,1.0,0.0,100.0,1.0,4.0,6.0,1.0,0.0,6.0,9.0,0.0,14.0,0.0,5.0,5.0,0.0,5.0,3.0,2.0,13.0,2.0,8.0,5.0,4.0,0.0,0.0,11.0,5.0,2.0,0.0,0.0,0.0,0.0,0.0,4.0,11.0,0.0,0.0,9.0,5.0,9.0,0.0,0.0,2.0,1.0,0.0,3.0,2.0,0.0,24.0,0.0,9.0,10.0,7.0,4.0,0.0,0.0,19.0,4.0,1.0,0.0
385,3.0,8.0,1.0,10.0,1.0,6.0,0.0,0.0,3.0,4.0,1.0,14.0,10.0,2.0,6.0,9.0,8.0,1.0,9.0,4.0,3.0,0.0,0.0,8.0,6.0,1.0,17.0,202.0,6.0,9.0,10.0,6.0,13.0,1.0,2.0,3.0,0.0,3.0,14.0,4.0,1.0,74.0,4.0,1.0,1.0,0.0,1.0,6.0,3.0,9.0,4.0,15.0,3.0,8.0,3.0,11.0,27.0,8.0,0.0,0.0,20.0,0.0,2.0,0.0,0.0,0.0,10.0,1.0,1.0,0.0,17.0,0.0,0.0,4.0,2.0,1.0,2.0,1.0,5.0,6.0,2.0,10.0,12.0,0.0,1.0,1.0,4.0,4.0,2.0,2.0,7.0,19.0,5.0,3.0,6.0,1.0,2.0,13.0,3.0,0.0
386,4.0,4.0,2.0,4.0,7.0,5.0,14.0,2.0,5.0,0.0,3.0,14.0,44.0,1.0,3.0,6.0,1.0,9.0,0.0,1.0,2.0,11.0,4.0,4.0,8.0,1.0,8.0,69.0,9.0,0.0,0.0,1.0,8.0,0.0,1.0,0.0,4.0,9.0,0.0,22.0,1.0,184.0,5.0,3.0,2.0,0.0,4.0,3.0,0.0,13.0,2.0,3.0,4.0,0.0,1.0,7.0,2.0,6.0,5.0,19.0,9.0,11.0,0.0,11.0,4.0,5.0,13.0,2.0,4.0,7.0,11.0,0.0,0.0,1.0,0.0,5.0,11.0,9.0,3.0,6.0,5.0,0.0,0.0,1.0,0.0,2.0,2.0,5.0,0.0,4.0,12.0,5.0,8.0,0.0,1.0,4.0,12.0,0.0,0.0,26.0
387,9.0,2.0,1.0,5.0,8.0,9.0,3.0,9.0,7.0,19.0,0.0,6.0,0.0,3.0,3.0,0.0,0.0,14.0,0.0,0.0,0.0,6.0,9.0,15.0,10.0,4.0,4.0,139.0,0.0,1.0,0.0,4.0,1.0,1.0,0.0,0.0,0.0,0.0,2.0,6.0,3.0,159.0,6.0,3.0,0.0,2.0,0.0,10.0,0.0,0.0,3.0,21.0,0.0,7.0,1.0,18.0,0.0,4.0,26.0,9.0,0.0,0.0,6.0,11.0,6.0,0.0,10.0,12.0,21.0,4.0,1.0,14.0,3.0,1.0,1.0,0.0,5.0,4.0,0.0,0.0,5.0,2.0,0.0,1.0,7.0,2.0,5.0,14.0,0.0,3.0,0.0,1.0,1.0,1.0,5.0,2.0,1.0,0.0,3.0,4.0
388,6.0,0.0,1.0,3.0,2.0,0.0,12.0,5.0,2.0,0.0,0.0,5.0,0.0,2.0,5.0,3.0,1.0,26.0,25.0,2.0,7.0,2.0,1.0,1.0,7.0,0.0,0.0,119.0,5.0,7.0,3.0,1.0,6.0,9.0,0.0,3.0,0.0,0.0,5.0,2.0,4.0,104.0,4.0,12.0,24.0,4.0,3.0,2.0,8.0,0.0,0.0,0.0,16.0,12.0,0.0,0.0,13.0,8.0,11.0,8.0,4.0,9.0,4.0,2.0,11.0,0.0,11.0,3.0,9.0,4.0,25.0,10.0,9.0,1.0,0.0,3.0,4.0,12.0,11.0,0.0,1.0,3.0,15.0,0.0,7.0,8.0,4.0,1.0,0.0,5.0,4.0,2.0,20.0,19.0,2.0,0.0,0.0,9.0,12.0,2.0
389,1.0,2.0,7.0,15.0,0.0,0.0,0.0,4.0,0.0,0.0,0.0,9.0,8.0,1.0,3.0,0.0,1.0,7.0,0.0,4.0,0.0,0.0,0.0,0.0,4.0,1.0,3.0,75.0,7.0,0.0,2.0,0.0,10.0,0.0,16.0,0.0,3.0,10.0,2.0,2.0,6.0,164.0,2.0,11.0,18.0,7.0,3.0,3.0,0.0,2.0,1.0,1.0,14.0,0.0,10.0,17.0,0.0,8.0,0.0,0.0,4.0,0.0,0.0,2.0,4.0,6.0,0.0,0.0,7.0,1.0,2.0,4.0,0.0,1.0,1.0,1.0,8.0,8.0,16.0,3.0,0.0,3.0,2.0,12.0,4.0,18.0,0.0,10.0,5.0,0.0,4.0,2.0,1.0,0.0,11.0,14.0,0.0,0.0,0.0,0.0
390,13.0,2.0,0.0,0.0,0.0,14.0,1.0,2.0,11.0,8.0,8.0,0.0,5.0,5.0,0.0,0.0,16.0,2.0,29.0,3.0,20.0,0.0,3.0,2.0,2.0,12.0,3.0,179.0,17.0,17.0,3.0,3.0,19.0,1.0,0.0,0.0,9.0,1.0,28.0,0.0,5.0,126.0,0.0,3.0,0.0,8.0,5.0,3.0,8.0,21.0,10.0,0.0,1.0,9.0,4.0,6.0,0.0,7.0,0.0,2.0,8.0,3.0,0.0,1.0,0.0,5.0,2.0,2.0,3.0,9.0,0.0,4.0,4.0,2.0,7.0,12.0,0.0,3.0,5.0,0.0,0.0,3.0,6.0,3.0,21.0,7.0,2.0,10.0,0.0,6.0,17.0,17.0,0.0,3.0,0.0,5.0,0.0,2.0,0.0,9.0
391,2.0,3.0,5.0,9.0,2.0,7.0,5.0,1.0,0.0,2.0,7.0,9.0,1.0,11.0,9.0,3.0,0.0,0.0,0.0,2.0,1.0,2.0,1.0,8.0,2.0,6.0,4.0,155.0,0.0,4.0,1.0,1.0,7.0,1.0,0.0,5.0,8.0,9.0,11.0,11.0,2.0,138.0,0.0,2.0,0.0,18.0,0.0,0.0,0.0,1.0,1.0,1.0,4.0,17.0,2.0,2.0,4.0,5.0,0.0,2.0,0.0,6.0,10.0,13.0,10.0,13.0,0.0,2.0,6.0,6.0,5.0,14.0,2.0,0.0,6.0,0.0,0.0,10.0,5.0,2.0,12.0,1.0,1.0,1.0,6.0,36.0,19.0,3.0,13.0,3.0,1.0,2.0,0.0,0.0,7.0,1.0,0.0,19.0,3.0,1.0
392,0.0,2.0,0.0,0.0,0.0,0.0,0.0,9.0,0.0,11.0,0.0,19.0,3.0,15.0,8.0,1.0,9.0,1.0,2.0,5.0,1.0,8.0,0.0,3.0,0.0,3.0,2.0,167.0,1.0,0.0,9.0,5.0,0.0,21.0,4.0,1.0,7.0,0.0,2.0,8.0,10.0,142.0,0.0,5.0,1.0,3.0,6.0,6.0,3.0,0.0,26.0,12.0,4.0,0.0,0.0,8.0,2.0,0.0,0.0,2.0,8.0,1.0,1.0,0.0,10.0,5.0,0.0,1.0,1.0,1.0,0.0,6.0,2.0,5.0,7.0,0.0,6.0,4.0,1.0,8.0,3.0,0.0,7.0,1.0,0.0,0.0,3.0,8.0,7.0,1.0,0.0,0.0,9.0,2.0,0.0,0.0,27.0,0.0,2.0,4.0
393,6.0,6.0,3.0,0.0,6.0,1.0,16.0,1.0,3.0,9.0,4.0,1.0,0.0,27.0,1.0,0.0,10.0,1.0,9.0,23.0,2.0,5.0,0.0,9.0,0.0,3.0,1.0,118.0,16.0,6.0,6.0,0.0,0.0,1.0,8.0,33.0,2.0,4.0,1.0,2.0,0.0,162.0,9.0,2.0,11.0,5.0,15.0,4.0,0.0,0.0,1.0,1.0,4.0,20.0,5.0,0.0,9.0,0.0,2.0,0.0,4.0,0.0,0.0,1.0,7.0,2.0,5.0,0.0,0.0,8.0,3.0,2.0,1.0,1.0,21.0,3.0,0.0,2.0,7.0,3.0,1.0,13.0,7.0,12.0,7.0,1.0,1.0,0.0,0.0,5.0,5.0,1.0,1.0,8.0,0.0,10.0,1.0,33.0,3.0,31.0
394,6.0,3.0,0.0,8.0,1.0,6.0,24.0,8.0,0.0,20.0,7.0,2.0,12.0,2.0,9.0,2.0,0.0,3.0,2.0,2.0,0.0,0.0,0.0,4.0,10.0,3.0,7.0,105.0,0.0,0.0,9.0,5.0,0.0,2.0,4.0,1.0,1.0,7.0,0.0,10.0,7.0,98.0,0.0,1.0,6.0,1.0,20.0,9.0,0.0,0.0,6.0,18.0,1.0,3.0,0.0,1.0,3.0,14.0,4.0,3.0,2.0,2.0,3.0,23.0,1.0,0.0,0.0,5.0,4.0,0.0,4.0,0.0,0.0,5.0,1.0,0.0,0.0,3.0,0.0,0.0,1.0,11.0,2.0,8.0,1.0,0.0,11.0,3.0,14.0,0.0,5.0,19.0,3.0,2.0,8.0,0.0,6.0,12.0,0.0,6.0
395,11.0,4.0,1.0,0.0,0.0,5.0,2.0,0.0,4.0,8.0,0.0,4.0,12.0,19.0,0.0,9.0,5.0,5.0,0.0,0.0,3.0,11.0,1.0,0.0,8.0,0.0,18.0,133.0,2.0,0.0,1.0,8.0,5.0,0.0,5.0,0.0,1.0,3.0,3.0,1.0,2.0,133.0,4.0,1.0,4.0,18.0,0.0,3.0,0.0,3.0,15.0,7.0,1.0,3.0,0.0,0.0,14.0,0.0,1.0,7.0,9.0,2.0,3.0,10.0,4.0,0.0,7.0,1.0,2.0,1.0,7.0,8.0,2.0,3.0,16.0,0.0,1.0,1.0,0.0,0.0,1.0,1.0,8.0,4.0,0.0,0.0,5.0,1.0,1.0,4.0,6.0,2.0,10.0,1.0,0.0,20.0,0.0,3.0,18.0,7.0
396,0.0,0.0,1.0,12.0,0.0,1.0,0.0,0.0,5.0,8.0,6.0,8.0,3.0,0.0,21.0,0.0,0.0,3.0,7.0,14.0,1.0,7.0,6.0,1.0,0.0,5.0,7.0,175.0,2.0,3.0,0.0,2.0,2.0,1.0,2.0,0.0,0.0,1.0,0.0,1.0,3.0,91.0,5.0,6.0,2.0,18.0,1.0,0.0,2.0,2.0,1.0,0.0,0.0,1.0,2.0,1.0,12.0,1.0,2.0,13.0,0.0,10.0,2.0,5.0,0.0,6.0,6.0,12.0,2.0,0.0,0.0,0.0,1.0,4.0,1.0,5.0,0.0,1.0,0.0,6.0,2.0,0.0,0.0,0.0,3.0,10.0,8.0,0.0,0.0,1.0,4.0,0.0,0.0,5.0,0.0,2.0,4.0,10.0,4.0,0.0
397,0.0,0.0,1.0,1.0,7.0,2.0,3.0,3.0,11.0,13.0,0.0,11.0,15.0,20.0,2.0,6.0,1.0,10.0,1.0,2.0,2.0,7.0,3.0,4.0,0.0,15.0,3.0,148.0,10.0,2.0,0.0,6.0,0.0,1.0,9.0,1.0,3.0,3.0,5.0,1.0,1.0,166.0,0.0,7.0,1.0,3.0,0.0,11.0,11.0,1.0,0.0,5.0,15.0,8.0,0.0,3.0,2.0,9.0,11.0,0.0,6.0,8.0,7.0,14.0,38.0,7.0,2.0,21.0,6.0,1.0,2.0,8.0,0.0,1.0,11.0,3.0,4.0,1.0,0.0,5.0,10.0,8.0,0.0,1.0,3.0,3.0,13.0,13.0,5.0,3.0,1.0,15.0,1.0,6.0,4.0,3.0,4.0,0.0,0.0,2.0
398,1.0,0.0,6.0,8.0,11.0,7.0,16.0,1.0,0.0,3.0,0.0,4.0,1.0,1.0,2.0,3.0,1.0,0.0,0.0,0.0,21.0,0.0,2.0,9.0,11.0,1.0,0.0,114.0,2.0,2.0,0.0,3.0,2.0,5.0,0.0,8.0,7.0,1.0,3.0,1.0,5.0,130.0,2.0,6.0,2.0,0.0,1.0,3.0,1.0,1.0,2.0,2.0,3.0,0.0,5.0,3.0,0.0,3.0,18.0,3.0,1.0,5.0,18.0,4.0,7.0,3.0,5.0,0.0,1.0,3.0,1.0,6.0,0.0,1.0,13.0,5.0,6.0,0.0,2.0,34.0,9.0,0.0,4.0,2.0,0.0,5.0,1.0,1.0,2.0,11.0,3.0,0.0,7.0,4.0,2.0,0.0,22.0,1.0,0.0,1.0
399,16.0,13.0,23.0,4.0,9.0,4.0,3.0,5.0,7.0,3.0,0.0,16.0,9.0,0.0,26.0,13.0,7.0,7.0,17.0,0.0,0.0,1.0,0.0,2.0,3.0,13.0,14.0,113.0,1.0,0.0,2.0,5.0,0.0,1.0,15.0,2.0,8.0,7.0,0.0,18.0,22.0,120.0,4.0,3.0,2.0,3.0,0.0,2.0,3.0,3.0,0.0,0.0,24.0,2.0,1.0,4.0,6.0,0.0,2.0,6.0,9.0,0.0,0.0,0.0,13.0,8.0,11.0,0.0,7.0,0.0,2.0,21.0,9.0,12.0,3.0,3.0,0.0,1.0,1.0,0.0,1.0,7.0,1.0,1.0,2.0,3.0,2.0,0.0,0.0,1.0,0.0,9.0,3.0,5.0,4.0,4.0,5.0,4.0,0.0,0.0
400,18.0,2.0,0.0,0.0,4.0,0.0,3.0,13.0,0.0,4.0,6.0,2.0,0.0,2.0,0.0,3.0,2.0,0.0,15.0,0.0,1.0,4.0,2.0,9.0,2.0,10.0,3.0,160.0,6.0,4.0,4.0,10.0,6.0,13.0,3.0,6.0,0.0,2.0,1.0,4.0,8.0,128.0,0.0,4.0,26.0,6.0,18.0,0.0,4.0,1.0,3.0,0.0,2.0,2.0,0.0,2.0,0.0,2.0,5.0,0.0,1.0,0.0,38.0,0.0,11.0,0.0,2.0,0.0,4.0,9.0,6.0,3.0,0.0,0.0,0.0,0.0,8.0,0.0,1.0,10.0,12.0,1.0,0.0,2.0,8.0,4.0,1.0,1.0,6.0,2.0,0.0,2.0,1.0,2.0,6.0,10.0,0.0,5.0,5.0,0.0
401,0.0,0.0,5.0,1.0,6.0,3.0,21.0,0.0,1.0,0.0,12.0,3.0,1.0,3.0,2.0,1.0,9.0,1.0,5.0,9.0,4.0,12.0,2.0,1.0,9.0,3.0,0.0,104.0,1.0,2.0,4.0,6.0,12.0,17.0,0.0,0.0,18.0,0.0,10.0,0.0,6.0,165.0,9.0,0.0,0.0,1.0,0.0,5.0,0.0,0.0,7.0,3.0,2.0,3.0,45.0,0.0,5.0,1.0,2.0,1.0,0.0,0.0,0.0,2.0,3.0,1.0,2.0,5.0,2.0,2.0,4.0,0.0,9.0,25.0,10.0,5.0,11.0,0.0,5.0,12.0,4.0,2.0,6.0,0.0,2.0,0.0,1.0,0.0,0.0,14.0,0.0,0.0,18.0,0.0,0.0,0.0,2.0,8.0,1.0,0.0
402,2.0,1.0,14.0,0.0,1.0,1.0,2.0,8.0,1.0,4.0,3.0,3.0,0.0,5.0,19.0,7.0,17.0,2.0,1.0,1.0,20.0,11.0,11.0,0.0,0.0,3.0,1.0,186.0,3.0,12.0,9.0,0.0,1.0,0.0,0.0,2.0,12.0,5.0,1.0,2.0,13.0,205.0,1.0,5.0,20.0,7.0,0.0,0.0,1.0,0.0,1.0,1.0,3.0,7.0,7.0,1.0,15.0,1.0,2.0,10.0,0.0,2.0,3.0,0.0,0.0,7.0,0.0,5.0,0.0,0.0,0.0,7.0,4.0,10.0,8.0,0.0,0.0,0.0,2.0,0.0,0.0,1.0,0.0,9.0,4.0,12.0,12.0,13.0,0.0,5.0,18.0,2.0,7.0,0.0,16.0,1.0,0.0,0.0,0.0,3.0
403,1.0,5.0,4.0,0.0,17.0,0.0,1.0,6.0,5.0,3.0,1.0,7.0,10.0,0.0,0.0,0.0,0.0,3.0,0.0,3.0,7.0,0.0,0.0,7.0,7.0,2.0,5.0,114.0,0.0,0.0,0.0,15.0,5.0,1.0,0.0,3.0,38.0,7.0,0.0,2.0,2.0,71.0,1.0,3.0,3.0,3.0,1.0,0.0,0.0,8.0,1.0,2.0,1.0,7.0,11.0,5.0,14.0,0.0,1.0,9.0,3.0,7.0,2.0,1.0,8.0,0.0,4.0,2.0,9.0,0.0,1.0,1.0,1.0,5.0,1.0,2.0,3.0,4.0,0.0,1.0,7.0,7.0,7.0,0.0,10.0,18.0,0.0,0.0,6.0,1.0,1.0,7.0,5.0,1.0,14.0,0.0,0.0,1.0,9.0,5.0
404,3.0,11.0,1.0,0.0,0.0,3.0,0.0,0.0,7.0,7.0,30.0,9.0,20.0,4.0,7.0,0.0,2.0,3.0,13.0,22.0,5.0,0.0,12.0,1.0,2.0,3.0,8.0,142.0,10.0,3.0,15.0,2.0,14.0,2.0,9.0,0.0,0.0,0.0,2.0,1.0,8.0,83.0,1.0,4.0,0.0,0.0,0.0,6.0,6.0,13.0,6.0,2.0,10.0,10.0,9.0,0.0,9.0,5.0,4.0,1.0,5.0,5.0,0.0,0.0,2.0,0.0,4.0,8.0,0.0,11.0,10.0,22.0,5.0,0.0,0.0,18.0,3.0,0.0,4.0,0.0,3.0,17.0,0.0,8.0,0.0,0.0,2.0,11.0,0.0,6.0,3.0,10.0,17.0,21.0,8.0,1.0,22.0,4.0,0.0,1.0
405,2.0,5.0,4.0,1.0,2.0,7.0,2.0,15.0,2.0,2.0,2.0,4.0,12.0,8.0,4.0,0.0,4.0,0.0,0.0,6.0,0.0,7.0,2.0,2.0,1.0,0.0,5.0,105.0,10.0,3.0,0.0,2.0,1.0,10.0,1.0,11.0,12.0,9.0,6.0,1.0,2.0,126.0,0.0,1.0,0.0,2.0,16.0,7.0,9.0,6.0,5.0,0.0,2.0,4.0,3.0,5.0,6.0,0.0,21.0,9.0,5.0,16.0,1.0,4.0,1.0,2.0,1.0,3.0,19.0,0.0,9.0,15.0,4.0,0.0,3.0,9.0,0.0,1.0,4.0,6.0,7.0,0.0,1.0,5.0,6.0,0.0,0.0,2.0,5.0,1.0,1.0,0.0,4.0,4.0,2.0,2.0,0.0,0.0,1.0,0.0
406,10.0,1.0,0.0,0.0,3.0,7.0,0.0,2.0,0.0,0.0,7.0,3.0,2.0,8.0,0.0,7.0,4.0,2.0,9.0,4.0,18.0,5.0,7.0,2.0,11.0,10.0,1.0,72.0,9.0,2.0,13.0,4.0,2.0,0.0,1.0,1.0,1.0,10.0,7.0,1.0,11.0,124.0,3.0,8.0,10.0,17.0,2.0,11.0,1.0,3.0,3.0,10.0,7.0,12.0,6.0,11.0,3.0,9.0,5.0,1.0,12.0,1.0,3.0,4.0,3.0,0.0,23.0,0.0,1.0,1.0,2.0,4.0,0.0,0.0,1.0,4.0,0.0,11.0,0.0,0.0,4.0,14.0,2.0,1.0,10.0,1.0,10.0,3.0,2.0,1.0,4.0,8.0,14.0,1.0,6.0,24.0,0.0,1.0,0.0,7.0
407,4.0,7.0,0.0,0.0,2.0,5.0,1.0,14.0,31.0,0.0,33.0,0.0,1.0,14.0,23.0,2.0,2.0,2.0,1.0,3.0,5.0,0.0,0.0,0.0,10.0,0.0,1.0,157.0,4.0,7.0,0.0,1.0,2.0,10.0,2.0,6.0,3.0,0.0,1.0,0.0,3.0,101.0,0.0,2.0,3.0,1.0,0.0,1.0,0.0,1.0,2.0,1.0,3.0,2.0,23.0,4.0,0.0,1.0,1.0,1.0,0.0,22.0,7.0,4.0,2.0,0.0,21.0,1.0,13.0,0.0,7.0,0.0,0.0,0.0,0.0,3.0,8.0,1.0,0.0,22.0,7.0,4.0,1.0,5.0,1.0,28.0,0.0,2.0,11.0,12.0,3.0,1.0,11.0,5.0,1.0,1.0,0.0,9.0,3.0,0.0
408,5.0,4.0,10.0,12.0,0.0,5.0,1.0,2.0,4.0,6.0,3.0,4.0,19.0,0.0,0.0,0.0,0.0,0.0,5.0,0.0,9.0,1.0,0.0,7.0,9.0,31.0,1.0,190.0,5.0,6.0,3.0,0.0,3.0,0.0,3.0,0.0,11.0,0.0,5.0,9.0,1.0,156.0,2.0,1.0,3.0,1.0,3.0,6.0,3.0,2.0,8.0,10.0,14.0,5.0,6.0,7.0,2.0,4.0,8.0,1.0,0.0,1.0,4.0,5.0,3.0,18.0,1.0,1.0,0.0,3.0,1.0,6.0,0.0,1.0,0.0,1.0,4.0,3.0,2.0,5.0,9.0,0.0,0.0,1.0,2.0,6.0,1.0,2.0,8.0,0.0,5.0,2.0,9.0,0.0,3.0,10.0,1.0,2.0,17.0,5.0
409,0.0,10.0,1.0,0.0,3.0,13.0,28.0,4.0,2.0,9.0,0.0,17.0,3.0,1.0,0.0,0.0,7.0,3.0,2.0,1.0,19.0,5.0,0.0,3.0,7.0,0.0,0.0,90.0,8.0,0.0,1.0,3.0,19.0,13.0,12.0,10.0,3.0,1.0,9.0,15.0,8.0,168.0,2.0,12.0,0.0,6.0,1.0,0.0,13.0,1.0,2.0,1.0,5.0,3.0,3.0,22.0,8.0,0.0,10.0,9.0,2.0,2.0,4.0,9.0,14.0,1.0,0.0,2.0,24.0,7.0,1.0,0.0,10.0,13.0,21.0,1.0,0.0,0.0,0.0,14.0,6.0,0.0,0.0,0.0,0.0,2.0,12.0,5.0,1.0,6.0,3.0,0.0,7.0,1.0,0.0,3.0,0.0,6.0,5.0,18.0
410,5.0,11.0,3.0,1.0,3.0,1.0,1.0,2.0,8.0,19.0,0.0,6.0,21.0,2.0,0.0,0.0,6.0,1.0,2.0,1.0,6.0,2.0,1.0,9.0,4.0,2.0,4.0,123.0,0.0,12.0,9.0,8.0,0.0,2.0,4.0,4.0,1.0,0.0,1.0,10.0,4.0,75.0,0.0,9.0,12.0,0.0,0.0,0.0,4.0,3.0,2.0,5.0,0.0,11.0,1.0,12.0,0.0,0.0,1.0,8.0,0.0,1.0,2.0,0.0,0.0,0.0,7.0,1.0,0.0,5.0,0.0,1.0,2.0,15.0,11.0,10.0,7.0,1.0,13.0,4.0,7.0,3.0,3.0,1.0,12.0,18.0,2.0,4.0,1.0,10.0,0.0,1.0,7.0,0.0,0.0,0.0,4.0,0.0,0.0,8.0
411,2.0,13.0,16.0,2.0,12.0,4.0,11.0,2.0,5.0,0.0,0.0,5.0,8.0,0.0,18.0,8.0,9.0,1.0,3.0,0.0,5.0,5.0,8.0,25.0,0.0,0.0,1.0,173.0,0.0,0.0,24.0,10.0,0.0,4.0,0.0,9.0,3.0,8.0,7.0,1.0,13.0,79.0,0.0,0.0,0.0,11.0,0.0,1.0,11.0,4.0,5.0,0.0,0.0,1.0,4.0,3.0,14.0,10.0,11.0,13.0,0.0,0.0,2.0,9.0,1.0,10.0,4.0,5.0,3.0,6.0,0.0,2.0,0.0,2.0,10.0,3.0,13.0,14.0,1.0,2.0,0.0,1.0,3.0,0.0,3.0,0.0,2.0,7.0,17.0,0.0,1.0,2.0,4.0,0.0,5.0,4.0,2.0,0.0,0.0,1.0
412,28.0,2.0,0.0,7.0,20.0,0.0,4.0,0.0,27.0,2.0,10.0,2.0,3.0,11.0,2.0,2.0,0.0,4.0,0.0,0.0,5.0,11.0,5.0,0.0,4.0,5.0,11.0,182.0,1.0,0.0,15.0,1.0,0.0,6.0,0.0,4.0,6.0,1.0,14.0,6.0,3.0,159.0,0.0,3.0,2.0,0.0,0.0,2.0,0.0,0.0,1.0,1.0,0.0,4.0,1.0,7.0,0.0,6.0,0.0,22.0,4.0,1.0,0.0,7.0,3.0,0.0,42.0,2.0,1.0,0.0,4.0,1.0,4.0,2.0,15.0,8.0,0.0,7.0,5.0,9.0,3.0,0.0,1.0,7.0,2.0,3.0,5.0,4.0,0.0,3.0,0.0,1.0,0.0,20.0,1.0,2.0,0.0,5.0,1.0,8.0
413,2.0,15.0,1.0,4.0,11.0,1.0,0.0,2.0,0.0,0.0,0.0,2.0,2.0,19.0,4.0,5.0,5.0,0.0,5.0,0.0,2.0,2.0,0.0,3.0,6.0,16.0,13.0,127.0,2.0,5.0,0.0,2.0,0.0,0.0,14.0,0.0,7.0,0.0,3.0,0.0,5.0,99.0,7.0,3.0,7.0,0.0,0.0,10.0,0.0,15.0,11.0,0.0,1.0,11.0,2.0,6.0,0.0,4.0,0.0,10.0,20.0,8.0,2.0,6.0,5.0,4.0,36.0,4.0,1.0,10.0,18.0,3.0,11.0,3.0,5.0,21.0,0.0,0.0,6.0,11.0,1.0,0.0,0.0,1.0,1.0,1.0,25.0,6.0,3.0,15.0,0.0,0.0,3.0,5.0,1.0,10.0,4.0,0.0,16.0,6.0
414,1.0,13.0,4.0,0.0,6.0,4.0,2.0,6.0,3.0,1.0,0.0,2.0,3.0,8.0,0.0,1.0,5.0,4.0,0.0,9.0,8.0,1.0,0.0,3.0,1.0,4.0,2.0,193.0,2.0,44.0,1.0,0.0,2.0,8.0,1.0,32.0,0.0,10.0,1.0,23.0,0.0,108.0,1.0,8.0,6.0,0.0,10.0,7.0,0.0,0.0,9.0,0.0,4.0,39.0,13.0,0.0,1.0,12.0,4.0,10.0,21.0,0.0,2.0,0.0,10.0,1.0,0.0,7.0,21.0,6.0,15.0,3.0,14.0,1.0,7.0,1.0,0.0,13.0,1.0,2.0,2.0,24.0,0.0,0.0,13.0,18.0,5.0,3.0,3.0,7.0,1.0,0.0,14.0,0.0,4.0,11.0,8.0,4.0,0.0,2.0
415,4.0,4.0,13.0,2.0,0.0,3.0,5.0,0.0,14.0,5.0,4.0,8.0,0.0,3.0,2.0,6.0,3.0,5.0,19.0,3.0,3.0,0.0,0.0,8.0,10.0,0.0,10.0,169.0,12.0,17.0,0.0,8.0,3.0,3.0,7.0,7.0,19.0,10.0,25.0,4.0,3.0,154.0,4.0,0.0,0.0,2.0,3.0,7.0,0.0,0.0,9.0,8.0,0.0,8.0,0.0,14.0,0.0,1.0,0.0,1.0,4.0,0.0,15.0,5.0,1.0,0.0,1.0,0.0,16.0,8.0,0.0,0.0,3.0,6.0,0.0,29.0,2.0,0.0,6.0,0.0,0.0,11.0,1.0,0.0,0.0,6.0,11.0,1.0,2.0,4.0,7.0,6.0,2.0,4.0,3.0,4.0,1.0,0.0,10.0,0.0
416,3.0,11.0,4.0,1.0,0.0,0.0,20.0,13.0,8.0,1.0,3.0,34.0,13.0,4.0,18.0,1.0,5.0,0.0,3.0,0.0,15.0,3.0,0.0,0.0,0.0,8.0,0.0,142.0,6.0,1.0,4.0,2.0,1.0,0.0,1.0,1.0,2.0,1.0,0.0,1.0,1.0,119.0,15.0,6.0,7.0,13.0,8.0,14.0,0.0,3.0,3.0,1.0,8.0,0.0,10.0,3.0,1.0,1.0,0.0,5.0,5.0,6.0,1.0,0.0,4.0,0.0,7.0,15.0,0.0,0.0,6.0,12.0,22.0,10.0,6.0,1.0,0.0,5.0,0.0,0.0,1.0,0.0,20.0,1.0,5.0,0.0,13.0,1.0,17.0,5.0,15.0,29.0,11.0,0.0,0.0,6.0,6.0,1.0,2.0,0.0
417,0.0,7.0,4.0,1.0,15.0,3.0,6.0,24.0,1.0,22.0,0.0,2.0,0.0,1.0,0.0,0.0,0.0,4.0,0.0,1.0,7.0,0.0,19.0,2.0,0.0,0.0,5.0,162.0,5.0,4.0,0.0,0.0,0.0,3.0,2.0,2.0,3.0,0.0,4.0,9.0,5.0,189.0,7.0,2.0,0.0,11.0,0.0,0.0,4.0,23.0,2.0,2.0,11.0,4.0,13.0,1.0,0.0,4.0,11.0,4.0,6.0,28.0,9.0,1.0,2.0,0.0,0.0,1.0,5.0,0.0,0.0,3.0,12.0,4.0,0.0,6.0,26.0,6.0,1.0,2.0,2.0,2.0,0.0,6.0,17.0,3.0,21.0,0.0,11.0,0.0,11.0,2.0,3.0,2.0,5.0,7.0,0.0,6.0,1.0,3.0
418,4.0,9.0,0.0,7.0,3.0,6.0,1.0,5.0,4.0,1.0,6.0,0.0,0.0,2.0,1.0,1.0,1.0,19.0,6.0,16.0,7.0,1.0,0.0,5.0,7.0,18.0,3.0,154.0,1.0,1.0,2.0,0.0,2.0,6.0,2.0,4.0,12.0,0.0,2.0,1.0,0.0,102.0,6.0,0.0,11.0,4.0,1.0,4.0,0.0,3.0,0.0,4.0,8.0,2.0,0.0,6.0,13.0,1.0,7.0,9.0,12.0,2.0,5.0,12.0,0.0,1.0,3.0,0.0,0.0,5.0,0.0,0.0,17.0,1.0,20.0,1.0,5.0,1.0,12.0,0.0,4.0,0.0,0.0,5.0,1.0,5.0,7.0,4.0,13.0,20.0,0.0,0.0,1.0,28.0,5.0,6.0,4.0,0.0,0.0,2.0
419,13.0,3.0,1.0,10.0,0.0,0.0,0.0,0.0,3.0,13.0,27.0,1.0,2.0,9.0,0.0,12.0,9.0,5.0,3.0,19.0,1.0,0.0,8.0,12.0,1.0,5.0,2.0,103.0,9.0,2.0,5.0,0.0,0.0,2.0,3.0,0.0,0.0,4.0,0.0,6.0,1.0,158.0,0.0,2.0,1.0,2.0,0.0,1.0,2.0,0.0,5.0,0.0,6.0,1.0,22.0,1.0,0.0,2.0,3.0,0.0,22.0,0.0,0.0,13.0,2.0,5.0,0.0,4.0,1.0,3.0,0.0,1.0,0.0,21.0,2.0,0.0,1.0,0.0,1.0,12.0,4.0,0.0,3.0,2.0,5.0,1.0,23.0,0.0,8.0,4.0,2.0,6.0,0.0,5.0,4.0,5.0,26.0,0.0,2.0,6.0
420,17.0,10.0,3.0,1.0,12.0,3.0,0.0,42.0,5.0,0.0,1.0,2.0,19.0,5.0,3.0,0.0,6.0,0.0,5.0,2.0,1.0,9.0,24.0,0.0,0.0,8.0,7.0,191.0,15.0,8.0,0.0,5.0,10.0,0.0,2.0,25.0,1.0,1.0,6.0,8.0,2.0,94.0,0.0,12.0,0.0,5.0,10.0,6.0,39.0,2.0,0.0,0.0,7.0,0.0,11.0,5.0,12.0,17.0,0.0,3.0,0.0,0.0,0.0,10.0,8.0,2.0,2.0,1.0,5.0,0.0,4.0,0.0,0.0,9.0,4.0,2.0,0.0,1.0,1.0,7.0,9.0,15.0,1.0,29.0,5.0,9.0,6.0,0.0,5.0,0.0,8.0,0.0,1.0,13.0,0.0,13.0,2.0,12.0,18.0,1.0
421,5.0,0.0,1.0,1.0,1.0,8.0,2.0,3.0,33.0,8.0,0.0,3.0,0.0,0.0,0.0,1.0,0.0,4.0,0.0,15.0,3.0,5.0,1.0,0.0,24.0,6.0,11.0,119.0,0.0,0.0,0.0,16.0,3.0,4.0,2.0,5.0,7.0,6.0,0.0,3.0,3.0,89.0,5.0,0.0,1.0,3.0,7.0,1.0,9.0,0.0,0.0,1.0,0.0,7.0,2.0,11.0,4.0,6.0,2.0,0.0,19.0,6.0,0.0,3.0,13.0,0.0,2.0,5.0,3.0,0.0,16.0,2.0,2.0,10.0,0.0,1.0,6.0,0.0,1.0,0.0,0.0,1.0,5.0,12.0,6.0,3.0,1.0,19.0,9.0,0.0,6.0,18.0,0.0,11.0,0.0,4.0,2.0,4.0,7.0,0.0
422,1.0,0.0,5.0,3.0,1.0,0.0,5.0,1.0,0.0,0.0,0.0,16.0,3.0,19.0,3.0,2.0,0.0,0.0,6.0,2.0,1.0,11.0,0.0,2.0,7.0,2.0,5.0,76.0,6.0,0.0,3.0,13.0,2.0,3.0,0.0,4.0,19.0,7.0,5.0,0.0,2.0,115.0,8.0,2.0,4.0,1.0,7.0,0.0,5.0,16.0,1.0,3.0,1.0,1.0,32.0,0.0,1.0,0.0,0.0,11.0,7.0,9.0,1.0,0.0,12.0,5.0,3.0,6.0,7.0,3.0,0.0,0.0,2.0,17.0,2.0,8.0,9.0,4.0,16.0,4.0,7.0,3.0,1.0,25.0,0.0,2.0,0.0,6.0,3.0,6.0,19.0,9.0,5.0,13.0,0.0,1.0,8.0,6.0,1.0,1.0
423,5.0,6.0,1.0,1.0,5.0,7.0,1.0,9.0,0.0,6.0,2.0,1.0,2.0,3.0,16.0,4.0,1.0,0.0,2.0,4.0,0.0,2.0,4.0,9.0,14.0,4.0,2.0,156.0,1.0,15.0,8.0,0.0,1.0,3.0,1.0,3.0,2.0,0.0,7.0,13.0,5.0,107.0,6.0,2.0,4.0,1.0,0.0,0.0,7.0,6.0,5.0,3.0,9.0,1.0,1.0,3.0,0.0,4.0,5.0,2.0,11.0,0.0,20.0,0.0,10.0,0.0,12.0,1.0,5.0,2.0,0.0,0.0,0.0,1.0,13.0,0.0,0.0,1.0,0.0,0.0,5.0,0.0,1.0,0.0,28.0,1.0,0.0,15.0,0.0,5.0,0.0,4.0,1.0,0.0,8.0,9.0,17.0,0.0,12.0,0.0
424,4.0,8.0,0.0,6.0,1.0,5.0,3.0,0.0,0.0,16.0,10.0,1.0,1.0,0.0,1.0,4.0,4.0,8.0,0.0,0.0,1.0,8.0,0.0,4.0,0.0,3.0,9.0,130.0,3.0,15.0,2.0,3.0,10.0,0.0,1.0,3.0,5.0,1.0,8.0,0.0,0.0,82.0,0.0,5.0,6.0,7.0,11.0,2.0,3.0,0.0,5.0,1.0,1.0,0.0,13.0,0.0,0.0,0.0,0.0,0.0,8.0,6.0,4.0,6.0,4.0,0.0,2.0,4.0,0.0,2.0,7.0,4.0,0.0,0.0,0.0,11.0,8.0,2.0,2.0,9.0,0.0,6.0,8.0,1.0,0.0,1.0,0.0,0.0,2.0,17.0,15.0,1.0,2.0,1.0,10.0,5.0,8.0,7.0,0.0,0.0
425,0.0,8.0,0.0,0.0,0.0,18.0,0.0,1.0,11.0,1.0,4.0,8.0,5.0,6.0,13.0,0.0,4.0,0.0,7.0,32.0,3.0,0.0,5.0,0.0,0.0,1.0,8.0,192.0,0.0,14.0,2.0,10.0,2.0,5.0,3.0,7.0,0.0,8.0,0.0,1.0,22.0,187.0,0.0,0.0,1.0,0.0,0.0,1.0,7.0,3.0,2.0,0.0,0.0,5.0,3.0,10.0,15.0,5.0,6.0,0.0,10.0,2.0,0.0,4.0,2.0,0.0,1.0,3.0,10.0,9.0,20.0,3.0,0.0,3.0,18.0,2.0,16.0,8.0,1.0,8.0,2.0,5.0,6.0,1.0,3.0,3.0,11.0,16.0,1.0,0.0,4.0,3.0,3.0,4.0,1.0,1.0,1.0,1.0,2.0,9.0
426,8.0,12.0,6.0,0.0,3.0,9.0,1.0,6.0,2.0,0.0,2.0,2.0,0.0,10.0,14.0,5.0,1.0,4.0,11.0,4.0,1.0,0.0,11.0,2.0,1.0,5.0,2.0,79.0,14.0,2.0,9.0,0.0,3.0,2.0,2.0,12.0,1.0,0.0,1.0,25.0,4.0,149.0,7.0,2.0,1.0,19.0,3.0,6.0,1.0,1.0,4.0,0.0,0.0,0.0,1.0,1.0,1.0,2.0,0.0,0.0,1.0,3.0,0.0,0.0,2.0,0.0,5.0,2.0,5.0,0.0,0.0,33.0,2.0,9.0,2.0,6.0,0.0,7.0,10.0,1.0,5.0,2.0,0.0,10.0,8.0,4.0,0.0,1.0,1.0,3.0,17.0,1.0,0.0,10.0,2.0,5.0,3.0,6.0,5.0,4.0
427,6.0,2.0,0.0,1.0,0.0,30.0,5.0,1.0,0.0,6.0,4.0,6.0,6.0,0.0,1.0,7.0,1.0,7.0,16.0,8.0,0.0,3.0,0.0,4.0,3.0,0.0,0.0,109.0,8.0,1.0,0.0,4.0,3.0,0.0,0.0,18.0,1.0,28.0,1.0,4.0,1.0,172.0,3.0,12.0,6.0,9.0,13.0,5.0,19.0,0.0,9.0,4.0,2.0,0.0,0.0,9.0,1.0,1.0,0.0,0.0,0.0,0.0,2.0,4.0,14.0,0.0,1.0,1.0,6.0,5.0,8.0,3.0,11.0,6.0,9.0,0.0,4.0,8.0,2.0,3.0,0.0,0.0,3.0,35.0,4.0,22.0,10.0,1.0,7.0,2.0,5.0,3.0,10.0,0.0,0.0,0.0,1.0,10.0,7.0,0.0
428,15.0,0.0,10.0,4.0,6.0,2.0,0.0,0.0,7.0,5.0,2.0,13.0,2.0,2.0,0.0,6.0,7.0,6.0,6.0,4.0,12.0,5.0,0.0,5.0,0.0,12.0,5.0,231.0,4.0,3.0,1.0,3.0,7.0,0.0,2.0,3.0,6.0,1.0,0.0,0.0,12.0,146.0,1.0,0.0,0.0,21.0,1.0,19.0,6.0,4.0,0.0,12.0,4.0,7.0,0.0,15.0,2.0,0.0,24.0,0.0,1.0,2.0,7.0,0.0,2.0,13.0,0.0,1.0,0.0,7.0,0.0,4.0,9.0,0.0,0.0,0.0,3.0,14.0,3.0,5.0,0.0,2.0,0.0,4.0,10.0,0.0,1.0,12.0,8.0,4.0,35.0,0.0,1.0,0.0,4.0,8.0,2.0,10.0,4.0,3.0
429,0.0,1.0,4.0,5.0,1.0,7.0,3.0,7.0,2.0,4.0,8.0,19.0,11.0,12.0,0.0,10.0,2.0,6.0,8.0,18.0,0.0,0.0,2.0,19.0,0.0,5.0,15.0,190.0,0.0,1.0,1.0,3.0,0.0,14.0,16.0,0.0,1.0,14.0,3.0,0.0,12.0,153.0,1.0,8.0,9.0,4.0,1.0,18.0,2.0,1.0,3.0,8.0,7.0,8.0,5.0,3.0,9.0,0.0,6.0,5.0,16.0,1.0,2.0,1.0,6.0,0.0,2.0,0.0,4.0,0.0,11.0,1.0,0.0,2.0,17.0,1.0,0.0,0.0,22.0,0.0,1.0,1.0,5.0,1.0,2.0,3.0,4.0,9.0,12.0,0.0,6.0,0.0,4.0,0.0,0.0,6.0,0.0,10.0,4.0,1.0
430,0.0,6.0,0.0,4.0,14.0,10.0,2.0,1.0,33.0,8.0,0.0,1.0,2.0,0.0,8.0,1.0,0.0,1.0,7.0,0.0,0.0,9.0,5.0,0.0,8.0,0.0,5.0,154.0,0.0,3.0,18.0,0.0,1.0,2.0,3.0,0.0,10.0,10.0,2.0,3.0,4.0,75.0,1.0,1.0,1.0,1.0,0.0,14.0,1.0,9.0,0.0,11.0,11.0,7.0,3.0,1.0,0.0,7.0,0.0,0.0,10.0,14.0,19.0,13.0,12.0,1.0,2.0,2.0,3.0,7.0,14.0,0.0,0.0,0.0,7.0,11.0,3.0,31.0,0.0,4.0,1.0,1.0,0.0,1.0,0.0,14.0,21.0,7.0,5.0,1.0,2.0,25.0,11.0,7.0,0.0,10.0,1.0,1.0,0.0,1.0
431,0.0,6.0,1.0,6.0,1.0,0.0,0.0,0.0,2.0,0.0,0.0,14.0,7.0,8.0,4.0,2.0,7.0,0.0,1.0,0.0,5.0,3.0,0.0,4.0,0.0,0.0,21.0,214.0,17.0,22.0,5.0,1.0,3.0,7.0,5.0,2.0,1.0,1.0,5.0,1.0,0.0,146.0,2.0,0.0,3.0,1.0,0.0,0.0,1.0,6.0,3.0,8.0,7.0,4.0,5.0,4.0,0.0,7.0,5.0,19.0,15.0,1.0,2.0,14.0,3.0,1.0,1.0,3.0,4.0,1.0,0.0,1.0,9.0,0.0,0.0,3.0,15.0,0.0,9.0,8.0,0.0,14.0,0.0,0.0,4.0,16.0,1.0,3.0,0.0,2.0,1.0,2.0,10.0,1.0,21.0,0.0,0.0,3.0,0.0,1.0
432,0.0,1.0,3.0,0.0,2.0,6.0,9.0,9.0,0.0,3.0,1.0,0.0,39.0,0.0,27.0,39.0,2.0,0.0,0.0,3.0,7.0,0.0,5.0,6.0,0.0,2.0,0.0,198.0,2.0,0.0,1.0,11.0,3.0,0.0,0.0,29.0,0.0,0.0,3.0,0.0,12.0,92.0,0.0,0.0,8.0,3.0,4.0,1.0,1.0,8.0,15.0,11.0,1.0,20.0,0.0,0.0,0.0,0.0,5.0,8.0,0.0,0.0,3.0,5.0,0.0,4.0,2.0,22.0,0.0,3.0,0.0,0.0,2.0,2.0,0.0,7.0,16.0,0.0,3.0,0.0,0.0,1.0,9.0,0.0,2.0,4.0,2.0,0.0,11.0,9.0,9.0,5.0,0.0,1.0,9.0,0.0,1.0,8.0,1.0,25.0
433,0.0,3.0,15.0,3.0,10.0,0.0,4.0,24.0,8.0,1.0,0.0,1.0,5.0,0.0,0.0,0.0,10.0,3.0,4.0,0.0,5.0,5.0,19.0,13.0,12.0,1.0,0.0,112.0,25.0,17.0,0.0,10.0,0.0,0.0,2.0,3.0,0.0,20.0,7.0,4.0,6.0,131.0,7.0,19.0,0.0,8.0,0.0,0.0,3.0,6.0,3.0,1.0,0.0,29.0,2.0,0.0,0.0,2.0,5.0,2.0,19.0,0.0,0.0,1.0,0.0,0.0,6.0,5.0,0.0,3.0,1.0,1.0,5.0,6.0,8.0,1.0,5.0,3.0,1.0,5.0,2.0,4.0,4.0,7.0,1.0,6.0,3.0,4.0,7.0,1.0,0.0,1.0,4.0,17.0,2.0,9.0,15.0,3.0,0.0,25.0
434,4.0,4.0,0.0,1.0,2.0,20.0,0.0,2.0,0.0,1.0,6.0,4.0,2.0,7.0,11.0,0.0,0.0,1.0,0.0,6.0,5.0,0.0,5.0,0.0,1.0,1.0,0.0,217.0,3.0,7.0,1.0,0.0,6.0,15.0,8.0,1.0,1.0,0.0,0.0,0.0,8.0,93.0,0.0,8.0,2.0,2.0,11.0,25.0,3.0,7.0,1.0,13.0,6.0,18.0,1.0,0.0,4.0,5.0,1.0,2.0,13.0,3.0,3.0,1.0,18.0,3.0,3.0,5.0,0.0,4.0,8.0,0.0,5.0,8.0,0.0,3.0,20.0,1.0,2.0,0.0,5.0,19.0,3.0,0.0,5.0,9.0,14.0,0.0,2.0,3.0,3.0,0.0,4.0,1.0,0.0,6.0,26.0,4.0,1.0,0.0
435,5.0,0.0,5.0,1.0,8.0,0.0,0.0,3.0,0.0,4.0,28.0,42.0,4.0,0.0,0.0,6.0,2.0,0.0,0.0,3.0,6.0,0.0,11.0,6.0,2.0,8.0,0.0,164.0,1.0,6.0,3.0,3.0,2.0,1.0,12.0,0.0,1.0,0.0,6.0,7.0,0.0,87.0,10.0,6.0,18.0,1.0,3.0,3.0,3.0,0.0,9.0,11.0,3.0,0.0,2.0,2.0,0.0,4.0,0.0,1.0,0.0,17.0,6.0,3.0,0.0,1.0,10.0,0.0,10.0,10.0,1.0,0.0,0.0,12.0,8.0,5.0,5.0,12.0,9.0,0.0,3.0,0.0,2.0,8.0,2.0,3.0,21.0,1.0,2.0,1.0,5.0,0.0,0.0,3.0,3.0,0.0,7.0,0.0,16.0,18.0
436,7.0,8.0,8.0,1.0,7.0,1.0,0.0,6.0,6.0,7.0,2.0,0.0,3.0,8.0,4.0,8.0,6.0,6.0,5.0,23.0,0.0,17.0,0.0,13.0,3.0,2.0,12.0,89.0,8.0,0.0,13.0,0.0,2.0,1.0,4.0,13.0,14.0,0.0,2.0,0.0,6.0,112.0,39.0,0.0,1.0,5.0,0.0,12.0,0.0,0.0,12.0,0.0,0.0,3.0,5.0,17.0,18.0,10.0,5.0,12.0,1.0,1.0,8.0,0.0,0.0,2.0,1.0,0.0,0.0,7.0,0.0,0.0,0.0,0.0,1.0,1.0,4.0,0.0,0.0,2.0,4.0,4.0,11.0,0.0,3.0,0.0,0.0,0.0,3.0,1.0,0.0,4.0,3.0,0.0,4.0,2.0,2.0,0.0,20.0,3.0
437,6.0,9.0,7.0,3.0,0.0,10.0,16.0,1.0,2.0,0.0,15.0,0.0,2.0,0.0,7.0,0.0,0.0,8.0,3.0,1.0,0.0,0.0,0.0,4.0,9.0,1.0,8.0,131.0,6.0,0.0,1.0,13.0,0.0,0.0,0.0,1.0,10.0,6.0,0.0,23.0,0.0,69.0,2.0,5.0,16.0,0.0,0.0,1.0,3.0,13.0,9.0,13.0,0.0,1.0,1.0,13.0,2.0,1.0,2.0,2.0,11.0,0.0,4.0,4.0,5.0,0.0,2.0,19.0,19.0,5.0,0.0,8.0,1.0,7.0,3.0,2.0,20.0,0.0,3.0,6.0,0.0,0.0,10.0,13.0,9.0,2.0,3.0,10.0,3.0,9.0,4.0,2.0,4.0,2.0,6.0,7.0,11.0,2.0,0.0,2.0
438,12.0,0.0,0.0,0.0,20.0,1.0,0.0,3.0,0.0,7.0,1.0,10.0,1.0,0.0,1.0,2.0,0.0,0.0,7.0,0.0,7.0,0.0,0.0,36.0,0.0,2.0,8.0,133.0,0.0,1.0,0.0,20.0,2.0,2.0,0.0,10.0,0.0,0.0,5.0,2.0,0.0,125.0,1.0,5.0,0.0,3.0,18.0,2.0,4.0,3.0,38.0,0.0,4.0,0.0,11.0,4.0,0.0,0.0,2.0,9.0,8.0,2.0,2.0,2.0,8.0,10.0,4.0,3.0,0.0,15.0,1.0,2.0,0.0,12.0,0.0,17.0,6.0,1.0,5.0,2.0,3.0,0.0,13.0,21.0,8.0,0.0,10.0,0.0,0.0,4.0,5.0,24.0,7.0,22.0,10.0,3.0,0.0,21.0,0.0,1.0
439,5.0,7.0,1.0,5.0,1.0,1.0,3.0,6.0,0.0,8.0,0.0,2.0,0.0,5.0,0.0,0.0,4.0,1.0,1.0,0.0,3.0,0.0,4.0,2.0,1.0,5.0,0.0,79.0,0.0,6.0,5.0,1.0,16.0,5.0,10.0,0.0,1.0,0.0,3.0,12.0,5.0,156.0,0.0,0.0,0.0,0.0,0.0,0.0,6.0,8.0,0.0,2.0,1.0,1.0,7.0,3.0,0.0,0.0,1.0,7.0,16.0,2.0,0.0,4.0,5.0,0.0,13.0,1.0,27.0,0.0,12.0,3.0,2.0,0.0,0.0,5.0,0.0,8.0,8.0,0.0,2.0,0.0,2.0,1.0,0.0,7.0,0.0,8.0,4.0,2.0,0.0,3.0,2.0,2.0,2.0,3.0,1.0,0.0,3.0,7.0
440,3.0,4.0,1.0,7.0,0.0,8.0,4.0,1.0,1.0,6.0,4.0,15.0,3.0,7.0,1.0,8.0,0.0,3.0,3.0,2.0,0.0,20.0,0.0,4.0,0.0,0.0,3.0,176.0,2.0,1.0,0.0,1.0,0.0,6.0,1.0,1.0,7.0,0.0,0.0,0.0,3.0,205.0,2.0,4.0,14.0,4.0,12.0,0.0,4.0,3.0,3.0,6.0,3.0,3.0,4.0,8.0,0.0,7.0,0.0,1.0,18.0,7.0,0.0,18.0,7.0,0.0,1.0,2.0,1.0,4.0,9.0,3.0,0.0,0.0,18.0,8.0,6.0,0.0,8.0,0.0,19.0,1.0,0.0,1.0,9.0,1.0,5.0,1.0,4.0,0.0,0.0,0.0,0.0,1.0,14.0,1.0,2.0,6.0,0.0,2.0
441,0.0,1.0,0.0,27.0,3.0,3.0,3.0,3.0,8.0,1.0,6.0,0.0,20.0,0.0,12.0,0.0,1.0,6.0,18.0,2.0,9.0,12.0,4.0,5.0,3.0,6.0,0.0,70.0,5.0,0.0,35.0,0.0,19.0,1.0,0.0,0.0,4.0,8.0,11.0,9.0,3.0,139.0,3.0,14.0,15.0,6.0,0.0,0.0,17.0,0.0,1.0,27.0,8.0,10.0,1.0,2.0,1.0,6.0,0.0,1.0,1.0,5.0,6.0,0.0,0.0,4.0,3.0,0.0,11.0,12.0,12.0,9.0,5.0,0.0,5.0,18.0,17.0,20.0,8.0,5.0,2.0,6.0,3.0,2.0,17.0,0.0,2.0,1.0,0.0,2.0,8.0,1.0,4.0,3.0,2.0,1.0,0.0,12.0,3.0,5.0
442,5.0,4.0,9.0,21.0,10.0,2.0,16.0,10.0,3.0,6.0,25.0,0.0,1.0,25.0,22.0,12.0,9.0,8.0,0.0,0.0,26.0,1.0,1.0,1.0,2.0,0.0,9.0,145.0,0.0,2.0,5.0,14.0,4.0,1.0,0.0,0.0,6.0,26.0,0.0,0.0,0.0,96.0,26.0,4.0,3.0,0.0,2.0,29.0,4.0,6.0,0.0,0.0,4.0,0.0,0.0,4.0,5.0,5.0,2.0,15.0,4.0,4.0,5.0,1.0,5.0,45.0,1.0,4.0,16.0,22.0,5.0,0.0,0.0,9.0,0.0,9.0,4.0,0.0,2.0,12.0,7.0,7.0,0.0,3.0,6.0,2.0,0.0,22.0,2.0,7.0,4.0,12.0,2.0,7.0,0.0,9.0,2.0,4.0,0.0,0.0
443,6.0,0.0,0.0,0.0,1.0,0.0,2.0,7.0,3.0,2.0,0.0,11.0,1.0,11.0,0.0,4.0,1.0,13.0,0.0,1.0,0.0,11.0,23.0,1.0,1.0,0.0,17.0,122.0,10.0,5.0,11.0,0.0,9.0,0.0,4.0,10.0,0.0,8.0,1.0,11.0,14.0,92.0,2.0,4.0,5.0,11.0,6.0,0.0,7.0,7.0,2.0,9.0,1.0,0.0,1.0,13.0,9.0,8.0,0.0,2.0,23.0,7.0,1.0,0.0,30.0,2.0,0.0,19.0,5.0,7.0,5.0,3.0,5.0,9.0,2.0,0.0,0.0,1.0,0.0,6.0,0.0,0.0,1.0,3.0,8.0,4.0,5.0,10.0,0.0,1.0,5.0,5.0,3.0,5.0,14.0,21.0,5.0,2.0,0.0,8.0
444,5.0,6.0,1.0,0.0,1.0,2.0,0.0,9.0,0.0,7.0,0.0,16.0,1.0,1.0,0.0,0.0,13.0,26.0,3.0,3.0,0.0,3.0,6.0,1.0,0.0,0.0,0.0,126.0,5.0,1.0,3.0,8.0,5.0,4.0,17.0,2.0,0.0,0.0,0.0,2.0,8.0,101.0,6.0,5.0,0.0,0.0,5.0,2.0,0.0,5.0,7.0,26.0,4.0,0.0,0.0,1.0,1.0,8.0,8.0,0.0,1.0,5.0,5.0,4.0,4.0,0.0,1.0,0.0,7.0,0.0,3.0,3.0,8.0,4.0,6.0,3.0,1.0,1.0,0.0,2.0,1.0,0.0,0.0,2.0,16.0,2.0,0.0,3.0,19.0,5.0,2.0,1.0,12.0,25.0,9.0,1.0,10.0,6.0,18.0,4.0
445,7.0,12.0,2.0,0.0,0.0,0.0,0.0,0.0,8.0,2.0,0.0,5.0,7.0,11.0,11.0,10.0,0.0,0.0,15.0,1.0,14.0,0.0,2.0,4.0,6.0,0.0,14.0,183.0,0.0,8.0,1.0,16.0,5.0,0.0,10.0,5.0,4.0,0.0,2.0,2.0,5.0,100.0,3.0,7.0,1.0,5.0,0.0,5.0,11.0,3.0,5.0,0.0,1.0,0.0,7.0,0.0,1.0,1.0,5.0,1.0,0.0,1.0,0.0,1.0,0.0,2.0,37.0,13.0,5.0,19.0,18.0,0.0,1.0,0.0,20.0,0.0,0.0,0.0,0.0,14.0,10.0,0.0,0.0,7.0,0.0,13.0,4.0,5.0,0.0,6.0,3.0,10.0,1.0,9.0,0.0,0.0,4.0,3.0,0.0,2.0
446,7.0,10.0,1.0,15.0,0.0,2.0,22.0,0.0,11.0,1.0,0.0,17.0,1.0,1.0,18.0,3.0,8.0,2.0,0.0,1.0,0.0,5.0,0.0,5.0,5.0,0.0,12.0,170.0,7.0,5.0,2.0,20.0,1.0,4.0,19.0,3.0,19.0,14.0,11.0,0.0,1.0,125.0,1.0,8.0,7.0,0.0,1.0,1.0,6.0,5.0,0.0,1.0,2.0,5.0,0.0,0.0,6.0,1.0,3.0,1.0,1.0,4.0,9.0,5.0,3.0,0.0,4.0,23.0,14.0,2.0,0.0,8.0,6.0,14.0,0.0,6.0,13.0,1.0,2.0,3.0,1.0,1.0,0.0,1.0,2.0,2.0,4.0,5.0,9.0,1.0,0.0,2.0,1.0,3.0,13.0,0.0,0.0,1.0,1.0,3.0
447,6.0,1.0,1.0,5.0,7.0,10.0,12.0,5.0,21.0,0.0,0.0,8.0,4.0,14.0,16.0,0.0,2.0,0.0,18.0,2.0,0.0,10.0,0.0,3.0,3.0,0.0,13.0,188.0,0.0,0.0,1.0,3.0,1.0,4.0,5.0,0.0,0.0,6.0,6.0,11.0,1.0,114.0,4.0,0.0,4.0,9.0,0.0,10.0,1.0,6.0,7.0,1.0,13.0,1.0,7.0,2.0,3.0,21.0,11.0,3.0,0.0,0.0,3.0,2.0,5.0,4.0,8.0,29.0,1.0,2.0,1.0,2.0,1.0,1.0,0.0,2.0,0.0,8.0,28.0,1.0,1.0,2.0,0.0,0.0,0.0,8.0,1.0,11.0,0.0,1.0,0.0,0.0,12.0,17.0,6.0,2.0,0.0,10.0,4.0,1.0
448,4.0,17.0,0.0,0.0,2.0,4.0,9.0,0.0,5.0,7.0,0.0,20.0,0.0,3.0,4.0,0.0,1.0,0.0,0.0,10.0,16.0,2.0,2.0,12.0,1.0,3.0,5.0,76.0,1.0,4.0,10.0,4.0,2.0,0.0,0.0,1.0,13.0,5.0,16.0,2.0,0.0,112.0,5.0,7.0,1.0,0.0,5.0,1.0,0.0,8.0,0.0,8.0,2.0,4.0,1.0,0.0,4.0,3.0,4.0,5.0,12.0,2.0,7.0,0.0,0.0,3.0,4.0,3.0,0.0,11.0,5.0,5.0,17.0,0.0,7.0,11.0,3.0,5.0,0.0,6.0,0.0,20.0,3.0,0.0,14.0,6.0,5.0,3.0,1.0,2.0,3.0,0.0,11.0,0.0,0.0,2.0,0.0,0.0,4.0,9.0
449,5.0,7.0,4.0,0.0,10.0,13.0,4.0,2.0,0.0,1.0,4.0,0.0,11.0,11.0,0.0,2.0,30.0,1.0,5.0,14.0,0.0,3.0,1.0,1.0,0.0,1.0,2.0,153.0,0.0,0.0,1.0,0.0,10.0,7.0,0.0,3.0,13.0,2.0,0.0,4.0,0.0,187.0,1.0,3.0,1.0,1.0,3.0,0.0,0.0,4.0,17.0,0.0,8.0,18.0,4.0,3.0,0.0,1.0,3.0,0.0,0.0,1.0,7.0,0.0,19.0,27.0,7.0,7.0,0.0,1.0,4.0,11.0,6.0,4.0,0.0,0.0,1.0,10.0,3.0,1.0,1.0,0.0,5.0,1.0,0.0,0.0,1.0,4.0,5.0,3.0,0.0,1.0,0.0,0.0,1.0,5.0,10.0,13.0,14.0,4.0
450,2.0,0.0,1.0,1.0,2.0,2.0,12.0,3.0,0.0,8.0,4.0,0.0,3.0,12.0,0.0,9.0,0.0,1.0,29.0,3.0,7.0,2.0,0.0,2.0,0.0,1.0,8.0,181.0,53.0,3.0,4.0,0.0,3.0,6.0,1.0,4.0,0.0,0.0,1.0,3.0,0.0,187.0,0.0,1.0,5.0,0.0,5.0,0.0,10.0,3.0,1.0,3.0,3.0,4.0,0.0,0.0,0.0,0.0,1.0,0.0,7.0,7.0,1.0,3.0,2.0,11.0,7.0,6.0,1.0,4.0,8.0,1.0,3.0,4.0,0.0,6.0,3.0,2.0,0.0,0.0,3.0,2.0,3.0,2.0,0.0,11.0,1.0,2.0,5.0,0.0,4.0,12.0,0.0,9.0,8.0,0.0,3.0,2.0,0.0,7.0
451,0.0,5.0,7.0,0.0,0.0,0.0,11.0,4.0,7.0,0.0,18.0,2.0,2.0,2.0,10.0,0.0,4.0,15.0,4.0,1.0,0.0,1.0,5.0,0.0,1.0,6.0,0.0,91.0,11.0,4.0,0.0,19.0,2.0,7.0,0.0,3.0,9.0,2.0,12.0,0.0,12.0,87.0,0.0,11.0,13.0,0.0,11.0,11.0,1.0,4.0,1.0,1.0,0.0,2.0,0.0,17.0,21.0,1.0,0.0,4.0,3.0,0.0,5.0,0.0,0.0,3.0,8.0,11.0,0.0,0.0,0.0,0.0,0.0,3.0,2.0,2.0,2.0,4.0,34.0,4.0,9.0,6.0,0.0,33.0,0.0,0.0,0.0,1.0,3.0,2.0,8.0,2.0,4.0,0.0,5.0,0.0,7.0,6.0,3.0,3.0
452,3.0,0.0,0.0,23.0,7.0,0.0,0.0,0.0,9.0,2.0,2.0,0.0,0.0,0.0,0.0,10.0,0.0,3.0,9.0,4.0,4.0,0.0,7.0,0.0,0.0,18.0,0.0,154.0,0.0,0.0,5.0,0.0,6.0,4.0,7.0,0.0,5.0,0.0,4.0,20.0,0.0,113.0,1.0,6.0,2.0,10.0,10.0,0.0,0.0,5.0,2.0,4.0,13.0,3.0,0.0,4.0,5.0,15.0,1.0,1.0,4.0,11.0,17.0,0.0,0.0,2.0,2.0,3.0,11.0,3.0,0.0,1.0,6.0,0.0,4.0,15.0,2.0,3.0,0.0,9.0,1.0,19.0,3.0,12.0,4.0,22.0,16.0,0.0,1.0,1.0,5.0,0.0,4.0,1.0,12.0,0.0,2.0,5.0,2.0,6.0
453,9.0,0.0,4.0,1.0,6.0,24.0,0.0,0.0,18.0,6.0,1.0,19.0,2.0,2.0,14.0,3.0,12.0,6.0,0.0,1.0,0.0,1.0,3.0,1.0,2.0,2.0,6.0,134.0,5.0,0.0,12.0,3.0,16.0,1.0,4.0,7.0,14.0,7.0,1.0,10.0,4.0,136.0,0.0,8.0,7.0,12.0,13.0,0.0,11.0,5.0,7.0,2.0,4.0,0.0,8.0,1.0,0.0,0.0,9.0,0.0,3.0,9.0,0.0,0.0,6.0,1.0,0.0,0.0,0.0,2.0,4.0,26.0,2.0,4.0,4.0,5.0,0.0,13.0,5.0,17.0,12.0,14.0,5.0,5.0,0.0,1.0,1.0,4.0,3.0,2.0,1.0,8.0,3.0,6.0,4.0,6.0,3.0,4.0,6.0,2.0
454,0.0,10.0,1.0,15.0,15.0,3.0,12.0,0.0,1.0,0.0,4.0,3.0,1.0,11.0,11.0,6.0,3.0,1.0,3.0,1.0,0.0,1.0,0.0,0.0,7.0,12.0,2.0,133.0,1.0,2.0,0.0,3.0,2.0,5.0,0.0,0.0,2.0,7.0,3.0,1.0,4.0,148.0,3.0,2.0,1.0,0.0,2.0,1.0,5.0,16.0,3.0,1.0,0.0,5.0,2.0,5.0,3.0,2.0,0.0,0.0,0.0,2.0,24.0,0.0,0.0,2.0,0.0,9.0,3.0,12.0,0.0,0.0,3.0,0.0,4.0,0.0,11.0,5.0,6.0,29.0,3.0,0.0,1.0,32.0,4.0,0.0,0.0,15.0,14.0,0.0,1.0,3.0,2.0,0.0,2.0,1.0,6.0,24.0,1.0,1.0
455,6.0,2.0,9.0,2.0,8.0,0.0,11.0,6.0,8.0,7.0,7.0,1.0,3.0,9.0,8.0,8.0,17.0,0.0,5.0,3.0,4.0,2.0,2.0,1.0,6.0,5.0,0.0,149.0,2.0,0.0,1.0,16.0,9.0,6.0,3.0,21.0,6.0,5.0,2.0,0.0,8.0,172.0,12.0,0.0,2.0,18.0,0.0,8.0,9.0,4.0,11.0,6.0,0.0,1.0,3.0,4.0,0.0,4.0,2.0,0.0,0.0,7.0,0.0,11.0,4.0,5.0,3.0,7.0,4.0,6.0,9.0,4.0,1.0,0.0,0.0,2.0,5.0,0.0,3.0,6.0,0.0,40.0,0.0,0.0,2.0,1.0,3.0,3.0,3.0,3.0,2.0,4.0,0.0,8.0,0.0,0.0,2.0,5.0,4.0,3.0
456,0.0,19.0,4.0,2.0,8.0,6.0,0.0,2.0,2.0,1.0,8.0,7.0,1.0,11.0,2.0,2.0,4.0,0.0,0.0,1.0,0.0,0.0,27.0,1.0,0.0,2.0,0.0,90.0,5.0,1.0,14.0,11.0,0.0,0.0,0.0,3.0,1.0,24.0,1.0,6.0,5.0,85.0,6.0,15.0,2.0,10.0,1.0,1.0,3.0,2.0,7.0,0.0,25.0,0.0,5.0,6.0,2.0,3.0,3.0,1.0,7.0,26.0,3.0,6.0,0.0,14.0,26.0,1.0,3.0,6.0,0.0,2.0,1.0,7.0,10.0,0.0,9.0,4.0,1.0,7.0,2.0,1.0,0.0,1.0,1.0,4.0,1.0,4.0,0.0,1.0,8.0,2.0,24.0,0.0,4.0,1.0,7.0,2.0,15.0,1.0
457,9.0,0.0,12.0,1.0,2.0,1.0,1.0,1.0,0.0,4.0,20.0,1.0,0.0,0.0,4.0,0.0,0.0,6.0,0.0,0.0,5.0,5.0,0.0,18.0,6.0,4.0,4.0,173.0,5.0,0.0,5.0,35.0,0.0,0.0,18.0,0.0,1.0,2.0,2.0,1.0,0.0,189.0,6.0,5.0,6.0,1.0,19.0,0.0,2.0,0.0,1.0,7.0,10.0,5.0,0.0,1.0,0.0,6.0,2.0,10.0,15.0,0.0,13.0,2.0,2.0,4.0,14.0,6.0,4.0,1.0,7.0,0.0,5.0,2.0,0.0,3.0,4.0,6.0,5.0,9.0,5.0,15.0,5.0,9.0,0.0,11.0,4.0,4.0,5.0,2.0,0.0,4.0,4.0,6.0,3.0,9.0,4.0,7.0,3.0,0.0
458,24.0,2.0,3.0,0.0,0.0,1.0,0.0,5.0,8.0,0.0,1.0,1.0,0.0,0.0,11.0,5.0,0.0,0.0,2.0,8.0,8.0,2.0,0.0,0.0,2.0,12.0,4.0,184.0,1.0,5.0,8.0,4.0,8.0,0.0,1.0,6.0,9.0,1.0,9.0,10.0,4.0,145.0,0.0,1.0,1.0,15.0,25.0,5.0,4.0,8.0,1.0,5.0,15.0,7.0,5.0,0.0,1.0,3.0,7.0,2.0,1.0,0.0,0.0,0.0,1.0,0.0,0.0,0.0,6.0,2.0,5.0,1.0,1.0,18.0,1.0,0.0,0.0,0.0,4.0,2.0,10.0,4.0,2.0,3.0,2.0,0.0,6.0,0.0,10.0,0.0,6.0,8.0,7.0,6.0,1.0,19.0,0.0,0.0,17.0,0.0
459,0.0,4.0,15.0,2.0,12.0,0.0,5.0,0.0,0.0,3.0,2.0,17.0,16.0,4.0,0.0,2.0,0.0,6.0,2.0,2.0,7.0,3.0,0.0,5.0,3.0,3.0,3.0,151.0,0.0,0.0,1.0,0.0,3.0,17.0,5.0,1.0,13.0,2.0,0.0,1.0,7.0,108.0,4.0,0.0,0.0,2.0,0.0,3.0,1.0,0.0,16.0,18.0,0.0,5.0,4.0,24.0,1.0,4.0,14.0,0.0,23.0,0.0,4.0,1.0,1.0,6.0,0.0,1.0,0.0,9.0,15.0,0.0,11.0,3.0,0.0,0.0,0.0,28.0,1.0,4.0,4.0,9.0,0.0,9.0,20.0,4.0,4.0,4.0,8.0,17.0,21.0,2.0,1.0,17.0,39.0,0.0,0.0,0.0,1.0,0.0
460,5.0,17.0,1.0,1.0,8.0,1.0,6.0,0.0,14.0,2.0,0.0,2.0,5.0,0.0,14.0,10.0,1.0,20.0,0.0,1.0,1.0,2.0,3.0,6.0,6.0,0.0,0.0,149.0,0.0,1.0,3.0,7.0,0.0,0.0,3.0,15.0,0.0,9.0,2.0,1.0,0.0,128.0,10.0,3.0,0.0,15.0,5.0,0.0,0.0,13.0,1.0,11.0,6.0,0.0,1.0,16.0,1.0,10.0,2.0,2.0,6.0,2.0,1.0,17.0,9.0,4.0,2.0,6.0,5.0,0.0,0.0,5.0,0.0,5.0,20.0,1.0,0.0,0.0,3.0,3.0,8.0,2.0,0.0,0.0,9.0,1.0,2.0,1.0,7.0,0.0,27.0,3.0,0.0,0.0,4.0,6.0,0.0,4.0,1.0,7.0
461,1.0,0.0,0.0,0.0,0.0,6.0,0.0,4.0,9.0,0.0,1.0,5.0,17.0,3.0,0.0,2.0,20.0,3.0,20.0,4.0,20.0,0.0,6.0,3.0,6.0,0.0,3.0,185.0,4.0,0.0,0.0,0.0,1.0,12.0,5.0,9.0,0.0,6.0,0.0,5.0,2.0,146.0,1.0,3.0,0.0,0.0,8.0,0.0,2.0,5.0,4.0,0.0,2.0,8.0,0.0,5.0,30.0,4.0,7.0,0.0,0.0,8.0,0.0,1.0,15.0,0.0,7.0,4.0,0.0,2.0,0.0,7.0,14.0,1.0,0.0,2.0,2.0,0.0,5.0,5.0,0.0,7.0,3.0,4.0,1.0,0.0,0.0,0.0,0.0,2.0,14.0,0.0,0.0,3.0,3.0,5.0,12.0,16.0,6.0,0.0
462,2.0,8.0,3.0,11.0,12.0,5.0,6.0,1.0,0.0,10.0,0.0,5.0,25.0,3.0,1.0,5.0,0.0,0.0,4.0,29.0,0.0,7.0,0.0,3.0,2.0,7.0,3.0,166.0,5.0,0.0,0.0,0.0,5.0,18.0,4.0,3.0,12.0,14.0,0.0,6.0,1.0,207.0,0.0,0.0,2.0,13.0,10.0,6.0,3.0,10.0,0.0,15.0,3.0,12.0,10.0,4.0,2.0,2.0,6.0,14.0,2.0,9.0,2.0,12.0,7.0,0.0,29.0,2.0,0.0,0.0,2.0,1.0,4.0,0.0,3.0,1.0,0.0,1.0,22.0,3.0,3.0,2.0,0.0,0.0,1.0,8.0,5.0,13.0,6.0,9.0,6.0,1.0,9.0,1.0,2.0,4.0,0.0,0.0,0.0,0.0
463,2.0,8.0,1.0,0.0,1.0,0.0,17.0,4.0,5.0,3.0,8.0,1.0,19.0,4.0,4.0,0.0,3.0,0.0,3.0,2.0,0.0,15.0,0.0,1.0,3.0,5.0,11.0,154.0,1.0,1.0,7.0,5.0,6.0,3.0,5.0,16.0,9.0,5.0,2.0,0.0,3.0,152.0,13.0,5.0,7.0,2.0,0.0,0.0,3.0,2.0,2.0,0.0,5.0,5.0,0.0,2.0,4.0,5.0,0.0,6.0,4.0,5.0,0.0,6.0,2.0,3.0,15.0,2.0,1.0,25.0,7.0,2.0,8.0,3.0,2.0,2.0,0.0,0.0,19.0,1.0,22.0,17.0,0.0,12.0,1.0,7.0,1.0,0.0,10.0,3.0,17.0,5.0,1.0,2.0,2.0,12.0,3.0,1.0,7.0,35.0
464,2.0,5.0,0.0,0.0,7.0,1.0,6.0,0.0,3.0,14.0,9.0,3.0,6.0,10.0,10.0,7.0,6.0,4.0,0.0,13.0,2.0,5.0,0.0,0.0,3.0,6.0,1.0,163.0,5.0,3.0,7.0,0.0,26.0,7.0,1.0,11.0,9.0,9.0,7.0,1.0,3.0,149.0,17.0,0.0,5.0,6.0,0.0,1.0,3.0,0.0,5.0,0.0,0.0,11.0,0.0,7.0,3.0,7.0,2.0,11.0,8.0,0.0,4.0,6.0,3.0,3.0,3.0,1.0,12.0,5.0,2.0,1.0,1.0,12.0,0.0,0.0,4.0,8.0,12.0,0.0,4.0,4.0,21.0,7.0,0.0,2.0,1.0,29.0,9.0,2.0,34.0,1.0,10.0,4.0,6.0,9.0,18.0,16.0,1.0,2.0
465,8.0,3.0,3.0,7.0,4.0,4.0,1.0,2.0,2.0,0.0,13.0,4.0,7.0,30.0,6.0,0.0,11.0,1.0,0.0,0.0,1.0,24.0,5.0,33.0,3.0,0.0,0.0,66.0,5.0,3.0,0.0,7.0,0.0,1.0,26.0,6.0,8.0,0.0,1.0,3.0,11.0,76.0,0.0,0.0,2.0,1.0,3.0,4.0,20.0,0.0,0.0,0.0,6.0,7.0,0.0,14.0,2.0,1.0,1.0,0.0,3.0,13.0,2.0,1.0,14.0,7.0,3.0,4.0,1.0,5.0,4.0,25.0,4.0,0.0,0.0,0.0,4.0,2.0,0.0,8.0,0.0,24.0,2.0,19.0,17.0,19.0,8.0,14.0,1.0,4.0,10.0,0.0,5.0,5.0,5.0,5.0,1.0,17.0,3.0,0.0
466,0.0,7.0,0.0,0.0,4.0,15.0,1.0,1.0,5.0,3.0,10.0,6.0,9.0,19.0,1.0,3.0,10.0,2.0,1.0,1.0,8.0,4.0,16.0,16.0,3.0,0.0,0.0,114.0,6.0,16.0,0.0,7.0,4.0,16.0,15.0,3.0,1.0,4.0,7.0,37.0,1.0,135.0,3.0,4.0,12.0,2.0,16.0,21.0,0.0,0.0,8.0,6.0,5.0,11.0,4.0,4.0,1.0,0.0,1.0,1.0,3.0,3.0,3.0,2.0,0.0,1.0,1.0,0.0,0.0,1.0,9.0,1.0,1.0,11.0,2.0,7.0,9.0,0.0,25.0,8.0,0.0,18.0,9.0,15.0,2.0,1.0,1.0,1.0,11.0,8.0,13.0,0.0,8.0,0.0,7.0,0.0,1.0,0.0,8.0,8.0
467,0.0,0.0,0.0,5.0,1.0,1.0,0.0,3.0,19.0,0.0,11.0,4.0,0.0,5.0,0.0,5.0,11.0,0.0,6.0,14.0,1.0,4.0,20.0,5.0,4.0,2.0,0.0,152.0,8.0,1.0,1.0,5.0,3.0,22.0,7.0,4.0,4.0,0.0,5.0,23.0,4.0,104.0,2.0,0.0,6.0,2.0,0.0,3.0,6.0,0.0,2.0,13.0,0.0,6.0,7.0,0.0,0.0,1.0,0.0,3.0,7.0,0.0,3.0,0.0,1.0,0.0,0.0,2.0,8.0,0.0,1.0,3.0,10.0,0.0,0.0,6.0,5.0,2.0,3.0,0.0,0.0,4.0,0.0,11.0,0.0,16.0,15.0,7.0,12.0,1.0,13.0,1.0,0.0,1.0,0.0,13.0,0.0,0.0,6.0,0.0
468,8.0,1.0,4.0,0.0,25.0,5.0,0.0,0.0,1.0,0.0,3.0,3.0,11.0,0.0,6.0,7.0,13.0,0.0,4.0,4.0,2.0,2.0,12.0,4.0,13.0,6.0,18.0,115.0,3.0,0.0,1.0,3.0,25.0,12.0,4.0,10.0,1.0,12.0,13.0,0.0,4.0,125.0,2.0,0.0,1.0,8.0,15.0,25.0,10.0,3.0,0.0,6.0,1.0,2.0,10.0,4.0,0.0,0.0,0.0,1.0,0.0,1.0,6.0,7.0,10.0,31.0,6.0,1.0,4.0,12.0,0.0,5.0,1.0,0.0,4.0,0.0,0.0,16.0,2.0,14.0,9.0,3.0,1.0,0.0,0.0,6.0,14.0,5.0,0.0,8.0,1.0,5.0,17.0,0.0,0.0,0.0,8.0,1.0,0.0,1.0
469,0.0,4.0,0.0,1.0,1.0,1.0,6.0,12.0,23.0,2.0,0.0,4.0,5.0,0.0,11.0,14.0,0.0,1.0,0.0,11.0,3.0,0.0,0.0,3.0,2.0,3.0,0.0,94.0,0.0,2.0,0.0,10.0,2.0,13.0,1.0,2.0,0.0,0.0,2.0,3.0,3.0,196.0,18.0,9.0,2.0,4.0,0.0,4.0,15.0,2.0,1.0,1.0,0.0,27.0,3.0,0.0,16.0,0.0,14.0,9.0,0.0,9.0,1.0,2.0,10.0,4.0,0.0,6.0,1.0,15.0,3.0,1.0,1.0,3.0,11.0,0.0,3.0,3.0,0.0,2.0,1.0,21.0,1.0,16.0,0.0,6.0,1.0,6.0,5.0,1.0,3.0,12.0,0.0,2.0,17.0,8.0,2.0,32.0,9.0,3.0
470,6.0,31.0,1.0,2.0,0.0,8.0,3.0,11.0,0.0,0.0,0.0,3.0,19.0,3.0,19.0,6.0,13.0,3.0,4.0,13.0,0.0,2.0,9.0,1.0,1.0,0.0,5.0,175.0,8.0,1.0,2.0,0.0,2.0,3.0,4.0,0.0,9.0,2.0,5.0,0.0,2.0,110.0,3.0,3.0,6.0,0.0,3.0,2.0,1.0,4.0,1.0,10.0,12.0,0.0,1.0,1.0,1.0,26.0,12.0,5.0,1.0,3.0,1.0,7.0,5.0,9.0,4.0,5.0,2.0,0.0,2.0,5.0,7.0,0.0,3.0,18.0,1.0,10.0,0.0,3.0,0.0,20.0,5.0,1.0,0.0,9.0,0.0,8.0,3.0,8.0,0.0,2.0,10.0,5.0,5.0,0.0,0.0,0.0,0.0,8.0
471,25.0,0.0,4.0,4.0,4.0,8.0,3.0,0.0,1.0,1.0,6.0,0.0,2.0,6.0,2.0,8.0,6.0,8.0,1.0,3.0,22.0,2.0,8.0,22.0,7.0,6.0,6.0,101.0,7.0,0.0,6.0,2.0,1.0,12.0,2.0,1.0,3.0,9.0,7.0,13.0,7.0,107.0,2.0,6.0,1.0,9.0,4.0,6.0,1.0,9.0,0.0,0.0,1.0,4.0,8.0,3.0,10.0,6.0,6.0,9.0,0.0,4.0,0.0,5.0,3.0,11.0,1.0,7.0,3.0,5.0,3.0,6.0,21.0,2.0,11.0,9.0,14.0,1.0,28.0,0.0,3.0,16.0,0.0,0.0,7.0,5.0,0.0,0.0,1.0,6.0,0.0,7.0,2.0,9.0,2.0,4.0,0.0,0.0,6.0,2.0
472,2.0,0.0,3.0,0.0,11.0,0.0,0.0,13.0,5.0,7.0,7.0,9.0,7.0,0.0,5.0,0.0,4.0,0.0,5.0,2.0,7.0,11.0,5.0,7.0,3.0,9.0,32.0,170.0,6.0,1.0,7.0,1.0,7.0,5.0,9.0,10.0,9.0,25.0,0.0,3.0,2.0,85.0,11.0,3.0,16.0,1.0,2.0,1.0,2.0,1.0,4.0,22.0,0.0,0.0,0.0,0.0,0.0,5.0,5.0,13.0,0.0,6.0,1.0,0.0,22.0,3.0,7.0,27.0,2.0,12.0,3.0,19.0,7.0,6.0,6.0,2.0,5.0,9.0,0.0,1.0,4.0,1.0,0.0,11.0,0.0,1.0,21.0,1.0,12.0,2.0,0.0,2.0,1.0,0.0,5.0,3.0,3.0,0.0,0.0,3.0
473,10.0,2.0,9.0,1.0,2.0,0.0,1.0,0.0,1.0,1.0,7.0,9.0,2.0,19.0,6.0,0.0,7.0,6.0,23.0,8.0,6.0,9.0,11.0,13.0,13.0,2.0,6.0,193.0,3.0,2.0,4.0,11.0,5.0,10.0,2.0,4.0,2.0,6.0,6.0,0.0,9.0,86.0,0.0,0.0,6.0,1.0,2.0,6.0,1.0,2.0,4.0,2.0,0.0,0.0,26.0,7.0,4.0,0.0,9.0,24.0,1.0,4.0,3.0,3.0,2.0,1.0,1.0,21.0,0.0,8.0,13.0,2.0,0.0,13.0,3.0,1.0,15.0,0.0,10.0,7.0,5.0,18.0,2.0,8.0,15.0,4.0,12.0,7.0,7.0,0.0,0.0,5.0,1.0,2.0,1.0,0.0,8.0,12.0,0.0,19.0
474,6.0,2.0,1.0,0.0,4.0,7.0,0.0,3.0,1.0,0.0,5.0,0.0,2.0,4.0,0.0,8.0,3.0,3.0,0.0,19.0,1.0,6.0,7.0,1.0,0.0,2.0,1.0,102.0,5.0,3.0,0.0,9.0,1.0,4.0,0.0,14.0,1.0,2.0,0.0,2.0,0.0,182.0,6.0,9.0,8.0,6.0,1.0,11.0,8.0,8.0,6.0,9.0,5.0,9.0,5.0,1.0,0.0,26.0,5.0,8.0,0.0,3.0,0.0,15.0,0.0,3.0,3.0,7.0,18.0,1.0,4.0,1.0,0.0,7.0,0.0,2.0,2.0,0.0,4.0,0.0,12.0,9.0,7.0,0.0,0.0,0.0,0.0,1.0,3.0,1.0,5.0,7.0,17.0,2.0,4.0,0.0,19.0,0.0,4.0,0.0
475,3.0,15.0,1.0,2.0,0.0,0.0,2.0,5.0,7.0,9.0,3.0,0.0,9.0,0.0,6.0,7.0,18.0,0.0,0.0,0.0,0.0,12.0,8.0,0.0,0.0,1.0,22.0,106.0,1.0,5.0,2.0,13.0,3.0,1.0,2.0,4.0,2.0,1.0,16.0,2.0,1.0,95.0,1.0,0.0,8.0,0.0,0.0,22.0,1.0,13.0,2.0,0.0,7.0,0.0,4.0,0.0,0.0,4.0,0.0,3.0,6.0,0.0,12.0,4.0,0.0,4.0,7.0,1.0,7.0,2.0,0.0,2.0,3.0,19.0,21.0,6.0,0.0,0.0,2.0,1.0,0.0,0.0,5.0,5.0,5.0,5.0,1.0,18.0,2.0,16.0,0.0,13.0,12.0,0.0,5.0,11.0,10.0,2.0,14.0,32.0
476,6.0,1.0,6.0,1.0,9.0,0.0,4.0,4.0,1.0,5.0,7.0,3.0,3.0,2.0,1.0,5.0,2.0,0.0,0.0,14.0,22.0,0.0,2.0,2.0,4.0,0.0,2.0,178.0,0.0,4.0,9.0,17.0,2.0,5.0,4.0,7.0,2.0,0.0,1.0,1.0,2.0,83.0,4.0,2.0,5.0,5.0,0.0,2.0,8.0,5.0,6.0,6.0,1.0,13.0,1.0,3.0,0.0,9.0,4.0,3.0,0.0,2.0,5.0,1.0,0.0,2.0,0.0,0.0,2.0,1.0,7.0,11.0,2.0,5.0,20.0,6.0,9.0,1.0,9.0,0.0,0.0,5.0,0.0,6.0,4.0,15.0,20.0,0.0,11.0,0.0,3.0,0.0,4.0,4.0,2.0,10.0,8.0,0.0,7.0,23.0
477,0.0,4.0,12.0,4.0,0.0,6.0,14.0,0.0,10.0,8.0,3.0,0.0,1.0,5.0,19.0,3.0,0.0,3.0,1.0,4.0,0.0,7.0,3.0,2.0,3.0,3.0,8.0,144.0,21.0,7.0,11.0,0.0,1.0,6.0,6.0,13.0,2.0,11.0,1.0,0.0,2.0,147.0,1.0,0.0,27.0,0.0,19.0,3.0,11.0,5.0,1.0,17.0,10.0,0.0,2.0,23.0,3.0,0.0,2.0,0.0,1.0,0.0,10.0,2.0,0.0,8.0,0.0,0.0,1.0,15.0,10.0,2.0,4.0,2.0,2.0,4.0,3.0,2.0,2.0,1.0,5.0,2.0,21.0,6.0,0.0,7.0,5.0,4.0,3.0,2.0,6.0,23.0,10.0,5.0,9.0,1.0,0.0,0.0,2.0,2.0
478,7.0,19.0,2.0,15.0,5.0,4.0,18.0,5.0,1.0,20.0,6.0,6.0,7.0,4.0,0.0,3.0,0.0,3.0,2.0,0.0,6.0,1.0,1.0,1.0,8.0,11.0,1.0,131.0,2.0,0.0,2.0,13.0,3.0,2.0,10.0,1.0,5.0,0.0,5.0,14.0,3.0,182.0,0.0,5.0,0.0,12.0,19.0,3.0,0.0,15.0,0.0,22.0,6.0,10.0,9.0,0.0,6.0,1.0,1.0,0.0,7.0,18.0,1.0,2.0,10.0,2.0,2.0,1.0,5.0,1.0,0.0,10.0,1.0,4.0,10.0,10.0,17.0,1.0,27.0,6.0,2.0,0.0,17.0,0.0,0.0,21.0,1.0,2.0,12.0,3.0,0.0,0.0,3.0,42.0,4.0,0.0,1.0,10.0,1.0,6.0
479,6.0,2.0,0.0,10.0,16.0,12.0,10.0,0.0,1.0,14.0,10.0,10.0,1.0,1.0,6.0,0.0,9.0,0.0,2.0,6.0,0.0,5.0,2.0,25.0,1.0,4.0,0.0,85.0,4.0,3.0,4.0,0.0,1.0,2.0,3.0,16.0,31.0,1.0,1.0,5.0,0.0,113.0,0.0,5.0,1.0,0.0,2.0,1.0,2.0,0.0,2.0,3.0,5.0,2.0,14.0,5.0,13.0,8.0,12.0,14.0,3.0,1.0,5.0,0.0,7.0,6.0,2.0,1.0,2.0,6.0,11.0,0.0,12.0,1.0,4.0,0.0,5.0,0.0,7.0,8.0,4.0,12.0,7.0,0.0,26.0,5.0,0.0,9.0,1.0,8.0,0.0,0.0,0.0,1.0,0.0,0.0,8.0,1.0,2.0,2.0
480,0.0,22.0,0.0,3.0,2.0,0.0,2.0,2.0,3.0,1.0,1.0,9.0,0.0,15.0,1.0,0.0,7.0,0.0,2.0,1.0,7.0,1.0,2.0,7.0,2.0,1.0,1.0,157.0,0.0,19.0,0.0,0.0,2.0,6.0,2.0,1.0,13.0,1.0,19.0,1.0,2.0,72.0,0.0,0.0,2.0,0.0,0.0,19.0,1.0,4.0,0.0,13.0,0.0,4.0,7.0,8.0,5.0,0.0,0.0,6.0,4.0,1.0,1.0,0.0,8.0,20.0,0.0,1.0,3.0,29.0,11.0,2.0,1.0,1.0,16.0,4.0,28.0,13.0,7.0,2.0,2.0,2.0,1.0,2.0,11.0,7.0,29.0,4.0,7.0,0.0,0.0,0.0,5.0,0.0,0.0,0.0,0.0,0.0,1.0,3.0
481,8.0,3.0,0.0,9.0,0.0,1.0,0.0,18.0,4.0,9.0,0.0,4.0,4.0,7.0,2.0,1.0,0.0,0.0,6.0,0.0,13.0,0.0,12.0,0.0,0.0,2.0,1.0,85.0,11.0,1.0,3.0,10.0,1.0,3.0,4.0,0.0,0.0,0.0,6.0,5.0,0.0,159.0,3.0,3.0,3.0,0.0,3.0,2.0,3.0,3.0,6.0,2.0,4.0,4.0,3.0,0.0,1.0,0.0,25.0,2.0,1.0,1.0,3.0,14.0,9.0,12.0,5.0,0.0,0.0,4.0,0.0,0.0,7.0,9.0,3.0,14.0,2.0,8.0,0.0,0.0,9.0,5.0,12.0,1.0,4.0,5.0,8.0,3.0,8.0,1.0,6.0,0.0,22.0,1.0,4.0,20.0,2.0,3.0,4.0,9.0
482,3.0,3.0,3.0,0.0,3.0,12.0,7.0,10.0,3.0,14.0,19.0,0.0,2.0,1.0,3.0,4.0,0.0,2.0,3.0,1.0,3.0,0.0,4.0,2.0,0.0,4.0,1.0,103.0,9.0,22.0,0.0,3.0,1.0,2.0,3.0,14.0,1.0,5.0,0.0,4.0,2.0,182.0,19.0,4.0,13.0,4.0,0.0,1.0,14.0,1.0,5.0,6.0,1.0,0.0,1.0,6.0,8.0,1.0,3.0,12.0,1.0,13.0,1.0,14.0,0.0,10.0,0.0,1.0,0.0,8.0,6.0,2.0,5.0,7.0,0.0,16.0,6.0,7.0,0.0,27.0,9.0,3.0,2.0,10.0,7.0,2.0,2.0,11.0,1.0,26.0,0.0,2.0,4.0,0.0,15.0,0.0,0.0,1.0,0.0,0.0
483,4.0,2.0,0.0,6.0,2.0,3.0,5.0,2.0,3.0,8.0,0.0,3.0,1.0,11.0,3.0,5.0,1.0,3.0,8.0,8.0,9.0,3.0,9.0,0.0,12.0,0.0,12.0,192.0,0.0,6.0,18.0,8.0,4.0,21.0,0.0,1.0,0.0,2.0,4.0,16.0,2.0,122.0,5.0,22.0,12.0,0.0,3.0,0.0,3.0,14.0,1.0,2.0,0.0,27.0,7.0,1.0,22.0,3.0,1.0,24.0,9.0,17.0,0.0,1.0,11.0,1.0,2.0,0.0,3.0,0.0,0.0,14.0,2.0,7.0,0.0,6.0,6.0,16.0,8.0,0.0,4.0,0.0,6.0,0.0,7.0,1.0,3.0,10.0,0.0,0.0,1.0,1.0,1.0,9.0,1.0,12.0,0.0,0.0,13.0,1.0
484,6.0,5.0,5.0,6.0,1.0,3.0,0.0,1.0,3.0,2.0,21.0,0.0,1.0,3.0,0.0,0.0,6.0,3.0,4.0,0.0,4.0,0.0,3.0,3.0,6.0,0.0,0.0,118.0,0.0,0.0,0.0,6.0,3.0,15.0,2.0,10.0,1.0,2.0,4.0,0.0,0.0,154.0,4.0,2.0,7.0,1.0,1.0,27.0,3.0,0.0,9.0,0.0,3.0,0.0,3.0,1.0,1.0,15.0,12.0,23.0,0.0,0.0,3.0,0.0,4.0,20.0,3.0,2.0,16.0,0.0,0.0,20.0,6.0,6.0,15.0,0.0,5.0,2.0,3.0,0.0,0.0,0.0,0.0,1.0,0.0,3.0,7.0,6.0,1.0,8.0,1.0,21.0,3.0,0.0,21.0,0.0,6.0,4.0,13.0,5.0
485,3.0,1.0,0.0,0.0,9.0,23.0,1.0,0.0,12.0,0.0,2.0,1.0,1.0,16.0,0.0,1.0,1.0,0.0,7.0,17.0,0.0,1.0,1.0,0.0,3.0,1.0,3.0,198.0,2.0,0.0,0.0,3.0,6.0,0.0,2.0,2.0,2.0,0.0,11.0,12.0,20.0,116.0,7.0,0.0,3.0,0.0,1.0,3.0,3.0,10.0,1.0,3.0,29.0,1.0,0.0,1.0,17.0,2.0,4.0,0.0,6.0,15.0,0.0,8.0,6.0,11.0,0.0,20.0,13.0,0.0,0.0,30.0,0.0,0.0,2.0,0.0,2.0,6.0,6.0,0.0,2.0,0.0,8.0,7.0,0.0,10.0,3.0,6.0,8.0,0.0,8.0,9.0,8.0,0.0,8.0,0.0,1.0,17.0,4.0,0.0
486,5.0,13.0,12.0,3.0,4.0,6.0,1.0,0.0,5.0,11.0,4.0,22.0,21.0,3.0,0.0,1.0,0.0,4.0,1.0,0.0,2.0,14.0,4.0,3.0,1.0,0.0,9.0,182.0,12.0,1.0,0.0,8.0,0.0,1.0,1.0,5.0,0.0,11.0,3.0,5.0,11.0,179.0,1.0,6.0,0.0,0.0,0.0,9.0,0.0,12.0,0.0,1.0,14.0,6.0,0.0,1.0,18.0,0.0,5.0,8.0,9.0,13.0,0.0,0.0,9.0,0.0,0.0,20.0,4.0,3.0,2.0,2.0,1.0,21.0,20.0,0.0,0.0,2.0,6.0,0.0,6.0,9.0,3.0,11.0,16.0,2.0,5.0,9.0,0.0,0.0,6.0,1.0,12.0,15.0,0.0,4.0,1.0,0.0,4.0,8.0
487,2.0,1.0,0.0,0.0,3.0,2.0,10.0,0.0,0.0,1.0,15.0,2.0,4.0,7.0,0.0,1.0,0.0,2.0,0.0,1.0,0.0,3.0,0.0,2.0,0.0,0.0,32.0,157.0,1.0,2.0,11.0,6.0,1.0,8.0,4.0,4.0,0.0,3.0,23.0,4.0,2.0,189.0,1.0,0.0,3.0,1.0,6.0,4.0,2.0,3.0,0.0,1.0,7.0,6.0,3.0,19.0,1.0,10.0,7.0,12.0,4.0,5.0,4.0,3.0,12.0,2.0,0.0,6.0,19.0,4.0,8.0,0.0,10.0,4.0,4.0,12.0,1.0,0.0,0.0,7.0,0.0,16.0,5.0,0.0,10.0,2.0,0.0,0.0,0.0,12.0,0.0,9.0,1.0,5.0,0.0,3.0,17.0,7.0,2.0,1.0
488,6.0,5.0,8.0,10.0,0.0,19.0,8.0,1.0,3.0,5.0,0.0,9.0,8.0,1.0,0.0,3.0,0.0,0.0,11.0,4.0,6.0,0.0,3.0,7.0,5.0,2.0,11.0,141.0,0.0,5.0,2.0,14.0,10.0,3.0,2.0,1.0,6.0,3.0,2.0,5.0,12.0,144.0,1.0,14.0,2.0,0.0,0.0,6.0,2.0,0.0,5.0,6.0,2.0,3.0,3.0,1.0,14.0,2.0,11.0,3.0,5.0,5.0,7.0,6.0,3.0,0.0,4.0,1.0,2.0,3.0,8.0,4.0,0.0,0.0,0.0,4.0,1.0,8.0,4.0,5.0,2.0,0.0,0.0,6.0,0.0,1.0,10.0,5.0,2.0,3.0,0.0,3.0,0.0,1.0,0.0,9.0,0.0,1.0,1.0,4.0
489,3.0,6.0,2.0,2.0,17.0,0.0,7.0,1.0,1.0,0.0,25.0,0.0,6.0,0.0,2.0,3.0,5.0,1.0,0.0,3.0,11.0,1.0,14.0,1.0,4.0,11.0,2.0,155.0,25.0,1.0,3.0,2.0,5.0,0.0,3.0,5.0,13.0,7.0,3.0,1.0,16.0,137.0,1.0,4.0,0.0,8.0,10.0,0.0,1.0,16.0,2.0,2.0,1.0,1.0,1.0,3.0,1.0,10.0,0.0,10.0,1.0,3.0,0.0,1.0,13.0,0.0,0.0,4.0,0.0,8.0,7.0,0.0,1.0,1.0,13.0,1.0,0.0,6.0,1.0,4.0,0.0,5.0,3.0,7.0,6.0,0.0,0.0,3.0,3.0,1.0,0.0,7.0,2.0,5.0,0.0,5.0,0.0,4.0,1.0,6.0
490,7.0,4.0,0.0,2.0,2.0,5.0,2.0,2.0,5.0,1.0,1.0,0.0,14.0,5.0,10.0,4.0,0.0,3.0,0.0,0.0,1.0,0.0,13.0,0.0,3.0,6.0,0.0,148.0,2.0,3.0,6.0,18.0,8.0,10.0,0.0,8.0,5.0,2.0,5.0,3.0,13.0,188.0,2.0,0.0,4.0,1.0,2.0,0.0,0.0,5.0,1.0,13.0,8.0,1.0,1.0,12.0,1.0,6.0,7.0,0.0,0.0,1.0,0.0,6.0,0.0,0.0,0.0,7.0,3.0,0.0,0.0,8.0,1.0,1.0,18.0,0.0,2.0,52.0,0.0,11.0,17.0,24.0,1.0,4.0,0.0,0.0,1.0,0.0,2.0,3.0,13.0,8.0,1.0,3.0,0.0,5.0,2.0,2.0,17.0,14.0
491,2.0,6.0,5.0,9.0,16.0,6.0,20.0,4.0,9.0,2.0,10.0,4.0,3.0,13.0,4.0,19.0,2.0,0.0,32.0,12.0,1.0,8.0,4.0,0.0,11.0,4.0,3.0,135.0,7.0,2.0,8.0,1.0,0.0,3.0,0.0,1.0,3.0,1.0,9.0,3.0,2.0,93.0,8.0,2.0,2.0,10.0,3.0,5.0,2.0,0.0,6.0,0.0,5.0,16.0,1.0,14.0,5.0,7.0,3.0,10.0,0.0,8.0,0.0,1.0,3.0,3.0,8.0,0.0,13.0,2.0,5.0,1.0,0.0,5.0,5.0,3.0,8.0,10.0,15.0,1.0,1.0,1.0,1.0,0.0,0.0,9.0,7.0,8.0,3.0,1.0,2.0,0.0,10.0,22.0,3.0,4.0,0.0,3.0,7.0,3.0
492,1.0,29.0,10.0,3.0,9.0,0.0,5.0,0.0,0.0,1.0,7.0,0.0,3.0,2.0,1.0,11.0,1.0,12.0,3.0,5.0,4.0,12.0,3.0,3.0,0.0,6.0,24.0,126.0,1.0,6.0,0.0,0.0,0.0,11.0,4.0,9.0,6.0,18.0,6.0,1.0,0.0,79.0,0.0,0.0,3.0,0.0,0.0,0.0,0.0,2.0,0.0,2.0,2.0,0.0,0.0,2.0,0.0,7.0,0.0,3.0,1.0,1.0,5.0,3.0,0.0,8.0,0.0,1.0,0.0,7.0,3.0,1.0,8.0,33.0,7.0,0.0,1.0,11.0,3.0,6.0,2.0,9.0,0.0,2.0,2.0,16.0,4.0,10.0,5.0,0.0,2.0,0.0,2.0,14.0,0.0,14.0,0.0,0.0,1.0,2.0
493,6.0,8.0,6.0,5.0,3.0,4.0,0.0,1.0,0.0,1.0,1.0,33.0,0.0,2.0,5.0,2.0,5.0,4.0,6.0,5.0,5.0,2.0,6.0,4.0,1.0,0.0,13.0,84.0,0.0,3.0,8.0,8.0,0.0,0.0,17.0,0.0,2.0,3.0,6.0,9.0,0.0,98.0,0.0,0.0,3.0,1.0,15.0,4.0,0.0,0.0,9.0,6.0,14.0,0.0,8.0,15.0,4.0,0.0,12.0,1.0,0.0,2.0,5.0,0.0,0.0,0.0,0.0,4.0,8.0,0.0,5.0,7.0,9.0,11.0,1.0,2.0,3.0,1.0,10.0,5.0,0.0,14.0,1.0,8.0,10.0,1.0,4.0,7.0,6.0,9.0,0.0,0.0,2.0,5.0,1.0,13.0,15.0,2.0,9.0,5.0
494,7.0,2.0,0.0,1.0,6.0,1.0,8.0,6.0,0.0,8.0,1.0,3.0,4.0,6.0,11.0,6.0,0.0,2.0,0.0,3.0,2.0,1.0,1.0,2.0,25.0,0.0,6.0,110.0,3.0,7.0,0.0,4.0,0.0,9.0,4.0,18.0,19.0,1.0,26.0,0.0,1.0,124.0,0.0,3.0,0.0,1.0,2.0,3.0,8.0,5.0,14.0,5.0,2.0,7.0,0.0,0.0,0.0,3.0,0.0,3.0,3.0,0.0,18.0,0.0,4.0,2.0,1.0,0.0,2.0,24.0,2.0,3.0,9.0,0.0,5.0,5.0,0.0,0.0,10.0,5.0,7.0,2.0,10.0,2.0,2.0,0.0,0.0,17.0,4.0,2.0,31.0,0.0,9.0,5.0,22.0,10.0,5.0,8.0,2.0,3.0
495,1.0,0.0,0.0,8.0,9.0,12.0,9.0,0.0,3.0,0.0,5.0,6.0,20.0,3.0,0.0,7.0,9.0,3.0,5.0,15.0,25.0,7.0,0.0,0.0,7.0,5.0,1.0,94.0,4.0,2.0,9.0,2.0,0.0,2.0,21.0,15.0,6.0,0.0,16.0,3.0,0.0,90.0,3.0,1.0,1.0,1.0,1.0,1.0,1.0,1.0,1.0,0.0,0.0,26.0,4.0,1.0,0.0,46.0,7.0,0.0,0.0,14.0,1.0,1.0,0.0,9.0,5.0,1.0,3.0,1.0,0.0,21.0,1.0,0.0,0.0,3.0,6.0,1.0,0.0,0.0,5.0,3.0,6.0,1.0,6.0,1.0,4.0,0.0,0.0,11.0,0.0,20.0,4.0,0.0,1.0,34.0,15.0,2.0,1.0,1.0
496,6.0,15.0,11.0,1.0,3.0,1.0,7.0,7.0,0.0,8.0,6.0,1.0,0.0,2.0,4.0,2.0,3.0,10.0,0.0,2.0,2.0,24.0,5.0,1.0,0.0,3.0,0.0,181.0,1.0,8.0,4.0,0.0,0.0,6.0,2.0,15.0,0.0,6.0,4.0,0.0,0.0,120.0,14.0,7.0,19.0,0.0,9.0,12.0,1.0,2.0,0.0,0.0,8.0,4.0,1.0,1.0,0.0,0.0,0.0,1.0,6.0,4.0,3.0,10.0,0.0,2.0,0.0,1.0,4.0,3.0,2.0,0.0,3.0,0.0,4.0,7.0,0.0,2.0,9.0,8.0,1.0,0.0,7.0,5.0,6.0,0.0,11.0,1.0,10.0,16.0,0.0,1.0,2.0,3.0,2.0,13.0,0.0,22.0,1.0,0.0
497,13.0,9.0,0.0,0.0,0.0,0.0,4.0,0.0,0.0,1.0,1.0,7.0,3.0,12.0,7.0,0.0,4.0,1.0,3.0,1.0,4.0,4.0,0.0,0.0,3.0,0.0,5.0,153.0,6.0,2.0,1.0,0.0,7.0,5.0,1.0,1.0,0.0,4.0,6.0,12.0,0.0,85.0,1.0,1.0,7.0,12.0,3.0,0.0,1.0,0.0,1.0,10.0,6.0,21.0,0.0,11.0,4.0,6.0,12.0,11.0,5.0,1.0,0.0,1.0,11.0,15.0,0.0,23.0,8.0,1.0,0.0,25.0,1.0,1.0,3.0,0.0,9.0,1.0,29.0,1.0,4.0,2.0,0.0,16.0,6.0,0.0,5.0,3.0,0.0,1.0,0.0,0.0,0.0,7.0,10.0,0.0,0.0,6.0,1.0,20.0
498,7.0,10.0,0.0,4.0,0.0,9.0,8.0,7.0,2.0,2.0,12.0,1.0,1.0,0.0,0.0,3.0,1.0,21.0,9.0,18.0,0.0,13.0,5.0,16.0,6.0,13.0,0.0,116.0,11.0,8.0,2.0,20.0,2.0,0.0,16.0,0.0,1.0,2.0,2.0,5.0,8.0,71.0,1.0,1.0,1.0,0.0,4.0,13.0,0.0,11.0,2.0,5.0,1.0,8.0,12.0,0.0,0.0,1.0,10.0,0.0,5.0,2.0,6.0,3.0,2.0,4.0,12.0,2.0,14.0,12.0,7.0,2.0,13.0,1.0,2.0,0.0,0.0,0.0,1.0,19.0,16.0,1.0,8.0,12.0,4.0,0.0,5.0,7.0,4.0,3.0,1.0,0.0,5.0,0.0,1.0,2.0,5.0,19.0,15.0,2.0
499,9.0,8.0,1.0,8.0,21.0,0.0,0.0,0.0,3.0,4.0,6.0,0.0,12.0,5.0,3.0,2.0,0.0,5.0,0.0,0.0,0.0,0.0,5.0,0.0,1.0,6.0,4.0,90.0,0.0,4.0,3.0,0.0,4.0,0.0,18.0,9.0,0.0,0.0,0.0,3.0,1.0,105.0,13.0,5.0,0.0,0.0,23.0,0.0,3.0,6.0,4.0,1.0,1.0,3.0,0.0,5.0,2.0,11.0,1.0,0.0,3.0,14.0,8.0,11.0,1.0,9.0,3.0,6.0,2.0,0.0,1.0,0.0,4.0,0.0,1.0,3.0,4.0,7.0,0.0,0.0,7.0,6.0,0.0,11.0,0.0,0.0,2.0,3.0,0.0,1.0,8.0,6.0,4.0,5.0,4.0,2.0,2.0,0.0,5.0,3.0
