,0,1,2,3,4,5,6,7,8,9,10,11,12,13,14,15,16,17,18,19,20,21,22,23,24,25,26,27,28,29,30,31,32,33,34,35,36,37,38,39,40,41,42,43,44,45,46,47,48,49,50,51,52,53,54,55,56,57,58,59,60,61,62,63,64,65,66,67,68,69,70,71,72,73,74,75,76,77,78,79,80,81,82,83,84,85,86,87,88,89,90,91,92,93,94,95,96,97,98,99
0,-0.42857142857142855,0.8333333333333334,0.8571428571428571,-0.3333333333333333,1.5,24.19047619047619,-0.2857142857142857,0.4,0.6666666666666666,-0.42857142857142855,-0.2857142857142857,-0.5,-0.3333333333333333,31.0,-0.3333333333333333,2.857142857142857,0.2857142857142857,0.5,0.0,0.9777777777777777,-0.42857142857142855,1.0,-0.3333333333333333,28.333333333333332,-0.3,-0.16666666666666666,-0.3333333333333333,-0.08984375,-0.16666666666666666,2.0,0.0,0.6666666666666666,-0.6,-0.5,2.4285714285714284,-0.2,0.64,-0.25,0.5,0.8333333333333334,0.16666666666666666,-0.02912621359223301,-0.2857142857142857,0.0,13.833333333333334,-0.3333333333333333,1.8571428571428572,0.8333333333333334,2.6666666666666665,0.2,29.166666666666668,0.9,0.8,2.7142857142857144,-0.3,-0.35555555555555557,0.6666666666666666,0.0,2.2857142857142856,-0.2857142857142857,0.42857142857142855,1.0,1.8,-0.16666666666666666,0.375,0.0,-0.3333333333333333,0.42857142857142855,0.8333333333333334,2.1666666666666665,0.0,0.0,-0.2857142857142857,-0.2857142857142857,1.4285714285714286,-0.3333333333333333,0.4166666666666667,1.0,0.42857142857142855,-0.2857142857142857,-0.36363636363636365,0.42857142857142855,-0.16666666666666666,-0.3333333333333333,4.5,-0.36363636363636365,-0.3333333333333333,1.1666666666666667,0.0,-0.3333333333333333,0.16,0.3333333333333333,-0.5,-0.25,0.0,-0.42857142857142855,-0.018779342723004695,0.0,0.5,0.3333333333333333
1,-0.42857142857142855,0.0,0.7142857142857143,-0.16666666666666666,0.16666666666666666,15.047619047619047,-0.2857142857142857,0.2,-0.3333333333333333,1.2857142857142858,1.2857142857142858,-0.5,0.0,18.5,-0.3333333333333333,0.14285714285714285,3.857142857142857,-0.16666666666666666,3.142857142857143,2.311111111111111,-0.42857142857142855,-0.2857142857142857,0.0,19.833333333333332,0.9,0.0,0.8333333333333334,-0.08203125,0.3333333333333333,-0.2857142857142857,-0.14285714285714285,-0.5,-0.6,-0.16666666666666666,-0.2857142857142857,0.28,0.0,0.75,-0.16666666666666666,-0.16666666666666666,-0.5,-0.05825242718446602,-0.2857142857142857,-0.14285714285714285,14.0,-0.3333333333333333,3.0,-0.3333333333333333,0.3333333333333333,-0.6,31.0,0.5,0.0,-0.14285714285714285,0.0,-0.26666666666666666,0.8333333333333334,2.8333333333333335,-0.5714285714285714,2.0,0.0,-0.42857142857142855,-0.6,0.5,0.125,0.2857142857142857,0.8333333333333334,2.0,-0.3333333333333333,0.0,0.14285714285714285,1.9166666666666667,-0.2857142857142857,-0.14285714285714285,0.2857142857142857,0.0,-0.08333333333333333,1.8333333333333333,-0.14285714285714285,0.42857142857142855,0.5454545454545454,-0.2857142857142857,-0.16666666666666666,-0.3333333333333333,-0.3333333333333333,-0.36363636363636365,0.7777777777777778,1.0,0.16666666666666666,0.3333333333333333,-0.48,-0.16666666666666666,-0.5,-0.25,0.16666666666666666,0.14285714285714285,0.09389671361502347,-0.3333333333333333,0.16666666666666666,0.5
2,0.0,0.5,-0.2857142857142857,0.16666666666666666,-0.5,27.238095238095237,0.42857142857142855,-0.2,-0.3333333333333333,0.0,-0.14285714285714285,0.6666666666666666,-0.3333333333333333,12.833333333333334,0.5,-0.2857142857142857,-0.2857142857142857,0.0,-0.2857142857142857,0.5333333333333333,0.2857142857142857,-0.42857142857142855,2.0,24.666666666666668,-0.2,-0.5,-0.5,-0.02734375,-0.5,-0.42857142857142855,0.0,-0.5,0.8,-0.16666666666666666,0.8571428571428571,0.0,-0.16,0.5,-0.5,2.0,-0.5,-0.06796116504854369,0.14285714285714285,-0.14285714285714285,23.333333333333332,0.3333333333333333,3.2857142857142856,0.8333333333333334,-0.3333333333333333,-0.6,15.5,0.2,0.4,-0.14285714285714285,-0.3,1.6888888888888889,1.0,-0.5,1.3333333333333333,0.2857142857142857,-0.2857142857142857,-0.42857142857142855,-0.4,-0.5,0.625,1.2857142857142858,-0.3333333333333333,-0.42857142857142855,-0.3333333333333333,-0.5,-0.14285714285714285,-0.25,0.0,-0.2857142857142857,0.42857142857142855,-0.3333333333333333,-0.25,-0.5,-0.2857142857142857,0.7142857142857143,-0.36363636363636365,-0.2857142857142857,-0.3333333333333333,-0.3333333333333333,0.8333333333333334,-0.36363636363636365,0.2222222222222222,-0.16666666666666666,-0.5,-0.2222222222222222,0.16,-0.3333333333333333,-0.16666666666666666,-0.3333333333333333,0.0,0.0,0.07511737089201878,-0.5,-0.3333333333333333,5.166666666666667
3,-0.2857142857142857,-0.5,-0.42857142857142855,2.5,-0.5,17.333333333333332,-0.2857142857142857,5.8,-0.16666666666666666,-0.2857142857142857,0.14285714285714285,-0.5,0.0,24.833333333333332,-0.3333333333333333,-0.42857142857142855,0.0,0.16666666666666666,0.42857142857142855,-0.17777777777777778,1.0,-0.2857142857142857,2.0,17.5,0.0,-0.16666666666666666,1.1666666666666667,-0.08984375,-0.3333333333333333,0.14285714285714285,0.5714285714285714,-0.5,-0.4,-0.16666666666666666,2.5714285714285716,-0.16,-0.32,0.125,-0.5,-0.3333333333333333,-0.5,-0.06796116504854369,0.14285714285714285,1.0,33.5,1.1666666666666667,1.0,0.3333333333333333,0.16666666666666666,-0.6,15.666666666666666,-0.1,-0.4,-0.2857142857142857,0.3,0.17777777777777778,-0.16666666666666666,1.0,0.19047619047619047,-0.14285714285714285,-0.42857142857142855,0.42857142857142855,0.8,3.0,-0.25,0.8571428571428571,-0.3333333333333333,-0.42857142857142855,0.3333333333333333,0.0,0.0,0.4166666666666667,1.0,0.0,-0.42857142857142855,0.6666666666666666,0.08333333333333333,1.0,-0.2857142857142857,0.14285714285714285,-0.09090909090909091,1.2857142857142858,-0.16666666666666666,-0.3333333333333333,-0.16666666666666666,-0.18181818181818182,0.2222222222222222,0.8333333333333334,1.0,-0.1111111111111111,-0.16,-0.3333333333333333,-0.3333333333333333,-0.16666666666666666,-0.16666666666666666,0.0,-0.09389671361502347,0.8333333333333334,0.16666666666666666,1.1666666666666667
4,-0.14285714285714285,-0.3333333333333333,0.14285714285714285,-0.3333333333333333,-0.16666666666666666,28.0,0.7142857142857143,2.0,0.0,1.0,0.2857142857142857,-0.5,6.333333333333333,26.166666666666668,0.5,0.0,1.0,-0.3333333333333333,-0.2857142857142857,-0.26666666666666666,-0.42857142857142855,-0.42857142857142855,1.3333333333333333,13.833333333333334,0.0,-0.5,0.3333333333333333,-0.01953125,1.6666666666666667,-0.2857142857142857,-0.2857142857142857,0.3333333333333333,-0.4,-0.16666666666666666,1.2857142857142858,-0.2,-0.32,1.375,-0.3333333333333333,-0.3333333333333333,1.0,-0.04854368932038835,2.142857142857143,-0.42857142857142855,16.0,0.0,0.14285714285714285,1.3333333333333333,0.5,-0.4,25.0,1.2,1.4,-0.2857142857142857,-0.2,0.17777777777777778,0.3333333333333333,1.6666666666666667,0.38095238095238093,-0.2857142857142857,-0.2857142857142857,1.4285714285714286,-0.4,0.0,-0.375,0.0,-0.3333333333333333,-0.42857142857142855,-0.16666666666666666,-0.16666666666666666,-0.14285714285714285,-0.08333333333333333,-0.14285714285714285,-0.2857142857142857,0.2857142857142857,0.5,1.0,-0.5,0.0,0.0,0.45454545454545453,0.2857142857142857,0.16666666666666666,2.6666666666666665,1.6666666666666667,0.2727272727272727,0.5555555555555556,0.0,2.3333333333333335,-0.2222222222222222,-0.48,-0.16666666666666666,-0.5,0.08333333333333333,-0.16666666666666666,0.2857142857142857,-0.03755868544600939,0.0,-0.16666666666666666,-0.3333333333333333
5,-0.42857142857142855,0.3333333333333333,0.14285714285714285,1.6666666666666667,-0.3333333333333333,24.0,3.4285714285714284,0.6,0.0,-0.42857142857142855,2.857142857142857,-0.3333333333333333,2.1666666666666665,32.166666666666664,0.0,1.1428571428571428,0.7142857142857143,1.8333333333333333,-0.14285714285714285,-0.35555555555555557,-0.14285714285714285,2.7142857142857144,0.3333333333333333,20.166666666666668,-0.3,1.5,0.16666666666666666,-0.08984375,3.5,0.5714285714285714,-0.2857142857142857,2.3333333333333335,-0.6,0.5,-0.14285714285714285,-0.12,0.16,0.5,-0.3333333333333333,1.0,-0.5,-0.04854368932038835,2.7142857142857144,0.2857142857142857,29.0,-0.3333333333333333,0.0,-0.16666666666666666,2.0,-0.2,31.5,0.1,1.6,-0.14285714285714285,0.1,0.08888888888888889,0.0,-0.16666666666666666,-0.5714285714285714,0.14285714285714285,-0.42857142857142855,0.0,1.4,3.3333333333333335,0.0,2.0,-0.3333333333333333,0.2857142857142857,3.6666666666666665,-0.3333333333333333,2.4285714285714284,0.25,-0.2857142857142857,1.8571428571428572,-0.42857142857142855,0.6666666666666666,0.3333333333333333,1.1666666666666667,1.4285714285714286,-0.2857142857142857,-0.2727272727272727,0.14285714285714285,0.0,1.5,-0.3333333333333333,0.7272727272727273,0.6666666666666666,0.16666666666666666,-0.16666666666666666,-0.1111111111111111,0.8,1.5,-0.5,-0.3333333333333333,-0.16666666666666666,-0.2857142857142857,0.15023474178403756,-0.5,-0.3333333333333333,-0.3333333333333333
6,-0.42857142857142855,0.6666666666666666,1.7142857142857142,1.8333333333333333,0.3333333333333333,13.523809523809524,-0.2857142857142857,0.8,-0.3333333333333333,0.5714285714285714,-0.42857142857142855,-0.16666666666666666,0.6666666666666666,31.0,0.8333333333333334,0.42857142857142855,-0.2857142857142857,0.6666666666666666,0.0,-0.17777777777777778,0.0,1.4285714285714286,-0.3333333333333333,12.666666666666666,0.2,2.3333333333333335,0.8333333333333334,-0.05859375,-0.16666666666666666,2.5714285714285716,0.0,0.8333333333333334,0.6,0.5,0.0,-0.16,0.0,-0.25,-0.5,1.0,0.3333333333333333,0.009708737864077669,3.0,0.8571428571428571,21.5,-0.3333333333333333,0.0,-0.5,2.0,-0.2,15.0,-0.3,1.4,0.0,-0.3,-0.17777777777777778,-0.3333333333333333,-0.16666666666666666,0.0,0.2857142857142857,0.7142857142857143,0.7142857142857143,-0.6,-0.5,0.375,0.0,-0.3333333333333333,0.2857142857142857,0.16666666666666666,-0.16666666666666666,-0.2857142857142857,-0.16666666666666666,0.2857142857142857,-0.2857142857142857,-0.2857142857142857,0.6666666666666666,-0.3333333333333333,-0.5,-0.2857142857142857,-0.14285714285714285,-0.2727272727272727,-0.2857142857142857,-0.16666666666666666,0.6666666666666666,1.1666666666666667,-0.18181818181818182,0.2222222222222222,1.0,-0.3333333333333333,0.1111111111111111,2.88,-0.16666666666666666,2.1666666666666665,-0.3333333333333333,-0.3333333333333333,-0.2857142857142857,-0.09389671361502347,0.0,0.0,-0.3333333333333333
7,0.7142857142857143,-0.16666666666666666,-0.2857142857142857,-0.3333333333333333,2.5,32.19047619047619,0.8571428571428571,-0.2,0.0,-0.42857142857142855,0.14285714285714285,0.16666666666666666,0.0,30.166666666666668,-0.5,-0.2857142857142857,0.7142857142857143,0.3333333333333333,0.42857142857142855,0.0,2.4285714285714284,-0.42857142857142855,1.0,16.5,3.0,-0.16666666666666666,0.0,0.00390625,4.5,0.2857142857142857,0.0,-0.5,-0.6,0.16666666666666666,0.8571428571428571,0.08,0.16,0.25,-0.5,1.3333333333333333,0.3333333333333333,-0.038834951456310676,1.5714285714285714,0.7142857142857143,23.166666666666668,-0.3333333333333333,1.2857142857142858,-0.5,-0.3333333333333333,0.8,11.833333333333334,-0.3,1.0,1.4285714285714286,0.6,-0.08888888888888889,0.5,-0.5,0.19047619047619047,0.14285714285714285,1.1428571428571428,-0.2857142857142857,0.2,-0.3333333333333333,0.625,0.0,0.5,-0.42857142857142855,2.1666666666666665,-0.5,-0.14285714285714285,-0.16666666666666666,-0.2857142857142857,-0.2857142857142857,0.5714285714285714,0.16666666666666666,-0.25,-0.16666666666666666,-0.2857142857142857,1.7142857142857142,0.36363636363636365,-0.2857142857142857,-0.3333333333333333,-0.16666666666666666,0.6666666666666666,-0.18181818181818182,2.0,1.6666666666666667,0.0,-0.1111111111111111,2.24,-0.3333333333333333,-0.5,-0.3333333333333333,0.3333333333333333,-0.42857142857142855,-0.09389671361502347,-0.16666666666666666,0.0,2.0
8,-0.42857142857142855,0.6666666666666666,-0.42857142857142855,-0.3333333333333333,-0.3333333333333333,16.19047619047619,-0.14285714285714285,-0.2,1.8333333333333333,-0.2857142857142857,0.7142857142857143,0.0,1.0,27.166666666666668,-0.5,-0.42857142857142855,1.5714285714285714,-0.3333333333333333,-0.2857142857142857,-0.35555555555555557,0.0,-0.42857142857142855,-0.3333333333333333,31.333333333333332,0.3,-0.5,-0.3333333333333333,-0.08203125,-0.5,-0.2857142857142857,0.42857142857142855,-0.16666666666666666,-0.6,0.5,-0.2857142857142857,-0.16,0.16,-0.25,0.5,-0.3333333333333333,-0.3333333333333333,-0.06796116504854369,-0.2857142857142857,0.5714285714285714,18.166666666666668,0.5,0.0,1.8333333333333333,0.6666666666666666,1.6,15.166666666666666,1.2,-0.4,-0.42857142857142855,1.5,0.26666666666666666,1.1666666666666667,0.16666666666666666,-0.5714285714285714,0.7142857142857143,-0.42857142857142855,1.2857142857142858,-0.6,0.16666666666666666,0.125,0.5714285714285714,-0.3333333333333333,-0.14285714285714285,-0.3333333333333333,0.5,-0.2857142857142857,0.5,0.7142857142857143,1.0,0.14285714285714285,-0.16666666666666666,-0.16666666666666666,0.6666666666666666,2.0,-0.42857142857142855,-0.18181818181818182,0.14285714285714285,0.5,0.0,0.16666666666666666,-0.2727272727272727,0.1111111111111111,-0.16666666666666666,0.5,0.1111111111111111,1.76,-0.3333333333333333,-0.5,0.25,-0.16666666666666666,0.5714285714285714,-0.056338028169014086,0.5,0.0,2.1666666666666665
9,-0.42857142857142855,29.666666666666668,-0.2857142857142857,-0.3333333333333333,-0.5,0.19047619047619047,17.428571428571427,-0.2,4.833333333333333,0.5714285714285714,-0.42857142857142855,-0.3333333333333333,1.8333333333333333,-0.16666666666666666,-0.3333333333333333,0.42857142857142855,-0.2857142857142857,-0.3333333333333333,-0.2857142857142857,-0.26666666666666666,1.2857142857142858,2.4285714285714284,0.0,0.0,0.5,30.166666666666668,-0.3333333333333333,-0.08984375,1.3333333333333333,0.0,-0.14285714285714285,0.3333333333333333,0.2,-0.16666666666666666,0.14285714285714285,-0.2,1.44,-0.25,3.5,-0.16666666666666666,-0.3333333333333333,-0.06796116504854369,-0.2857142857142857,27.857142857142858,0.5,0.16666666666666666,-0.2857142857142857,0.3333333333333333,1.0,-0.6,0.16666666666666666,-0.1,0.2,0.5714285714285714,-0.3,0.8,-0.3333333333333333,7.833333333333333,-0.5714285714285714,0.0,1.1428571428571428,1.8571428571428572,0.6,2.0,-0.375,2.857142857142857,0.5,-0.42857142857142855,0.8333333333333334,-0.16666666666666666,-0.2857142857142857,-0.08333333333333333,0.0,0.0,-0.42857142857142855,2.8333333333333335,-0.3333333333333333,-0.16666666666666666,-0.2857142857142857,-0.2857142857142857,0.09090909090909091,-0.2857142857142857,-0.3333333333333333,0.0,2.8333333333333335,0.18181818181818182,-0.2222222222222222,-0.3333333333333333,0.8333333333333334,-0.3333333333333333,2.88,1.0,0.3333333333333333,0.5,1.6666666666666667,-0.42857142857142855,-0.056338028169014086,0.16666666666666666,-0.3333333333333333,-0.3333333333333333
10,0.2857142857142857,12.833333333333334,0.5714285714285714,1.1666666666666667,-0.5,-0.5714285714285714,25.285714285714285,0.0,-0.3333333333333333,1.1428571428571428,0.7142857142857143,-0.3333333333333333,1.3333333333333333,1.3333333333333333,-0.16666666666666666,-0.42857142857142855,2.2857142857142856,-0.3333333333333333,1.7142857142857142,0.5333333333333333,1.4285714285714286,0.14285714285714285,-0.16666666666666666,-0.3333333333333333,-0.1,11.5,-0.5,-0.08984375,-0.5,-0.42857142857142855,0.0,-0.3333333333333333,1.8,1.0,-0.2857142857142857,-0.04,0.64,1.375,0.0,1.3333333333333333,-0.5,-0.04854368932038835,0.7142857142857143,28.0,-0.5,-0.3333333333333333,-0.14285714285714285,-0.3333333333333333,-0.3333333333333333,0.0,0.16666666666666666,2.0,0.0,-0.2857142857142857,0.4,0.8,-0.3333333333333333,-0.5,0.9523809523809523,1.0,-0.42857142857142855,-0.42857142857142855,-0.4,-0.16666666666666666,-0.375,0.14285714285714285,0.0,2.2857142857142856,0.8333333333333334,-0.5,1.2857142857142858,0.0,-0.2857142857142857,-0.2857142857142857,-0.42857142857142855,0.0,0.6666666666666666,-0.3333333333333333,0.5714285714285714,0.5714285714285714,0.0,0.7142857142857143,-0.3333333333333333,-0.3333333333333333,0.16666666666666666,-0.18181818181818182,-0.3333333333333333,1.3333333333333333,0.3333333333333333,-0.2222222222222222,-0.32,-0.3333333333333333,0.0,1.3333333333333333,-0.3333333333333333,0.14285714285714285,-0.07511737089201878,0.8333333333333334,0.3333333333333333,-0.3333333333333333
11,0.5714285714285714,23.833333333333332,-0.42857142857142855,3.3333333333333335,-0.5,1.1428571428571428,15.714285714285714,-0.2,-0.16666666666666666,0.2857142857142857,-0.14285714285714285,-0.3333333333333333,-0.3333333333333333,0.3333333333333333,0.3333333333333333,-0.2857142857142857,0.14285714285714285,0.8333333333333334,-0.2857142857142857,-0.08888888888888889,-0.42857142857142855,0.14285714285714285,-0.3333333333333333,0.0,0.0,25.5,0.0,-0.07421875,1.5,0.42857142857142855,0.2857142857142857,-0.5,0.2,3.0,2.0,-0.16,0.16,-0.25,0.3333333333333333,0.0,-0.3333333333333333,-0.04854368932038835,3.857142857142857,17.857142857142858,-0.5,0.16666666666666666,-0.2857142857142857,-0.16666666666666666,0.5,-0.4,-0.16666666666666666,-0.3,-0.6,1.1428571428571428,-0.2,0.08888888888888889,0.0,0.0,0.7619047619047619,0.14285714285714285,0.14285714285714285,-0.14285714285714285,1.4,1.1666666666666667,-0.375,-0.2857142857142857,-0.3333333333333333,0.0,0.0,-0.5,-0.14285714285714285,-0.25,0.14285714285714285,0.0,0.0,0.3333333333333333,0.0,0.16666666666666666,0.2857142857142857,-0.42857142857142855,0.0,1.2857142857142858,-0.3333333333333333,1.0,0.16666666666666666,-0.36363636363636365,-0.1111111111111111,0.6666666666666666,0.3333333333333333,0.5555555555555556,-0.16,-0.3333333333333333,5.833333333333333,0.0,-0.16666666666666666,1.1428571428571428,-0.056338028169014086,0.3333333333333333,0.5,-0.3333333333333333
12,0.0,20.833333333333332,-0.42857142857142855,2.0,-0.3333333333333333,-0.38095238095238093,24.285714285714285,0.0,-0.3333333333333333,0.0,-0.42857142857142855,-0.3333333333333333,0.8333333333333334,0.16666666666666666,0.0,-0.42857142857142855,0.14285714285714285,0.16666666666666666,1.2857142857142858,-0.35555555555555557,-0.42857142857142855,-0.42857142857142855,-0.3333333333333333,0.0,0.0,32.5,-0.5,-0.06640625,-0.3333333333333333,-0.42857142857142855,2.0,2.3333333333333335,0.8,0.16666666666666666,0.5714285714285714,-0.2,-0.16,0.5,-0.3333333333333333,0.8333333333333334,-0.3333333333333333,0.019417475728155338,-0.2857142857142857,10.285714285714286,-0.5,1.0,-0.14285714285714285,1.3333333333333333,-0.3333333333333333,-0.6,-0.3333333333333333,0.3,-0.4,0.14285714285714285,0.7,-0.35555555555555557,0.16666666666666666,0.3333333333333333,-0.5714285714285714,-0.2857142857142857,0.5714285714285714,-0.42857142857142855,0.4,-0.3333333333333333,-0.125,0.14285714285714285,-0.16666666666666666,-0.2857142857142857,-0.16666666666666666,-0.5,-0.2857142857142857,-0.25,-0.2857142857142857,-0.14285714285714285,0.42857142857142855,-0.3333333333333333,0.5,-0.5,1.1428571428571428,-0.42857142857142855,-0.18181818181818182,0.8571428571428571,0.6666666666666666,0.16666666666666666,-0.16666666666666666,-0.36363636363636365,2.111111111111111,0.0,-0.5,-0.2222222222222222,0.0,-0.3333333333333333,-0.3333333333333333,0.75,0.16666666666666666,1.0,0.3380281690140845,0.3333333333333333,-0.3333333333333333,7.0
13,-0.42857142857142855,12.666666666666666,-0.42857142857142855,-0.3333333333333333,0.8333333333333334,-0.38095238095238093,15.285714285714286,1.2,1.3333333333333333,-0.42857142857142855,0.5714285714285714,0.0,-0.3333333333333333,2.0,-0.5,0.14285714285714285,0.14285714285714285,1.1666666666666667,0.42857142857142855,1.3333333333333333,-0.42857142857142855,-0.2857142857142857,1.0,1.1666666666666667,-0.3,16.833333333333332,0.3333333333333333,-0.08984375,0.8333333333333334,-0.14285714285714285,0.2857142857142857,2.8333333333333335,-0.2,0.16666666666666666,1.7142857142857142,-0.16,1.44,1.625,-0.3333333333333333,0.5,3.3333333333333335,-0.019417475728155338,0.7142857142857143,28.142857142857142,-0.5,-0.3333333333333333,0.2857142857142857,1.1666666666666667,0.16666666666666666,-0.4,0.6666666666666666,1.2,-0.2,0.7142857142857143,-0.3,0.35555555555555557,0.0,0.0,2.0952380952380953,0.0,0.0,-0.42857142857142855,-0.6,-0.3333333333333333,-0.375,-0.2857142857142857,-0.16666666666666666,0.14285714285714285,-0.3333333333333333,-0.5,3.5714285714285716,-0.08333333333333333,1.1428571428571428,0.5714285714285714,0.2857142857142857,0.8333333333333334,-0.3333333333333333,-0.16666666666666666,0.2857142857142857,1.4285714285714286,-0.18181818181818182,-0.14285714285714285,-0.3333333333333333,0.6666666666666666,-0.16666666666666666,-0.18181818181818182,-0.3333333333333333,0.0,1.3333333333333333,0.1111111111111111,0.8,-0.16666666666666666,-0.16666666666666666,-0.3333333333333333,0.0,-0.42857142857142855,0.018779342723004695,-0.5,0.5,0.16666666666666666
14,0.14285714285714285,19.333333333333332,-0.2857142857142857,0.16666666666666666,2.1666666666666665,-0.19047619047619047,28.857142857142858,1.2,1.0,-0.2857142857142857,-0.14285714285714285,-0.16666666666666666,-0.3333333333333333,0.5,-0.16666666666666666,-0.42857142857142855,-0.2857142857142857,0.0,-0.2857142857142857,-0.17777777777777778,0.2857142857142857,-0.42857142857142855,-0.16666666666666666,0.0,0.8,11.0,-0.3333333333333333,-0.06640625,1.1666666666666667,0.0,1.2857142857142858,-0.5,2.2,0.5,0.7142857142857143,0.04,1.76,0.25,0.0,-0.3333333333333333,0.5,0.02912621359223301,0.14285714285714285,9.571428571428571,1.0,4.0,0.42857142857142855,1.6666666666666667,0.16666666666666666,0.2,2.6666666666666665,0.1,1.2,0.2857142857142857,0.5,1.511111111111111,-0.3333333333333333,0.6666666666666666,0.5714285714285714,0.8571428571428571,1.5714285714285714,0.14285714285714285,-0.2,-0.5,3.75,0.8571428571428571,0.16666666666666666,0.14285714285714285,-0.16666666666666666,0.8333333333333334,0.14285714285714285,-0.16666666666666666,1.7142857142857142,-0.2857142857142857,0.14285714285714285,-0.16666666666666666,-0.25,1.6666666666666667,-0.2857142857142857,1.4285714285714286,-0.18181818181818182,-0.2857142857142857,0.6666666666666666,0.6666666666666666,0.16666666666666666,0.18181818181818182,0.6666666666666666,1.1666666666666667,0.6666666666666666,-0.2222222222222222,-0.32,2.3333333333333335,-0.3333333333333333,-0.25,-0.16666666666666666,1.5714285714285714,0.20657276995305165,0.5,0.8333333333333334,0.8333333333333334
15,-0.14285714285714285,27.166666666666668,0.0,2.0,5.666666666666667,1.5238095238095237,12.571428571428571,-0.2,-0.3333333333333333,0.2857142857142857,0.42857142857142855,0.3333333333333333,0.16666666666666666,-0.5,-0.16666666666666666,1.5714285714285714,0.7142857142857143,0.5,-0.2857142857142857,-0.35555555555555557,-0.42857142857142855,0.5714285714285714,0.0,1.6666666666666667,1.0,29.833333333333332,0.8333333333333334,-0.08203125,-0.5,2.857142857142857,1.8571428571428572,0.3333333333333333,0.4,3.5,-0.14285714285714285,-0.2,1.28,0.0,-0.3333333333333333,0.16666666666666666,1.5,0.0,-0.2857142857142857,11.428571428571429,0.3333333333333333,-0.16666666666666666,-0.2857142857142857,0.16666666666666666,0.3333333333333333,-0.6,-0.3333333333333333,2.0,-0.4,-0.14285714285714285,0.3,0.4444444444444444,0.8333333333333334,0.3333333333333333,-0.19047619047619047,0.2857142857142857,-0.2857142857142857,0.14285714285714285,1.2,0.6666666666666666,-0.375,-0.2857142857142857,-0.16666666666666666,0.0,-0.3333333333333333,-0.5,-0.2857142857142857,0.4166666666666667,-0.2857142857142857,-0.2857142857142857,-0.42857142857142855,-0.3333333333333333,0.08333333333333333,0.16666666666666666,-0.14285714285714285,-0.2857142857142857,-0.36363636363636365,0.0,0.16666666666666666,0.0,0.3333333333333333,0.09090909090909091,-0.3333333333333333,1.8333333333333333,0.8333333333333334,0.1111111111111111,0.32,0.16666666666666666,-0.3333333333333333,0.3333333333333333,2.1666666666666665,-0.42857142857142855,-0.09389671361502347,0.0,0.16666666666666666,0.6666666666666666
16,-0.42857142857142855,21.5,2.0,-0.3333333333333333,0.0,-0.5714285714285714,26.0,-0.4,-0.16666666666666666,-0.42857142857142855,0.8571428571428571,-0.3333333333333333,1.3333333333333333,0.0,-0.5,-0.42857142857142855,1.2857142857142858,0.0,0.14285714285714285,-0.35555555555555557,3.857142857142857,2.7142857142857144,0.3333333333333333,0.0,0.0,33.833333333333336,2.5,-0.08984375,-0.16666666666666666,0.14285714285714285,1.0,-0.3333333333333333,-0.6,-0.3333333333333333,0.5714285714285714,-0.2,-0.32,-0.125,-0.16666666666666666,0.16666666666666666,0.6666666666666666,-0.06796116504854369,-0.14285714285714285,23.428571428571427,-0.3333333333333333,0.3333333333333333,-0.42857142857142855,-0.3333333333333333,-0.3333333333333333,1.0,1.0,-0.3,-0.6,0.42857142857142855,0.6,0.08888888888888889,-0.3333333333333333,0.0,0.0,-0.2857142857142857,0.0,-0.42857142857142855,0.2,0.16666666666666666,1.5,1.1428571428571428,0.0,1.1428571428571428,-0.3333333333333333,-0.3333333333333333,-0.14285714285714285,0.6666666666666666,0.14285714285714285,-0.2857142857142857,-0.2857142857142857,-0.3333333333333333,-0.25,0.16666666666666666,-0.14285714285714285,-0.42857142857142855,-0.18181818181818182,-0.2857142857142857,0.0,1.0,0.0,-0.36363636363636365,0.3333333333333333,-0.16666666666666666,1.1666666666666667,0.4444444444444444,-0.48,-0.3333333333333333,0.0,0.25,0.0,1.2857142857142858,0.22535211267605634,0.0,-0.3333333333333333,-0.3333333333333333
17,-0.14285714285714285,12.333333333333334,0.8571428571428571,-0.3333333333333333,0.3333333333333333,-0.38095238095238093,21.714285714285715,-0.4,0.3333333333333333,-0.42857142857142855,0.8571428571428571,-0.5,-0.3333333333333333,0.5,0.16666666666666666,-0.42857142857142855,1.2857142857142858,0.16666666666666666,0.8571428571428571,-0.26666666666666666,-0.42857142857142855,-0.2857142857142857,3.3333333333333335,-0.3333333333333333,0.1,30.5,0.6666666666666666,-0.08984375,0.8333333333333334,0.2857142857142857,-0.2857142857142857,0.8333333333333334,-0.2,1.0,-0.14285714285714285,-0.16,-0.16,0.375,0.5,2.3333333333333335,-0.5,-0.009708737864077669,0.14285714285714285,23.857142857142858,0.0,1.5,3.4285714285714284,1.1666666666666667,-0.3333333333333333,0.4,0.5,-0.3,2.2,0.14285714285714285,-0.3,-0.17777777777777778,0.0,-0.5,0.5714285714285714,2.4285714285714284,0.14285714285714285,0.5714285714285714,1.8,1.6666666666666667,0.375,1.1428571428571428,0.0,0.5714285714285714,0.3333333333333333,0.16666666666666666,0.42857142857142855,0.16666666666666666,0.14285714285714285,-0.2857142857142857,-0.42857142857142855,1.6666666666666667,-0.3333333333333333,-0.3333333333333333,-0.2857142857142857,1.8571428571428572,-0.36363636363636365,-0.2857142857142857,-0.3333333333333333,0.16666666666666666,-0.3333333333333333,-0.18181818181818182,-0.2222222222222222,0.0,1.5,0.3333333333333333,0.8,1.5,2.8333333333333335,-0.25,-0.3333333333333333,0.0,-0.018779342723004695,-0.3333333333333333,-0.3333333333333333,-0.3333333333333333
18,3.0,19.166666666666668,1.2857142857142858,3.6666666666666665,0.16666666666666666,0.0,25.571428571428573,0.2,1.0,0.42857142857142855,-0.42857142857142855,-0.5,1.8333333333333333,0.0,-0.5,-0.2857142857142857,0.14285714285714285,3.0,-0.2857142857142857,-0.08888888888888889,-0.42857142857142855,-0.2857142857142857,-0.16666666666666666,0.6666666666666666,-0.1,24.0,0.8333333333333334,-0.08203125,-0.3333333333333333,-0.42857142857142855,1.4285714285714286,-0.16666666666666666,-0.2,-0.5,1.0,0.2,1.76,-0.25,0.0,-0.16666666666666666,-0.5,-0.06796116504854369,0.8571428571428571,24.571428571428573,-0.5,2.0,-0.14285714285714285,0.5,0.0,-0.6,0.8333333333333334,0.1,-0.2,0.14285714285714285,1.8,-0.08888888888888889,0.5,-0.3333333333333333,0.19047619047619047,-0.2857142857142857,0.5714285714285714,0.42857142857142855,1.0,-0.5,-0.25,-0.2857142857142857,0.16666666666666666,0.8571428571428571,-0.3333333333333333,0.3333333333333333,-0.2857142857142857,0.16666666666666666,0.0,-0.14285714285714285,0.7142857142857143,1.1666666666666667,0.25,-0.3333333333333333,0.0,1.7142857142857142,-0.2727272727272727,-0.2857142857142857,1.8333333333333333,1.6666666666666667,-0.3333333333333333,-0.18181818181818182,0.3333333333333333,-0.3333333333333333,0.0,2.6666666666666665,0.48,0.6666666666666666,-0.5,0.3333333333333333,-0.3333333333333333,-0.2857142857142857,-0.018779342723004695,-0.16666666666666666,0.3333333333333333,2.1666666666666665
19,0.14285714285714285,29.333333333333332,0.5714285714285714,-0.3333333333333333,-0.5,-0.5714285714285714,21.0,-0.4,0.3333333333333333,0.8571428571428571,-0.2857142857142857,2.6666666666666665,1.0,-0.5,0.16666666666666666,1.4285714285714286,0.14285714285714285,-0.3333333333333333,3.5714285714285716,0.26666666666666666,2.0,0.5714285714285714,-0.3333333333333333,-0.3333333333333333,-0.1,16.333333333333332,-0.5,-0.05078125,1.1666666666666667,-0.42857142857142855,0.0,0.16666666666666666,1.2,0.6666666666666666,-0.14285714285714285,-0.2,0.64,-0.25,2.3333333333333335,-0.3333333333333333,2.0,-0.02912621359223301,1.5714285714285714,21.857142857142858,-0.5,-0.3333333333333333,0.14285714285714285,-0.3333333333333333,0.0,0.0,0.0,0.4,2.2,-0.14285714285714285,0.8,0.8,-0.16666666666666666,0.3333333333333333,-0.5714285714285714,-0.2857142857142857,-0.42857142857142855,-0.2857142857142857,0.0,0.0,0.0,-0.14285714285714285,-0.16666666666666666,-0.42857142857142855,0.0,-0.3333333333333333,1.0,-0.25,0.5714285714285714,-0.2857142857142857,0.2857142857142857,1.0,-0.25,1.8333333333333333,-0.2857142857142857,3.142857142857143,-0.09090909090909091,-0.2857142857142857,3.8333333333333335,3.0,-0.16666666666666666,-0.2727272727272727,1.0,-0.3333333333333333,0.6666666666666666,-0.3333333333333333,-0.48,-0.3333333333333333,-0.5,0.08333333333333333,-0.3333333333333333,1.0,-0.09389671361502347,0.0,-0.3333333333333333,0.0
20,-0.42857142857142855,32.166666666666664,-0.42857142857142855,-0.3333333333333333,-0.5,-0.38095238095238093,16.285714285714285,0.0,0.16666666666666666,-0.42857142857142855,-0.2857142857142857,-0.16666666666666666,0.5,0.5,-0.16666666666666666,0.0,0.2857142857142857,-0.3333333333333333,-0.14285714285714285,-0.17777777777777778,-0.2857142857142857,-0.14285714285714285,2.5,0.5,0.2,16.0,-0.5,-0.01171875,-0.16666666666666666,0.0,0.14285714285714285,0.3333333333333333,4.4,-0.16666666666666666,0.2857142857142857,-0.2,-0.32,3.125,-0.3333333333333333,0.0,0.16666666666666666,-0.06796116504854369,0.0,15.857142857142858,-0.5,-0.3333333333333333,0.2857142857142857,0.0,2.5,1.0,-0.16666666666666666,-0.1,0.2,0.14285714285714285,0.9,0.08888888888888889,-0.3333333333333333,0.0,-0.19047619047619047,-0.2857142857142857,-0.42857142857142855,0.0,0.4,-0.5,0.0,-0.2857142857142857,0.16666666666666666,1.0,0.5,0.5,0.14285714285714285,-0.08333333333333333,-0.2857142857142857,0.8571428571428571,-0.14285714285714285,0.0,-0.16666666666666666,0.5,-0.14285714285714285,-0.2857142857142857,-0.36363636363636365,-0.2857142857142857,-0.16666666666666666,-0.3333333333333333,-0.16666666666666666,-0.36363636363636365,0.4444444444444444,-0.3333333333333333,0.16666666666666666,0.6666666666666666,-0.32,-0.3333333333333333,-0.16666666666666666,-0.16666666666666666,0.16666666666666666,0.0,0.07511737089201878,0.8333333333333334,1.0,0.5
21,-0.14285714285714285,29.833333333333332,-0.14285714285714285,0.6666666666666666,-0.16666666666666666,-0.38095238095238093,21.571428571428573,0.0,-0.16666666666666666,-0.42857142857142855,2.7142857142857144,0.3333333333333333,-0.16666666666666666,0.0,0.8333333333333334,1.8571428571428572,-0.14285714285714285,-0.3333333333333333,0.0,0.08888888888888889,0.14285714285714285,0.5714285714285714,3.3333333333333335,-0.3333333333333333,0.5,20.333333333333332,-0.16666666666666666,-0.05078125,0.16666666666666666,0.0,-0.2857142857142857,-0.3333333333333333,-0.4,-0.3333333333333333,0.7142857142857143,-0.12,-0.16,-0.25,1.3333333333333333,0.16666666666666666,-0.16666666666666666,-0.04854368932038835,1.1428571428571428,15.428571428571429,-0.3333333333333333,0.5,-0.42857142857142855,-0.5,2.5,-0.6,0.0,-0.3,-0.6,-0.42857142857142855,-0.1,0.08888888888888889,2.5,-0.5,0.19047619047619047,0.0,0.5714285714285714,0.7142857142857143,0.6,-0.3333333333333333,-0.375,0.14285714285714285,-0.3333333333333333,-0.42857142857142855,1.3333333333333333,-0.5,-0.2857142857142857,-0.16666666666666666,0.2857142857142857,-0.2857142857142857,1.7142857142857142,-0.3333333333333333,0.9166666666666666,-0.16666666666666666,-0.2857142857142857,-0.42857142857142855,-0.2727272727272727,-0.2857142857142857,0.6666666666666666,0.16666666666666666,0.5,-0.18181818181818182,-0.3333333333333333,-0.16666666666666666,1.3333333333333333,0.0,-0.32,-0.3333333333333333,0.16666666666666666,-0.25,0.3333333333333333,-0.42857142857142855,0.09389671361502347,1.3333333333333333,1.1666666666666667,-0.3333333333333333
22,-0.42857142857142855,23.166666666666668,-0.42857142857142855,-0.16666666666666666,0.5,-0.5714285714285714,13.428571428571429,0.0,-0.3333333333333333,-0.42857142857142855,-0.42857142857142855,0.3333333333333333,-0.16666666666666666,3.1666666666666665,0.0,0.8571428571428571,-0.14285714285714285,0.0,-0.2857142857142857,-0.35555555555555557,-0.14285714285714285,0.0,-0.16666666666666666,-0.3333333333333333,0.1,18.5,1.1666666666666667,-0.08984375,-0.5,-0.42857142857142855,0.0,-0.5,-0.6,-0.3333333333333333,0.7142857142857143,-0.08,0.32,-0.25,-0.5,3.5,-0.5,-0.019417475728155338,-0.14285714285714285,12.142857142857142,-0.5,0.5,0.8571428571428571,0.8333333333333334,0.0,-0.2,-0.3333333333333333,2.3,0.0,3.2857142857142856,-0.2,-0.35555555555555557,0.5,-0.5,0.5714285714285714,0.7142857142857143,-0.42857142857142855,0.0,1.2,-0.5,-0.375,0.14285714285714285,-0.3333333333333333,0.42857142857142855,-0.3333333333333333,-0.3333333333333333,-0.2857142857142857,-0.25,2.142857142857143,-0.2857142857142857,-0.2857142857142857,-0.3333333333333333,-0.3333333333333333,-0.3333333333333333,0.2857142857142857,1.2857142857142858,0.6363636363636364,0.42857142857142855,0.3333333333333333,-0.3333333333333333,0.16666666666666666,-0.2727272727272727,-0.3333333333333333,3.0,0.5,0.0,1.28,0.8333333333333334,0.16666666666666666,0.4166666666666667,-0.16666666666666666,-0.2857142857142857,0.0,0.0,0.0,-0.16666666666666666
23,0.14285714285714285,16.333333333333332,0.2857142857142857,-0.3333333333333333,-0.16666666666666666,0.5714285714285714,23.857142857142858,1.4,0.3333333333333333,-0.2857142857142857,0.0,-0.5,0.0,-0.5,-0.5,0.0,0.0,-0.16666666666666666,-0.2857142857142857,-0.17777777777777778,-0.2857142857142857,0.2857142857142857,-0.3333333333333333,-0.3333333333333333,0.4,18.5,0.0,-0.01953125,0.16666666666666666,0.42857142857142855,1.1428571428571428,0.3333333333333333,-0.4,-0.16666666666666666,-0.14285714285714285,1.16,2.88,1.625,-0.3333333333333333,0.0,1.0,-0.06796116504854369,0.5714285714285714,24.285714285714285,-0.16666666666666666,0.0,1.4285714285714286,1.3333333333333333,0.0,1.4,2.3333333333333335,-0.3,-0.6,0.7142857142857143,-0.1,0.0,0.3333333333333333,1.0,0.19047619047619047,-0.2857142857142857,-0.42857142857142855,0.42857142857142855,-0.4,-0.3333333333333333,1.875,-0.2857142857142857,0.5,0.5714285714285714,0.3333333333333333,-0.3333333333333333,-0.14285714285714285,0.8333333333333334,-0.2857142857142857,1.4285714285714286,-0.42857142857142855,0.16666666666666666,0.5833333333333334,-0.16666666666666666,-0.14285714285714285,2.7142857142857144,0.6363636363636364,1.2857142857142858,0.0,0.8333333333333334,0.16666666666666666,0.09090909090909091,-0.3333333333333333,2.3333333333333335,-0.3333333333333333,-0.3333333333333333,0.0,0.16666666666666666,-0.16666666666666666,-0.16666666666666666,2.8333333333333335,0.14285714285714285,0.09389671361502347,0.3333333333333333,0.0,0.0
24,-0.42857142857142855,18.833333333333332,1.2857142857142858,2.0,-0.5,-0.5714285714285714,21.714285714285715,0.4,-0.3333333333333333,-0.42857142857142855,-0.42857142857142855,-0.5,0.5,-0.5,0.3333333333333333,-0.42857142857142855,0.2857142857142857,0.16666666666666666,0.2857142857142857,-0.35555555555555557,4.0,-0.14285714285714285,-0.3333333333333333,-0.16666666666666666,0.1,26.666666666666668,0.16666666666666666,-0.05859375,2.3333333333333335,0.2857142857142857,1.4285714285714286,2.6666666666666665,-0.2,-0.16666666666666666,-0.2857142857142857,0.08,0.16,-0.25,-0.16666666666666666,-0.3333333333333333,1.8333333333333333,-0.02912621359223301,1.7142857142857142,23.142857142857142,1.0,0.5,1.8571428571428572,-0.5,-0.16666666666666666,0.0,0.0,-0.3,-0.6,-0.14285714285714285,0.0,-0.35555555555555557,-0.16666666666666666,-0.16666666666666666,0.19047619047619047,1.1428571428571428,0.14285714285714285,-0.42857142857142855,0.0,-0.5,-0.125,2.142857142857143,3.6666666666666665,-0.2857142857142857,1.1666666666666667,3.1666666666666665,0.7142857142857143,-0.16666666666666666,0.8571428571428571,0.0,0.14285714285714285,0.0,0.08333333333333333,-0.3333333333333333,-0.2857142857142857,0.0,0.7272727272727273,-0.2857142857142857,0.0,0.5,0.6666666666666666,0.0,-0.3333333333333333,-0.3333333333333333,1.5,-0.3333333333333333,-0.32,1.1666666666666667,2.8333333333333335,-0.3333333333333333,-0.3333333333333333,0.2857142857142857,-0.09389671361502347,-0.5,0.0,-0.3333333333333333
25,0.2857142857142857,18.833333333333332,0.2857142857142857,0.16666666666666666,-0.16666666666666666,-0.19047619047619047,27.857142857142858,0.6,0.16666666666666666,0.2857142857142857,-0.42857142857142855,1.0,2.1666666666666665,2.3333333333333335,-0.3333333333333333,-0.42857142857142855,-0.14285714285714285,0.6666666666666666,-0.2857142857142857,0.0,-0.2857142857142857,2.142857142857143,7.333333333333333,-0.3333333333333333,-0.3,32.833333333333336,1.8333333333333333,-0.01953125,0.6666666666666666,0.42857142857142855,0.42857142857142855,-0.5,3.2,0.3333333333333333,-0.2857142857142857,-0.08,0.16,0.5,0.0,-0.3333333333333333,-0.5,-0.05825242718446602,-0.14285714285714285,12.0,5.833333333333333,-0.16666666666666666,0.42857142857142855,-0.5,0.16666666666666666,-0.4,0.0,0.2,-0.4,-0.2857142857142857,0.4,-0.26666666666666666,-0.16666666666666666,-0.5,-0.19047619047619047,0.0,0.2857142857142857,-0.42857142857142855,0.2,-0.5,0.625,-0.2857142857142857,-0.3333333333333333,0.7142857142857143,2.0,0.5,1.2857142857142858,-0.25,-0.2857142857142857,0.2857142857142857,-0.14285714285714285,-0.3333333333333333,-0.3333333333333333,1.1666666666666667,0.0,-0.42857142857142855,-0.18181818181818182,0.5714285714285714,-0.3333333333333333,1.8333333333333333,-0.3333333333333333,-0.2727272727272727,0.5555555555555556,-0.3333333333333333,0.16666666666666666,-0.3333333333333333,-0.48,0.0,0.0,-0.3333333333333333,0.5,0.14285714285714285,0.03755868544600939,0.5,0.3333333333333333,2.5
26,1.2857142857142858,29.833333333333332,0.7142857142857143,1.3333333333333333,3.0,-0.5714285714285714,20.285714285714285,0.2,-0.3333333333333333,-0.42857142857142855,-0.42857142857142855,0.16666666666666666,2.0,0.5,1.0,-0.42857142857142855,-0.14285714285714285,0.0,4.285714285714286,0.35555555555555557,1.0,-0.42857142857142855,-0.16666666666666666,1.1666666666666667,1.7,21.166666666666668,-0.3333333333333333,-0.04296875,1.1666666666666667,-0.42857142857142855,-0.14285714285714285,0.0,-0.6,1.5,-0.14285714285714285,-0.08,0.16,-0.25,-0.16666666666666666,1.8333333333333333,1.3333333333333333,-0.06796116504854369,0.2857142857142857,13.714285714285714,-0.5,7.0,-0.14285714285714285,-0.5,-0.3333333333333333,-0.4,-0.3333333333333333,0.0,-0.6,-0.14285714285714285,0.3,-0.35555555555555557,-0.3333333333333333,0.5,0.5714285714285714,0.0,-0.14285714285714285,0.42857142857142855,1.4,0.16666666666666666,0.125,-0.2857142857142857,0.6666666666666666,3.0,-0.3333333333333333,-0.5,1.2857142857142858,1.1666666666666667,3.0,-0.2857142857142857,0.0,1.0,0.08333333333333333,0.3333333333333333,-0.2857142857142857,0.5714285714285714,-0.18181818181818182,0.2857142857142857,3.1666666666666665,2.3333333333333335,-0.3333333333333333,-0.36363636363636365,-0.3333333333333333,-0.16666666666666666,1.8333333333333333,-0.1111111111111111,1.92,1.5,-0.5,-0.16666666666666666,-0.16666666666666666,-0.2857142857142857,-0.03755868544600939,0.6666666666666666,0.0,-0.3333333333333333
27,1.1428571428571428,0.8333333333333334,0.0,-0.3333333333333333,-0.16666666666666666,-0.5714285714285714,0.0,0.0,3.3333333333333335,0.8571428571428571,1.1428571428571428,-0.5,-0.16666666666666666,-0.5,-0.5,27.428571428571427,-0.2857142857142857,0.3333333333333333,-0.2857142857142857,0.08888888888888889,0.5714285714285714,0.5714285714285714,-0.3333333333333333,0.5,-0.3,-0.3333333333333333,-0.3333333333333333,0.01171875,0.0,0.7142857142857143,1.0,14.833333333333334,-0.2,17.0,1.5714285714285714,0.2,-0.16,1.125,1.0,0.6666666666666666,0.0,-0.06796116504854369,0.14285714285714285,0.14285714285714285,10.833333333333334,0.5,-0.14285714285714285,26.333333333333332,1.6666666666666667,-0.6,0.3333333333333333,-0.3,-0.6,-0.42857142857142855,-0.2,-0.35555555555555557,0.3333333333333333,0.6666666666666666,0.38095238095238093,-0.2857142857142857,0.2857142857142857,-0.42857142857142855,1.0,0.16666666666666666,2.0,0.8571428571428571,1.0,0.0,-0.3333333333333333,-0.3333333333333333,0.2857142857142857,-0.25,0.8571428571428571,-0.2857142857142857,-0.42857142857142855,0.0,0.16666666666666666,0.16666666666666666,0.42857142857142855,-0.42857142857142855,-0.2727272727272727,0.42857142857142855,-0.3333333333333333,1.3333333333333333,12.333333333333334,-0.36363636363636365,19.77777777777778,0.16666666666666666,0.16666666666666666,0.0,0.32,36.666666666666664,-0.5,-0.25,0.16666666666666666,24.0,0.0,0.0,-0.3333333333333333,0.0
28,-0.14285714285714285,-0.16666666666666666,-0.42857142857142855,0.6666666666666666,0.3333333333333333,-0.38095238095238093,0.7142857142857143,1.8,-0.3333333333333333,0.5714285714285714,-0.42857142857142855,-0.3333333333333333,0.16666666666666666,0.3333333333333333,-0.5,28.857142857142858,-0.14285714285714285,1.3333333333333333,-0.2857142857142857,-0.35555555555555557,0.5714285714285714,-0.42857142857142855,0.0,0.16666666666666666,0.2,1.1666666666666667,-0.16666666666666666,-0.08984375,0.16666666666666666,-0.42857142857142855,0.14285714285714285,20.166666666666668,2.0,31.5,0.8571428571428571,0.04,-0.32,-0.25,1.8333333333333333,0.8333333333333334,-0.5,-0.038834951456310676,-0.14285714285714285,0.8571428571428571,30.166666666666668,-0.16666666666666666,0.0,19.5,0.16666666666666666,0.4,-0.3333333333333333,0.9,-0.2,-0.42857142857142855,-0.3,1.4222222222222223,0.16666666666666666,0.5,-0.5714285714285714,-0.2857142857142857,0.7142857142857143,-0.14285714285714285,0.4,-0.5,0.875,1.7142857142857142,1.6666666666666667,0.14285714285714285,0.5,-0.3333333333333333,-0.2857142857142857,-0.08333333333333333,0.2857142857142857,1.5714285714285714,0.14285714285714285,-0.3333333333333333,0.5,-0.5,-0.14285714285714285,-0.42857142857142855,0.18181818181818182,-0.14285714285714285,0.8333333333333334,-0.3333333333333333,34.5,0.45454545454545453,9.88888888888889,0.16666666666666666,-0.3333333333333333,0.3333333333333333,0.0,24.5,-0.3333333333333333,2.8333333333333335,0.5,25.714285714285715,-0.056338028169014086,-0.5,-0.3333333333333333,-0.3333333333333333
29,-0.42857142857142855,0.6666666666666666,1.5714285714285714,1.3333333333333333,1.0,-0.5714285714285714,-0.14285714285714285,-0.4,1.0,-0.2857142857142857,1.7142857142857142,0.5,-0.3333333333333333,-0.16666666666666666,0.8333333333333334,23.142857142857142,-0.2857142857142857,4.0,0.14285714285714285,0.7111111111111111,-0.42857142857142855,2.142857142857143,-0.3333333333333333,-0.16666666666666666,0.0,-0.3333333333333333,-0.5,-0.08203125,-0.16666666666666666,0.5714285714285714,-0.2857142857142857,13.666666666666666,-0.2,22.333333333333332,-0.2857142857142857,-0.16,1.12,-0.25,0.16666666666666666,0.6666666666666666,-0.5,0.009708737864077669,-0.2857142857142857,0.0,20.0,-0.3333333333333333,1.1428571428571428,12.833333333333334,0.3333333333333333,1.6,-0.3333333333333333,-0.1,0.0,-0.14285714285714285,0.0,-0.17777777777777778,2.0,-0.16666666666666666,-0.38095238095238093,-0.14285714285714285,0.8571428571428571,-0.2857142857142857,-0.6,-0.5,0.25,-0.2857142857142857,-0.16666666666666666,0.5714285714285714,-0.3333333333333333,1.8333333333333333,0.7142857142857143,-0.25,0.2857142857142857,-0.2857142857142857,-0.42857142857142855,-0.16666666666666666,0.08333333333333333,1.3333333333333333,0.0,0.2857142857142857,-0.18181818181818182,0.5714285714285714,-0.16666666666666666,1.0,13.0,-0.36363636363636365,17.11111111111111,-0.3333333333333333,0.0,-0.3333333333333333,-0.32,20.333333333333332,-0.3333333333333333,1.3333333333333333,0.6666666666666666,15.142857142857142,0.018779342723004695,-0.3333333333333333,-0.16666666666666666,-0.16666666666666666
30,-0.14285714285714285,-0.3333333333333333,0.2857142857142857,0.16666666666666666,-0.3333333333333333,0.19047619047619047,-0.2857142857142857,0.4,0.3333333333333333,2.857142857142857,-0.42857142857142855,0.16666666666666666,-0.3333333333333333,0.0,-0.5,17.428571428571427,1.1428571428571428,0.6666666666666666,-0.2857142857142857,0.5333333333333333,-0.42857142857142855,-0.2857142857142857,0.6666666666666666,-0.3333333333333333,-0.3,-0.3333333333333333,-0.5,-0.07421875,1.3333333333333333,-0.42857142857142855,0.5714285714285714,14.166666666666666,-0.6,26.833333333333332,0.0,0.08,-0.16,1.375,0.5,-0.3333333333333333,-0.3333333333333333,-0.06796116504854369,-0.14285714285714285,0.7142857142857143,16.833333333333332,0.3333333333333333,-0.42857142857142855,25.166666666666668,2.5,-0.6,0.16666666666666666,-0.1,1.0,-0.2857142857142857,1.0,0.7111111111111111,0.16666666666666666,-0.5,-0.38095238095238093,0.14285714285714285,0.7142857142857143,-0.14285714285714285,-0.6,0.0,0.0,0.0,1.5,-0.2857142857142857,1.0,-0.5,-0.14285714285714285,0.8333333333333334,1.1428571428571428,0.0,1.1428571428571428,-0.3333333333333333,0.3333333333333333,0.16666666666666666,-0.2857142857142857,0.7142857142857143,-0.09090909090909091,0.14285714285714285,3.0,1.3333333333333333,15.0,0.7272727272727273,15.11111111111111,-0.3333333333333333,0.5,-0.3333333333333333,-0.48,23.833333333333332,-0.5,-0.25,-0.3333333333333333,10.714285714285714,-0.03755868544600939,-0.5,0.0,0.3333333333333333
31,0.42857142857142855,0.8333333333333334,-0.14285714285714285,0.0,0.16666666666666666,3.4285714285714284,4.285714285714286,-0.2,-0.16666666666666666,-0.2857142857142857,1.2857142857142858,1.8333333333333333,4.0,1.1666666666666667,-0.5,28.428571428571427,0.14285714285714285,0.5,0.14285714285714285,-0.35555555555555557,0.0,-0.42857142857142855,-0.3333333333333333,0.16666666666666666,0.2,-0.5,-0.5,-0.08984375,-0.16666666666666666,0.8571428571428571,-0.2857142857142857,20.333333333333332,0.6,19.833333333333332,0.7142857142857143,0.72,0.32,0.25,0.8333333333333334,0.0,1.0,-0.06796116504854369,-0.2857142857142857,-0.14285714285714285,27.666666666666668,0.3333333333333333,0.7142857142857143,31.333333333333332,0.16666666666666666,0.6,0.0,1.9,-0.6,-0.42857142857142855,0.8,-0.08888888888888889,-0.3333333333333333,3.6666666666666665,0.5714285714285714,-0.2857142857142857,0.0,-0.14285714285714285,-0.4,2.3333333333333335,-0.375,2.0,1.0,-0.2857142857142857,0.16666666666666666,2.5,0.7142857142857143,-0.08333333333333333,0.7142857142857143,-0.2857142857142857,-0.2857142857142857,0.3333333333333333,0.5833333333333334,-0.16666666666666666,0.0,-0.2857142857142857,-0.36363636363636365,0.0,-0.3333333333333333,-0.16666666666666666,15.5,-0.18181818181818182,19.444444444444443,2.1666666666666665,-0.3333333333333333,0.1111111111111111,-0.48,17.5,0.16666666666666666,-0.3333333333333333,1.8333333333333333,26.571428571428573,-0.07511737089201878,1.0,-0.16666666666666666,-0.16666666666666666
32,-0.42857142857142855,-0.5,-0.42857142857142855,-0.3333333333333333,-0.16666666666666666,-0.5714285714285714,-0.42857142857142855,0.4,0.3333333333333333,0.5714285714285714,2.0,0.3333333333333333,0.16666666666666666,-0.5,2.3333333333333335,22.285714285714285,-0.14285714285714285,-0.3333333333333333,1.8571428571428572,-0.26666666666666666,0.5714285714285714,-0.42857142857142855,2.8333333333333335,0.5,-0.2,0.8333333333333334,-0.3333333333333333,-0.04296875,-0.3333333333333333,-0.14285714285714285,0.0,11.333333333333334,-0.4,10.833333333333334,-0.14285714285714285,-0.12,-0.32,1.375,0.6666666666666666,0.5,0.6666666666666666,-0.02912621359223301,1.0,2.4285714285714284,25.833333333333332,-0.16666666666666666,0.5714285714285714,15.333333333333334,-0.3333333333333333,1.2,0.5,0.1,0.0,0.14285714285714285,0.0,0.7111111111111111,-0.3333333333333333,0.3333333333333333,0.0,0.14285714285714285,-0.14285714285714285,-0.2857142857142857,0.8,-0.5,-0.375,-0.2857142857142857,0.0,-0.42857142857142855,0.0,-0.3333333333333333,-0.14285714285714285,-0.25,1.1428571428571428,0.5714285714285714,-0.2857142857142857,-0.16666666666666666,-0.3333333333333333,-0.5,-0.14285714285714285,0.2857142857142857,0.36363636363636365,-0.2857142857142857,2.3333333333333335,-0.16666666666666666,16.333333333333332,-0.36363636363636365,16.444444444444443,0.16666666666666666,0.16666666666666666,1.5555555555555556,0.32,22.666666666666668,0.16666666666666666,-0.25,-0.16666666666666666,15.428571428571429,-0.07511737089201878,0.16666666666666666,-0.16666666666666666,-0.3333333333333333
33,0.2857142857142857,1.0,-0.42857142857142855,0.0,0.6666666666666666,-0.5714285714285714,0.14285714285714285,1.4,0.0,2.142857142857143,-0.2857142857142857,1.8333333333333333,0.5,0.3333333333333333,-0.3333333333333333,22.714285714285715,1.7142857142857142,-0.3333333333333333,1.4285714285714286,0.5333333333333333,-0.42857142857142855,-0.2857142857142857,-0.3333333333333333,-0.3333333333333333,0.1,2.1666666666666665,-0.16666666666666666,-0.08984375,-0.16666666666666666,0.0,-0.2857142857142857,16.333333333333332,0.4,11.666666666666666,-0.2857142857142857,-0.12,-0.16,0.25,0.6666666666666666,1.6666666666666667,1.3333333333333333,-0.02912621359223301,0.7142857142857143,-0.2857142857142857,15.166666666666666,1.1666666666666667,1.4285714285714286,13.0,-0.16666666666666666,-0.6,0.0,-0.2,0.4,-0.42857142857142855,-0.2,-0.26666666666666666,0.16666666666666666,1.0,-0.19047619047619047,0.42857142857142855,0.42857142857142855,0.2857142857142857,-0.2,-0.5,1.5,1.1428571428571428,2.3333333333333335,-0.42857142857142855,1.0,1.5,0.42857142857142855,-0.25,-0.2857142857142857,0.5714285714285714,0.0,2.0,0.3333333333333333,0.16666666666666666,0.14285714285714285,-0.42857142857142855,-0.36363636363636365,-0.14285714285714285,1.5,-0.3333333333333333,33.666666666666664,-0.36363636363636365,18.666666666666668,-0.3333333333333333,1.1666666666666667,0.0,0.48,24.5,-0.3333333333333333,-0.16666666666666666,-0.16666666666666666,20.857142857142858,0.18779342723004694,-0.5,0.0,1.3333333333333333
34,1.4285714285714286,-0.5,1.1428571428571428,-0.3333333333333333,0.3333333333333333,0.38095238095238093,0.0,1.0,0.3333333333333333,0.14285714285714285,1.8571428571428572,1.1666666666666667,-0.16666666666666666,2.3333333333333335,0.16666666666666666,22.285714285714285,0.0,-0.3333333333333333,0.0,0.26666666666666666,-0.42857142857142855,-0.42857142857142855,-0.3333333333333333,0.3333333333333333,0.1,-0.5,-0.5,-0.08203125,-0.3333333333333333,1.1428571428571428,0.5714285714285714,22.833333333333332,2.2,23.333333333333332,0.42857142857142855,-0.16,-0.32,0.0,-0.5,0.8333333333333334,2.3333333333333335,0.1262135922330097,2.7142857142857144,0.0,13.5,0.0,0.7142857142857143,19.166666666666668,1.6666666666666667,-0.6,0.16666666666666666,-0.3,-0.4,1.0,-0.3,-0.35555555555555557,0.5,0.0,0.38095238095238093,0.7142857142857143,1.5714285714285714,-0.42857142857142855,-0.6,0.0,-0.375,0.0,0.16666666666666666,-0.42857142857142855,-0.3333333333333333,-0.3333333333333333,-0.14285714285714285,0.75,0.2857142857142857,2.4285714285714284,-0.14285714285714285,0.0,-0.25,2.8333333333333335,0.0,-0.42857142857142855,1.3636363636363635,-0.14285714285714285,4.666666666666667,-0.3333333333333333,17.833333333333332,-0.36363636363636365,10.555555555555555,0.0,-0.5,0.3333333333333333,-0.16,16.666666666666668,-0.5,0.3333333333333333,-0.16666666666666666,23.571428571428573,0.03755868544600939,-0.16666666666666666,1.3333333333333333,-0.3333333333333333
35,-0.42857142857142855,0.0,0.0,0.5,0.3333333333333333,0.19047619047619047,-0.42857142857142855,0.0,2.8333333333333335,1.1428571428571428,-0.42857142857142855,-0.3333333333333333,-0.16666666666666666,-0.16666666666666666,-0.16666666666666666,-0.42857142857142855,-0.2857142857142857,-0.3333333333333333,1.4285714285714286,13.066666666666666,-0.42857142857142855,-0.2857142857142857,1.0,-0.16666666666666666,13.1,-0.16666666666666666,-0.5,-0.05078125,-0.5,-0.42857142857142855,-0.2857142857142857,-0.16666666666666666,4.2,1.8333333333333333,0.2857142857142857,-0.16,1.92,-0.125,2.3333333333333335,2.1666666666666665,-0.16666666666666666,-0.05825242718446602,-0.14285714285714285,-0.42857142857142855,0.6666666666666666,-0.3333333333333333,-0.42857142857142855,-0.3333333333333333,0.16666666666666666,-0.6,0.3333333333333333,-0.3,-0.6,0.7142857142857143,19.1,-0.26666666666666666,0.8333333333333334,-0.3333333333333333,2.2857142857142856,-0.14285714285714285,-0.2857142857142857,-0.42857142857142855,1.8,-0.5,1.875,1.2857142857142858,-0.16666666666666666,1.7142857142857142,0.0,1.0,3.0,6.916666666666667,-0.14285714285714285,-0.14285714285714285,-0.42857142857142855,1.1666666666666667,11.25,-0.5,2.0,-0.42857142857142855,8.454545454545455,1.1428571428571428,-0.3333333333333333,-0.16666666666666666,-0.16666666666666666,7.545454545454546,0.3333333333333333,-0.16666666666666666,1.8333333333333333,-0.2222222222222222,0.0,0.3333333333333333,-0.3333333333333333,11.25,0.0,-0.42857142857142855,1.5211267605633803,-0.5,0.0,0.3333333333333333
36,-0.2857142857142857,-0.3333333333333333,1.0,-0.16666666666666666,0.6666666666666666,-0.38095238095238093,0.0,6.2,-0.16666666666666666,1.5714285714285714,0.2857142857142857,-0.5,-0.3333333333333333,-0.5,1.5,0.5714285714285714,-0.2857142857142857,-0.16666666666666666,1.8571428571428572,16.08888888888889,1.4285714285714286,-0.42857142857142855,-0.3333333333333333,0.0,18.5,0.5,-0.5,-0.02734375,0.3333333333333333,-0.14285714285714285,0.14285714285714285,-0.3333333333333333,0.0,0.5,-0.2857142857142857,0.08,-0.32,1.125,-0.3333333333333333,-0.3333333333333333,1.1666666666666667,-0.02912621359223301,0.0,1.0,-0.5,-0.3333333333333333,1.5714285714285714,0.5,0.5,0.4,-0.3333333333333333,-0.3,0.2,-0.42857142857142855,13.0,-0.35555555555555557,-0.3333333333333333,1.0,0.0,-0.2857142857142857,0.0,0.2857142857142857,-0.4,-0.5,0.25,0.0,-0.3333333333333333,-0.42857142857142855,0.3333333333333333,0.8333333333333334,0.14285714285714285,15.833333333333334,-0.2857142857142857,0.2857142857142857,1.0,-0.16666666666666666,9.416666666666666,-0.5,-0.2857142857142857,0.0,10.454545454545455,0.0,0.16666666666666666,-0.3333333333333333,0.5,7.090909090909091,-0.2222222222222222,-0.16666666666666666,1.5,-0.1111111111111111,-0.16,0.3333333333333333,-0.3333333333333333,12.583333333333334,-0.3333333333333333,-0.42857142857142855,2.0469483568075115,-0.3333333333333333,-0.3333333333333333,-0.16666666666666666
37,0.5714285714285714,-0.5,-0.14285714285714285,0.3333333333333333,5.0,0.0,2.0,-0.4,0.6666666666666666,0.2857142857142857,0.14285714285714285,-0.5,-0.3333333333333333,-0.3333333333333333,-0.5,0.0,0.0,-0.16666666666666666,0.42857142857142855,14.933333333333334,0.5714285714285714,-0.42857142857142855,0.3333333333333333,1.5,13.8,0.16666666666666666,0.0,-0.08984375,0.8333333333333334,0.42857142857142855,-0.2857142857142857,-0.5,3.0,0.3333333333333333,0.2857142857142857,-0.2,0.64,0.0,2.1666666666666665,-0.3333333333333333,-0.16666666666666666,-0.06796116504854369,-0.2857142857142857,-0.42857142857142855,-0.3333333333333333,-0.3333333333333333,-0.2857142857142857,0.0,0.16666666666666666,-0.4,0.3333333333333333,-0.3,0.2,-0.42857142857142855,16.4,0.5333333333333333,-0.3333333333333333,0.8333333333333334,0.5714285714285714,0.14285714285714285,0.0,0.14285714285714285,-0.6,-0.3333333333333333,0.625,3.857142857142857,-0.3333333333333333,-0.42857142857142855,0.0,-0.16666666666666666,3.142857142857143,9.666666666666666,0.42857142857142855,-0.14285714285714285,-0.2857142857142857,0.3333333333333333,12.083333333333334,2.0,4.571428571428571,0.7142857142857143,10.090909090909092,-0.2857142857142857,2.0,0.6666666666666666,1.8333333333333333,17.09090909090909,0.1111111111111111,-0.3333333333333333,1.0,-0.1111111111111111,-0.48,0.5,0.3333333333333333,13.25,-0.3333333333333333,1.4285714285714286,2.1784037558685445,-0.3333333333333333,1.6666666666666667,0.0
38,0.0,0.3333333333333333,-0.42857142857142855,-0.3333333333333333,3.1666666666666665,-0.5714285714285714,0.2857142857142857,-0.4,-0.3333333333333333,0.2857142857142857,-0.42857142857142855,0.6666666666666666,2.5,-0.3333333333333333,3.6666666666666665,-0.42857142857142855,1.5714285714285714,0.8333333333333334,-0.2857142857142857,14.044444444444444,-0.42857142857142855,1.7142857142857142,-0.3333333333333333,0.16666666666666666,19.1,0.0,0.6666666666666666,-0.08984375,0.6666666666666666,-0.42857142857142855,0.14285714285714285,-0.5,0.0,1.0,1.0,-0.2,-0.32,-0.25,-0.5,2.6666666666666665,-0.5,-0.038834951456310676,-0.14285714285714285,-0.2857142857142857,0.0,1.8333333333333333,-0.42857142857142855,0.3333333333333333,-0.3333333333333333,1.2,0.0,0.2,0.8,1.0,10.2,1.0666666666666667,2.3333333333333335,-0.5,1.3333333333333333,-0.14285714285714285,0.14285714285714285,-0.42857142857142855,0.4,0.16666666666666666,1.25,0.2857142857142857,-0.3333333333333333,-0.42857142857142855,1.0,-0.3333333333333333,2.4285714285714284,10.333333333333334,0.5714285714285714,-0.2857142857142857,1.4285714285714286,-0.16666666666666666,16.083333333333332,0.0,-0.2857142857142857,-0.2857142857142857,11.0,1.5714285714285714,0.6666666666666666,-0.3333333333333333,0.6666666666666666,18.0,1.0,-0.16666666666666666,-0.5,1.5555555555555556,2.4,0.5,3.3333333333333335,10.833333333333334,0.8333333333333334,-0.42857142857142855,3.07981220657277,-0.16666666666666666,-0.16666666666666666,0.0
39,0.2857142857142857,-0.16666666666666666,2.2857142857142856,0.0,0.0,3.4285714285714284,0.8571428571428571,-0.4,-0.3333333333333333,-0.14285714285714285,-0.2857142857142857,1.0,0.5,1.3333333333333333,1.1666666666666667,-0.2857142857142857,0.5714285714285714,0.5,-0.2857142857142857,14.755555555555556,0.5714285714285714,-0.14285714285714285,0.5,0.8333333333333334,19.3,-0.3333333333333333,0.0,-0.02734375,1.6666666666666667,0.14285714285714285,1.8571428571428572,0.16666666666666666,-0.4,2.1666666666666665,1.5714285714285714,-0.04,-0.16,0.0,0.16666666666666666,0.5,-0.16666666666666666,-0.06796116504854369,1.0,0.8571428571428571,-0.5,2.6666666666666665,0.8571428571428571,1.5,-0.16666666666666666,-0.6,0.5,0.7,0.0,1.0,15.9,-0.35555555555555557,-0.16666666666666666,-0.3333333333333333,-0.5714285714285714,-0.14285714285714285,-0.42857142857142855,1.2857142857142858,1.4,1.3333333333333333,-0.25,-0.14285714285714285,-0.3333333333333333,-0.42857142857142855,-0.3333333333333333,0.3333333333333333,0.0,12.666666666666666,-0.2857142857142857,0.5714285714285714,-0.14285714285714285,-0.3333333333333333,14.583333333333334,-0.5,1.4285714285714286,0.7142857142857143,16.454545454545453,0.14285714285714285,0.16666666666666666,-0.3333333333333333,0.6666666666666666,19.545454545454547,0.0,1.1666666666666667,2.1666666666666665,-0.1111111111111111,0.64,0.0,-0.5,10.583333333333334,1.3333333333333333,0.14285714285714285,2.4788732394366195,0.6666666666666666,1.6666666666666667,-0.3333333333333333
40,-0.14285714285714285,2.3333333333333335,1.0,-0.16666666666666666,0.3333333333333333,0.0,0.5714285714285714,-0.2,0.3333333333333333,3.2857142857142856,-0.42857142857142855,0.0,-0.3333333333333333,-0.3333333333333333,0.5,-0.42857142857142855,-0.14285714285714285,1.3333333333333333,0.0,17.155555555555555,-0.14285714285714285,0.0,0.0,0.8333333333333334,19.1,0.5,0.5,-0.08203125,-0.3333333333333333,0.0,-0.2857142857142857,-0.5,3.2,-0.5,0.14285714285714285,-0.16,0.0,0.375,1.0,-0.16666666666666666,0.0,-0.019417475728155338,0.8571428571428571,0.14285714285714285,0.3333333333333333,3.1666666666666665,-0.2857142857142857,-0.16666666666666666,2.5,-0.4,-0.16666666666666666,0.5,1.4,-0.14285714285714285,17.2,0.6222222222222222,-0.16666666666666666,-0.5,1.1428571428571428,0.7142857142857143,-0.14285714285714285,-0.42857142857142855,0.2,-0.5,0.5,-0.14285714285714285,0.3333333333333333,1.2857142857142858,0.3333333333333333,-0.5,-0.2857142857142857,15.166666666666666,-0.2857142857142857,-0.2857142857142857,-0.42857142857142855,1.1666666666666667,12.833333333333334,0.3333333333333333,-0.2857142857142857,0.0,13.545454545454545,1.0,1.0,0.8333333333333334,0.0,13.909090909090908,-0.3333333333333333,-0.3333333333333333,0.3333333333333333,-0.3333333333333333,1.6,-0.3333333333333333,-0.3333333333333333,10.333333333333334,0.8333333333333334,0.0,2.9859154929577465,0.5,-0.3333333333333333,-0.3333333333333333
41,-0.42857142857142855,-0.3333333333333333,0.0,0.8333333333333334,-0.5,6.095238095238095,-0.2857142857142857,4.0,2.5,0.42857142857142855,2.0,-0.3333333333333333,0.16666666666666666,-0.3333333333333333,-0.16666666666666666,0.14285714285714285,-0.14285714285714285,1.5,0.0,9.155555555555555,-0.2857142857142857,-0.42857142857142855,-0.3333333333333333,-0.16666666666666666,7.9,0.5,-0.3333333333333333,-0.08203125,-0.3333333333333333,-0.2857142857142857,-0.14285714285714285,-0.5,-0.6,-0.3333333333333333,1.2857142857142858,-0.08,-0.32,0.0,0.3333333333333333,-0.3333333333333333,-0.5,0.04854368932038835,-0.2857142857142857,-0.14285714285714285,1.5,1.5,-0.14285714285714285,-0.5,1.1666666666666667,-0.4,-0.16666666666666666,0.7,1.2,0.2857142857142857,6.7,-0.08888888888888889,1.8333333333333333,-0.5,-0.5714285714285714,-0.2857142857142857,-0.14285714285714285,-0.14285714285714285,-0.6,-0.5,-0.25,1.1428571428571428,-0.3333333333333333,-0.2857142857142857,0.3333333333333333,1.1666666666666667,1.0,8.416666666666666,-0.2857142857142857,0.5714285714285714,-0.42857142857142855,1.8333333333333333,6.416666666666667,-0.5,0.14285714285714285,-0.2857142857142857,18.0,1.8571428571428572,0.16666666666666666,3.6666666666666665,-0.3333333333333333,13.636363636363637,-0.3333333333333333,0.3333333333333333,0.16666666666666666,-0.2222222222222222,-0.48,1.0,0.8333333333333334,6.916666666666667,-0.3333333333333333,2.5714285714285716,2.1220657276995305,3.3333333333333335,0.0,0.16666666666666666
42,0.2857142857142857,-0.5,0.0,0.0,-0.3333333333333333,-0.5714285714285714,0.5714285714285714,-0.4,0.0,-0.42857142857142855,-0.2857142857142857,-0.5,1.3333333333333333,-0.5,-0.16666666666666666,0.2857142857142857,0.8571428571428571,0.8333333333333334,-0.2857142857142857,15.28888888888889,-0.14285714285714285,-0.42857142857142855,1.1666666666666667,1.8333333333333333,16.8,0.16666666666666666,0.16666666666666666,-0.07421875,-0.5,-0.42857142857142855,0.5714285714285714,-0.16666666666666666,-0.4,-0.3333333333333333,0.5714285714285714,-0.2,0.0,-0.25,1.5,1.6666666666666667,-0.5,0.038834951456310676,0.14285714285714285,-0.42857142857142855,-0.16666666666666666,1.5,1.1428571428571428,0.16666666666666666,-0.3333333333333333,1.6,0.6666666666666666,0.3,1.6,0.8571428571428571,6.6,0.7111111111111111,1.0,2.3333333333333335,-0.5714285714285714,0.0,-0.2857142857142857,-0.42857142857142855,-0.2,0.8333333333333334,-0.25,0.42857142857142855,-0.16666666666666666,-0.2857142857142857,0.5,-0.5,0.0,11.666666666666666,1.7142857142857142,-0.14285714285714285,1.5714285714285714,-0.16666666666666666,14.0,1.0,1.2857142857142858,-0.42857142857142855,17.363636363636363,0.5714285714285714,0.6666666666666666,0.16666666666666666,1.5,12.727272727272727,0.6666666666666666,-0.3333333333333333,0.8333333333333334,-0.3333333333333333,-0.32,1.5,0.8333333333333334,16.333333333333332,0.0,-0.42857142857142855,2.15962441314554,0.0,0.16666666666666666,1.8333333333333333
43,-0.42857142857142855,-0.5,-0.2857142857142857,0.3333333333333333,-0.16666666666666666,2.0952380952380953,-0.2857142857142857,-0.4,0.5,1.2857142857142858,-0.42857142857142855,1.1666666666666667,-0.3333333333333333,1.8333333333333333,-0.5,-0.14285714285714285,0.8571428571428571,0.16666666666666666,1.1428571428571428,6.044444444444444,-0.42857142857142855,-0.2857142857142857,0.5,-0.3333333333333333,16.6,2.1666666666666665,1.3333333333333333,-0.08203125,-0.5,0.0,-0.2857142857142857,-0.5,-0.4,0.16666666666666666,0.42857142857142855,-0.2,-0.16,-0.25,-0.5,-0.3333333333333333,0.16666666666666666,0.2912621359223301,-0.2857142857142857,-0.42857142857142855,-0.5,2.6666666666666665,0.8571428571428571,0.3333333333333333,-0.16666666666666666,-0.6,-0.3333333333333333,0.1,3.0,0.5714285714285714,16.7,0.0,1.3333333333333333,-0.5,1.5238095238095237,0.0,1.7142857142857142,0.2857142857142857,-0.6,0.16666666666666666,-0.25,0.8571428571428571,-0.3333333333333333,-0.42857142857142855,-0.3333333333333333,0.0,-0.2857142857142857,14.5,0.2857142857142857,0.14285714285714285,-0.2857142857142857,0.0,10.416666666666666,0.0,-0.2857142857142857,1.4285714285714286,8.181818181818182,0.42857142857142855,-0.3333333333333333,-0.3333333333333333,-0.16666666666666666,5.7272727272727275,1.7777777777777777,-0.3333333333333333,0.3333333333333333,0.6666666666666666,-0.32,-0.3333333333333333,-0.16666666666666666,7.666666666666667,-0.16666666666666666,-0.42857142857142855,1.352112676056338,0.16666666666666666,0.6666666666666666,1.5
44,-0.42857142857142855,0.5,-0.42857142857142855,1.1666666666666667,0.6666666666666666,0.19047619047619047,0.8571428571428571,0.0,0.0,2.857142857142857,-0.42857142857142855,-0.16666666666666666,0.0,-0.5,-0.16666666666666666,-0.14285714285714285,1.2857142857142858,3.5,-0.2857142857142857,6.311111111111111,-0.42857142857142855,-0.14285714285714285,0.8333333333333334,-0.3333333333333333,17.4,-0.3333333333333333,-0.3333333333333333,-0.08984375,-0.5,0.7142857142857143,0.2857142857142857,1.8333333333333333,-0.4,0.3333333333333333,-0.14285714285714285,0.24,4.0,0.0,-0.5,-0.16666666666666666,-0.3333333333333333,-0.02912621359223301,0.5714285714285714,1.7142857142857142,-0.5,0.6666666666666666,0.5714285714285714,0.0,0.0,-0.6,1.0,-0.3,4.0,-0.2857142857142857,11.3,-0.35555555555555557,0.5,-0.5,0.19047619047619047,0.0,0.7142857142857143,-0.42857142857142855,0.0,0.3333333333333333,0.75,0.2857142857142857,2.1666666666666665,-0.42857142857142855,1.5,0.0,0.0,5.5,0.0,1.5714285714285714,2.2857142857142856,0.0,7.416666666666667,-0.16666666666666666,-0.2857142857142857,0.14285714285714285,14.818181818181818,2.4285714285714284,-0.16666666666666666,-0.16666666666666666,0.5,16.90909090909091,-0.3333333333333333,-0.3333333333333333,0.5,-0.3333333333333333,-0.48,2.3333333333333335,0.5,8.666666666666666,-0.3333333333333333,-0.42857142857142855,2.0657276995305165,-0.5,0.16666666666666666,-0.3333333333333333
45,-0.42857142857142855,-0.5,0.5714285714285714,1.1666666666666667,-0.16666666666666666,-0.5714285714285714,0.42857142857142855,2.0,0.0,-0.2857142857142857,-0.2857142857142857,-0.5,-0.3333333333333333,1.5,1.1666666666666667,1.4285714285714286,-0.2857142857142857,0.3333333333333333,1.2857142857142858,14.844444444444445,-0.42857142857142855,0.0,-0.16666666666666666,0.5,19.8,-0.5,-0.16666666666666666,-0.08203125,-0.16666666666666666,0.8571428571428571,-0.2857142857142857,0.16666666666666666,0.6,4.5,0.42857142857142855,0.32,0.16,0.25,-0.16666666666666666,-0.3333333333333333,-0.5,-0.009708737864077669,1.0,0.14285714285714285,0.0,-0.16666666666666666,2.5714285714285716,2.8333333333333335,2.6666666666666665,0.0,-0.3333333333333333,-0.3,0.0,-0.42857142857142855,11.5,-0.17777777777777778,-0.16666666666666666,0.16666666666666666,-0.19047619047619047,-0.14285714285714285,0.0,1.1428571428571428,2.4,0.0,1.125,1.7142857142857142,0.6666666666666666,-0.42857142857142855,0.16666666666666666,-0.3333333333333333,1.1428571428571428,11.833333333333334,0.0,-0.2857142857142857,0.0,-0.16666666666666666,8.333333333333334,-0.3333333333333333,0.0,0.2857142857142857,14.727272727272727,1.0,2.8333333333333335,0.0,1.5,11.454545454545455,-0.1111111111111111,-0.3333333333333333,-0.16666666666666666,0.0,-0.48,2.5,-0.5,5.583333333333333,-0.3333333333333333,0.14285714285714285,2.215962441314554,0.6666666666666666,0.16666666666666666,0.3333333333333333
46,2.142857142857143,-0.5,1.8571428571428572,-0.3333333333333333,-0.5,0.19047619047619047,-0.2857142857142857,2.2,1.0,-0.42857142857142855,-0.42857142857142855,-0.3333333333333333,-0.16666666666666666,-0.5,-0.5,0.0,-0.2857142857142857,0.0,1.5714285714285714,13.066666666666666,0.2857142857142857,-0.42857142857142855,0.8333333333333334,-0.3333333333333333,19.0,0.5,-0.5,-0.05078125,0.16666666666666666,0.42857142857142855,0.42857142857142855,-0.16666666666666666,1.0,0.5,0.14285714285714285,-0.08,-0.32,-0.25,1.1666666666666667,0.8333333333333334,0.6666666666666666,-0.06796116504854369,2.142857142857143,-0.42857142857142855,2.1666666666666665,0.16666666666666666,-0.14285714285714285,-0.16666666666666666,-0.3333333333333333,4.6,-0.16666666666666666,-0.1,0.0,-0.14285714285714285,7.6,-0.26666666666666666,-0.3333333333333333,-0.5,-0.5714285714285714,2.857142857142857,0.8571428571428571,0.7142857142857143,0.6,-0.16666666666666666,2.625,0.0,0.16666666666666666,1.1428571428571428,-0.16666666666666666,-0.3333333333333333,-0.2857142857142857,7.083333333333333,0.0,1.7142857142857142,0.0,0.3333333333333333,11.333333333333334,-0.3333333333333333,0.5714285714285714,2.857142857142857,9.272727272727273,3.0,-0.3333333333333333,-0.3333333333333333,0.0,7.7272727272727275,0.0,2.1666666666666665,0.6666666666666666,0.1111111111111111,0.32,-0.3333333333333333,2.3333333333333335,6.25,-0.16666666666666666,1.1428571428571428,1.4460093896713615,-0.3333333333333333,-0.3333333333333333,3.0
47,0.0,1.5,0.7142857142857143,-0.16666666666666666,0.5,0.19047619047619047,0.0,-0.4,-0.3333333333333333,0.2857142857142857,-0.2857142857142857,2.1666666666666665,-0.16666666666666666,-0.3333333333333333,-0.16666666666666666,-0.2857142857142857,0.5714285714285714,2.1666666666666665,-0.2857142857142857,14.666666666666666,0.7142857142857143,-0.2857142857142857,0.5,-0.3333333333333333,11.6,-0.5,-0.5,-0.05859375,0.16666666666666666,-0.14285714285714285,0.42857142857142855,0.0,0.0,1.5,-0.14285714285714285,0.08,0.16,0.5,0.8333333333333334,-0.3333333333333333,-0.3333333333333333,0.08737864077669903,0.42857142857142855,-0.2857142857142857,0.8333333333333334,-0.3333333333333333,-0.42857142857142855,0.16666666666666666,-0.3333333333333333,0.4,1.3333333333333333,0.7,-0.6,0.0,20.3,2.4,-0.3333333333333333,0.8333333333333334,2.0952380952380953,1.1428571428571428,0.14285714285714285,-0.14285714285714285,-0.4,-0.5,-0.25,0.0,-0.3333333333333333,-0.42857142857142855,0.0,1.1666666666666667,0.14285714285714285,7.666666666666667,1.2857142857142858,-0.14285714285714285,2.142857142857143,0.16666666666666666,9.083333333333334,-0.16666666666666666,0.0,1.1428571428571428,11.272727272727273,-0.2857142857142857,-0.3333333333333333,-0.3333333333333333,-0.3333333333333333,7.2727272727272725,-0.3333333333333333,0.16666666666666666,-0.16666666666666666,-0.3333333333333333,1.12,0.16666666666666666,1.1666666666666667,15.833333333333334,1.1666666666666667,-0.2857142857142857,3.5492957746478875,-0.5,-0.3333333333333333,-0.16666666666666666
48,0.14285714285714285,-0.5,0.14285714285714285,3.5,1.0,-0.38095238095238093,-0.42857142857142855,-0.2,0.16666666666666666,-0.42857142857142855,-0.2857142857142857,0.6666666666666666,-0.16666666666666666,1.3333333333333333,0.16666666666666666,-0.14285714285714285,-0.2857142857142857,-0.3333333333333333,1.8571428571428572,13.688888888888888,0.0,0.7142857142857143,-0.16666666666666666,1.0,12.6,0.16666666666666666,0.3333333333333333,-0.07421875,0.5,0.0,0.8571428571428571,-0.5,1.2,-0.5,0.7142857142857143,-0.2,-0.32,0.875,-0.5,4.0,0.3333333333333333,-0.04854368932038835,-0.2857142857142857,-0.42857142857142855,-0.5,-0.3333333333333333,-0.42857142857142855,-0.16666666666666666,-0.3333333333333333,-0.4,1.5,0.0,0.8,0.14285714285714285,10.8,0.4444444444444444,-0.16666666666666666,2.5,-0.38095238095238093,1.2857142857142858,1.4285714285714286,-0.14285714285714285,-0.4,-0.3333333333333333,0.875,-0.2857142857142857,0.0,0.42857142857142855,0.0,-0.3333333333333333,-0.2857142857142857,16.583333333333332,0.0,-0.2857142857142857,-0.2857142857142857,-0.3333333333333333,10.583333333333334,-0.3333333333333333,0.0,1.0,6.7272727272727275,-0.2857142857142857,4.0,-0.16666666666666666,1.8333333333333333,9.818181818181818,1.4444444444444444,0.0,-0.16666666666666666,-0.2222222222222222,-0.32,0.16666666666666666,3.5,7.583333333333333,0.16666666666666666,0.2857142857142857,2.384976525821596,-0.5,2.8333333333333335,0.3333333333333333
49,-0.42857142857142855,0.8333333333333334,0.8571428571428571,-0.3333333333333333,-0.16666666666666666,-0.5714285714285714,0.14285714285714285,-0.4,-0.16666666666666666,0.2857142857142857,-0.2857142857142857,-0.5,-0.3333333333333333,-0.3333333333333333,-0.3333333333333333,0.42857142857142855,0.14285714285714285,0.16666666666666666,-0.2857142857142857,10.4,-0.42857142857142855,2.7142857142857144,-0.16666666666666666,0.5,10.1,-0.5,-0.3333333333333333,-0.08984375,-0.5,1.1428571428571428,1.5714285714285714,0.0,2.0,-0.5,1.0,0.0,-0.16,0.375,-0.5,0.0,0.16666666666666666,-0.038834951456310676,0.0,0.2857142857142857,3.1666666666666665,-0.16666666666666666,0.5714285714285714,1.1666666666666667,2.0,1.8,-0.3333333333333333,-0.3,-0.2,-0.2857142857142857,17.9,0.17777777777777778,0.5,1.1666666666666667,-0.38095238095238093,0.5714285714285714,-0.2857142857142857,2.4285714285714284,-0.6,1.0,-0.375,-0.14285714285714285,0.16666666666666666,-0.42857142857142855,-0.16666666666666666,2.0,0.14285714285714285,16.25,-0.14285714285714285,-0.2857142857142857,-0.14285714285714285,-0.3333333333333333,13.416666666666666,-0.16666666666666666,2.4285714285714284,0.2857142857142857,15.0,-0.2857142857142857,-0.3333333333333333,1.6666666666666667,3.3333333333333335,9.454545454545455,0.4444444444444444,-0.3333333333333333,-0.5,-0.3333333333333333,-0.48,-0.3333333333333333,-0.5,8.833333333333334,0.5,-0.42857142857142855,3.136150234741784,-0.5,0.8333333333333334,0.3333333333333333
50,-0.42857142857142855,0.5,-0.2857142857142857,-0.3333333333333333,0.8333333333333334,0.38095238095238093,-0.2857142857142857,-0.4,-0.3333333333333333,0.14285714285714285,0.14285714285714285,-0.5,-0.16666666666666666,0.16666666666666666,-0.5,0.2857142857142857,-0.2857142857142857,-0.16666666666666666,0.8571428571428571,12.977777777777778,0.0,-0.2857142857142857,-0.16666666666666666,0.8333333333333334,15.5,-0.5,-0.5,-0.08984375,0.0,-0.2857142857142857,-0.14285714285714285,0.8333333333333334,-0.2,0.16666666666666666,-0.2857142857142857,-0.2,-0.32,-0.25,-0.5,-0.3333333333333333,0.0,0.05825242718446602,0.14285714285714285,0.42857142857142855,-0.3333333333333333,1.1666666666666667,-0.14285714285714285,0.16666666666666666,-0.16666666666666666,-0.4,0.5,-0.3,0.0,2.4285714285714284,11.3,1.0666666666666667,-0.3333333333333333,-0.5,0.5714285714285714,-0.2857142857142857,0.14285714285714285,3.0,4.2,-0.5,0.375,0.8571428571428571,1.0,2.857142857142857,1.8333333333333333,-0.5,-0.2857142857142857,7.416666666666667,2.2857142857142856,0.2857142857142857,0.2857142857142857,0.0,15.583333333333334,-0.16666666666666666,0.5714285714285714,-0.42857142857142855,10.818181818181818,1.5714285714285714,1.0,0.5,-0.3333333333333333,9.181818181818182,2.2222222222222223,0.0,2.8333333333333335,-0.3333333333333333,0.32,2.3333333333333335,-0.5,7.25,-0.16666666666666666,0.14285714285714285,2.591549295774648,-0.3333333333333333,-0.3333333333333333,-0.3333333333333333
51,-0.42857142857142855,-0.16666666666666666,-0.14285714285714285,-0.3333333333333333,-0.5,1.1428571428571428,-0.42857142857142855,0.0,0.0,0.42857142857142855,0.42857142857142855,0.0,0.8333333333333334,0.0,-0.3333333333333333,0.0,0.0,0.16666666666666666,0.5714285714285714,9.333333333333334,0.2857142857142857,0.14285714285714285,1.5,-0.16666666666666666,18.8,1.3333333333333333,-0.3333333333333333,-0.08203125,-0.5,0.14285714285714285,-0.14285714285714285,-0.5,-0.4,0.0,0.0,-0.16,0.0,0.0,-0.5,0.8333333333333334,-0.5,-0.06796116504854369,1.2857142857142858,0.0,-0.16666666666666666,0.16666666666666666,-0.42857142857142855,0.6666666666666666,-0.16666666666666666,-0.4,0.3333333333333333,1.2,-0.4,-0.42857142857142855,11.7,-0.17777777777777778,-0.16666666666666666,0.8333333333333334,0.38095238095238093,0.14285714285714285,-0.2857142857142857,-0.42857142857142855,-0.6,-0.5,-0.375,1.2857142857142858,-0.16666666666666666,-0.42857142857142855,0.6666666666666666,-0.5,-0.2857142857142857,16.25,0.5714285714285714,-0.14285714285714285,-0.14285714285714285,-0.16666666666666666,7.833333333333333,0.16666666666666666,-0.2857142857142857,-0.42857142857142855,10.636363636363637,-0.2857142857142857,-0.3333333333333333,-0.3333333333333333,0.0,7.545454545454546,0.4444444444444444,-0.3333333333333333,-0.5,1.0,-0.48,0.0,-0.5,13.583333333333334,0.3333333333333333,0.14285714285714285,2.460093896713615,-0.3333333333333333,1.8333333333333333,-0.16666666666666666
52,0.14285714285714285,5.666666666666667,0.0,0.16666666666666666,-0.5,-0.5714285714285714,-0.42857142857142855,1.0,1.3333333333333333,-0.42857142857142855,1.2857142857142858,-0.16666666666666666,-0.3333333333333333,0.16666666666666666,-0.3333333333333333,-0.42857142857142855,-0.2857142857142857,0.8333333333333334,-0.14285714285714285,13.955555555555556,-0.2857142857142857,-0.14285714285714285,0.16666666666666666,0.16666666666666666,13.8,0.6666666666666666,-0.5,-0.05859375,-0.16666666666666666,-0.42857142857142855,0.42857142857142855,3.0,-0.6,-0.5,-0.14285714285714285,-0.2,1.28,1.75,1.8333333333333333,0.16666666666666666,-0.5,-0.038834951456310676,2.4285714285714284,-0.42857142857142855,0.0,0.8333333333333334,-0.42857142857142855,-0.16666666666666666,3.0,-0.6,-0.3333333333333333,2.5,2.2,-0.42857142857142855,16.7,0.35555555555555557,1.6666666666666667,1.5,-0.38095238095238093,0.0,-0.42857142857142855,0.2857142857142857,0.6,-0.16666666666666666,-0.375,1.8571428571428572,0.0,0.14285714285714285,0.16666666666666666,0.16666666666666666,-0.2857142857142857,8.083333333333334,0.2857142857142857,1.4285714285714286,-0.2857142857142857,1.3333333333333333,6.583333333333333,0.0,0.8571428571428571,1.1428571428571428,13.454545454545455,-0.2857142857142857,0.5,0.8333333333333334,-0.3333333333333333,10.454545454545455,-0.3333333333333333,6.666666666666667,0.6666666666666666,0.1111111111111111,1.92,4.333333333333333,0.0,6.083333333333333,-0.3333333333333333,0.5714285714285714,1.84037558685446,2.5,-0.3333333333333333,-0.3333333333333333
53,-0.2857142857142857,-0.16666666666666666,0.7142857142857143,-0.16666666666666666,1.3333333333333333,-0.5714285714285714,-0.2857142857142857,0.8,2.0,1.5714285714285714,0.8571428571428571,1.3333333333333333,-0.16666666666666666,1.3333333333333333,-0.5,0.42857142857142855,-0.2857142857142857,0.16666666666666666,-0.14285714285714285,17.866666666666667,-0.42857142857142855,-0.42857142857142855,-0.16666666666666666,-0.16666666666666666,17.2,1.8333333333333333,-0.5,-0.01171875,-0.5,5.714285714285714,0.0,0.0,0.0,-0.5,1.7142857142857142,0.2,0.64,0.625,-0.5,0.16666666666666666,-0.3333333333333333,-0.04854368932038835,-0.14285714285714285,0.0,0.16666666666666666,0.3333333333333333,-0.2857142857142857,0.5,1.1666666666666667,3.0,2.1666666666666665,-0.3,0.0,0.0,12.9,-0.26666666666666666,2.0,-0.5,0.19047619047619047,0.0,-0.42857142857142855,0.0,-0.4,0.0,0.0,-0.14285714285714285,-0.16666666666666666,0.0,-0.3333333333333333,-0.16666666666666666,-0.2857142857142857,15.166666666666666,-0.2857142857142857,-0.2857142857142857,0.42857142857142855,1.8333333333333333,15.833333333333334,-0.5,0.42857142857142855,-0.42857142857142855,10.454545454545455,0.2857142857142857,4.0,-0.3333333333333333,0.6666666666666666,12.454545454545455,0.0,-0.16666666666666666,-0.5,0.1111111111111111,0.48,0.3333333333333333,-0.16666666666666666,10.0,0.3333333333333333,0.14285714285714285,3.248826291079812,-0.16666666666666666,1.0,1.1666666666666667
54,0.14285714285714285,-0.5,-0.42857142857142855,-0.16666666666666666,-0.5,-0.19047619047619047,-0.42857142857142855,0.0,-0.16666666666666666,-0.2857142857142857,-0.2857142857142857,1.8333333333333333,0.8333333333333334,-0.3333333333333333,0.8333333333333334,1.8571428571428572,-0.14285714285714285,-0.16666666666666666,-0.2857142857142857,18.31111111111111,-0.42857142857142855,-0.14285714285714285,0.3333333333333333,-0.16666666666666666,9.1,2.0,0.5,-0.05859375,-0.5,0.0,-0.2857142857142857,1.6666666666666667,1.0,0.6666666666666666,-0.2857142857142857,-0.16,2.24,1.125,0.0,-0.3333333333333333,1.1666666666666667,0.21359223300970873,0.42857142857142855,-0.14285714285714285,0.6666666666666666,1.0,0.7142857142857143,0.16666666666666666,-0.16666666666666666,1.4,-0.3333333333333333,-0.3,0.6,-0.2857142857142857,7.7,-0.35555555555555557,1.6666666666666667,-0.3333333333333333,0.19047619047619047,-0.2857142857142857,-0.42857142857142855,0.14285714285714285,1.2,0.5,-0.375,3.857142857142857,3.5,-0.2857142857142857,0.5,-0.3333333333333333,0.0,10.583333333333334,-0.2857142857142857,-0.2857142857142857,1.4285714285714286,-0.16666666666666666,16.0,0.5,-0.2857142857142857,-0.42857142857142855,13.818181818181818,0.2857142857142857,-0.3333333333333333,0.5,-0.16666666666666666,9.454545454545455,1.0,0.6666666666666666,-0.5,0.7777777777777778,-0.32,0.3333333333333333,0.3333333333333333,6.916666666666667,0.0,-0.42857142857142855,2.8544600938967135,0.0,0.16666666666666666,-0.16666666666666666
55,0.14285714285714285,0.16666666666666666,-0.2857142857142857,0.0,-0.3333333333333333,-0.38095238095238093,0.14285714285714285,0.0,0.0,-0.42857142857142855,0.2857142857142857,-0.16666666666666666,0.16666666666666666,0.16666666666666666,-0.3333333333333333,0.7142857142857143,0.2857142857142857,-0.3333333333333333,0.0,10.666666666666666,-0.2857142857142857,-0.2857142857142857,0.3333333333333333,0.5,7.4,3.0,-0.5,-0.07421875,-0.5,-0.42857142857142855,-0.2857142857142857,0.5,4.0,2.1666666666666665,-0.2857142857142857,-0.16,0.48,0.0,-0.3333333333333333,0.0,-0.5,-0.06796116504854369,0.42857142857142855,-0.14285714285714285,0.3333333333333333,-0.16666666666666666,0.0,2.3333333333333335,-0.3333333333333333,-0.4,1.0,0.8,4.2,0.2857142857142857,13.2,-0.26666666666666666,-0.3333333333333333,-0.3333333333333333,-0.5714285714285714,-0.2857142857142857,-0.2857142857142857,0.42857142857142855,-0.6,0.5,-0.375,-0.14285714285714285,-0.3333333333333333,-0.42857142857142855,2.5,0.3333333333333333,0.0,15.083333333333334,0.0,2.5714285714285716,-0.42857142857142855,0.8333333333333334,5.916666666666667,4.666666666666667,-0.2857142857142857,-0.2857142857142857,8.909090909090908,1.1428571428571428,1.1666666666666667,0.3333333333333333,0.5,18.363636363636363,-0.2222222222222222,-0.16666666666666666,1.3333333333333333,0.5555555555555556,2.4,0.8333333333333334,0.5,5.666666666666667,0.8333333333333334,-0.14285714285714285,1.9530516431924883,-0.3333333333333333,-0.3333333333333333,0.0
56,0.8571428571428571,0.16666666666666666,-0.2857142857142857,0.5,-0.5,0.0,0.14285714285714285,-0.4,-0.3333333333333333,-0.42857142857142855,-0.42857142857142855,-0.5,-0.3333333333333333,-0.5,-0.5,-0.42857142857142855,0.2857142857142857,1.6666666666666667,-0.2857142857142857,13.244444444444444,-0.42857142857142855,-0.42857142857142855,0.16666666666666666,-0.3333333333333333,11.1,-0.5,-0.5,-0.08984375,0.6666666666666666,-0.42857142857142855,2.5714285714285716,-0.5,-0.6,1.5,0.0,0.04,-0.32,0.0,-0.5,0.3333333333333333,1.5,-0.02912621359223301,1.1428571428571428,0.14285714285714285,0.3333333333333333,1.3333333333333333,1.5714285714285714,-0.5,-0.3333333333333333,1.0,-0.16666666666666666,-0.3,-0.4,-0.42857142857142855,18.9,1.511111111111111,-0.16666666666666666,-0.3333333333333333,0.19047619047619047,-0.2857142857142857,1.8571428571428572,0.7142857142857143,0.6,0.16666666666666666,0.125,0.42857142857142855,0.5,3.7142857142857144,0.6666666666666666,-0.3333333333333333,1.2857142857142858,7.166666666666667,-0.14285714285714285,0.2857142857142857,0.5714285714285714,-0.3333333333333333,11.666666666666666,-0.5,-0.2857142857142857,-0.2857142857142857,16.90909090909091,-0.14285714285714285,4.833333333333333,0.5,-0.16666666666666666,13.181818181818182,2.0,0.3333333333333333,-0.5,-0.3333333333333333,-0.48,-0.16666666666666666,0.16666666666666666,14.583333333333334,-0.16666666666666666,2.0,3.492957746478873,0.6666666666666666,-0.3333333333333333,1.3333333333333333
57,-0.42857142857142855,0.6666666666666666,1.5714285714285714,2.0,1.6666666666666667,0.9523809523809523,1.4285714285714286,-0.4,-0.3333333333333333,0.14285714285714285,-0.2857142857142857,-0.16666666666666666,0.0,2.3333333333333335,1.3333333333333333,0.5714285714285714,0.5714285714285714,2.6666666666666665,-0.14285714285714285,7.288888888888889,0.2857142857142857,0.0,0.5,0.8333333333333334,12.8,0.6666666666666666,-0.16666666666666666,-0.08203125,-0.3333333333333333,-0.42857142857142855,-0.2857142857142857,0.5,0.0,0.6666666666666666,2.0,-0.2,-0.16,0.5,0.0,-0.3333333333333333,0.0,-0.05825242718446602,-0.2857142857142857,0.0,0.8333333333333334,-0.3333333333333333,0.0,-0.16666666666666666,-0.3333333333333333,-0.4,0.8333333333333334,0.7,-0.4,0.0,17.9,-0.35555555555555557,0.5,1.3333333333333333,0.5714285714285714,3.5714285714285716,0.2857142857142857,-0.14285714285714285,0.0,1.6666666666666667,1.0,0.2857142857142857,0.8333333333333334,0.42857142857142855,0.0,1.3333333333333333,-0.2857142857142857,5.25,-0.2857142857142857,-0.14285714285714285,-0.42857142857142855,-0.3333333333333333,9.166666666666666,0.0,1.4285714285714286,0.7142857142857143,11.818181818181818,0.0,-0.3333333333333333,-0.16666666666666666,1.0,9.363636363636363,0.6666666666666666,-0.16666666666666666,1.1666666666666667,-0.1111111111111111,0.16,6.0,-0.3333333333333333,13.166666666666666,0.0,-0.42857142857142855,1.7089201877934272,-0.5,0.8333333333333334,-0.3333333333333333
58,4.0,-0.5,0.2857142857142857,0.0,-0.5,0.19047619047619047,-0.14285714285714285,-0.4,-0.3333333333333333,-0.42857142857142855,-0.2857142857142857,2.0,2.1666666666666665,2.3333333333333335,1.8333333333333333,1.0,1.0,-0.3333333333333333,-0.2857142857142857,15.555555555555555,0.42857142857142855,-0.2857142857142857,-0.3333333333333333,-0.16666666666666666,10.7,-0.5,0.16666666666666666,-0.08203125,1.0,0.2857142857142857,-0.14285714285714285,0.0,-0.4,1.1666666666666667,-0.2857142857142857,-0.2,-0.32,1.25,0.8333333333333334,0.3333333333333333,-0.16666666666666666,-0.04854368932038835,-0.2857142857142857,-0.2857142857142857,-0.3333333333333333,1.6666666666666667,0.0,-0.5,-0.3333333333333333,-0.2,0.16666666666666666,-0.3,5.0,0.0,16.3,-0.35555555555555557,0.5,-0.5,0.38095238095238093,0.42857142857142855,-0.42857142857142855,-0.2857142857142857,2.4,1.8333333333333333,0.125,0.42857142857142855,-0.16666666666666666,0.42857142857142855,-0.16666666666666666,2.1666666666666665,-0.14285714285714285,14.166666666666666,-0.2857142857142857,2.0,-0.42857142857142855,0.0,6.333333333333333,-0.3333333333333333,0.42857142857142855,1.5714285714285714,15.909090909090908,0.14285714285714285,0.0,-0.16666666666666666,-0.3333333333333333,15.090909090909092,-0.2222222222222222,-0.3333333333333333,0.8333333333333334,0.7777777777777778,0.96,0.3333333333333333,-0.16666666666666666,6.75,0.5,0.14285714285714285,1.2582159624413145,-0.5,0.0,0.5
59,-0.2857142857142857,-0.3333333333333333,-0.42857142857142855,0.6666666666666666,-0.5,0.5714285714285714,3.0,0.2,-0.3333333333333333,-0.42857142857142855,0.0,2.1666666666666665,-0.3333333333333333,-0.3333333333333333,0.0,-0.42857142857142855,0.42857142857142855,-0.16666666666666666,0.7142857142857143,8.177777777777777,2.5714285714285716,0.2857142857142857,2.6666666666666665,-0.3333333333333333,10.7,1.8333333333333333,-0.5,-0.08203125,0.5,1.5714285714285714,0.7142857142857143,-0.16666666666666666,-0.2,2.8333333333333335,-0.2857142857142857,-0.16,-0.32,0.0,0.16666666666666666,-0.16666666666666666,-0.5,-0.05825242718446602,1.5714285714285714,-0.42857142857142855,0.0,1.8333333333333333,-0.14285714285714285,-0.5,2.3333333333333335,0.4,-0.16666666666666666,0.1,-0.6,-0.14285714285714285,9.3,-0.17777777777777778,-0.3333333333333333,2.5,-0.38095238095238093,-0.14285714285714285,-0.2857142857142857,0.0,0.2,-0.5,0.75,0.5714285714285714,0.16666666666666666,-0.42857142857142855,2.8333333333333335,-0.3333333333333333,0.42857142857142855,13.416666666666666,-0.2857142857142857,-0.14285714285714285,0.0,-0.16666666666666666,7.0,0.6666666666666666,0.42857142857142855,0.0,7.909090909090909,0.5714285714285714,0.5,0.16666666666666666,0.3333333333333333,7.181818181818182,-0.2222222222222222,-0.3333333333333333,-0.3333333333333333,0.5555555555555556,0.16,-0.3333333333333333,-0.5,6.916666666666667,-0.3333333333333333,1.2857142857142858,3.492957746478873,-0.16666666666666666,-0.3333333333333333,-0.16666666666666666
60,-0.42857142857142855,-0.3333333333333333,-0.42857142857142855,1.0,-0.3333333333333333,-0.5714285714285714,-0.2857142857142857,0.0,0.8333333333333334,0.14285714285714285,-0.14285714285714285,-0.5,0.8333333333333334,1.5,-0.5,-0.14285714285714285,0.0,-0.16666666666666666,-0.14285714285714285,16.711111111111112,-0.2857142857142857,0.5714285714285714,0.0,-0.16666666666666666,13.2,0.0,0.5,-0.08203125,-0.5,-0.42857142857142855,1.0,0.0,3.0,-0.3333333333333333,1.4285714285714286,-0.2,-0.16,-0.25,-0.3333333333333333,0.6666666666666666,-0.5,0.05825242718446602,-0.2857142857142857,-0.2857142857142857,0.3333333333333333,0.3333333333333333,-0.2857142857142857,-0.5,0.0,-0.6,0.0,-0.2,0.8,0.8571428571428571,12.7,0.0,0.5,1.3333333333333333,1.1428571428571428,0.8571428571428571,-0.42857142857142855,2.5714285714285716,-0.4,3.5,-0.25,-0.14285714285714285,0.6666666666666666,-0.42857142857142855,-0.16666666666666666,-0.16666666666666666,-0.2857142857142857,7.916666666666667,0.42857142857142855,0.8571428571428571,0.14285714285714285,0.3333333333333333,15.166666666666666,1.3333333333333333,1.2857142857142858,-0.42857142857142855,16.181818181818183,0.5714285714285714,0.6666666666666666,0.6666666666666666,4.166666666666667,13.181818181818182,0.4444444444444444,0.16666666666666666,-0.5,-0.1111111111111111,-0.16,0.0,-0.5,14.083333333333334,0.0,1.1428571428571428,1.7089201877934272,1.6666666666666667,0.0,0.3333333333333333
61,0.0,-0.16666666666666666,-0.42857142857142855,0.3333333333333333,-0.16666666666666666,0.38095238095238093,-0.42857142857142855,0.2,-0.16666666666666666,-0.14285714285714285,0.0,-0.16666666666666666,0.6666666666666666,-0.16666666666666666,1.8333333333333333,1.8571428571428572,0.14285714285714285,0.16666666666666666,1.5714285714285714,13.422222222222222,0.0,0.2857142857142857,0.8333333333333334,-0.16666666666666666,20.8,0.8333333333333334,1.1666666666666667,-0.08984375,-0.5,0.42857142857142855,-0.14285714285714285,-0.5,0.0,0.16666666666666666,0.0,0.44,3.04,-0.125,2.0,-0.3333333333333333,0.3333333333333333,-0.05825242718446602,-0.2857142857142857,1.5714285714285714,0.3333333333333333,0.0,-0.42857142857142855,1.8333333333333333,0.0,-0.6,-0.3333333333333333,-0.3,-0.6,-0.42857142857142855,9.3,1.1555555555555554,-0.3333333333333333,-0.16666666666666666,2.2857142857142856,0.14285714285714285,1.5714285714285714,0.14285714285714285,3.2,-0.5,-0.375,1.4285714285714286,-0.16666666666666666,0.8571428571428571,-0.16666666666666666,-0.16666666666666666,0.0,10.583333333333334,0.8571428571428571,0.2857142857142857,-0.42857142857142855,0.16666666666666666,8.0,0.0,0.2857142857142857,0.0,13.454545454545455,-0.2857142857142857,0.0,2.8333333333333335,-0.16666666666666666,15.363636363636363,0.8888888888888888,-0.16666666666666666,-0.5,0.0,-0.48,-0.16666666666666666,-0.5,7.916666666666667,-0.16666666666666666,-0.2857142857142857,3.3615023474178405,-0.5,0.6666666666666666,0.0
62,-0.14285714285714285,0.16666666666666666,-0.2857142857142857,0.3333333333333333,0.6666666666666666,-0.38095238095238093,-0.14285714285714285,-0.2,1.1666666666666667,0.2857142857142857,0.2857142857142857,0.16666666666666666,0.0,0.3333333333333333,-0.16666666666666666,0.5714285714285714,0.7142857142857143,-0.16666666666666666,0.2857142857142857,9.866666666666667,-0.14285714285714285,0.0,0.8333333333333334,-0.16666666666666666,7.6,-0.3333333333333333,-0.3333333333333333,-0.07421875,1.6666666666666667,0.8571428571428571,1.0,-0.5,1.0,-0.5,-0.2857142857142857,-0.08,0.96,2.0,0.3333333333333333,-0.16666666666666666,0.6666666666666666,-0.06796116504854369,1.4285714285714286,1.5714285714285714,0.16666666666666666,-0.3333333333333333,0.42857142857142855,-0.5,-0.16666666666666666,-0.6,0.16666666666666666,-0.3,2.8,-0.14285714285714285,6.6,-0.26666666666666666,0.6666666666666666,3.1666666666666665,-0.38095238095238093,0.2857142857142857,-0.14285714285714285,-0.42857142857142855,-0.6,-0.3333333333333333,1.125,0.0,1.6666666666666667,1.1428571428571428,-0.16666666666666666,-0.16666666666666666,-0.2857142857142857,6.166666666666667,1.8571428571428572,2.7142857142857144,1.7142857142857142,0.16666666666666666,10.5,-0.16666666666666666,2.142857142857143,2.4285714285714284,16.90909090909091,-0.2857142857142857,0.0,1.5,-0.3333333333333333,6.363636363636363,-0.3333333333333333,-0.3333333333333333,-0.3333333333333333,-0.3333333333333333,-0.32,-0.3333333333333333,0.16666666666666666,8.166666666666666,0.0,0.0,2.3661971830985915,-0.3333333333333333,-0.16666666666666666,0.5
63,-0.42857142857142855,-0.5,-0.2857142857142857,-0.3333333333333333,-0.5,2.857142857142857,0.42857142857142855,-0.2,-0.3333333333333333,-0.2857142857142857,-0.14285714285714285,1.0,1.1666666666666667,0.5,0.6666666666666666,0.0,1.1428571428571428,-0.16666666666666666,0.42857142857142855,12.355555555555556,-0.42857142857142855,0.2857142857142857,-0.16666666666666666,1.0,10.1,-0.16666666666666666,1.5,-0.08984375,1.6666666666666667,-0.42857142857142855,1.0,-0.5,0.0,-0.5,-0.14285714285714285,-0.16,-0.32,0.375,-0.16666666666666666,-0.3333333333333333,-0.3333333333333333,-0.04854368932038835,0.0,-0.42857142857142855,-0.3333333333333333,-0.3333333333333333,-0.42857142857142855,0.3333333333333333,1.1666666666666667,-0.6,-0.16666666666666666,2.4,-0.4,-0.14285714285714285,6.5,0.8,0.0,-0.3333333333333333,-0.5714285714285714,0.0,0.2857142857142857,0.0,-0.6,-0.3333333333333333,0.875,1.1428571428571428,0.6666666666666666,0.5714285714285714,-0.3333333333333333,1.0,0.2857142857142857,12.166666666666666,0.8571428571428571,-0.14285714285714285,0.14285714285714285,0.0,5.666666666666667,1.0,0.14285714285714285,0.14285714285714285,11.636363636363637,0.42857142857142855,1.1666666666666667,-0.3333333333333333,1.0,11.363636363636363,-0.3333333333333333,0.3333333333333333,0.6666666666666666,-0.3333333333333333,-0.48,0.5,0.16666666666666666,16.416666666666668,-0.3333333333333333,-0.42857142857142855,3.07981220657277,1.0,-0.3333333333333333,0.0
64,0.0,0.6666666666666666,0.42857142857142855,1.1666666666666667,0.0,0.19047619047619047,0.0,-0.4,-0.3333333333333333,0.14285714285714285,-0.42857142857142855,-0.5,0.0,3.3333333333333335,0.0,-0.2857142857142857,-0.14285714285714285,-0.16666666666666666,-0.2857142857142857,8.8,-0.42857142857142855,1.2857142857142858,-0.3333333333333333,2.1666666666666665,17.8,-0.5,1.3333333333333333,-0.08984375,0.0,0.5714285714285714,1.8571428571428572,2.3333333333333335,-0.6,0.0,-0.2857142857142857,0.28,1.28,-0.25,0.3333333333333333,-0.3333333333333333,0.5,0.009708737864077669,0.0,5.285714285714286,0.0,-0.3333333333333333,-0.42857142857142855,0.0,-0.3333333333333333,-0.4,-0.3333333333333333,-0.3,-0.6,0.7142857142857143,8.5,-0.35555555555555557,0.8333333333333334,-0.3333333333333333,-0.38095238095238093,-0.2857142857142857,-0.2857142857142857,0.5714285714285714,1.4,0.8333333333333334,-0.125,1.1428571428571428,0.16666666666666666,-0.14285714285714285,0.5,0.0,-0.14285714285714285,6.75,1.4285714285714286,1.7142857142857142,0.5714285714285714,0.0,15.5,-0.5,3.7142857142857144,0.8571428571428571,15.818181818181818,0.0,1.3333333333333333,0.0,0.5,16.454545454545453,0.0,0.16666666666666666,7.0,-0.1111111111111111,0.64,1.3333333333333333,-0.16666666666666666,14.333333333333334,-0.16666666666666666,-0.42857142857142855,1.352112676056338,-0.5,0.0,-0.3333333333333333
65,-0.42857142857142855,-0.3333333333333333,0.14285714285714285,0.16666666666666666,0.3333333333333333,0.0,0.7142857142857143,-0.2,-0.3333333333333333,-0.14285714285714285,-0.42857142857142855,0.0,0.16666666666666666,1.5,0.16666666666666666,0.0,1.0,1.0,0.42857142857142855,8.088888888888889,0.5714285714285714,-0.14285714285714285,1.8333333333333333,-0.16666666666666666,10.1,0.3333333333333333,3.8333333333333335,-0.05859375,-0.5,-0.42857142857142855,0.0,0.0,1.2,0.5,1.7142857142857142,1.08,0.48,0.0,1.3333333333333333,-0.3333333333333333,-0.5,-0.06796116504854369,-0.2857142857142857,-0.2857142857142857,1.5,-0.16666666666666666,-0.2857142857142857,-0.5,-0.3333333333333333,-0.6,0.0,0.2,-0.6,-0.2857142857142857,11.7,-0.17777777777777778,0.3333333333333333,-0.16666666666666666,0.9523809523809523,-0.2857142857142857,-0.2857142857142857,0.5714285714285714,0.0,1.3333333333333333,-0.375,2.2857142857142856,0.16666666666666666,-0.42857142857142855,0.16666666666666666,-0.5,-0.2857142857142857,8.916666666666666,0.42857142857142855,0.0,0.14285714285714285,-0.3333333333333333,8.0,0.5,-0.14285714285714285,-0.42857142857142855,16.363636363636363,1.8571428571428572,-0.3333333333333333,0.6666666666666666,1.0,17.181818181818183,-0.3333333333333333,-0.3333333333333333,0.8333333333333334,0.2222222222222222,1.92,0.3333333333333333,-0.3333333333333333,8.75,0.16666666666666666,0.0,2.3661971830985915,-0.3333333333333333,1.0,0.5
66,0.0,-0.5,-0.42857142857142855,-0.3333333333333333,0.3333333333333333,0.9523809523809523,1.8571428571428572,-0.4,6.166666666666667,0.8571428571428571,-0.42857142857142855,1.8333333333333333,-0.16666666666666666,-0.5,-0.5,0.2857142857142857,0.2857142857142857,-0.16666666666666666,0.5714285714285714,13.866666666666667,0.0,2.0,-0.3333333333333333,-0.3333333333333333,8.1,-0.5,0.3333333333333333,-0.07421875,-0.5,-0.2857142857142857,0.14285714285714285,0.8333333333333334,-0.4,0.5,1.1428571428571428,-0.2,0.16,0.75,-0.5,0.6666666666666666,2.0,-0.04854368932038835,-0.2857142857142857,-0.2857142857142857,-0.3333333333333333,0.0,0.7142857142857143,-0.5,-0.3333333333333333,-0.4,3.3333333333333335,-0.3,0.2,-0.42857142857142855,8.9,0.6222222222222222,2.0,2.3333333333333335,-0.38095238095238093,1.5714285714285714,-0.42857142857142855,0.14285714285714285,0.8,-0.3333333333333333,-0.125,0.2857142857142857,-0.16666666666666666,0.0,2.1666666666666665,-0.5,-0.14285714285714285,9.5,-0.14285714285714285,0.14285714285714285,-0.14285714285714285,-0.3333333333333333,5.416666666666667,1.8333333333333333,-0.2857142857142857,-0.42857142857142855,7.2727272727272725,-0.14285714285714285,-0.3333333333333333,2.6666666666666665,0.5,12.0,1.6666666666666667,-0.16666666666666666,0.0,0.1111111111111111,-0.48,0.16666666666666666,-0.3333333333333333,15.833333333333334,1.0,-0.14285714285714285,3.6056338028169015,0.5,-0.3333333333333333,0.16666666666666666
67,-0.42857142857142855,0.3333333333333333,0.7142857142857143,1.5,-0.3333333333333333,1.1428571428571428,-0.42857142857142855,0.4,-0.3333333333333333,0.2857142857142857,0.42857142857142855,0.0,-0.16666666666666666,-0.5,1.6666666666666667,0.8571428571428571,0.42857142857142855,-0.3333333333333333,0.8571428571428571,12.977777777777778,1.7142857142857142,0.14285714285714285,-0.16666666666666666,3.5,8.0,2.5,2.5,-0.06640625,-0.16666666666666666,2.2857142857142856,0.2857142857142857,-0.16666666666666666,-0.6,1.6666666666666667,-0.2857142857142857,0.28,-0.16,-0.25,-0.5,-0.3333333333333333,-0.5,0.009708737864077669,1.2857142857142858,2.4285714285714284,-0.3333333333333333,-0.16666666666666666,-0.42857142857142855,1.1666666666666667,0.8333333333333334,0.8,-0.16666666666666666,0.7,0.8,0.42857142857142855,17.8,0.0,0.0,-0.5,0.0,2.2857142857142856,-0.2857142857142857,0.5714285714285714,0.0,0.0,-0.125,0.42857142857142855,-0.3333333333333333,1.5714285714285714,0.3333333333333333,0.3333333333333333,1.1428571428571428,7.0,0.7142857142857143,-0.2857142857142857,0.5714285714285714,-0.16666666666666666,11.416666666666666,0.0,0.8571428571428571,-0.2857142857142857,6.0,0.14285714285714285,0.0,0.5,-0.16666666666666666,11.363636363636363,0.3333333333333333,1.1666666666666667,2.6666666666666665,-0.1111111111111111,-0.16,-0.16666666666666666,-0.3333333333333333,11.0,0.8333333333333334,-0.14285714285714285,2.816901408450704,0.3333333333333333,0.3333333333333333,1.6666666666666667
68,-0.42857142857142855,-0.16666666666666666,-0.42857142857142855,1.0,1.0,0.38095238095238093,0.14285714285714285,-0.4,1.1666666666666667,0.5714285714285714,1.1428571428571428,0.0,-0.3333333333333333,0.3333333333333333,0.16666666666666666,-0.42857142857142855,0.42857142857142855,-0.3333333333333333,0.42857142857142855,6.311111111111111,3.4285714285714284,1.1428571428571428,0.8333333333333334,-0.3333333333333333,10.9,0.6666666666666666,-0.3333333333333333,-0.01171875,-0.5,0.7142857142857143,0.14285714285714285,2.0,0.0,1.0,-0.14285714285714285,-0.2,4.48,2.375,3.1666666666666665,-0.3333333333333333,0.16666666666666666,-0.038834951456310676,0.2857142857142857,0.5714285714285714,0.6666666666666666,0.6666666666666666,-0.42857142857142855,3.0,1.1666666666666667,-0.4,4.0,-0.3,0.2,-0.2857142857142857,7.9,0.35555555555555557,-0.3333333333333333,0.5,0.9523809523809523,-0.2857142857142857,0.0,-0.42857142857142855,-0.6,0.0,0.375,0.0,-0.16666666666666666,1.5714285714285714,-0.16666666666666666,-0.3333333333333333,-0.2857142857142857,17.416666666666668,-0.2857142857142857,-0.2857142857142857,0.2857142857142857,2.6666666666666665,10.5,0.6666666666666666,1.5714285714285714,0.0,16.181818181818183,0.7142857142857143,-0.3333333333333333,-0.3333333333333333,1.6666666666666667,14.818181818181818,0.1111111111111111,-0.16666666666666666,1.3333333333333333,-0.3333333333333333,-0.48,0.16666666666666666,-0.5,6.083333333333333,0.16666666666666666,0.2857142857142857,2.2347417840375585,-0.3333333333333333,3.3333333333333335,1.5
69,-0.42857142857142855,2.1666666666666665,0.42857142857142855,2.1666666666666665,1.0,0.9523809523809523,-0.2857142857142857,0.0,0.0,-0.42857142857142855,2.142857142857143,-0.5,0.0,1.6666666666666667,1.6666666666666667,0.14285714285714285,-0.14285714285714285,-0.3333333333333333,0.7142857142857143,12.177777777777777,0.14285714285714285,0.2857142857142857,0.16666666666666666,-0.3333333333333333,17.4,4.166666666666667,4.0,-0.08984375,-0.16666666666666666,0.42857142857142855,-0.2857142857142857,-0.5,-0.4,-0.3333333333333333,0.42857142857142855,-0.2,0.16,0.75,1.0,0.6666666666666666,-0.5,-0.04854368932038835,0.0,-0.42857142857142855,1.0,0.5,-0.42857142857142855,0.16666666666666666,-0.3333333333333333,5.2,-0.3333333333333333,2.1,0.2,-0.42857142857142855,12.9,-0.35555555555555557,0.16666666666666666,-0.5,-0.19047619047619047,0.0,0.5714285714285714,-0.42857142857142855,-0.4,0.3333333333333333,2.5,1.2857142857142858,-0.3333333333333333,2.5714285714285716,0.5,-0.5,-0.2857142857142857,14.083333333333334,-0.14285714285714285,-0.2857142857142857,-0.42857142857142855,0.5,7.0,-0.3333333333333333,2.5714285714285716,-0.42857142857142855,13.181818181818182,0.0,0.8333333333333334,-0.16666666666666666,-0.16666666666666666,11.181818181818182,-0.3333333333333333,0.16666666666666666,-0.3333333333333333,-0.1111111111111111,0.16,0.0,0.5,14.75,1.3333333333333333,-0.42857142857142855,2.4413145539906105,-0.3333333333333333,0.0,-0.16666666666666666
70,-0.2857142857142857,0.0,-0.14285714285714285,0.6666666666666666,-0.3333333333333333,-0.5714285714285714,0.14285714285714285,3.0,-0.3333333333333333,0.14285714285714285,1.2857142857142858,-0.3333333333333333,1.0,-0.5,0.16666666666666666,0.0,0.2857142857142857,0.16666666666666666,-0.14285714285714285,5.688888888888889,-0.2857142857142857,-0.42857142857142855,1.0,0.5,8.0,-0.5,-0.16666666666666666,-0.08984375,-0.5,1.0,0.42857142857142855,-0.5,1.0,0.16666666666666666,-0.2857142857142857,0.0,0.32,0.125,-0.3333333333333333,1.0,1.1666666666666667,-0.06796116504854369,0.2857142857142857,0.42857142857142855,3.6666666666666665,0.16666666666666666,0.7142857142857143,3.3333333333333335,0.16666666666666666,-0.6,2.0,0.7,-0.6,0.42857142857142855,16.0,-0.08888888888888889,2.1666666666666665,-0.16666666666666666,-0.19047619047619047,-0.2857142857142857,0.0,0.7142857142857143,0.2,0.16666666666666666,0.125,-0.14285714285714285,-0.3333333333333333,1.1428571428571428,-0.16666666666666666,-0.5,2.857142857142857,10.583333333333334,0.0,0.14285714285714285,-0.2857142857142857,0.0,6.166666666666667,0.6666666666666666,-0.14285714285714285,0.14285714285714285,11.454545454545455,0.0,-0.3333333333333333,-0.3333333333333333,0.5,6.181818181818182,-0.1111111111111111,0.16666666666666666,-0.3333333333333333,-0.2222222222222222,3.36,1.8333333333333333,-0.5,6.833333333333333,0.8333333333333334,0.42857142857142855,2.591549295774648,-0.16666666666666666,-0.16666666666666666,-0.16666666666666666
71,1.5714285714285714,-0.3333333333333333,1.1428571428571428,-0.3333333333333333,-0.3333333333333333,0.0,0.0,0.6,-0.3333333333333333,-0.42857142857142855,-0.42857142857142855,2.8333333333333335,0.0,-0.5,-0.16666666666666666,1.2857142857142858,0.0,-0.3333333333333333,0.14285714285714285,5.6,1.1428571428571428,0.7142857142857143,0.0,0.8333333333333334,8.1,-0.3333333333333333,5.5,0.00390625,-0.5,2.5714285714285716,1.4285714285714286,1.0,-0.6,-0.16666666666666666,0.0,0.68,0.8,-0.125,-0.5,-0.3333333333333333,-0.5,-0.05825242718446602,-0.14285714285714285,2.142857142857143,-0.16666666666666666,-0.3333333333333333,-0.42857142857142855,-0.16666666666666666,-0.3333333333333333,0.4,-0.3333333333333333,0.2,2.2,-0.42857142857142855,13.3,-0.08888888888888889,-0.3333333333333333,2.5,-0.5714285714285714,0.42857142857142855,-0.2857142857142857,-0.42857142857142855,-0.6,-0.3333333333333333,0.5,0.5714285714285714,-0.16666666666666666,1.5714285714285714,3.3333333333333335,-0.5,-0.2857142857142857,7.333333333333333,-0.2857142857142857,-0.14285714285714285,-0.42857142857142855,-0.16666666666666666,9.75,0.16666666666666666,-0.2857142857142857,0.2857142857142857,9.363636363636363,0.0,0.3333333333333333,-0.3333333333333333,0.0,6.454545454545454,0.2222222222222222,0.5,-0.5,-0.2222222222222222,0.16,-0.3333333333333333,-0.5,11.583333333333334,-0.3333333333333333,-0.42857142857142855,2.1220657276995305,-0.5,-0.3333333333333333,0.16666666666666666
72,0.14285714285714285,-0.5,-0.14285714285714285,0.6666666666666666,2.0,-0.38095238095238093,0.7142857142857143,0.4,1.3333333333333333,-0.2857142857142857,-0.42857142857142855,0.8333333333333334,0.3333333333333333,1.3333333333333333,-0.3333333333333333,-0.42857142857142855,-0.2857142857142857,-0.16666666666666666,-0.2857142857142857,16.355555555555554,0.0,0.7142857142857143,0.0,-0.3333333333333333,18.4,-0.16666666666666666,0.0,-0.08984375,-0.5,-0.42857142857142855,-0.2857142857142857,-0.3333333333333333,0.4,1.1666666666666667,0.42857142857142855,-0.2,0.8,-0.25,-0.16666666666666666,-0.3333333333333333,-0.16666666666666666,-0.019417475728155338,2.2857142857142856,0.2857142857142857,-0.5,-0.3333333333333333,0.14285714285714285,0.5,0.0,-0.6,-0.3333333333333333,0.1,1.4,0.14285714285714285,19.8,0.0,-0.3333333333333333,0.5,-0.19047619047619047,-0.14285714285714285,-0.42857142857142855,-0.42857142857142855,-0.4,0.0,-0.125,-0.2857142857142857,1.3333333333333333,-0.14285714285714285,-0.3333333333333333,0.3333333333333333,1.0,8.333333333333334,0.7142857142857143,0.2857142857142857,0.0,-0.16666666666666666,15.666666666666666,1.3333333333333333,-0.2857142857142857,0.5714285714285714,10.090909090909092,0.2857142857142857,0.0,-0.3333333333333333,-0.3333333333333333,18.545454545454547,-0.1111111111111111,0.16666666666666666,-0.5,0.8888888888888888,0.0,2.6666666666666665,1.3333333333333333,6.916666666666667,-0.16666666666666666,0.0,2.403755868544601,-0.5,-0.3333333333333333,0.16666666666666666
73,0.7142857142857143,-0.16666666666666666,-0.42857142857142855,0.16666666666666666,1.0,0.5714285714285714,-0.2857142857142857,0.8,-0.3333333333333333,0.5714285714285714,-0.42857142857142855,1.5,-0.3333333333333333,-0.16666666666666666,0.8333333333333334,-0.2857142857142857,4.857142857142857,0.0,2.142857142857143,9.422222222222222,-0.42857142857142855,-0.42857142857142855,1.0,2.5,13.0,-0.5,0.0,-0.08984375,0.3333333333333333,-0.14285714285714285,1.5714285714285714,-0.3333333333333333,0.0,1.1666666666666667,0.14285714285714285,0.0,0.0,-0.25,-0.5,2.1666666666666665,-0.5,-0.019417475728155338,0.42857142857142855,-0.14285714285714285,0.0,0.0,1.2857142857142858,1.1666666666666667,-0.3333333333333333,-0.6,0.16666666666666666,-0.3,0.2,0.0,7.2,-0.17777777777777778,-0.16666666666666666,-0.16666666666666666,-0.5714285714285714,0.8571428571428571,-0.2857142857142857,1.8571428571428572,0.4,0.0,-0.375,-0.2857142857142857,0.0,0.8571428571428571,0.0,-0.5,0.0,15.0,0.14285714285714285,0.0,-0.14285714285714285,-0.16666666666666666,6.916666666666667,1.1666666666666667,0.0,-0.42857142857142855,11.909090909090908,-0.2857142857142857,-0.3333333333333333,-0.16666666666666666,-0.16666666666666666,14.636363636363637,-0.2222222222222222,-0.3333333333333333,2.5,-0.3333333333333333,0.0,1.6666666666666667,-0.16666666666666666,5.5,0.16666666666666666,-0.2857142857142857,3.1549295774647885,0.16666666666666666,-0.3333333333333333,0.8333333333333334
74,0.7142857142857143,1.1666666666666667,0.8571428571428571,1.5,0.5,-0.5714285714285714,-0.42857142857142855,-0.2,-0.3333333333333333,5.0,-0.42857142857142855,-0.5,0.0,0.8333333333333334,-0.5,-0.42857142857142855,0.0,-0.16666666666666666,0.2857142857142857,11.377777777777778,-0.2857142857142857,0.5714285714285714,-0.3333333333333333,0.3333333333333333,14.4,-0.5,-0.5,-0.05859375,3.6666666666666665,-0.42857142857142855,-0.2857142857142857,1.1666666666666667,0.2,0.5,0.42857142857142855,0.52,2.4,0.5,-0.3333333333333333,-0.3333333333333333,0.5,-0.038834951456310676,-0.2857142857142857,-0.14285714285714285,0.5,0.8333333333333334,-0.42857142857142855,-0.5,1.5,-0.4,-0.3333333333333333,-0.3,-0.4,0.2857142857142857,16.0,0.5333333333333333,-0.3333333333333333,-0.3333333333333333,-0.19047619047619047,-0.2857142857142857,2.4285714285714284,-0.42857142857142855,-0.6,-0.3333333333333333,-0.375,0.42857142857142855,-0.3333333333333333,-0.42857142857142855,0.0,-0.16666666666666666,0.5714285714285714,13.333333333333334,0.7142857142857143,0.2857142857142857,0.42857142857142855,0.0,14.25,0.0,1.4285714285714286,-0.2857142857142857,12.909090909090908,0.8571428571428571,-0.3333333333333333,0.5,0.8333333333333334,6.636363636363637,-0.1111111111111111,0.8333333333333334,0.6666666666666666,0.5555555555555556,-0.48,-0.16666666666666666,1.1666666666666667,6.916666666666667,0.6666666666666666,-0.14285714285714285,3.3615023474178405,0.6666666666666666,2.5,0.3333333333333333
75,-0.14285714285714285,0.5,-0.2857142857142857,-0.3333333333333333,0.5,0.0,0.14285714285714285,-0.2,0.3333333333333333,-0.2857142857142857,-0.42857142857142855,2.1666666666666665,0.5,1.1666666666666667,0.0,-0.42857142857142855,0.14285714285714285,-0.3333333333333333,2.142857142857143,5.866666666666666,0.2857142857142857,1.7142857142857142,-0.3333333333333333,-0.3333333333333333,6.4,-0.3333333333333333,2.3333333333333335,-0.08984375,0.3333333333333333,-0.42857142857142855,-0.2857142857142857,0.0,1.2,-0.3333333333333333,-0.14285714285714285,-0.16,0.96,1.0,-0.3333333333333333,0.16666666666666666,-0.5,-0.038834951456310676,2.5714285714285716,-0.42857142857142855,1.1666666666666667,1.1666666666666667,-0.2857142857142857,-0.3333333333333333,-0.3333333333333333,-0.4,0.0,-0.1,-0.6,-0.2857142857142857,15.0,-0.08888888888888889,0.16666666666666666,1.0,-0.5714285714285714,1.0,0.14285714285714285,0.0,-0.4,0.6666666666666666,0.25,-0.2857142857142857,0.5,-0.14285714285714285,-0.16666666666666666,0.0,0.0,11.0,2.5714285714285716,5.0,1.0,0.6666666666666666,5.75,-0.16666666666666666,0.7142857142857143,0.0,10.727272727272727,0.0,2.1666666666666665,1.5,0.0,16.454545454545453,-0.2222222222222222,-0.16666666666666666,-0.5,0.1111111111111111,-0.32,0.8333333333333334,0.16666666666666666,8.833333333333334,1.8333333333333333,1.8571428571428572,2.291079812206573,0.8333333333333334,0.0,-0.16666666666666666
76,0.5714285714285714,0.16666666666666666,0.7142857142857143,-0.3333333333333333,3.5,-0.5714285714285714,0.14285714285714285,-0.2,0.6666666666666666,0.5714285714285714,0.2857142857142857,4.166666666666667,0.0,3.8333333333333335,-0.16666666666666666,-0.42857142857142855,0.14285714285714285,-0.3333333333333333,0.2857142857142857,12.355555555555556,-0.2857142857142857,5.428571428571429,0.6666666666666666,0.16666666666666666,19.8,0.5,0.0,-0.08203125,1.0,2.142857142857143,2.4285714285714284,0.16666666666666666,2.0,-0.16666666666666666,-0.2857142857142857,-0.12,-0.16,1.125,0.0,-0.3333333333333333,4.0,-0.04854368932038835,0.0,-0.2857142857142857,0.5,0.3333333333333333,0.42857142857142855,-0.3333333333333333,-0.3333333333333333,-0.6,-0.3333333333333333,0.0,-0.6,-0.42857142857142855,9.1,-0.35555555555555557,0.0,-0.5,-0.5714285714285714,1.0,-0.42857142857142855,-0.14285714285714285,0.4,-0.16666666666666666,0.25,-0.2857142857142857,-0.3333333333333333,-0.14285714285714285,4.0,-0.16666666666666666,2.0,8.416666666666666,0.2857142857142857,-0.14285714285714285,-0.14285714285714285,0.8333333333333334,5.583333333333333,-0.5,-0.14285714285714285,0.0,20.636363636363637,1.0,-0.16666666666666666,-0.3333333333333333,-0.3333333333333333,6.7272727272727275,1.6666666666666667,0.8333333333333334,0.6666666666666666,-0.3333333333333333,-0.48,0.0,3.1666666666666665,13.166666666666666,0.16666666666666666,-0.2857142857142857,3.5305164319248825,2.5,1.0,1.3333333333333333
77,0.0,0.16666666666666666,-0.42857142857142855,0.6666666666666666,3.6666666666666665,-0.38095238095238093,0.14285714285714285,-0.4,-0.16666666666666666,0.2857142857142857,-0.14285714285714285,3.5,0.8333333333333334,-0.5,-0.5,-0.42857142857142855,-0.2857142857142857,-0.16666666666666666,0.42857142857142855,17.6,0.0,2.7142857142857144,0.6666666666666666,-0.16666666666666666,10.2,-0.5,-0.5,-0.06640625,0.5,-0.14285714285714285,-0.2857142857142857,0.0,-0.6,0.3333333333333333,1.8571428571428572,-0.16,0.0,0.625,-0.3333333333333333,0.8333333333333334,0.16666666666666666,-0.06796116504854369,-0.14285714285714285,0.42857142857142855,1.0,0.6666666666666666,2.7142857142857144,-0.5,-0.16666666666666666,2.2,-0.16666666666666666,-0.3,0.4,0.7142857142857143,14.4,0.08888888888888889,1.1666666666666667,-0.3333333333333333,0.7619047619047619,-0.2857142857142857,-0.14285714285714285,0.0,0.2,0.8333333333333334,1.0,-0.2857142857142857,-0.16666666666666666,0.8571428571428571,-0.3333333333333333,-0.5,-0.2857142857142857,10.083333333333334,0.0,-0.14285714285714285,1.1428571428571428,0.16666666666666666,6.166666666666667,0.6666666666666666,-0.2857142857142857,-0.42857142857142855,18.545454545454547,0.0,1.1666666666666667,0.8333333333333334,0.0,11.272727272727273,0.0,0.3333333333333333,0.8333333333333334,-0.3333333333333333,-0.16,-0.3333333333333333,0.3333333333333333,6.166666666666667,4.5,-0.2857142857142857,3.511737089201878,2.3333333333333335,0.0,-0.3333333333333333
78,0.2857142857142857,1.3333333333333333,-0.42857142857142855,0.8333333333333334,-0.3333333333333333,-0.19047619047619047,-0.2857142857142857,0.0,-0.16666666666666666,0.0,0.0,-0.5,-0.3333333333333333,0.5,-0.3333333333333333,0.8571428571428571,-0.2857142857142857,1.3333333333333333,0.14285714285714285,7.644444444444445,0.0,-0.14285714285714285,-0.3333333333333333,-0.3333333333333333,11.4,-0.3333333333333333,-0.3333333333333333,-0.08984375,0.3333333333333333,-0.2857142857142857,-0.2857142857142857,-0.5,-0.4,0.5,0.7142857142857143,-0.12,-0.16,-0.125,-0.16666666666666666,-0.3333333333333333,0.8333333333333334,0.13592233009708737,0.5714285714285714,0.0,0.0,0.5,1.1428571428571428,2.5,2.3333333333333335,0.4,-0.3333333333333333,0.5,-0.4,-0.42857142857142855,9.4,0.17777777777777778,0.5,-0.3333333333333333,-0.5714285714285714,0.0,1.7142857142857142,0.7142857142857143,0.2,0.5,0.75,0.42857142857142855,-0.3333333333333333,0.14285714285714285,0.16666666666666666,-0.16666666666666666,1.2857142857142858,13.666666666666666,1.1428571428571428,-0.2857142857142857,-0.42857142857142855,0.6666666666666666,8.583333333333334,-0.16666666666666666,0.42857142857142855,-0.42857142857142855,11.272727272727273,2.7142857142857144,-0.3333333333333333,-0.16666666666666666,-0.3333333333333333,7.454545454545454,0.1111111111111111,-0.3333333333333333,2.6666666666666665,0.1111111111111111,-0.48,0.0,0.5,6.833333333333333,-0.16666666666666666,0.7142857142857143,3.0422535211267605,-0.3333333333333333,-0.16666666666666666,-0.3333333333333333
79,-0.42857142857142855,-0.5,-0.42857142857142855,0.16666666666666666,-0.3333333333333333,-0.5714285714285714,-0.42857142857142855,3.0,-0.16666666666666666,0.5714285714285714,-0.14285714285714285,0.16666666666666666,0.3333333333333333,-0.3333333333333333,0.5,2.4285714285714284,0.42857142857142855,0.0,-0.14285714285714285,6.4,-0.42857142857142855,-0.42857142857142855,0.16666666666666666,0.0,13.2,-0.5,-0.5,0.02734375,0.8333333333333334,0.42857142857142855,-0.2857142857142857,-0.16666666666666666,-0.6,-0.3333333333333333,-0.2857142857142857,-0.2,2.72,0.0,0.16666666666666666,-0.16666666666666666,1.1666666666666667,0.18446601941747573,-0.2857142857142857,0.0,-0.5,0.16666666666666666,0.8571428571428571,0.0,0.8333333333333334,-0.4,2.6666666666666665,0.0,2.4,-0.42857142857142855,6.8,-0.08888888888888889,-0.3333333333333333,-0.5,-0.5714285714285714,-0.2857142857142857,1.0,0.14285714285714285,0.2,1.8333333333333333,0.25,2.0,-0.3333333333333333,-0.14285714285714285,1.1666666666666667,0.3333333333333333,0.42857142857142855,16.333333333333332,1.2857142857142858,-0.2857142857142857,0.7142857142857143,-0.3333333333333333,15.25,0.0,0.7142857142857143,0.14285714285714285,12.909090909090908,-0.2857142857142857,0.16666666666666666,1.1666666666666667,-0.3333333333333333,13.818181818181818,0.0,2.3333333333333335,0.3333333333333333,-0.1111111111111111,0.8,-0.16666666666666666,-0.5,6.833333333333333,0.16666666666666666,0.0,3.6056338028169015,-0.5,-0.3333333333333333,0.0
80,-0.42857142857142855,-0.5,0.42857142857142855,-0.3333333333333333,-0.5,-0.5714285714285714,-0.14285714285714285,-0.2,1.0,-0.42857142857142855,-0.2857142857142857,0.5,-0.3333333333333333,-0.5,0.16666666666666666,-0.2857142857142857,-0.14285714285714285,1.8333333333333333,-0.2857142857142857,16.266666666666666,1.7142857142857142,-0.14285714285714285,-0.16666666666666666,0.6666666666666666,16.8,0.0,1.1666666666666667,-0.02734375,-0.5,-0.14285714285714285,-0.2857142857142857,0.6666666666666666,-0.6,-0.3333333333333333,0.5714285714285714,0.28,0.32,-0.25,-0.3333333333333333,-0.3333333333333333,3.3333333333333335,0.08737864077669903,0.8571428571428571,0.14285714285714285,-0.5,-0.16666666666666666,0.42857142857142855,-0.3333333333333333,-0.3333333333333333,0.4,0.3333333333333333,0.1,0.2,1.0,13.6,0.26666666666666666,1.3333333333333333,1.3333333333333333,0.38095238095238093,1.5714285714285714,0.14285714285714285,0.2857142857142857,-0.6,0.6666666666666666,-0.25,0.7142857142857143,-0.3333333333333333,1.4285714285714286,1.1666666666666667,-0.5,0.7142857142857143,8.75,1.1428571428571428,0.0,-0.42857142857142855,-0.3333333333333333,7.083333333333333,0.16666666666666666,-0.2857142857142857,0.0,5.818181818181818,0.14285714285714285,-0.3333333333333333,0.16666666666666666,-0.3333333333333333,12.0,0.0,0.6666666666666666,-0.5,0.1111111111111111,-0.48,0.3333333333333333,0.0,14.416666666666666,-0.3333333333333333,0.14285714285714285,1.295774647887324,-0.16666666666666666,-0.3333333333333333,2.5
81,-0.42857142857142855,-0.5,0.14285714285714285,1.1666666666666667,-0.16666666666666666,2.2857142857142856,0.14285714285714285,0.6,0.6666666666666666,0.5714285714285714,-0.42857142857142855,2.1666666666666665,0.5,-0.5,-0.16666666666666666,0.7142857142857143,-0.2857142857142857,0.0,-0.14285714285714285,11.28888888888889,3.5714285714285716,0.5714285714285714,0.3333333333333333,3.3333333333333335,13.9,5.166666666666667,-0.5,-0.03515625,-0.5,0.14285714285714285,2.2857142857142856,3.1666666666666665,-0.6,0.0,-0.14285714285714285,-0.16,2.4,0.125,-0.16666666666666666,0.6666666666666666,0.3333333333333333,-0.06796116504854369,-0.2857142857142857,1.4285714285714286,1.1666666666666667,2.3333333333333335,0.0,0.8333333333333334,0.16666666666666666,-0.6,0.0,2.0,0.2,0.5714285714285714,17.2,0.4444444444444444,0.0,-0.5,1.7142857142857142,-0.2857142857142857,0.14285714285714285,3.0,-0.6,0.8333333333333334,2.125,0.7142857142857143,-0.16666666666666666,0.14285714285714285,0.0,-0.16666666666666666,0.0,11.916666666666666,0.8571428571428571,1.2857142857142858,-0.42857142857142855,-0.16666666666666666,10.75,-0.5,2.4285714285714284,0.7142857142857143,10.0,-0.14285714285714285,-0.3333333333333333,2.0,0.5,16.181818181818183,-0.3333333333333333,1.8333333333333333,0.6666666666666666,0.2222222222222222,0.16,0.3333333333333333,0.16666666666666666,7.166666666666667,0.8333333333333334,-0.42857142857142855,1.2206572769953052,-0.16666666666666666,0.3333333333333333,-0.3333333333333333
82,1.2857142857142858,0.16666666666666666,-0.2857142857142857,-0.16666666666666666,-0.5,-0.5714285714285714,0.8571428571428571,1.0,0.8333333333333334,-0.42857142857142855,-0.14285714285714285,-0.5,-0.16666666666666666,2.6666666666666665,0.8333333333333334,-0.42857142857142855,-0.2857142857142857,-0.3333333333333333,-0.14285714285714285,16.177777777777777,1.2857142857142858,0.5714285714285714,-0.3333333333333333,0.16666666666666666,14.4,-0.3333333333333333,1.1666666666666667,-0.07421875,-0.5,0.14285714285714285,0.14285714285714285,0.8333333333333334,0.4,-0.16666666666666666,-0.2857142857142857,0.64,-0.32,1.625,-0.5,-0.3333333333333333,-0.3333333333333333,-0.06796116504854369,-0.2857142857142857,0.8571428571428571,0.0,0.0,2.5714285714285716,0.5,0.6666666666666666,0.0,0.3333333333333333,-0.3,1.4,0.0,17.3,0.17777777777777778,0.16666666666666666,1.5,-0.38095238095238093,0.0,-0.2857142857142857,0.14285714285714285,-0.6,0.0,0.375,-0.2857142857142857,0.8333333333333334,0.2857142857142857,1.0,-0.5,0.0,7.666666666666667,0.0,-0.2857142857142857,0.7142857142857143,-0.16666666666666666,6.25,0.16666666666666666,-0.14285714285714285,2.7142857142857144,17.90909090909091,0.5714285714285714,-0.3333333333333333,0.8333333333333334,-0.3333333333333333,13.0,0.6666666666666666,0.6666666666666666,-0.16666666666666666,-0.3333333333333333,0.96,-0.3333333333333333,-0.3333333333333333,13.5,0.16666666666666666,-0.42857142857142855,1.8215962441314555,-0.5,2.5,1.8333333333333333
83,3.5714285714285716,3.0,0.0,-0.3333333333333333,-0.5,-0.5714285714285714,2.2857142857142856,-0.4,-0.16666666666666666,-0.2857142857142857,-0.14285714285714285,-0.3333333333333333,-0.16666666666666666,-0.5,0.0,1.5714285714285714,0.0,0.16666666666666666,0.0,6.488888888888889,-0.42857142857142855,-0.42857142857142855,3.1666666666666665,-0.3333333333333333,20.0,0.16666666666666666,0.0,-0.07421875,-0.5,-0.42857142857142855,1.2857142857142858,0.3333333333333333,0.0,-0.5,-0.2857142857142857,-0.2,2.4,0.125,0.16666666666666666,0.16666666666666666,0.6666666666666666,-0.04854368932038835,0.0,0.5714285714285714,-0.16666666666666666,2.0,0.0,4.166666666666667,0.0,0.2,2.1666666666666665,-0.3,1.2,-0.42857142857142855,15.4,-0.17777777777777778,0.16666666666666666,1.6666666666666667,0.7619047619047619,-0.14285714285714285,-0.2857142857142857,5.714285714285714,-0.4,-0.5,-0.375,-0.2857142857142857,0.3333333333333333,-0.2857142857142857,-0.16666666666666666,-0.3333333333333333,-0.2857142857142857,13.666666666666666,0.14285714285714285,0.42857142857142855,0.14285714285714285,-0.3333333333333333,6.25,-0.5,-0.2857142857142857,-0.14285714285714285,16.636363636363637,-0.2857142857142857,-0.16666666666666666,2.6666666666666665,-0.3333333333333333,12.636363636363637,0.6666666666666666,1.5,-0.3333333333333333,0.1111111111111111,0.64,0.0,-0.5,14.083333333333334,-0.3333333333333333,0.14285714285714285,2.215962441314554,1.3333333333333333,-0.3333333333333333,-0.16666666666666666
84,0.5714285714285714,-0.5,1.5714285714285714,-0.3333333333333333,-0.16666666666666666,-0.5714285714285714,0.0,4.8,1.8333333333333333,-0.42857142857142855,0.0,-0.5,0.6666666666666666,3.8333333333333335,-0.5,-0.42857142857142855,-0.2857142857142857,-0.3333333333333333,0.2857142857142857,10.044444444444444,1.4285714285714286,-0.2857142857142857,-0.3333333333333333,-0.3333333333333333,14.0,0.16666666666666666,1.1666666666666667,-0.03515625,0.6666666666666666,2.7142857142857144,-0.2857142857142857,0.3333333333333333,2.6,-0.3333333333333333,0.0,-0.12,1.6,0.75,-0.16666666666666666,-0.16666666666666666,-0.16666666666666666,-0.02912621359223301,-0.14285714285714285,-0.2857142857142857,-0.16666666666666666,-0.3333333333333333,1.0,-0.5,0.16666666666666666,-0.2,0.0,-0.3,-0.2,2.2857142857142856,17.3,-0.26666666666666666,-0.3333333333333333,-0.3333333333333333,0.5714285714285714,-0.2857142857142857,-0.42857142857142855,0.7142857142857143,2.0,-0.5,-0.375,-0.2857142857142857,0.8333333333333334,-0.42857142857142855,0.0,0.0,0.2857142857142857,12.0,-0.2857142857142857,0.42857142857142855,-0.14285714285714285,1.5,5.583333333333333,-0.5,-0.2857142857142857,-0.42857142857142855,17.181818181818183,-0.14285714285714285,3.5,0.8333333333333334,-0.16666666666666666,6.636363636363637,0.1111111111111111,-0.3333333333333333,0.0,-0.2222222222222222,-0.32,1.3333333333333333,0.16666666666666666,6.5,0.3333333333333333,-0.42857142857142855,2.8732394366197185,-0.3333333333333333,1.0,1.6666666666666667
85,1.4285714285714286,-0.5,3.857142857142857,0.3333333333333333,0.16666666666666666,0.38095238095238093,-0.42857142857142855,0.8,2.3333333333333335,-0.2857142857142857,0.14285714285714285,-0.3333333333333333,-0.16666666666666666,-0.5,-0.3333333333333333,0.5714285714285714,3.0,0.3333333333333333,-0.14285714285714285,11.28888888888889,-0.42857142857142855,-0.2857142857142857,0.3333333333333333,0.3333333333333333,14.1,-0.3333333333333333,-0.3333333333333333,0.03515625,0.3333333333333333,-0.2857142857142857,0.5714285714285714,0.16666666666666666,-0.6,0.16666666666666666,-0.2857142857142857,-0.12,-0.16,-0.25,-0.16666666666666666,-0.3333333333333333,-0.5,-0.06796116504854369,0.14285714285714285,1.4285714285714286,-0.5,1.3333333333333333,-0.42857142857142855,-0.5,0.3333333333333333,-0.6,0.3333333333333333,0.3,-0.6,-0.42857142857142855,15.6,-0.17777777777777778,-0.3333333333333333,0.16666666666666666,-0.38095238095238093,-0.2857142857142857,5.714285714285714,-0.42857142857142855,-0.6,0.3333333333333333,0.0,-0.2857142857142857,-0.3333333333333333,0.42857142857142855,0.0,0.16666666666666666,-0.14285714285714285,11.083333333333334,-0.14285714285714285,-0.14285714285714285,0.14285714285714285,0.0,9.166666666666666,0.3333333333333333,1.0,0.2857142857142857,17.454545454545453,-0.14285714285714285,-0.3333333333333333,-0.3333333333333333,-0.16666666666666666,12.090909090909092,0.0,7.5,0.3333333333333333,0.0,1.28,-0.3333333333333333,1.1666666666666667,15.083333333333334,0.16666666666666666,6.714285714285714,1.8967136150234742,-0.3333333333333333,0.3333333333333333,2.8333333333333335
86,-0.2857142857142857,-0.16666666666666666,-0.42857142857142855,3.3333333333333335,-0.5,0.38095238095238093,-0.42857142857142855,0.2,0.0,-0.2857142857142857,1.0,2.0,-0.3333333333333333,0.0,0.0,-0.2857142857142857,2.2857142857142856,0.8333333333333334,-0.2857142857142857,7.2,-0.42857142857142855,-0.42857142857142855,-0.16666666666666666,0.0,9.0,0.0,-0.5,-0.06640625,-0.3333333333333333,-0.42857142857142855,-0.2857142857142857,-0.5,0.4,0.3333333333333333,1.8571428571428572,-0.04,0.96,-0.25,0.16666666666666666,-0.16666666666666666,0.16666666666666666,-0.04854368932038835,1.8571428571428572,1.0,-0.5,-0.16666666666666666,-0.2857142857142857,3.0,-0.3333333333333333,1.2,-0.3333333333333333,-0.1,1.4,2.2857142857142856,20.2,0.17777777777777778,-0.3333333333333333,2.8333333333333335,0.5714285714285714,-0.14285714285714285,2.2857142857142856,-0.42857142857142855,-0.6,3.3333333333333335,-0.375,-0.2857142857142857,1.0,0.2857142857142857,0.3333333333333333,-0.5,2.4285714285714284,7.416666666666667,1.2857142857142858,-0.14285714285714285,-0.14285714285714285,0.0,6.75,-0.5,0.5714285714285714,-0.42857142857142855,13.090909090909092,-0.2857142857142857,-0.16666666666666666,1.1666666666666667,0.16666666666666666,8.454545454545455,-0.1111111111111111,2.0,0.0,0.1111111111111111,0.0,1.6666666666666667,0.0,15.75,0.3333333333333333,-0.2857142857142857,2.5539906103286385,-0.5,-0.16666666666666666,-0.3333333333333333
87,-0.14285714285714285,-0.3333333333333333,-0.42857142857142855,-0.16666666666666666,-0.16666666666666666,-0.19047619047619047,1.1428571428571428,0.6,0.8333333333333334,-0.2857142857142857,0.42857142857142855,-0.5,-0.16666666666666666,-0.3333333333333333,-0.5,-0.2857142857142857,1.4285714285714286,-0.3333333333333333,0.14285714285714285,16.177777777777777,1.4285714285714286,-0.42857142857142855,0.0,-0.3333333333333333,14.7,0.3333333333333333,-0.16666666666666666,-0.08984375,4.5,3.5714285714285716,0.0,1.0,-0.6,-0.5,-0.14285714285714285,0.04,0.0,1.0,1.6666666666666667,2.0,-0.5,-0.019417475728155338,-0.2857142857142857,4.142857142857143,1.8333333333333333,0.3333333333333333,-0.42857142857142855,-0.5,-0.3333333333333333,0.4,-0.16666666666666666,0.4,-0.4,-0.42857142857142855,14.9,-0.35555555555555557,0.3333333333333333,1.5,0.19047619047619047,1.8571428571428572,-0.2857142857142857,0.14285714285714285,0.4,1.3333333333333333,1.5,-0.14285714285714285,1.5,-0.42857142857142855,-0.3333333333333333,-0.5,0.2857142857142857,7.083333333333333,-0.2857142857142857,0.5714285714285714,0.5714285714285714,0.8333333333333334,6.583333333333333,-0.5,1.5714285714285714,1.0,12.909090909090908,-0.2857142857142857,0.16666666666666666,-0.16666666666666666,-0.16666666666666666,7.818181818181818,-0.1111111111111111,-0.3333333333333333,-0.5,0.2222222222222222,-0.32,-0.16666666666666666,-0.16666666666666666,11.333333333333334,-0.3333333333333333,-0.42857142857142855,2.572769953051643,-0.5,0.16666666666666666,-0.3333333333333333
88,4.0,2.5,-0.2857142857142857,-0.16666666666666666,1.5,1.3333333333333333,0.2857142857142857,0.8,1.0,-0.42857142857142855,-0.42857142857142855,-0.5,-0.3333333333333333,1.0,0.3333333333333333,-0.42857142857142855,2.5714285714285716,-0.16666666666666666,0.0,7.911111111111111,2.2857142857142856,-0.2857142857142857,3.5,0.8333333333333334,6.4,5.5,0.5,-0.02734375,1.6666666666666667,-0.42857142857142855,1.2857142857142858,-0.3333333333333333,-0.6,0.16666666666666666,1.1428571428571428,-0.16,-0.32,0.875,-0.5,1.8333333333333333,1.5,0.0,1.0,-0.42857142857142855,1.1666666666666667,-0.16666666666666666,0.5714285714285714,1.1666666666666667,0.8333333333333334,-0.6,0.8333333333333334,-0.2,-0.4,-0.14285714285714285,12.3,-0.26666666666666666,3.6666666666666665,0.6666666666666666,0.0,0.5714285714285714,-0.42857142857142855,-0.14285714285714285,0.2,3.3333333333333335,0.0,-0.2857142857142857,0.3333333333333333,-0.42857142857142855,-0.16666666666666666,0.16666666666666666,-0.14285714285714285,6.25,-0.14285714285714285,0.14285714285714285,-0.42857142857142855,-0.16666666666666666,12.833333333333334,-0.3333333333333333,0.5714285714285714,-0.42857142857142855,10.272727272727273,-0.14285714285714285,-0.16666666666666666,-0.16666666666666666,2.5,12.272727272727273,-0.2222222222222222,0.6666666666666666,1.1666666666666667,1.1111111111111112,2.24,-0.3333333333333333,2.0,8.333333333333334,0.6666666666666666,0.0,3.568075117370892,2.1666666666666665,0.6666666666666666,0.16666666666666666
89,1.2857142857142858,0.0,2.142857142857143,0.0,3.3333333333333335,0.5714285714285714,-0.14285714285714285,0.6,0.0,-0.42857142857142855,-0.42857142857142855,0.3333333333333333,0.0,0.5,-0.16666666666666666,0.0,0.7142857142857143,0.0,-0.2857142857142857,9.955555555555556,0.14285714285714285,-0.42857142857142855,-0.3333333333333333,-0.16666666666666666,14.0,-0.16666666666666666,1.3333333333333333,-0.08984375,2.5,-0.2857142857142857,0.42857142857142855,-0.5,0.6,-0.5,-0.2857142857142857,0.2,-0.32,1.0,-0.5,0.5,-0.5,0.0,5.285714285714286,-0.42857142857142855,-0.5,-0.3333333333333333,-0.42857142857142855,3.6666666666666665,1.6666666666666667,0.8,0.8333333333333334,-0.3,-0.2,0.5714285714285714,6.9,-0.26666666666666666,-0.16666666666666666,0.0,-0.38095238095238093,0.0,-0.42857142857142855,-0.42857142857142855,-0.6,0.0,0.0,1.7142857142857142,1.6666666666666667,2.5714285714285716,-0.16666666666666666,-0.5,3.0,9.75,0.5714285714285714,0.14285714285714285,-0.42857142857142855,-0.16666666666666666,12.416666666666666,-0.5,2.2857142857142856,0.5714285714285714,7.7272727272727275,-0.2857142857142857,-0.16666666666666666,2.1666666666666665,-0.3333333333333333,11.636363636363637,0.0,-0.16666666666666666,0.16666666666666666,-0.3333333333333333,0.48,-0.3333333333333333,0.3333333333333333,9.583333333333334,0.0,-0.42857142857142855,2.347417840375587,0.0,2.0,2.1666666666666665
90,-0.42857142857142855,2.0,-0.42857142857142855,1.1666666666666667,0.5,-0.5714285714285714,0.14285714285714285,0.0,-0.3333333333333333,0.42857142857142855,-0.14285714285714285,-0.16666666666666666,3.0,0.0,0.5,0.42857142857142855,1.0,-0.3333333333333333,0.0,9.955555555555556,-0.2857142857142857,-0.42857142857142855,6.0,1.1666666666666667,18.9,1.5,-0.5,-0.05859375,-0.16666666666666666,0.0,1.4285714285714286,1.1666666666666667,0.0,-0.5,0.0,0.08,0.64,0.25,0.3333333333333333,-0.16666666666666666,-0.16666666666666666,0.0,0.0,1.8571428571428572,0.6666666666666666,0.16666666666666666,-0.42857142857142855,-0.16666666666666666,1.8333333333333333,-0.6,-0.3333333333333333,-0.1,-0.4,0.42857142857142855,16.7,-0.08888888888888889,0.0,2.0,2.857142857142857,-0.2857142857142857,-0.42857142857142855,-0.42857142857142855,4.0,0.5,0.875,1.4285714285714286,-0.3333333333333333,1.4285714285714286,3.3333333333333335,1.0,1.4285714285714286,16.666666666666668,1.4285714285714286,1.1428571428571428,-0.2857142857142857,2.8333333333333335,13.166666666666666,0.3333333333333333,0.42857142857142855,0.8571428571428571,10.818181818181818,-0.2857142857142857,1.0,-0.16666666666666666,0.5,17.181818181818183,-0.3333333333333333,-0.16666666666666666,-0.3333333333333333,-0.1111111111111111,0.16,1.5,5.5,13.666666666666666,0.5,0.14285714285714285,1.2394366197183098,3.6666666666666665,-0.16666666666666666,4.0
91,0.42857142857142855,2.0,-0.42857142857142855,0.8333333333333334,1.0,0.9523809523809523,0.14285714285714285,-0.4,-0.3333333333333333,-0.42857142857142855,1.7142857142857142,-0.5,1.3333333333333333,-0.3333333333333333,0.5,0.7142857142857143,-0.2857142857142857,1.0,0.42857142857142855,7.466666666666667,-0.2857142857142857,0.14285714285714285,-0.16666666666666666,-0.16666666666666666,13.8,0.16666666666666666,2.3333333333333335,-0.07421875,-0.5,0.42857142857142855,-0.14285714285714285,0.6666666666666666,-0.6,4.0,0.42857142857142855,-0.2,0.32,1.375,0.0,0.6666666666666666,0.16666666666666666,-0.038834951456310676,0.7142857142857143,0.42857142857142855,-0.5,-0.3333333333333333,0.5714285714285714,0.5,0.0,-0.4,2.8333333333333335,-0.2,1.4,-0.42857142857142855,15.4,-0.35555555555555557,-0.3333333333333333,0.16666666666666666,-0.19047619047619047,1.1428571428571428,0.42857142857142855,1.4285714285714286,-0.4,-0.5,1.25,0.8571428571428571,-0.3333333333333333,0.14285714285714285,-0.16666666666666666,-0.5,-0.14285714285714285,16.25,0.2857142857142857,-0.2857142857142857,-0.14285714285714285,0.0,5.25,-0.16666666666666666,2.857142857142857,-0.14285714285714285,9.181818181818182,0.42857142857142855,-0.16666666666666666,-0.3333333333333333,0.0,15.090909090909092,-0.3333333333333333,1.3333333333333333,0.0,-0.2222222222222222,2.4,-0.3333333333333333,1.5,5.916666666666667,1.1666666666666667,0.14285714285714285,1.4647887323943662,0.6666666666666666,0.16666666666666666,-0.3333333333333333
92,1.7142857142857142,0.0,-0.14285714285714285,1.0,0.3333333333333333,-0.38095238095238093,-0.42857142857142855,4.4,0.16666666666666666,-0.2857142857142857,0.0,-0.5,-0.3333333333333333,2.8333333333333335,-0.3333333333333333,1.2857142857142858,0.42857142857142855,0.16666666666666666,0.8571428571428571,16.8,-0.2857142857142857,2.0,0.5,-0.3333333333333333,10.1,0.16666666666666666,0.16666666666666666,-0.07421875,-0.16666666666666666,-0.14285714285714285,-0.2857142857142857,-0.3333333333333333,-0.6,-0.3333333333333333,2.142857142857143,-0.2,0.0,-0.125,0.6666666666666666,-0.3333333333333333,-0.5,-0.038834951456310676,-0.14285714285714285,-0.14285714285714285,3.6666666666666665,-0.3333333333333333,0.0,-0.5,0.8333333333333334,0.2,-0.3333333333333333,0.1,1.8,0.14285714285714285,10.6,-0.35555555555555557,1.3333333333333333,1.0,2.857142857142857,-0.14285714285714285,0.0,1.2857142857142858,-0.6,1.1666666666666667,0.125,0.0,-0.3333333333333333,-0.42857142857142855,-0.3333333333333333,-0.5,-0.2857142857142857,15.833333333333334,0.14285714285714285,-0.14285714285714285,0.14285714285714285,2.1666666666666665,5.666666666666667,-0.16666666666666666,1.4285714285714286,-0.42857142857142855,6.7272727272727275,0.5714285714285714,-0.16666666666666666,-0.16666666666666666,-0.16666666666666666,13.363636363636363,-0.3333333333333333,0.0,-0.5,0.3333333333333333,0.16,1.1666666666666667,0.16666666666666666,10.166666666666666,-0.16666666666666666,5.142857142857143,2.723004694835681,3.8333333333333335,1.0,0.5
93,-0.14285714285714285,-0.16666666666666666,-0.2857142857142857,1.1666666666666667,-0.16666666666666666,-0.38095238095238093,-0.2857142857142857,1.6,0.16666666666666666,-0.14285714285714285,-0.2857142857142857,0.16666666666666666,0.6666666666666666,-0.5,0.0,-0.42857142857142855,0.0,-0.3333333333333333,2.5714285714285716,15.466666666666667,-0.2857142857142857,1.4285714285714286,1.3333333333333333,0.5,13.6,0.16666666666666666,0.0,-0.07421875,0.3333333333333333,-0.42857142857142855,3.857142857142857,-0.5,0.8,-0.5,2.4285714285714284,0.04,1.6,0.75,1.8333333333333333,-0.3333333333333333,0.16666666666666666,-0.06796116504854369,1.2857142857142858,-0.42857142857142855,2.3333333333333335,0.3333333333333333,1.1428571428571428,0.0,0.5,0.4,1.0,1.6,0.8,1.1428571428571428,11.6,-0.17777777777777778,0.0,0.0,1.7142857142857142,0.7142857142857143,0.0,-0.42857142857142855,-0.4,1.0,-0.375,-0.2857142857142857,0.5,0.7142857142857143,0.16666666666666666,-0.16666666666666666,-0.14285714285714285,10.416666666666666,-0.2857142857142857,1.1428571428571428,-0.42857142857142855,0.8333333333333334,14.916666666666666,-0.5,1.2857142857142858,0.0,14.818181818181818,0.7142857142857143,0.3333333333333333,-0.3333333333333333,-0.3333333333333333,10.818181818181818,0.4444444444444444,0.5,-0.5,-0.2222222222222222,0.32,0.5,1.1666666666666667,18.0,0.0,-0.42857142857142855,1.9154929577464788,0.6666666666666666,0.3333333333333333,1.1666666666666667
94,0.2857142857142857,-0.5,1.1428571428571428,-0.3333333333333333,0.3333333333333333,0.5714285714285714,0.2857142857142857,1.8,0.5,-0.14285714285714285,-0.14285714285714285,0.3333333333333333,-0.16666666666666666,0.0,2.0,-0.42857142857142855,0.5714285714285714,-0.3333333333333333,-0.14285714285714285,5.866666666666666,0.0,-0.2857142857142857,-0.3333333333333333,0.6666666666666666,12.4,-0.3333333333333333,-0.16666666666666666,-0.02734375,1.3333333333333333,1.0,2.7142857142857144,-0.5,0.0,0.3333333333333333,-0.2857142857142857,-0.2,0.0,0.75,-0.5,-0.3333333333333333,-0.5,-0.06796116504854369,0.0,1.0,-0.5,1.3333333333333333,-0.2857142857142857,1.1666666666666667,-0.3333333333333333,0.0,-0.16666666666666666,0.9,-0.6,-0.14285714285714285,12.5,0.0,-0.16666666666666666,1.8333333333333333,0.38095238095238093,0.8571428571428571,-0.2857142857142857,-0.14285714285714285,-0.6,-0.5,0.25,0.8571428571428571,-0.16666666666666666,0.14285714285714285,-0.16666666666666666,-0.3333333333333333,2.7142857142857144,15.25,-0.2857142857142857,2.2857142857142856,-0.42857142857142855,-0.3333333333333333,10.916666666666666,0.8333333333333334,0.0,-0.42857142857142855,8.181818181818182,-0.2857142857142857,1.1666666666666667,-0.16666666666666666,-0.16666666666666666,8.181818181818182,-0.3333333333333333,0.5,0.0,0.2222222222222222,0.0,-0.16666666666666666,-0.3333333333333333,13.416666666666666,0.0,1.4285714285714286,3.39906103286385,-0.3333333333333333,0.3333333333333333,-0.16666666666666666
95,0.8571428571428571,-0.3333333333333333,-0.42857142857142855,0.0,0.0,-0.19047619047619047,2.0,-0.4,-0.3333333333333333,0.0,-0.42857142857142855,0.3333333333333333,-0.3333333333333333,0.6666666666666666,0.3333333333333333,1.5714285714285714,0.2857142857142857,0.0,0.14285714285714285,13.866666666666667,0.2857142857142857,0.0,-0.16666666666666666,0.0,16.6,0.16666666666666666,0.0,-0.00390625,1.6666666666666667,2.0,-0.2857142857142857,0.3333333333333333,-0.6,0.0,1.0,-0.04,0.16,0.0,-0.16666666666666666,0.8333333333333334,3.6666666666666665,-0.05825242718446602,1.2857142857142858,-0.14285714285714285,-0.5,1.5,-0.14285714285714285,0.8333333333333334,-0.3333333333333333,1.8,-0.3333333333333333,1.3,0.6,2.2857142857142856,14.3,0.7111111111111111,-0.3333333333333333,-0.5,0.5714285714285714,0.42857142857142855,-0.42857142857142855,0.2857142857142857,2.6,3.3333333333333335,0.125,0.14285714285714285,-0.3333333333333333,0.14285714285714285,-0.3333333333333333,1.8333333333333333,-0.2857142857142857,14.333333333333334,-0.2857142857142857,0.0,-0.14285714285714285,0.5,5.75,-0.16666666666666666,0.7142857142857143,0.5714285714285714,9.636363636363637,-0.14285714285714285,1.6666666666666667,-0.3333333333333333,1.0,6.2727272727272725,0.1111111111111111,-0.3333333333333333,-0.5,-0.2222222222222222,0.64,0.0,0.6666666666666666,6.25,-0.16666666666666666,-0.14285714285714285,3.5492957746478875,-0.16666666666666666,-0.16666666666666666,0.16666666666666666
96,0.0,0.0,0.0,-0.16666666666666666,0.6666666666666666,-0.19047619047619047,1.5714285714285714,-0.2,0.0,-0.42857142857142855,0.0,0.8333333333333334,-0.3333333333333333,1.8333333333333333,4.5,-0.2857142857142857,0.0,0.16666666666666666,-0.2857142857142857,7.377777777777778,0.0,0.42857142857142855,-0.16666666666666666,0.16666666666666666,12.7,-0.3333333333333333,1.3333333333333333,-0.05859375,-0.16666666666666666,-0.42857142857142855,-0.2857142857142857,-0.3333333333333333,-0.6,0.6666666666666666,1.8571428571428572,0.28,-0.32,-0.25,1.8333333333333333,0.6666666666666666,0.0,-0.06796116504854369,-0.2857142857142857,-0.42857142857142855,-0.5,0.0,1.5714285714285714,-0.5,0.3333333333333333,0.0,0.0,1.0,-0.6,0.14285714285714285,16.9,0.7111111111111111,1.0,4.0,0.19047619047619047,-0.2857142857142857,-0.42857142857142855,-0.42857142857142855,-0.4,1.0,-0.25,-0.2857142857142857,0.3333333333333333,-0.2857142857142857,-0.16666666666666666,-0.5,1.0,5.916666666666667,0.0,0.42857142857142855,1.2857142857142858,-0.3333333333333333,7.666666666666667,0.0,-0.14285714285714285,-0.42857142857142855,9.454545454545455,-0.14285714285714285,0.6666666666666666,-0.3333333333333333,0.8333333333333334,17.272727272727273,-0.3333333333333333,0.0,-0.16666666666666666,-0.1111111111111111,-0.32,-0.3333333333333333,0.8333333333333334,12.333333333333334,-0.3333333333333333,-0.2857142857142857,3.0422535211267605,1.3333333333333333,-0.3333333333333333,0.0
97,-0.42857142857142855,-0.5,-0.42857142857142855,2.1666666666666665,0.5,0.19047619047619047,0.14285714285714285,-0.2,2.0,-0.14285714285714285,-0.42857142857142855,-0.5,0.16666666666666666,1.1666666666666667,-0.5,2.142857142857143,-0.2857142857142857,0.5,-0.2857142857142857,11.2,-0.14285714285714285,1.2857142857142858,-0.16666666666666666,0.0,13.4,-0.3333333333333333,0.3333333333333333,-0.05078125,1.5,-0.42857142857142855,0.14285714285714285,0.3333333333333333,0.0,3.1666666666666665,0.14285714285714285,-0.2,-0.32,0.0,-0.5,-0.3333333333333333,2.0,0.02912621359223301,2.0,-0.42857142857142855,0.0,4.166666666666667,0.7142857142857143,0.16666666666666666,0.8333333333333334,-0.4,-0.3333333333333333,1.1,-0.2,0.2857142857142857,16.1,-0.26666666666666666,-0.3333333333333333,0.3333333333333333,0.7619047619047619,0.0,2.2857142857142856,0.0,-0.4,0.8333333333333334,0.0,-0.2857142857142857,-0.3333333333333333,-0.14285714285714285,-0.3333333333333333,0.8333333333333334,1.8571428571428572,13.583333333333334,0.7142857142857143,2.142857142857143,-0.2857142857142857,0.3333333333333333,16.083333333333332,0.0,1.5714285714285714,0.7142857142857143,7.909090909090909,-0.14285714285714285,1.3333333333333333,1.8333333333333333,1.3333333333333333,15.0,1.8888888888888888,-0.3333333333333333,-0.16666666666666666,-0.3333333333333333,0.0,0.3333333333333333,-0.5,10.5,-0.3333333333333333,0.0,2.2347417840375585,0.0,1.3333333333333333,1.0
98,-0.42857142857142855,0.0,-0.42857142857142855,-0.16666666666666666,0.16666666666666666,-0.19047619047619047,0.0,0.0,0.8333333333333334,-0.42857142857142855,-0.42857142857142855,0.0,-0.3333333333333333,-0.5,3.6666666666666665,-0.14285714285714285,0.5714285714285714,0.16666666666666666,4.285714285714286,9.955555555555556,0.8571428571428571,-0.42857142857142855,-0.16666666666666666,-0.3333333333333333,12.9,-0.5,0.0,-0.07421875,1.6666666666666667,2.2857142857142856,-0.2857142857142857,-0.3333333333333333,0.0,-0.5,0.2857142857142857,1.0,1.6,-0.125,-0.5,-0.3333333333333333,2.0,0.009708737864077669,1.0,-0.42857142857142855,1.1666666666666667,-0.3333333333333333,-0.42857142857142855,-0.3333333333333333,-0.3333333333333333,-0.6,-0.3333333333333333,0.8,0.2,-0.2857142857142857,12.5,-0.17777777777777778,-0.3333333333333333,-0.5,0.9523809523809523,0.0,3.0,1.1428571428571428,-0.2,-0.16666666666666666,-0.375,-0.14285714285714285,2.1666666666666665,0.0,-0.3333333333333333,-0.5,1.1428571428571428,15.166666666666666,-0.2857142857142857,2.142857142857143,-0.42857142857142855,1.0,9.666666666666666,0.8333333333333334,0.42857142857142855,2.5714285714285716,13.818181818181818,0.14285714285714285,0.5,0.0,-0.3333333333333333,18.181818181818183,-0.3333333333333333,2.1666666666666665,-0.5,1.8888888888888888,3.2,-0.3333333333333333,0.5,13.666666666666666,1.3333333333333333,0.8571428571428571,3.023474178403756,-0.16666666666666666,1.0,0.6666666666666666
99,-0.2857142857142857,2.6666666666666665,-0.42857142857142855,0.3333333333333333,0.5,0.0,-0.14285714285714285,0.4,1.6666666666666667,1.8571428571428572,2.142857142857143,0.3333333333333333,1.5,-0.3333333333333333,0.8333333333333334,-0.42857142857142855,2.2857142857142856,-0.16666666666666666,0.2857142857142857,8.88888888888889,-0.2857142857142857,-0.14285714285714285,0.0,1.8333333333333333,12.1,-0.5,1.3333333333333333,-0.08203125,-0.3333333333333333,-0.2857142857142857,0.42857142857142855,-0.5,-0.6,1.1666666666666667,-0.14285714285714285,-0.12,0.96,-0.25,1.1666666666666667,-0.3333333333333333,0.3333333333333333,-0.038834951456310676,-0.2857142857142857,-0.2857142857142857,0.3333333333333333,0.5,-0.2857142857142857,-0.5,0.16666666666666666,-0.4,0.0,-0.3,-0.6,2.857142857142857,13.1,-0.35555555555555557,-0.3333333333333333,0.6666666666666666,-0.5714285714285714,0.0,0.0,-0.42857142857142855,0.6,2.1666666666666665,1.375,-0.2857142857142857,2.0,0.0,-0.3333333333333333,-0.5,-0.2857142857142857,8.833333333333334,1.0,1.0,0.0,-0.16666666666666666,6.333333333333333,1.1666666666666667,-0.2857142857142857,-0.42857142857142855,13.0,0.0,1.5,0.5,2.5,14.727272727272727,0.4444444444444444,0.0,0.6666666666666666,0.1111111111111111,0.64,0.0,-0.5,14.5,0.3333333333333333,1.4285714285714286,3.0985915492957745,0.16666666666666666,-0.16666666666666666,-0.16666666666666666
100,0.7142857142857143,0.3333333333333333,0.14285714285714285,0.0,-0.5,-0.38095238095238093,-0.42857142857142855,-0.2,-0.3333333333333333,0.0,0.7142857142857143,0.0,-0.3333333333333333,-0.3333333333333333,0.6666666666666666,0.0,0.42857142857142855,1.1666666666666667,0.42857142857142855,15.2,0.2857142857142857,-0.14285714285714285,0.0,-0.3333333333333333,17.5,-0.3333333333333333,0.6666666666666666,-0.07421875,2.1666666666666665,-0.42857142857142855,-0.2857142857142857,0.6666666666666666,-0.6,1.8333333333333333,0.14285714285714285,-0.04,-0.16,0.75,0.16666666666666666,0.0,-0.16666666666666666,-0.02912621359223301,0.14285714285714285,1.0,-0.3333333333333333,-0.3333333333333333,-0.42857142857142855,1.3333333333333333,0.0,0.6,-0.3333333333333333,-0.1,0.0,-0.42857142857142855,14.0,0.35555555555555557,0.16666666666666666,-0.16666666666666666,2.857142857142857,0.42857142857142855,-0.14285714285714285,0.42857142857142855,-0.4,5.666666666666667,0.75,-0.2857142857142857,1.1666666666666667,1.2857142857142858,0.16666666666666666,-0.5,1.1428571428571428,13.166666666666666,0.14285714285714285,1.1428571428571428,-0.42857142857142855,-0.3333333333333333,5.583333333333333,-0.5,-0.14285714285714285,-0.42857142857142855,8.818181818181818,-0.14285714285714285,1.8333333333333333,0.0,0.3333333333333333,12.909090909090908,0.3333333333333333,0.5,0.16666666666666666,0.8888888888888888,2.24,-0.3333333333333333,1.3333333333333333,8.333333333333334,-0.3333333333333333,-0.42857142857142855,1.2206572769953052,0.16666666666666666,0.6666666666666666,0.0
101,-0.2857142857142857,0.5,-0.42857142857142855,-0.16666666666666666,-0.16666666666666666,-0.5714285714285714,0.2857142857142857,1.8,1.8333333333333333,-0.42857142857142855,0.5714285714285714,0.0,-0.3333333333333333,3.1666666666666665,-0.5,-0.14285714285714285,-0.2857142857142857,0.16666666666666666,1.1428571428571428,8.0,0.5714285714285714,-0.14285714285714285,0.0,0.3333333333333333,18.3,-0.5,0.5,-0.07421875,0.6666666666666666,-0.42857142857142855,1.2857142857142858,1.0,-0.4,-0.5,0.2857142857142857,0.08,-0.32,0.5,-0.5,-0.3333333333333333,0.0,-0.019417475728155338,0.42857142857142855,0.2857142857142857,0.0,1.5,-0.42857142857142855,0.6666666666666666,1.1666666666666667,1.4,-0.16666666666666666,-0.1,-0.6,-0.2857142857142857,17.1,0.26666666666666666,-0.3333333333333333,-0.3333333333333333,-0.38095238095238093,-0.14285714285714285,0.2857142857142857,-0.42857142857142855,1.0,-0.5,0.0,-0.2857142857142857,-0.3333333333333333,1.2857142857142858,-0.16666666666666666,-0.3333333333333333,-0.2857142857142857,15.25,0.2857142857142857,-0.14285714285714285,0.42857142857142855,-0.3333333333333333,12.166666666666666,-0.3333333333333333,0.14285714285714285,-0.14285714285714285,9.272727272727273,-0.14285714285714285,0.6666666666666666,2.0,-0.3333333333333333,16.90909090909091,0.7777777777777778,-0.16666666666666666,0.8333333333333334,0.7777777777777778,-0.32,1.3333333333333333,3.0,13.25,1.0,0.2857142857142857,1.2018779342723005,-0.16666666666666666,0.16666666666666666,-0.16666666666666666
102,-0.14285714285714285,-0.5,-0.14285714285714285,3.1666666666666665,-0.5,0.38095238095238093,-0.42857142857142855,0.2,0.5,-0.42857142857142855,0.2857142857142857,-0.3333333333333333,-0.3333333333333333,0.5,-0.5,-0.42857142857142855,0.0,0.3333333333333333,0.42857142857142855,15.733333333333333,-0.42857142857142855,-0.42857142857142855,-0.16666666666666666,-0.3333333333333333,9.7,0.6666666666666666,-0.5,-0.06640625,-0.5,-0.14285714285714285,1.5714285714285714,0.0,0.6,0.0,0.0,-0.2,0.32,0.625,-0.16666666666666666,0.3333333333333333,-0.16666666666666666,-0.019417475728155338,1.7142857142857142,-0.42857142857142855,0.3333333333333333,-0.16666666666666666,1.2857142857142858,-0.3333333333333333,-0.16666666666666666,0.6,-0.16666666666666666,0.0,2.0,1.5714285714285714,19.4,-0.17777777777777778,-0.3333333333333333,-0.3333333333333333,3.238095238095238,-0.14285714285714285,-0.2857142857142857,0.8571428571428571,-0.2,0.0,2.125,0.8571428571428571,-0.3333333333333333,0.0,-0.16666666666666666,-0.5,0.7142857142857143,6.833333333333333,-0.14285714285714285,1.1428571428571428,1.7142857142857142,-0.3333333333333333,7.833333333333333,0.0,3.5714285714285716,-0.14285714285714285,17.09090909090909,-0.2857142857142857,-0.3333333333333333,-0.3333333333333333,3.1666666666666665,14.181818181818182,-0.3333333333333333,0.0,-0.3333333333333333,0.2222222222222222,-0.32,2.0,-0.16666666666666666,7.833333333333333,-0.16666666666666666,-0.2857142857142857,1.5586854460093897,1.0,-0.3333333333333333,4.333333333333333
103,1.5714285714285714,1.3333333333333333,1.2857142857142858,0.6666666666666666,-0.3333333333333333,-0.5714285714285714,-0.14285714285714285,-0.4,0.16666666666666666,0.42857142857142855,3.2857142857142856,-0.16666666666666666,2.0,-0.16666666666666666,-0.5,-0.42857142857142855,0.42857142857142855,1.3333333333333333,1.1428571428571428,6.844444444444444,0.7142857142857143,0.8571428571428571,0.0,0.0,16.6,0.16666666666666666,1.0,-0.05078125,-0.5,-0.14285714285714285,1.2857142857142858,1.0,1.8,-0.5,0.2857142857142857,0.0,0.96,-0.25,-0.5,0.16666666666666666,1.6666666666666667,0.06796116504854369,0.14285714285714285,0.14285714285714285,0.0,0.16666666666666666,-0.2857142857142857,1.1666666666666667,0.0,-0.2,-0.3333333333333333,0.1,0.0,0.14285714285714285,18.6,0.4444444444444444,0.0,-0.3333333333333333,0.5714285714285714,1.1428571428571428,-0.14285714285714285,0.2857142857142857,-0.2,-0.5,-0.375,-0.2857142857142857,1.8333333333333333,-0.42857142857142855,-0.3333333333333333,1.5,1.1428571428571428,10.25,-0.14285714285714285,0.14285714285714285,0.42857142857142855,0.8333333333333334,15.833333333333334,1.0,1.5714285714285714,0.8571428571428571,17.181818181818183,-0.2857142857142857,0.8333333333333334,0.16666666666666666,0.16666666666666666,10.363636363636363,-0.2222222222222222,-0.16666666666666666,0.6666666666666666,1.2222222222222223,0.0,-0.16666666666666666,-0.5,17.583333333333332,-0.3333333333333333,-0.42857142857142855,3.0422535211267605,1.1666666666666667,-0.3333333333333333,0.3333333333333333
104,-0.2857142857142857,0.16666666666666666,0.14285714285714285,0.6666666666666666,-0.5,1.1428571428571428,0.14285714285714285,-0.2,-0.16666666666666666,0.2857142857142857,1.4285714285714286,-0.5,-0.3333333333333333,-0.5,-0.5,2.4285714285714284,0.5714285714285714,1.8333333333333333,-0.2857142857142857,15.377777777777778,1.5714285714285714,2.2857142857142856,-0.3333333333333333,1.8333333333333333,19.9,1.6666666666666667,-0.3333333333333333,0.00390625,4.166666666666667,0.14285714285714285,-0.2857142857142857,1.1666666666666667,0.4,1.1666666666666667,-0.14285714285714285,0.08,0.16,0.75,0.0,0.0,-0.3333333333333333,-0.02912621359223301,1.8571428571428572,1.5714285714285714,-0.5,-0.3333333333333333,-0.42857142857142855,0.6666666666666666,-0.3333333333333333,-0.2,1.1666666666666667,-0.3,0.0,-0.42857142857142855,18.6,-0.26666666666666666,0.0,-0.3333333333333333,0.7619047619047619,1.7142857142857142,-0.42857142857142855,0.0,-0.4,-0.5,-0.25,0.0,-0.16666666666666666,0.0,2.8333333333333335,0.0,0.14285714285714285,11.25,-0.14285714285714285,-0.2857142857142857,-0.14285714285714285,1.0,5.75,1.0,0.0,-0.42857142857142855,7.636363636363637,0.14285714285714285,0.5,1.3333333333333333,0.5,12.727272727272727,-0.2222222222222222,-0.16666666666666666,0.3333333333333333,0.0,-0.48,0.0,-0.3333333333333333,11.416666666666666,-0.16666666666666666,-0.2857142857142857,3.643192488262911,-0.3333333333333333,1.0,1.5
105,-0.2857142857142857,-0.16666666666666666,0.0,-0.3333333333333333,0.6666666666666666,-0.38095238095238093,0.0,-0.4,-0.3333333333333333,-0.42857142857142855,0.14285714285714285,0.0,0.0,-0.5,0.16666666666666666,-0.2857142857142857,-0.2857142857142857,0.6666666666666666,-0.2857142857142857,10.4,-0.14285714285714285,0.2857142857142857,0.3333333333333333,-0.3333333333333333,9.4,0.3333333333333333,0.0,-0.08984375,-0.16666666666666666,2.0,-0.2857142857142857,3.0,1.4,0.5,-0.2857142857142857,0.08,-0.16,1.25,3.8333333333333335,0.5,0.6666666666666666,-0.06796116504854369,-0.2857142857142857,2.857142857142857,1.3333333333333333,-0.16666666666666666,-0.42857142857142855,2.8333333333333335,-0.3333333333333333,1.8,0.3333333333333333,0.1,-0.4,0.5714285714285714,10.2,0.0,-0.3333333333333333,-0.3333333333333333,1.3333333333333333,0.0,-0.42857142857142855,0.8571428571428571,-0.6,0.16666666666666666,0.5,2.5714285714285716,-0.3333333333333333,-0.42857142857142855,0.6666666666666666,0.3333333333333333,-0.14285714285714285,7.083333333333333,1.0,-0.2857142857142857,0.0,-0.3333333333333333,15.916666666666666,-0.5,-0.14285714285714285,-0.42857142857142855,8.818181818181818,-0.14285714285714285,0.0,-0.16666666666666666,0.6666666666666666,12.090909090909092,-0.2222222222222222,-0.3333333333333333,0.16666666666666666,0.7777777777777778,0.48,0.0,0.8333333333333334,6.25,0.6666666666666666,0.2857142857142857,3.624413145539906,0.16666666666666666,1.0,-0.3333333333333333
106,0.7142857142857143,0.5,0.5714285714285714,-0.3333333333333333,-0.3333333333333333,0.38095238095238093,-0.42857142857142855,3.2,-0.3333333333333333,0.14285714285714285,-0.14285714285714285,-0.16666666666666666,0.5,0.3333333333333333,0.0,-0.42857142857142855,0.0,4.166666666666667,-0.14285714285714285,16.711111111111112,0.0,0.7142857142857143,-0.3333333333333333,0.0,10.2,-0.16666666666666666,0.6666666666666666,-0.08984375,-0.16666666666666666,0.5714285714285714,-0.2857142857142857,-0.16666666666666666,-0.6,0.5,-0.2857142857142857,-0.16,0.32,-0.25,1.8333333333333333,-0.3333333333333333,0.3333333333333333,-0.02912621359223301,0.0,0.0,-0.5,3.5,2.4285714285714284,1.1666666666666667,0.16666666666666666,-0.6,-0.16666666666666666,1.5,1.6,0.7142857142857143,7.0,-0.35555555555555557,-0.3333333333333333,0.3333333333333333,0.0,0.2857142857142857,-0.14285714285714285,0.0,-0.4,-0.5,-0.375,0.8571428571428571,-0.16666666666666666,1.0,0.16666666666666666,-0.3333333333333333,0.42857142857142855,15.25,0.5714285714285714,-0.14285714285714285,0.2857142857142857,1.3333333333333333,9.333333333333334,-0.5,1.1428571428571428,-0.42857142857142855,11.454545454545455,-0.14285714285714285,1.0,-0.3333333333333333,1.0,13.272727272727273,-0.3333333333333333,2.5,0.16666666666666666,-0.1111111111111111,-0.48,0.8333333333333334,0.5,9.916666666666666,1.1666666666666667,-0.42857142857142855,2.1971830985915495,0.0,0.0,-0.16666666666666666
107,0.7142857142857143,-0.5,1.1428571428571428,0.5,0.0,0.9523809523809523,1.1428571428571428,2.2,-0.3333333333333333,-0.2857142857142857,0.8571428571428571,0.0,0.16666666666666666,1.0,-0.3333333333333333,-0.2857142857142857,0.2857142857142857,0.0,-0.2857142857142857,11.11111111111111,0.2857142857142857,1.4285714285714286,-0.3333333333333333,0.5,13.5,-0.5,0.0,-0.08203125,-0.16666666666666666,-0.42857142857142855,0.7142857142857143,0.0,-0.4,0.3333333333333333,0.42857142857142855,-0.16,0.32,-0.125,-0.5,0.0,-0.5,-0.06796116504854369,-0.14285714285714285,-0.42857142857142855,0.0,0.5,0.7142857142857143,1.5,-0.16666666666666666,0.8,-0.16666666666666666,-0.3,-0.4,0.2857142857142857,16.4,0.0,1.8333333333333333,-0.3333333333333333,-0.38095238095238093,1.4285714285714286,0.14285714285714285,-0.42857142857142855,-0.2,-0.5,0.125,0.14285714285714285,2.1666666666666665,5.285714285714286,0.16666666666666666,1.0,-0.2857142857142857,8.916666666666666,0.0,-0.2857142857142857,0.0,-0.16666666666666666,6.833333333333333,-0.3333333333333333,0.14285714285714285,0.2857142857142857,6.2727272727272725,-0.2857142857142857,-0.3333333333333333,2.5,0.6666666666666666,15.545454545454545,2.6666666666666665,-0.3333333333333333,0.16666666666666666,-0.2222222222222222,0.96,0.0,-0.5,9.083333333333334,-0.16666666666666666,-0.42857142857142855,2.291079812206573,0.3333333333333333,0.3333333333333333,-0.3333333333333333
108,-0.14285714285714285,-0.5,0.0,0.16666666666666666,-0.5,-0.5714285714285714,-0.2857142857142857,-0.4,-0.3333333333333333,0.7142857142857143,-0.14285714285714285,-0.5,-0.3333333333333333,-0.3333333333333333,1.6666666666666667,-0.2857142857142857,0.14285714285714285,3.8333333333333335,1.1428571428571428,6.5777777777777775,-0.42857142857142855,-0.14285714285714285,-0.3333333333333333,0.16666666666666666,12.2,2.0,-0.16666666666666666,-0.07421875,0.6666666666666666,0.8571428571428571,0.0,0.5,0.2,-0.16666666666666666,-0.14285714285714285,-0.2,-0.32,-0.25,0.3333333333333333,0.0,0.3333333333333333,-0.06796116504854369,-0.2857142857142857,-0.42857142857142855,0.16666666666666666,0.16666666666666666,0.0,0.16666666666666666,-0.3333333333333333,-0.6,0.3333333333333333,-0.3,-0.2,-0.2857142857142857,15.2,0.08888888888888889,0.0,-0.5,0.38095238095238093,-0.2857142857142857,-0.42857142857142855,-0.2857142857142857,-0.4,-0.5,0.0,0.14285714285714285,-0.3333333333333333,-0.42857142857142855,-0.3333333333333333,0.16666666666666666,0.14285714285714285,6.166666666666667,-0.2857142857142857,3.857142857142857,0.8571428571428571,-0.16666666666666666,16.25,0.6666666666666666,2.0,-0.42857142857142855,13.909090909090908,1.2857142857142858,0.0,0.8333333333333334,-0.16666666666666666,9.636363636363637,-0.3333333333333333,-0.3333333333333333,-0.16666666666666666,0.1111111111111111,0.48,0.16666666666666666,-0.16666666666666666,11.666666666666666,0.0,3.7142857142857144,2.6854460093896715,-0.3333333333333333,0.0,-0.16666666666666666
109,-0.42857142857142855,-0.3333333333333333,-0.42857142857142855,1.1666666666666667,0.16666666666666666,0.7619047619047619,-0.2857142857142857,2.4,-0.16666666666666666,0.5714285714285714,-0.42857142857142855,-0.5,-0.16666666666666666,2.5,2.5,0.14285714285714285,0.0,-0.3333333333333333,0.5714285714285714,13.422222222222222,1.1428571428571428,0.0,0.16666666666666666,0.16666666666666666,18.4,0.6666666666666666,4.333333333333333,-0.08984375,0.5,1.1428571428571428,0.8571428571428571,0.5,0.0,-0.16666666666666666,-0.14285714285714285,-0.2,-0.32,0.125,0.16666666666666666,0.16666666666666666,0.16666666666666666,-0.06796116504854369,0.42857142857142855,-0.14285714285714285,0.3333333333333333,0.0,-0.42857142857142855,0.0,-0.3333333333333333,0.6,1.8333333333333333,-0.2,0.8,1.4285714285714286,15.5,-0.17777777777777778,0.16666666666666666,-0.5,-0.38095238095238093,0.8571428571428571,3.0,5.714285714285714,1.0,-0.3333333333333333,3.0,0.14285714285714285,0.8333333333333334,0.8571428571428571,-0.3333333333333333,-0.3333333333333333,-0.2857142857142857,13.0,-0.2857142857142857,-0.2857142857142857,-0.14285714285714285,-0.3333333333333333,6.083333333333333,-0.3333333333333333,0.5714285714285714,-0.42857142857142855,11.272727272727273,-0.14285714285714285,2.5,0.5,-0.3333333333333333,14.818181818181818,-0.3333333333333333,0.16666666666666666,-0.3333333333333333,0.5555555555555556,-0.16,0.3333333333333333,-0.5,11.916666666666666,-0.16666666666666666,-0.2857142857142857,1.164319248826291,-0.5,0.5,0.5
110,-0.42857142857142855,-0.5,1.1428571428571428,-0.3333333333333333,2.5,-0.38095238095238093,0.42857142857142855,0.2,-0.3333333333333333,0.0,0.7142857142857143,-0.3333333333333333,-0.3333333333333333,0.3333333333333333,1.8333333333333333,2.857142857142857,1.7142857142857142,-0.3333333333333333,-0.2857142857142857,16.08888888888889,-0.2857142857142857,-0.2857142857142857,0.0,3.0,16.6,2.5,-0.16666666666666666,-0.08984375,-0.5,-0.14285714285714285,-0.2857142857142857,0.3333333333333333,-0.2,1.3333333333333333,-0.2857142857142857,-0.04,0.16,-0.25,0.16666666666666666,2.8333333333333335,0.5,-0.02912621359223301,1.0,-0.2857142857142857,0.5,-0.3333333333333333,-0.14285714285714285,0.16666666666666666,-0.16666666666666666,-0.4,-0.16666666666666666,0.0,-0.2,0.0,9.4,-0.26666666666666666,-0.3333333333333333,1.6666666666666667,-0.38095238095238093,3.5714285714285716,0.14285714285714285,-0.42857142857142855,0.4,-0.16666666666666666,-0.25,-0.2857142857142857,1.5,0.2857142857142857,1.8333333333333333,0.16666666666666666,0.7142857142857143,13.5,0.14285714285714285,1.1428571428571428,-0.14285714285714285,-0.3333333333333333,6.083333333333333,-0.3333333333333333,-0.2857142857142857,0.0,8.272727272727273,0.0,-0.16666666666666666,-0.3333333333333333,3.0,6.909090909090909,0.2222222222222222,-0.16666666666666666,0.8333333333333334,0.6666666666666666,-0.32,0.16666666666666666,0.0,9.083333333333334,0.8333333333333334,0.5714285714285714,2.4788732394366195,-0.3333333333333333,0.16666666666666666,2.0
111,0.7142857142857143,1.5,0.0,-0.16666666666666666,-0.3333333333333333,0.0,0.0,0.2,0.0,2.0,5.142857142857143,0.3333333333333333,-0.16666666666666666,-0.3333333333333333,-0.5,-0.2857142857142857,0.5714285714285714,-0.16666666666666666,-0.2857142857142857,6.044444444444444,0.14285714285714285,1.1428571428571428,-0.16666666666666666,0.16666666666666666,13.3,-0.5,0.3333333333333333,-0.08203125,2.1666666666666665,-0.2857142857142857,0.14285714285714285,-0.5,-0.6,0.16666666666666666,2.0,-0.04,0.0,0.375,0.0,0.6666666666666666,-0.5,0.009708737864077669,-0.2857142857142857,-0.42857142857142855,0.16666666666666666,3.3333333333333335,0.2857142857142857,-0.5,0.0,0.8,-0.3333333333333333,0.7,0.0,0.7142857142857143,12.7,-0.35555555555555557,0.0,0.3333333333333333,0.38095238095238093,0.2857142857142857,0.0,0.7142857142857143,0.0,1.0,-0.125,-0.14285714285714285,0.3333333333333333,0.42857142857142855,-0.16666666666666666,0.0,0.42857142857142855,16.333333333333332,-0.14285714285714285,-0.2857142857142857,0.0,-0.3333333333333333,15.083333333333334,0.16666666666666666,-0.14285714285714285,0.14285714285714285,8.363636363636363,0.14285714285714285,-0.3333333333333333,0.0,0.16666666666666666,10.909090909090908,0.4444444444444444,-0.3333333333333333,-0.3333333333333333,0.8888888888888888,0.16,1.3333333333333333,-0.3333333333333333,11.833333333333334,0.3333333333333333,-0.14285714285714285,2.028169014084507,-0.3333333333333333,2.8333333333333335,-0.3333333333333333
112,-0.42857142857142855,-0.3333333333333333,-0.42857142857142855,-0.16666666666666666,1.6666666666666667,-0.38095238095238093,-0.42857142857142855,-0.2,0.16666666666666666,-0.2857142857142857,-0.42857142857142855,-0.5,-0.3333333333333333,-0.3333333333333333,1.0,0.42857142857142855,1.5714285714285714,1.5,1.1428571428571428,11.466666666666667,-0.42857142857142855,-0.14285714285714285,0.0,-0.16666666666666666,12.8,-0.3333333333333333,-0.5,0.05078125,2.3333333333333335,0.14285714285714285,-0.2857142857142857,-0.5,0.6,-0.16666666666666666,0.42857142857142855,0.68,0.48,-0.125,0.0,1.1666666666666667,-0.5,0.04854368932038835,1.7142857142857142,0.0,3.5,0.6666666666666666,0.2857142857142857,0.0,0.3333333333333333,0.2,0.0,0.1,-0.4,0.5714285714285714,7.9,-0.35555555555555557,0.8333333333333334,0.0,0.19047619047619047,0.14285714285714285,-0.2857142857142857,0.14285714285714285,-0.2,-0.5,-0.25,0.0,-0.3333333333333333,-0.2857142857142857,0.8333333333333334,-0.5,-0.14285714285714285,9.416666666666666,-0.2857142857142857,-0.14285714285714285,0.14285714285714285,0.6666666666666666,7.416666666666667,0.5,0.14285714285714285,0.7142857142857143,14.545454545454545,1.0,0.16666666666666666,0.3333333333333333,1.1666666666666667,10.0,0.1111111111111111,0.16666666666666666,-0.5,-0.3333333333333333,-0.32,0.16666666666666666,0.3333333333333333,13.166666666666666,-0.16666666666666666,-0.42857142857142855,3.3615023474178405,0.0,2.8333333333333335,-0.16666666666666666
113,1.2857142857142858,-0.5,2.857142857142857,-0.16666666666666666,0.5,0.0,-0.2857142857142857,-0.4,-0.16666666666666666,0.0,2.4285714285714284,0.8333333333333334,-0.16666666666666666,-0.3333333333333333,1.6666666666666667,3.7142857142857144,-0.14285714285714285,0.0,0.0,12.444444444444445,1.2857142857142858,0.5714285714285714,1.1666666666666667,-0.3333333333333333,18.5,0.0,-0.5,-0.02734375,-0.5,-0.42857142857142855,-0.2857142857142857,1.1666666666666667,0.0,1.6666666666666667,1.4285714285714286,0.08,0.64,-0.25,1.5,0.0,-0.5,-0.06796116504854369,1.7142857142857142,-0.2857142857142857,-0.3333333333333333,1.1666666666666667,2.4285714285714284,-0.5,-0.3333333333333333,2.0,-0.16666666666666666,-0.3,-0.6,0.0,12.0,-0.35555555555555557,-0.3333333333333333,-0.3333333333333333,-0.5714285714285714,0.0,-0.2857142857142857,1.1428571428571428,-0.4,-0.5,-0.375,2.2857142857142856,-0.3333333333333333,0.0,-0.3333333333333333,0.0,-0.14285714285714285,9.5,1.2857142857142858,1.7142857142857142,-0.42857142857142855,2.1666666666666665,16.583333333333332,-0.5,0.0,0.0,8.818181818181818,-0.14285714285714285,-0.16666666666666666,0.16666666666666666,3.8333333333333335,15.818181818181818,2.2222222222222223,1.0,-0.16666666666666666,1.2222222222222223,-0.16,0.0,-0.5,5.833333333333333,-0.3333333333333333,-0.2857142857142857,2.7981220657276995,3.8333333333333335,2.1666666666666665,0.8333333333333334
114,-0.14285714285714285,-0.16666666666666666,0.0,-0.3333333333333333,1.0,-0.5714285714285714,0.5714285714285714,-0.4,-0.3333333333333333,0.14285714285714285,0.14285714285714285,1.5,-0.3333333333333333,0.5,-0.16666666666666666,-0.2857142857142857,0.14285714285714285,-0.3333333333333333,-0.2857142857142857,5.955555555555556,-0.42857142857142855,1.0,1.3333333333333333,-0.3333333333333333,16.6,-0.3333333333333333,3.0,-0.08984375,-0.5,1.7142857142857142,0.14285714285714285,-0.3333333333333333,0.4,-0.3333333333333333,1.5714285714285714,0.28,-0.16,0.5,-0.16666666666666666,0.16666666666666666,-0.5,0.06796116504854369,-0.2857142857142857,0.0,1.3333333333333333,-0.16666666666666666,-0.14285714285714285,-0.5,-0.16666666666666666,-0.6,0.5,0.1,-0.4,2.857142857142857,8.9,0.08888888888888889,-0.3333333333333333,-0.5,0.38095238095238093,0.5714285714285714,-0.14285714285714285,0.0,-0.6,-0.5,-0.125,2.4285714285714284,-0.3333333333333333,1.0,-0.3333333333333333,-0.3333333333333333,-0.2857142857142857,15.25,0.0,-0.2857142857142857,-0.42857142857142855,-0.3333333333333333,14.25,-0.3333333333333333,-0.14285714285714285,-0.42857142857142855,14.0,1.0,-0.3333333333333333,0.0,-0.3333333333333333,9.909090909090908,-0.3333333333333333,-0.3333333333333333,-0.3333333333333333,0.0,-0.32,1.3333333333333333,0.3333333333333333,8.833333333333334,0.8333333333333334,-0.42857142857142855,3.1173708920187795,-0.3333333333333333,-0.16666666666666666,-0.16666666666666666
115,-0.14285714285714285,-0.3333333333333333,-0.42857142857142855,-0.16666666666666666,-0.5,-0.19047619047619047,1.8571428571428572,4.8,0.16666666666666666,-0.42857142857142855,-0.42857142857142855,1.3333333333333333,1.1666666666666667,0.0,0.0,-0.42857142857142855,0.0,-0.3333333333333333,0.0,15.11111111111111,2.5714285714285716,-0.2857142857142857,0.3333333333333333,0.16666666666666666,19.6,1.0,-0.5,-0.06640625,0.16666666666666666,-0.2857142857142857,-0.14285714285714285,0.3333333333333333,-0.6,1.1666666666666667,-0.2857142857142857,-0.2,-0.16,0.0,-0.3333333333333333,-0.3333333333333333,3.0,-0.009708737864077669,0.0,-0.42857142857142855,-0.5,0.0,0.42857142857142855,-0.3333333333333333,-0.3333333333333333,1.6,1.0,-0.1,-0.6,-0.14285714285714285,10.0,-0.35555555555555557,0.0,-0.16666666666666666,-0.5714285714285714,-0.2857142857142857,0.14285714285714285,0.7142857142857143,1.8,-0.16666666666666666,1.125,-0.2857142857142857,0.5,1.0,1.0,1.0,1.5714285714285714,15.083333333333334,-0.2857142857142857,1.0,0.14285714285714285,1.3333333333333333,6.333333333333333,1.5,0.14285714285714285,-0.42857142857142855,6.7272727272727275,1.1428571428571428,3.6666666666666665,0.8333333333333334,-0.16666666666666666,5.818181818181818,0.5555555555555556,0.16666666666666666,0.6666666666666666,-0.3333333333333333,-0.48,0.16666666666666666,0.16666666666666666,14.916666666666666,0.16666666666666666,-0.2857142857142857,3.6619718309859155,-0.3333333333333333,0.0,0.5
116,0.0,0.5,0.0,-0.3333333333333333,-0.5,0.7619047619047619,-0.2857142857142857,-0.4,-0.3333333333333333,0.2857142857142857,0.5714285714285714,1.0,0.16666666666666666,2.5,0.5,0.5714285714285714,1.8571428571428572,0.0,0.0,1.9555555555555555,-0.42857142857142855,1.0,-0.16666666666666666,1.6666666666666667,-0.3,1.3333333333333333,1.0,-0.05078125,-0.5,-0.42857142857142855,0.0,0.0,0.0,0.0,-0.2857142857142857,3.16,-0.32,-0.125,-0.3333333333333333,4.166666666666667,1.6666666666666667,-0.019417475728155338,-0.2857142857142857,1.7142857142857142,0.3333333333333333,0.3333333333333333,-0.42857142857142855,1.3333333333333333,0.3333333333333333,0.8,0.8333333333333334,0.4,0.2,0.8571428571428571,0.2,-0.17777777777777778,0.8333333333333334,-0.5,0.5714285714285714,-0.2857142857142857,0.0,-0.14285714285714285,-0.4,0.0,-0.25,0.2857142857142857,1.5,0.42857142857142855,0.0,-0.3333333333333333,-0.2857142857142857,-0.08333333333333333,0.5714285714285714,-0.2857142857142857,0.5714285714285714,0.0,-0.3333333333333333,1.8333333333333333,-0.14285714285714285,0.42857142857142855,1.2727272727272727,3.142857142857143,1.5,-0.16666666666666666,0.16666666666666666,0.5454545454545454,0.8888888888888888,-0.3333333333333333,0.8333333333333334,1.5555555555555556,-0.48,-0.3333333333333333,1.0,-0.25,0.3333333333333333,0.8571428571428571,-0.056338028169014086,-0.5,0.6666666666666666,0.3333333333333333
117,3.2857142857142856,-0.5,-0.42857142857142855,0.5,1.0,0.19047619047619047,0.0,-0.2,-0.16666666666666666,1.7142857142857142,1.1428571428571428,-0.3333333333333333,0.16666666666666666,4.0,0.16666666666666666,0.0,0.0,-0.16666666666666666,5.857142857142857,-0.26666666666666666,-0.2857142857142857,1.5714285714285714,4.833333333333333,-0.3333333333333333,0.1,-0.5,-0.5,-0.05859375,1.5,0.5714285714285714,0.5714285714285714,1.5,1.8,0.16666666666666666,0.14285714285714285,6.24,1.28,-0.125,0.5,-0.3333333333333333,-0.5,-0.04854368932038835,0.0,0.42857142857142855,-0.3333333333333333,1.1666666666666667,-0.42857142857142855,0.0,0.16666666666666666,0.2,0.3333333333333333,-0.3,-0.6,0.14285714285714285,0.3,0.26666666666666666,-0.16666666666666666,0.8333333333333334,0.19047619047619047,-0.2857142857142857,0.2857142857142857,-0.42857142857142855,0.2,-0.5,-0.375,-0.14285714285714285,0.0,1.5714285714285714,-0.3333333333333333,-0.3333333333333333,-0.2857142857142857,-0.08333333333333333,0.42857142857142855,-0.2857142857142857,2.2857142857142856,-0.3333333333333333,0.16666666666666666,-0.5,0.42857142857142855,0.8571428571428571,2.3636363636363638,1.1428571428571428,0.0,-0.3333333333333333,0.3333333333333333,-0.2727272727272727,0.5555555555555556,1.5,3.6666666666666665,-0.3333333333333333,-0.32,-0.3333333333333333,0.16666666666666666,-0.3333333333333333,1.6666666666666667,-0.14285714285714285,-0.09389671361502347,0.0,-0.16666666666666666,-0.16666666666666666
118,1.8571428571428572,-0.5,0.42857142857142855,0.3333333333333333,0.0,-0.5714285714285714,-0.42857142857142855,0.2,0.16666666666666666,2.142857142857143,-0.42857142857142855,0.5,0.6666666666666666,0.0,2.6666666666666665,0.14285714285714285,-0.14285714285714285,0.5,-0.14285714285714285,-0.35555555555555557,-0.42857142857142855,-0.42857142857142855,2.6666666666666665,1.0,0.6,-0.3333333333333333,0.0,-0.02734375,-0.16666666666666666,-0.42857142857142855,-0.2857142857142857,0.0,-0.6,0.6666666666666666,-0.2857142857142857,6.64,3.84,0.125,-0.5,-0.3333333333333333,3.3333333333333335,0.07766990291262135,-0.2857142857142857,-0.42857142857142855,-0.5,-0.16666666666666666,0.14285714285714285,0.0,-0.16666666666666666,0.4,1.6666666666666667,-0.3,-0.2,-0.42857142857142855,0.1,1.2444444444444445,1.3333333333333333,-0.16666666666666666,-0.19047619047619047,5.142857142857143,-0.42857142857142855,0.2857142857142857,-0.2,-0.5,-0.375,-0.14285714285714285,1.1666666666666667,-0.42857142857142855,0.0,-0.3333333333333333,0.5714285714285714,1.5,-0.2857142857142857,0.2857142857142857,0.42857142857142855,0.16666666666666666,0.16666666666666666,0.3333333333333333,-0.14285714285714285,0.42857142857142855,0.6363636363636364,0.8571428571428571,-0.16666666666666666,0.0,0.6666666666666666,-0.2727272727272727,-0.2222222222222222,-0.16666666666666666,0.16666666666666666,0.2222222222222222,1.76,-0.3333333333333333,0.0,-0.25,0.3333333333333333,0.14285714285714285,0.15023474178403756,0.3333333333333333,-0.16666666666666666,-0.3333333333333333
119,-0.2857142857142857,0.8333333333333334,0.0,-0.3333333333333333,1.1666666666666667,-0.38095238095238093,0.0,0.8,0.16666666666666666,0.5714285714285714,-0.2857142857142857,-0.5,-0.16666666666666666,0.6666666666666666,-0.5,-0.2857142857142857,-0.2857142857142857,-0.3333333333333333,-0.2857142857142857,-0.08888888888888889,-0.2857142857142857,2.0,-0.3333333333333333,0.0,-0.3,-0.3333333333333333,-0.5,-0.08203125,0.0,-0.42857142857142855,1.2857142857142858,-0.5,-0.4,0.0,0.5714285714285714,5.68,-0.32,2.0,-0.3333333333333333,0.3333333333333333,1.1666666666666667,-0.05825242718446602,-0.2857142857142857,-0.14285714285714285,-0.3333333333333333,-0.3333333333333333,-0.42857142857142855,-0.16666666666666666,1.0,1.6,3.0,-0.2,0.0,1.0,0.0,-0.17777777777777778,0.3333333333333333,0.16666666666666666,-0.5714285714285714,-0.2857142857142857,-0.42857142857142855,-0.42857142857142855,-0.2,0.5,0.25,0.14285714285714285,-0.3333333333333333,-0.42857142857142855,0.0,2.3333333333333335,0.42857142857142855,-0.08333333333333333,-0.2857142857142857,-0.2857142857142857,0.14285714285714285,1.5,0.0,0.6666666666666666,-0.14285714285714285,0.0,-0.2727272727272727,0.0,1.3333333333333333,2.1666666666666665,0.5,-0.2727272727272727,0.0,-0.3333333333333333,1.0,-0.3333333333333333,0.0,0.0,-0.16666666666666666,-0.3333333333333333,2.1666666666666665,1.8571428571428572,0.24413145539906103,0.5,1.3333333333333333,0.16666666666666666
120,0.5714285714285714,-0.5,0.14285714285714285,0.5,-0.16666666666666666,3.0476190476190474,1.0,-0.2,-0.16666666666666666,-0.42857142857142855,0.14285714285714285,0.6666666666666666,2.6666666666666665,1.0,-0.3333333333333333,0.5714285714285714,0.14285714285714285,0.5,0.0,0.08888888888888889,1.7142857142857142,0.0,0.3333333333333333,0.8333333333333334,-0.2,-0.5,1.0,-0.08984375,-0.3333333333333333,-0.14285714285714285,-0.14285714285714285,-0.3333333333333333,-0.4,0.0,-0.2857142857142857,4.12,0.0,1.375,4.0,-0.3333333333333333,0.8333333333333334,-0.06796116504854369,0.0,0.42857142857142855,0.8333333333333334,-0.3333333333333333,-0.14285714285714285,-0.16666666666666666,1.5,2.4,-0.16666666666666666,-0.2,2.4,1.0,0.6,-0.35555555555555557,0.0,-0.5,0.0,-0.2857142857142857,0.8571428571428571,0.8571428571428571,0.0,0.0,-0.125,-0.2857142857142857,-0.3333333333333333,2.2857142857142856,0.3333333333333333,-0.16666666666666666,0.2857142857142857,-0.25,-0.2857142857142857,-0.2857142857142857,-0.42857142857142855,-0.3333333333333333,0.25,1.3333333333333333,0.14285714285714285,0.14285714285714285,0.36363636363636365,0.14285714285714285,-0.3333333333333333,-0.16666666666666666,0.0,0.7272727272727273,-0.3333333333333333,0.5,0.16666666666666666,-0.2222222222222222,-0.48,0.5,-0.5,0.5,0.16666666666666666,0.2857142857142857,-0.09389671361502347,1.6666666666666667,-0.3333333333333333,-0.3333333333333333
121,-0.2857142857142857,1.5,-0.14285714285714285,0.0,0.0,0.19047619047619047,0.5714285714285714,0.4,-0.3333333333333333,0.8571428571428571,-0.2857142857142857,-0.16666666666666666,2.6666666666666665,-0.16666666666666666,-0.5,1.7142857142857142,-0.2857142857142857,2.0,-0.2857142857142857,0.7111111111111111,0.2857142857142857,-0.2857142857142857,-0.3333333333333333,-0.3333333333333333,-0.1,-0.3333333333333333,0.0,-0.08203125,1.8333333333333333,0.7142857142857143,1.0,0.0,-0.6,-0.5,0.7142857142857143,4.08,-0.32,0.0,0.0,0.0,-0.3333333333333333,-0.05825242718446602,0.42857142857142855,-0.42857142857142855,0.0,0.0,-0.42857142857142855,0.6666666666666666,0.0,0.0,0.16666666666666666,-0.3,-0.6,-0.42857142857142855,-0.3,-0.35555555555555557,0.6666666666666666,0.16666666666666666,0.0,-0.2857142857142857,-0.14285714285714285,0.0,-0.6,0.6666666666666666,-0.25,0.0,-0.16666666666666666,0.2857142857142857,0.16666666666666666,0.3333333333333333,0.14285714285714285,-0.08333333333333333,-0.2857142857142857,0.0,-0.42857142857142855,-0.3333333333333333,-0.3333333333333333,2.3333333333333335,0.14285714285714285,0.0,0.7272727272727273,-0.2857142857142857,0.0,0.5,-0.16666666666666666,-0.09090909090909091,0.0,-0.3333333333333333,-0.16666666666666666,0.7777777777777778,-0.16,-0.16666666666666666,-0.16666666666666666,-0.25,-0.16666666666666666,-0.2857142857142857,0.0,0.3333333333333333,-0.3333333333333333,2.8333333333333335
122,-0.14285714285714285,1.5,0.0,-0.3333333333333333,0.8333333333333334,-0.38095238095238093,-0.14285714285714285,0.0,0.5,0.14285714285714285,-0.42857142857142855,1.5,-0.3333333333333333,-0.5,0.8333333333333334,1.1428571428571428,0.5714285714285714,-0.3333333333333333,0.8571428571428571,-0.17777777777777778,-0.14285714285714285,-0.42857142857142855,-0.16666666666666666,0.16666666666666666,1.6,0.0,1.1666666666666667,-0.07421875,-0.3333333333333333,-0.42857142857142855,0.0,-0.3333333333333333,1.6,0.0,-0.2857142857142857,7.24,-0.16,0.625,0.16666666666666666,0.3333333333333333,-0.3333333333333333,-0.04854368932038835,-0.2857142857142857,-0.2857142857142857,1.0,-0.3333333333333333,-0.2857142857142857,-0.5,-0.3333333333333333,-0.2,-0.16666666666666666,0.2,0.8,-0.42857142857142855,-0.3,-0.26666666666666666,0.0,0.16666666666666666,-0.5714285714285714,0.42857142857142855,2.142857142857143,-0.14285714285714285,-0.6,-0.5,-0.25,1.5714285714285714,0.0,0.7142857142857143,-0.3333333333333333,0.3333333333333333,-0.2857142857142857,-0.08333333333333333,0.7142857142857143,0.0,1.1428571428571428,-0.3333333333333333,-0.3333333333333333,-0.16666666666666666,0.42857142857142855,0.8571428571428571,-0.36363636363636365,0.14285714285714285,0.0,0.16666666666666666,1.0,-0.09090909090909091,0.2222222222222222,0.16666666666666666,0.16666666666666666,-0.3333333333333333,0.16,-0.3333333333333333,-0.3333333333333333,-0.3333333333333333,-0.3333333333333333,0.5714285714285714,-0.07511737089201878,-0.5,2.3333333333333335,-0.3333333333333333
123,0.0,0.6666666666666666,2.5714285714285716,-0.16666666666666666,1.0,1.5238095238095237,0.7142857142857143,2.8,-0.3333333333333333,-0.2857142857142857,0.2857142857142857,-0.5,0.8333333333333334,-0.16666666666666666,2.8333333333333335,1.0,-0.2857142857142857,-0.16666666666666666,-0.2857142857142857,-0.26666666666666666,0.5714285714285714,2.857142857142857,-0.3333333333333333,0.16666666666666666,0.9,-0.5,-0.5,-0.05078125,0.0,-0.42857142857142855,-0.2857142857142857,0.0,-0.6,-0.3333333333333333,0.42857142857142855,3.04,0.96,1.25,0.3333333333333333,1.5,-0.5,-0.009708737864077669,0.14285714285714285,0.14285714285714285,0.0,1.0,0.8571428571428571,-0.5,-0.16666666666666666,1.0,-0.3333333333333333,0.5,-0.2,-0.42857142857142855,-0.3,-0.26666666666666666,1.1666666666666667,0.6666666666666666,2.0952380952380953,0.7142857142857143,-0.14285714285714285,0.42857142857142855,-0.6,0.3333333333333333,-0.125,0.5714285714285714,0.5,0.14285714285714285,-0.16666666666666666,-0.5,-0.2857142857142857,1.0833333333333333,-0.2857142857142857,1.8571428571428572,-0.2857142857142857,-0.3333333333333333,-0.16666666666666666,0.3333333333333333,-0.2857142857142857,-0.42857142857142855,0.36363636363636365,1.7142857142857142,-0.3333333333333333,-0.3333333333333333,-0.3333333333333333,0.0,-0.3333333333333333,-0.3333333333333333,0.5,0.3333333333333333,-0.48,-0.3333333333333333,0.0,0.16666666666666666,-0.16666666666666666,-0.2857142857142857,0.8450704225352113,0.8333333333333334,1.8333333333333333,-0.16666666666666666
124,1.8571428571428572,-0.3333333333333333,2.142857142857143,0.0,-0.5,-0.5714285714285714,1.1428571428571428,1.4,-0.16666666666666666,-0.14285714285714285,-0.42857142857142855,0.5,1.1666666666666667,0.3333333333333333,-0.3333333333333333,0.14285714285714285,0.7142857142857143,0.3333333333333333,-0.2857142857142857,0.5333333333333333,0.7142857142857143,-0.2857142857142857,0.0,0.3333333333333333,-0.3,-0.5,0.16666666666666666,0.02734375,1.6666666666666667,-0.42857142857142855,-0.2857142857142857,1.1666666666666667,0.0,0.16666666666666666,0.0,3.08,0.16,1.0,1.8333333333333333,-0.16666666666666666,0.16666666666666666,-0.06796116504854369,-0.14285714285714285,0.8571428571428571,0.6666666666666666,1.3333333333333333,-0.42857142857142855,0.0,-0.3333333333333333,0.0,1.3333333333333333,1.0,0.0,-0.14285714285714285,-0.2,0.5333333333333333,-0.3333333333333333,-0.3333333333333333,-0.5714285714285714,1.5714285714285714,0.5714285714285714,0.0,4.0,0.16666666666666666,-0.125,0.2857142857142857,0.8333333333333334,-0.14285714285714285,0.0,0.16666666666666666,-0.2857142857142857,1.0,0.2857142857142857,1.1428571428571428,0.7142857142857143,0.0,-0.16666666666666666,-0.16666666666666666,0.42857142857142855,-0.42857142857142855,-0.36363636363636365,-0.14285714285714285,0.8333333333333334,0.5,0.5,0.5454545454545454,-0.1111111111111111,0.5,-0.5,-0.1111111111111111,0.8,-0.3333333333333333,0.6666666666666666,-0.16666666666666666,-0.3333333333333333,1.1428571428571428,-0.018779342723004695,-0.3333333333333333,0.8333333333333334,-0.3333333333333333
125,-0.2857142857142857,-0.16666666666666666,-0.2857142857142857,-0.3333333333333333,0.0,1.3333333333333333,-0.14285714285714285,-0.4,0.8333333333333334,-0.42857142857142855,-0.42857142857142855,-0.5,-0.3333333333333333,1.1666666666666667,1.5,0.2857142857142857,-0.2857142857142857,0.8333333333333334,-0.2857142857142857,-0.35555555555555557,-0.42857142857142855,0.7142857142857143,-0.16666666666666666,-0.3333333333333333,-0.1,-0.3333333333333333,-0.3333333333333333,-0.08984375,-0.3333333333333333,-0.42857142857142855,0.14285714285714285,1.1666666666666667,-0.6,-0.3333333333333333,-0.2857142857142857,5.72,2.08,1.5,2.5,0.16666666666666666,0.3333333333333333,-0.05825242718446602,0.2857142857142857,0.2857142857142857,-0.3333333333333333,0.0,-0.42857142857142855,-0.5,0.16666666666666666,0.0,0.3333333333333333,0.2,2.2,-0.42857142857142855,3.6,0.08888888888888889,-0.3333333333333333,-0.5,0.5714285714285714,1.4285714285714286,0.5714285714285714,-0.42857142857142855,-0.6,1.3333333333333333,-0.375,0.5714285714285714,-0.3333333333333333,0.0,0.16666666666666666,-0.3333333333333333,2.857142857142857,0.08333333333333333,1.0,-0.14285714285714285,2.0,-0.16666666666666666,-0.3333333333333333,-0.5,0.5714285714285714,0.0,-0.36363636363636365,-0.2857142857142857,1.8333333333333333,0.3333333333333333,-0.3333333333333333,0.09090909090909091,0.2222222222222222,1.3333333333333333,-0.16666666666666666,0.0,0.48,4.0,0.8333333333333334,-0.25,-0.16666666666666666,1.1428571428571428,-0.09389671361502347,-0.5,-0.3333333333333333,-0.3333333333333333
126,-0.14285714285714285,0.3333333333333333,-0.42857142857142855,0.3333333333333333,-0.5,-0.5714285714285714,2.0,-0.2,0.3333333333333333,-0.2857142857142857,0.0,-0.3333333333333333,1.3333333333333333,-0.5,1.1666666666666667,-0.14285714285714285,0.14285714285714285,0.3333333333333333,2.7142857142857144,-0.26666666666666666,1.7142857142857142,1.1428571428571428,-0.3333333333333333,0.0,-0.3,-0.3333333333333333,0.3333333333333333,-0.03515625,-0.3333333333333333,-0.42857142857142855,0.0,-0.16666666666666666,0.2,0.16666666666666666,-0.14285714285714285,3.96,-0.16,0.75,0.5,0.0,0.16666666666666666,-0.04854368932038835,1.5714285714285714,1.7142857142857142,-0.3333333333333333,-0.3333333333333333,-0.42857142857142855,-0.5,-0.16666666666666666,-0.6,1.5,-0.3,-0.6,-0.2857142857142857,-0.1,-0.35555555555555557,0.16666666666666666,-0.5,-0.5714285714285714,3.142857142857143,-0.42857142857142855,-0.42857142857142855,-0.2,-0.3333333333333333,0.0,-0.2857142857142857,0.3333333333333333,-0.2857142857142857,-0.16666666666666666,-0.5,-0.2857142857142857,-0.25,-0.2857142857142857,1.4285714285714286,-0.2857142857142857,0.16666666666666666,-0.25,-0.16666666666666666,0.8571428571428571,2.2857142857142856,-0.36363636363636365,-0.14285714285714285,0.0,0.0,0.5,-0.18181818181818182,-0.1111111111111111,-0.3333333333333333,-0.5,-0.3333333333333333,0.32,0.16666666666666666,0.0,-0.08333333333333333,0.0,0.5714285714285714,-0.09389671361502347,0.0,0.8333333333333334,-0.16666666666666666
127,-0.42857142857142855,-0.3333333333333333,0.0,0.5,-0.3333333333333333,3.238095238095238,-0.42857142857142855,0.2,-0.16666666666666666,2.4285714285714284,-0.42857142857142855,1.0,3.1666666666666665,2.8333333333333335,-0.3333333333333333,-0.42857142857142855,0.0,-0.16666666666666666,0.0,0.0,-0.42857142857142855,1.8571428571428572,-0.3333333333333333,-0.16666666666666666,-0.3,-0.5,0.3333333333333333,-0.08984375,2.3333333333333335,1.4285714285714286,0.14285714285714285,0.16666666666666666,1.0,-0.5,1.0,6.64,0.96,1.5,0.0,1.0,-0.16666666666666666,0.04854368932038835,2.7142857142857144,0.42857142857142855,0.0,-0.3333333333333333,-0.42857142857142855,-0.16666666666666666,2.8333333333333335,-0.6,-0.3333333333333333,0.2,0.4,0.42857142857142855,-0.3,-0.35555555555555557,0.0,-0.5,2.857142857142857,-0.2857142857142857,-0.42857142857142855,-0.14285714285714285,-0.6,0.3333333333333333,-0.375,-0.14285714285714285,-0.3333333333333333,-0.42857142857142855,0.16666666666666666,-0.5,-0.2857142857142857,-0.25,2.2857142857142856,0.0,0.0,-0.3333333333333333,0.5833333333333334,-0.5,-0.14285714285714285,-0.14285714285714285,-0.36363636363636365,-0.2857142857142857,5.833333333333333,-0.16666666666666666,1.6666666666666667,-0.36363636363636365,-0.3333333333333333,-0.3333333333333333,-0.16666666666666666,-0.3333333333333333,1.92,0.0,2.6666666666666665,-0.3333333333333333,0.6666666666666666,-0.2857142857142857,-0.018779342723004695,0.6666666666666666,0.0,-0.3333333333333333
128,-0.14285714285714285,-0.3333333333333333,1.5714285714285714,0.16666666666666666,-0.5,1.5238095238095237,-0.14285714285714285,0.2,0.3333333333333333,0.42857142857142855,0.5714285714285714,-0.3333333333333333,1.3333333333333333,-0.3333333333333333,-0.3333333333333333,1.1428571428571428,0.14285714285714285,-0.3333333333333333,1.4285714285714286,0.5333333333333333,1.1428571428571428,-0.2857142857142857,-0.16666666666666666,-0.3333333333333333,0.1,0.0,-0.5,-0.05078125,-0.16666666666666666,-0.2857142857142857,1.4285714285714286,-0.5,-0.6,0.5,-0.14285714285714285,6.64,0.96,0.375,-0.5,0.0,0.3333333333333333,-0.02912621359223301,1.1428571428571428,-0.2857142857142857,1.1666666666666667,0.3333333333333333,-0.42857142857142855,-0.3333333333333333,2.0,-0.4,0.5,-0.3,1.0,0.14285714285714285,0.1,0.0,0.5,0.16666666666666666,1.3333333333333333,-0.2857142857142857,0.14285714285714285,-0.2857142857142857,-0.6,-0.5,1.75,0.2857142857142857,-0.3333333333333333,0.0,-0.3333333333333333,-0.3333333333333333,0.14285714285714285,0.08333333333333333,0.5714285714285714,0.42857142857142855,-0.2857142857142857,-0.3333333333333333,0.0,2.5,-0.14285714285714285,-0.42857142857142855,0.09090909090909091,0.42857142857142855,2.6666666666666665,-0.16666666666666666,-0.16666666666666666,-0.09090909090909091,-0.3333333333333333,-0.3333333333333333,-0.5,-0.2222222222222222,-0.16,-0.3333333333333333,-0.5,-0.16666666666666666,-0.3333333333333333,-0.42857142857142855,0.20657276995305165,1.1666666666666667,1.6666666666666667,0.3333333333333333
129,-0.14285714285714285,-0.5,0.0,-0.16666666666666666,-0.16666666666666666,1.3333333333333333,1.7142857142857142,1.0,-0.16666666666666666,0.0,-0.14285714285714285,-0.5,0.8333333333333334,-0.5,-0.16666666666666666,0.0,-0.2857142857142857,0.16666666666666666,-0.14285714285714285,-0.35555555555555557,-0.2857142857142857,1.4285714285714286,-0.16666666666666666,0.16666666666666666,2.1,1.8333333333333333,1.3333333333333333,-0.00390625,1.6666666666666667,-0.42857142857142855,1.1428571428571428,2.0,-0.4,-0.5,0.8571428571428571,7.6,-0.32,0.0,-0.3333333333333333,0.3333333333333333,-0.16666666666666666,-0.04854368932038835,-0.2857142857142857,-0.42857142857142855,-0.3333333333333333,-0.3333333333333333,-0.42857142857142855,-0.3333333333333333,0.6666666666666666,1.2,-0.3333333333333333,0.4,-0.2,-0.42857142857142855,-0.2,0.35555555555555557,-0.16666666666666666,-0.5,-0.5714285714285714,-0.2857142857142857,0.14285714285714285,0.5714285714285714,-0.2,0.8333333333333334,1.875,0.5714285714285714,0.0,-0.2857142857142857,0.0,-0.3333333333333333,0.42857142857142855,0.0,-0.2857142857142857,0.7142857142857143,0.7142857142857143,3.0,-0.25,-0.3333333333333333,-0.2857142857142857,0.14285714285714285,-0.09090909090909091,-0.14285714285714285,0.5,3.1666666666666665,-0.16666666666666666,-0.2727272727272727,0.4444444444444444,-0.3333333333333333,1.5,-0.1111111111111111,-0.48,-0.3333333333333333,-0.16666666666666666,0.08333333333333333,0.6666666666666666,-0.42857142857142855,-0.09389671361502347,-0.5,0.6666666666666666,1.3333333333333333
130,0.7142857142857143,-0.3333333333333333,0.8571428571428571,0.0,-0.5,1.7142857142857142,2.2857142857142856,1.0,0.3333333333333333,0.2857142857142857,-0.14285714285714285,-0.3333333333333333,-0.16666666666666666,0.3333333333333333,-0.16666666666666666,-0.42857142857142855,0.8571428571428571,-0.16666666666666666,-0.2857142857142857,0.0,-0.42857142857142855,-0.42857142857142855,-0.16666666666666666,0.0,-0.2,-0.5,4.0,-0.07421875,0.8333333333333334,1.8571428571428572,0.2857142857142857,-0.3333333333333333,1.2,-0.3333333333333333,0.14285714285714285,4.72,0.0,-0.125,0.3333333333333333,-0.3333333333333333,-0.5,-0.05825242718446602,-0.2857142857142857,-0.2857142857142857,-0.16666666666666666,-0.16666666666666666,-0.42857142857142855,0.6666666666666666,1.5,-0.4,1.3333333333333333,-0.2,2.6,-0.2857142857142857,0.5,0.0,0.0,2.0,0.7619047619047619,0.7142857142857143,4.0,0.0,-0.4,0.8333333333333334,-0.375,-0.14285714285714285,0.16666666666666666,-0.42857142857142855,0.16666666666666666,0.6666666666666666,-0.14285714285714285,0.08333333333333333,0.0,0.0,1.5714285714285714,-0.3333333333333333,-0.3333333333333333,0.8333333333333334,2.0,-0.42857142857142855,-0.09090909090909091,-0.14285714285714285,-0.3333333333333333,1.1666666666666667,-0.3333333333333333,0.45454545454545453,-0.1111111111111111,0.3333333333333333,1.6666666666666667,-0.3333333333333333,0.96,-0.3333333333333333,-0.3333333333333333,0.0,-0.3333333333333333,-0.14285714285714285,0.09389671361502347,1.6666666666666667,-0.3333333333333333,-0.3333333333333333
131,-0.42857142857142855,0.0,0.8571428571428571,-0.16666666666666666,-0.16666666666666666,0.38095238095238093,0.42857142857142855,0.6,-0.16666666666666666,0.14285714285714285,0.7142857142857143,4.166666666666667,2.0,-0.5,0.6666666666666666,0.8571428571428571,1.4285714285714286,3.8333333333333335,-0.2857142857142857,0.35555555555555557,-0.14285714285714285,0.0,0.3333333333333333,0.16666666666666666,0.7,-0.5,0.5,-0.08203125,2.5,-0.2857142857142857,4.0,3.0,2.8,1.8333333333333333,2.4285714285714284,5.56,1.44,0.5,0.5,1.3333333333333333,-0.3333333333333333,-0.05825242718446602,1.8571428571428572,0.2857142857142857,0.5,-0.3333333333333333,-0.2857142857142857,1.0,-0.3333333333333333,0.0,0.0,-0.2,0.6,-0.14285714285714285,-0.3,0.08888888888888889,0.0,0.0,0.7619047619047619,2.857142857142857,0.0,-0.2857142857142857,0.0,0.16666666666666666,-0.375,0.0,0.5,-0.42857142857142855,-0.3333333333333333,0.0,0.2857142857142857,-0.25,1.4285714285714286,0.42857142857142855,-0.42857142857142855,-0.3333333333333333,-0.08333333333333333,-0.16666666666666666,-0.2857142857142857,-0.2857142857142857,-0.36363636363636365,2.7142857142857144,-0.3333333333333333,0.5,0.0,0.45454545454545453,0.4444444444444444,0.6666666666666666,1.0,-0.2222222222222222,-0.48,0.16666666666666666,3.0,-0.08333333333333333,1.1666666666666667,7.571428571428571,-0.03755868544600939,-0.3333333333333333,-0.16666666666666666,0.16666666666666666
132,-0.42857142857142855,-0.3333333333333333,0.42857142857142855,-0.16666666666666666,0.0,0.0,-0.14285714285714285,0.2,1.3333333333333333,0.7142857142857143,1.0,2.1666666666666665,-0.16666666666666666,0.6666666666666666,0.0,1.0,2.0,0.5,-0.2857142857142857,0.17777777777777778,1.8571428571428572,-0.42857142857142855,0.0,-0.3333333333333333,-0.3,0.3333333333333333,-0.3333333333333333,-0.08984375,-0.16666666666666666,0.2857142857142857,-0.14285714285714285,0.0,0.8,1.3333333333333333,0.2857142857142857,4.0,3.04,0.0,-0.3333333333333333,0.3333333333333333,0.0,0.0,0.5714285714285714,0.0,0.5,0.16666666666666666,0.42857142857142855,-0.16666666666666666,3.3333333333333335,3.6,-0.3333333333333333,-0.2,0.4,0.5714285714285714,-0.3,-0.17777777777777778,0.3333333333333333,0.5,-0.19047619047619047,-0.2857142857142857,0.2857142857142857,-0.42857142857142855,0.2,-0.3333333333333333,-0.125,0.8571428571428571,2.8333333333333335,0.5714285714285714,0.8333333333333334,-0.16666666666666666,-0.14285714285714285,-0.16666666666666666,0.14285714285714285,-0.2857142857142857,1.7142857142857142,1.1666666666666667,-0.08333333333333333,-0.5,2.4285714285714284,0.2857142857142857,-0.36363636363636365,-0.2857142857142857,0.16666666666666666,0.16666666666666666,0.16666666666666666,0.18181818181818182,-0.3333333333333333,-0.16666666666666666,-0.16666666666666666,0.6666666666666666,0.16,-0.16666666666666666,1.0,-0.08333333333333333,0.8333333333333334,-0.2857142857142857,0.018779342723004695,-0.5,1.1666666666666667,-0.16666666666666666
133,-0.2857142857142857,-0.5,-0.42857142857142855,-0.3333333333333333,3.6666666666666665,0.38095238095238093,1.5714285714285714,-0.2,2.6666666666666665,0.5714285714285714,-0.2857142857142857,0.3333333333333333,-0.16666666666666666,0.0,1.3333333333333333,-0.42857142857142855,0.0,0.0,1.7142857142857142,0.5333333333333333,-0.42857142857142855,2.142857142857143,4.0,1.0,-0.3,-0.5,2.3333333333333335,-0.03515625,0.16666666666666666,0.14285714285714285,-0.14285714285714285,1.3333333333333333,-0.6,1.0,-0.14285714285714285,2.72,0.0,1.0,-0.16666666666666666,0.6666666666666666,-0.3333333333333333,-0.04854368932038835,0.14285714285714285,-0.2857142857142857,-0.3333333333333333,0.3333333333333333,-0.2857142857142857,1.3333333333333333,0.0,0.4,-0.3333333333333333,-0.3,2.6,0.42857142857142855,0.0,1.7777777777777777,0.3333333333333333,1.5,-0.38095238095238093,-0.14285714285714285,1.0,0.14285714285714285,1.2,-0.3333333333333333,0.75,0.0,-0.3333333333333333,-0.14285714285714285,0.16666666666666666,2.1666666666666665,0.0,0.9166666666666666,0.7142857142857143,0.0,-0.2857142857142857,1.1666666666666667,1.1666666666666667,-0.3333333333333333,0.7142857142857143,1.7142857142857142,-0.18181818181818182,0.2857142857142857,0.0,0.0,-0.16666666666666666,0.09090909090909091,-0.1111111111111111,-0.3333333333333333,-0.16666666666666666,0.4444444444444444,2.24,0.0,0.5,-0.25,1.5,0.2857142857142857,-0.03755868544600939,-0.3333333333333333,-0.16666666666666666,0.16666666666666666
134,-0.2857142857142857,2.1666666666666665,2.2857142857142856,-0.16666666666666666,-0.3333333333333333,0.0,-0.2857142857142857,-0.4,1.1666666666666667,-0.42857142857142855,1.4285714285714286,2.1666666666666665,3.1666666666666665,-0.16666666666666666,-0.16666666666666666,-0.42857142857142855,0.2857142857142857,2.0,-0.2857142857142857,0.26666666666666666,0.8571428571428571,1.0,1.6666666666666667,-0.3333333333333333,-0.3,-0.16666666666666666,2.1666666666666665,0.07421875,-0.5,0.7142857142857143,1.2857142857142858,-0.5,-0.2,0.5,1.0,4.08,0.48,0.0,0.0,0.5,-0.3333333333333333,-0.05825242718446602,3.5714285714285716,0.7142857142857143,3.0,-0.16666666666666666,1.1428571428571428,-0.5,0.16666666666666666,-0.2,0.5,-0.2,0.6,0.0,-0.3,-0.17777777777777778,0.6666666666666666,-0.5,0.9523809523809523,-0.2857142857142857,-0.42857142857142855,2.4285714285714284,2.2,-0.5,-0.375,-0.2857142857142857,0.6666666666666666,0.2857142857142857,-0.16666666666666666,-0.16666666666666666,-0.2857142857142857,-0.25,0.42857142857142855,-0.2857142857142857,-0.42857142857142855,0.16666666666666666,1.0,-0.3333333333333333,-0.14285714285714285,0.5714285714285714,-0.18181818181818182,-0.2857142857142857,2.0,0.0,-0.3333333333333333,-0.18181818181818182,-0.1111111111111111,0.8333333333333334,-0.16666666666666666,-0.3333333333333333,0.0,-0.3333333333333333,-0.16666666666666666,0.4166666666666667,0.0,0.7142857142857143,-0.09389671361502347,-0.5,-0.3333333333333333,1.0
135,-0.2857142857142857,2.5,-0.14285714285714285,-0.3333333333333333,0.16666666666666666,0.5714285714285714,-0.14285714285714285,0.0,-0.3333333333333333,1.4285714285714286,0.14285714285714285,-0.3333333333333333,0.0,-0.5,3.3333333333333335,0.8571428571428571,-0.2857142857142857,-0.16666666666666666,0.5714285714285714,-0.26666666666666666,0.8571428571428571,0.2857142857142857,0.6666666666666666,0.8333333333333334,0.0,-0.5,-0.5,-0.01953125,2.5,-0.2857142857142857,2.0,0.0,0.2,0.0,0.0,4.48,-0.16,1.0,1.0,3.6666666666666665,-0.5,-0.05825242718446602,-0.2857142857142857,0.0,-0.5,0.5,-0.2857142857142857,0.3333333333333333,0.6666666666666666,0.0,3.0,0.2,-0.4,-0.14285714285714285,-0.2,-0.26666666666666666,0.16666666666666666,-0.3333333333333333,-0.19047619047619047,0.7142857142857143,4.714285714285714,-0.42857142857142855,1.0,-0.3333333333333333,-0.375,-0.14285714285714285,-0.3333333333333333,-0.14285714285714285,1.5,-0.16666666666666666,0.7142857142857143,-0.25,0.14285714285714285,-0.2857142857142857,-0.2857142857142857,-0.3333333333333333,0.0,1.5,1.4285714285714286,0.2857142857142857,0.09090909090909091,0.42857142857142855,0.5,2.0,0.5,-0.18181818181818182,0.1111111111111111,0.6666666666666666,-0.16666666666666666,-0.3333333333333333,-0.48,-0.16666666666666666,-0.5,0.8333333333333334,0.16666666666666666,0.14285714285714285,-0.018779342723004695,0.16666666666666666,0.16666666666666666,2.3333333333333335
136,-0.42857142857142855,0.16666666666666666,0.14285714285714285,0.8333333333333334,0.0,-0.5714285714285714,-0.42857142857142855,-0.4,-0.3333333333333333,0.5714285714285714,-0.2857142857142857,-0.16666666666666666,3.5,2.1666666666666665,-0.3333333333333333,-0.14285714285714285,0.0,0.0,1.0,-0.26666666666666666,-0.42857142857142855,0.0,0.8333333333333334,-0.3333333333333333,-0.3,-0.3333333333333333,-0.16666666666666666,-0.07421875,0.6666666666666666,0.14285714285714285,-0.2857142857142857,-0.5,0.0,2.6666666666666665,-0.2857142857142857,5.24,0.48,-0.125,0.0,0.0,-0.5,-0.06796116504854369,0.0,2.4285714285714284,-0.5,-0.3333333333333333,-0.42857142857142855,-0.3333333333333333,0.8333333333333334,-0.4,0.0,-0.2,-0.6,0.2857142857142857,-0.3,0.0,3.8333333333333335,-0.3333333333333333,-0.5714285714285714,3.4285714285714284,2.5714285714285716,0.14285714285714285,0.8,-0.16666666666666666,0.375,0.0,0.8333333333333334,0.2857142857142857,-0.3333333333333333,-0.5,-0.14285714285714285,-0.25,-0.14285714285714285,-0.14285714285714285,1.1428571428571428,0.5,-0.3333333333333333,2.8333333333333335,0.0,1.7142857142857142,1.9090909090909092,-0.2857142857142857,-0.16666666666666666,-0.16666666666666666,0.8333333333333334,-0.2727272727272727,1.1111111111111112,1.1666666666666667,-0.3333333333333333,-0.3333333333333333,-0.16,0.0,-0.5,0.75,0.0,-0.42857142857142855,0.03755868544600939,0.3333333333333333,-0.3333333333333333,1.1666666666666667
137,-0.14285714285714285,-0.5,0.42857142857142855,-0.16666666666666666,0.8333333333333334,-0.19047619047619047,0.7142857142857143,0.8,0.8333333333333334,-0.14285714285714285,0.2857142857142857,3.3333333333333335,-0.3333333333333333,-0.5,0.3333333333333333,0.14285714285714285,0.42857142857142855,0.0,0.5714285714285714,-0.08888888888888889,0.42857142857142855,-0.42857142857142855,0.0,0.0,0.6,0.3333333333333333,2.0,-0.04296875,0.6666666666666666,0.14285714285714285,-0.2857142857142857,0.3333333333333333,-0.4,-0.16666666666666666,-0.14285714285714285,7.04,-0.16,0.0,-0.5,1.6666666666666667,-0.16666666666666666,-0.06796116504854369,1.0,-0.14285714285714285,0.5,1.5,1.1428571428571428,1.0,-0.3333333333333333,-0.2,-0.3333333333333333,1.2,0.0,0.14285714285714285,0.0,0.17777777777777778,1.8333333333333333,-0.5,1.5238095238095237,0.14285714285714285,3.142857142857143,-0.42857142857142855,-0.6,0.6666666666666666,1.0,0.0,-0.3333333333333333,-0.42857142857142855,0.3333333333333333,-0.16666666666666666,0.0,-0.25,-0.2857142857142857,-0.14285714285714285,0.2857142857142857,-0.3333333333333333,-0.16666666666666666,0.0,1.4285714285714286,0.5714285714285714,-0.18181818181818182,-0.14285714285714285,-0.3333333333333333,-0.3333333333333333,0.16666666666666666,-0.2727272727272727,0.0,-0.3333333333333333,-0.3333333333333333,-0.3333333333333333,0.0,1.1666666666666667,-0.5,-0.08333333333333333,0.5,0.8571428571428571,-0.03755868544600939,4.5,-0.3333333333333333,2.1666666666666665
138,0.2857142857142857,-0.16666666666666666,-0.42857142857142855,0.8333333333333334,0.16666666666666666,0.7619047619047619,-0.42857142857142855,0.6,1.0,0.0,0.0,1.6666666666666667,0.8333333333333334,-0.16666666666666666,-0.5,-0.42857142857142855,1.4285714285714286,-0.3333333333333333,-0.14285714285714285,0.0,0.2857142857142857,0.8571428571428571,0.16666666666666666,1.3333333333333333,-0.1,0.6666666666666666,0.0,-0.08984375,1.3333333333333333,0.5714285714285714,-0.14285714285714285,1.3333333333333333,0.2,1.1666666666666667,-0.2857142857142857,6.76,-0.32,-0.125,-0.5,0.0,-0.3333333333333333,-0.05825242718446602,-0.2857142857142857,-0.14285714285714285,0.16666666666666666,-0.16666666666666666,2.7142857142857144,1.5,-0.3333333333333333,-0.6,-0.16666666666666666,0.0,1.0,0.0,-0.2,0.9777777777777777,2.5,-0.16666666666666666,-0.5714285714285714,-0.2857142857142857,-0.42857142857142855,-0.2857142857142857,0.2,1.3333333333333333,0.875,1.4285714285714286,-0.3333333333333333,-0.42857142857142855,-0.3333333333333333,0.16666666666666666,1.5714285714285714,-0.08333333333333333,-0.2857142857142857,-0.2857142857142857,-0.2857142857142857,-0.16666666666666666,2.8333333333333335,-0.3333333333333333,0.8571428571428571,-0.2857142857142857,-0.2727272727272727,0.0,-0.3333333333333333,-0.3333333333333333,0.0,0.0,-0.3333333333333333,0.16666666666666666,1.0,1.3333333333333333,-0.48,0.3333333333333333,-0.16666666666666666,1.6666666666666667,0.5,1.0,0.6948356807511737,-0.5,-0.16666666666666666,-0.3333333333333333
139,-0.42857142857142855,-0.5,1.1428571428571428,0.6666666666666666,0.6666666666666666,1.7142857142857142,-0.42857142857142855,0.2,-0.16666666666666666,1.2857142857142858,0.14285714285714285,0.16666666666666666,0.0,0.5,0.8333333333333334,0.7142857142857143,-0.14285714285714285,1.1666666666666667,1.1428571428571428,0.5333333333333333,-0.2857142857142857,-0.42857142857142855,1.6666666666666667,2.1666666666666665,-0.3,-0.5,0.3333333333333333,-0.02734375,1.8333333333333333,0.0,0.5714285714285714,0.0,-0.2,1.0,-0.2857142857142857,4.52,-0.16,0.0,0.0,2.0,-0.3333333333333333,-0.05825242718446602,-0.2857142857142857,0.7142857142857143,0.16666666666666666,-0.3333333333333333,1.8571428571428572,-0.5,1.0,3.2,2.3333333333333335,-0.3,-0.4,-0.42857142857142855,0.0,-0.26666666666666666,0.6666666666666666,-0.5,-0.5714285714285714,1.2857142857142858,0.5714285714285714,0.0,-0.4,-0.5,-0.375,0.5714285714285714,-0.16666666666666666,1.0,0.16666666666666666,-0.5,-0.14285714285714285,0.0,-0.2857142857142857,-0.2857142857142857,0.42857142857142855,-0.3333333333333333,0.5833333333333334,1.3333333333333333,0.0,0.2857142857142857,-0.09090909090909091,-0.14285714285714285,0.16666666666666666,0.3333333333333333,0.16666666666666666,-0.2727272727272727,-0.3333333333333333,-0.16666666666666666,0.8333333333333334,-0.2222222222222222,0.8,0.5,0.3333333333333333,-0.3333333333333333,0.6666666666666666,0.7142857142857143,0.0,0.16666666666666666,0.5,0.3333333333333333
140,0.14285714285714285,-0.16666666666666666,-0.14285714285714285,0.8333333333333334,-0.5,-0.5714285714285714,0.0,1.6,-0.16666666666666666,3.0,-0.42857142857142855,0.16666666666666666,-0.3333333333333333,-0.16666666666666666,0.3333333333333333,-0.42857142857142855,-0.2857142857142857,1.0,-0.14285714285714285,-0.26666666666666666,2.0,0.8571428571428571,-0.3333333333333333,-0.16666666666666666,0.6,0.16666666666666666,-0.3333333333333333,-0.08203125,0.0,0.5714285714285714,0.2857142857142857,0.8333333333333334,-0.4,-0.5,-0.2857142857142857,6.48,-0.32,-0.125,0.16666666666666666,-0.16666666666666666,1.3333333333333333,-0.05825242718446602,-0.2857142857142857,-0.2857142857142857,0.16666666666666666,-0.3333333333333333,0.7142857142857143,3.6666666666666665,0.0,1.2,-0.3333333333333333,0.0,-0.2,0.0,0.3,0.08888888888888889,0.3333333333333333,3.0,-0.38095238095238093,0.8571428571428571,-0.14285714285714285,-0.42857142857142855,1.8,-0.3333333333333333,-0.25,-0.14285714285714285,-0.3333333333333333,0.14285714285714285,-0.3333333333333333,2.0,-0.2857142857142857,0.6666666666666666,-0.2857142857142857,0.0,-0.2857142857142857,0.5,-0.08333333333333333,0.6666666666666666,-0.2857142857142857,2.2857142857142856,-0.36363636363636365,-0.14285714285714285,-0.16666666666666666,-0.16666666666666666,0.6666666666666666,-0.18181818181818182,0.1111111111111111,-0.3333333333333333,1.0,0.0,0.0,-0.16666666666666666,-0.16666666666666666,-0.3333333333333333,1.0,-0.2857142857142857,-0.09389671361502347,-0.5,0.6666666666666666,4.333333333333333
141,2.0,1.0,0.2857142857142857,0.3333333333333333,-0.3333333333333333,-0.5714285714285714,-0.42857142857142855,-0.4,-0.3333333333333333,-0.14285714285714285,-0.14285714285714285,-0.5,0.6666666666666666,-0.16666666666666666,0.5,0.2857142857142857,0.5714285714285714,-0.3333333333333333,0.2857142857142857,-0.26666666666666666,-0.42857142857142855,0.5714285714285714,-0.3333333333333333,-0.16666666666666666,-0.2,0.6666666666666666,0.16666666666666666,0.00390625,0.5,-0.42857142857142855,1.0,0.16666666666666666,1.8,2.5,1.5714285714285714,5.88,0.0,1.375,1.1666666666666667,-0.3333333333333333,2.5,-0.06796116504854369,-0.2857142857142857,2.2857142857142856,0.0,0.6666666666666666,0.0,2.1666666666666665,0.16666666666666666,-0.4,3.1666666666666665,-0.3,-0.2,0.0,0.3,-0.08888888888888889,0.0,0.0,1.1428571428571428,-0.2857142857142857,-0.2857142857142857,1.5714285714285714,-0.6,0.0,-0.25,0.0,1.5,-0.42857142857142855,-0.3333333333333333,1.5,-0.14285714285714285,-0.16666666666666666,0.14285714285714285,1.4285714285714286,-0.42857142857142855,2.1666666666666665,-0.3333333333333333,-0.3333333333333333,0.42857142857142855,-0.2857142857142857,1.8181818181818181,-0.2857142857142857,0.0,-0.3333333333333333,0.3333333333333333,-0.36363636363636365,1.3333333333333333,0.8333333333333334,-0.5,0.2222222222222222,0.0,-0.16666666666666666,0.16666666666666666,-0.3333333333333333,0.0,0.0,-0.03755868544600939,-0.3333333333333333,-0.3333333333333333,0.5
142,2.0,0.16666666666666666,-0.42857142857142855,0.8333333333333334,0.3333333333333333,-0.38095238095238093,-0.42857142857142855,0.2,1.5,-0.2857142857142857,0.42857142857142855,-0.16666666666666666,1.3333333333333333,-0.3333333333333333,0.5,-0.42857142857142855,0.42857142857142855,0.5,-0.14285714285714285,0.26666666666666666,1.5714285714285714,-0.2857142857142857,0.8333333333333334,1.5,0.0,1.6666666666666667,0.0,-0.01171875,0.8333333333333334,0.5714285714285714,3.4285714285714284,-0.5,0.6,1.8333333333333333,1.8571428571428572,3.4,0.0,-0.25,1.5,0.3333333333333333,0.6666666666666666,0.0970873786407767,0.42857142857142855,-0.42857142857142855,0.5,3.3333333333333335,-0.42857142857142855,1.5,2.0,-0.6,1.8333333333333333,-0.3,-0.6,0.0,0.0,-0.08888888888888889,0.3333333333333333,0.0,0.9523809523809523,0.42857142857142855,0.0,-0.2857142857142857,-0.6,-0.3333333333333333,0.25,-0.14285714285714285,-0.3333333333333333,0.5714285714285714,2.1666666666666665,1.8333333333333333,0.0,0.08333333333333333,0.0,0.8571428571428571,1.7142857142857142,0.6666666666666666,-0.16666666666666666,0.5,0.2857142857142857,-0.42857142857142855,0.18181818181818182,-0.14285714285714285,2.1666666666666665,1.6666666666666667,-0.3333333333333333,0.09090909090909091,-0.3333333333333333,0.3333333333333333,0.0,0.6666666666666666,-0.48,-0.16666666666666666,-0.16666666666666666,-0.08333333333333333,-0.3333333333333333,-0.14285714285714285,-0.056338028169014086,-0.3333333333333333,0.5,-0.3333333333333333
143,1.1428571428571428,-0.5,-0.42857142857142855,-0.16666666666666666,0.0,0.0,-0.2857142857142857,-0.2,1.0,-0.42857142857142855,3.7142857142857144,0.6666666666666666,0.0,-0.16666666666666666,1.6666666666666667,-0.14285714285714285,0.14285714285714285,0.0,1.1428571428571428,-0.17777777777777778,0.2857142857142857,-0.14285714285714285,0.5,0.16666666666666666,0.0,3.3333333333333335,-0.3333333333333333,-0.05078125,0.3333333333333333,0.0,-0.2857142857142857,-0.5,0.6,0.16666666666666666,0.2857142857142857,5.92,-0.16,1.375,0.16666666666666666,0.5,0.0,-0.06796116504854369,0.7142857142857143,0.0,-0.5,3.8333333333333335,-0.42857142857142855,-0.3333333333333333,0.0,0.2,0.16666666666666666,-0.3,-0.6,-0.14285714285714285,-0.3,0.0,-0.16666666666666666,0.0,-0.5714285714285714,-0.2857142857142857,0.8571428571428571,-0.42857142857142855,4.6,0.0,0.0,-0.2857142857142857,0.0,0.0,-0.3333333333333333,-0.16666666666666666,-0.2857142857142857,-0.25,1.1428571428571428,-0.2857142857142857,-0.2857142857142857,3.5,1.4166666666666667,-0.5,2.0,-0.2857142857142857,-0.18181818181818182,-0.2857142857142857,-0.3333333333333333,0.0,-0.3333333333333333,0.7272727272727273,0.8888888888888888,0.5,0.8333333333333334,-0.1111111111111111,-0.16,1.6666666666666667,-0.5,-0.3333333333333333,1.1666666666666667,-0.2857142857142857,0.07511737089201878,-0.3333333333333333,0.0,2.5
144,-0.14285714285714285,-0.16666666666666666,0.2857142857142857,3.6666666666666665,-0.3333333333333333,-0.19047619047619047,0.2857142857142857,1.6,-0.3333333333333333,-0.42857142857142855,0.14285714285714285,-0.16666666666666666,0.3333333333333333,-0.5,1.8333333333333333,-0.42857142857142855,-0.2857142857142857,1.0,0.0,0.8,0.42857142857142855,1.7142857142857142,0.0,0.6666666666666666,1.0,-0.5,1.6666666666666667,-0.08984375,-0.16666666666666666,-0.2857142857142857,0.0,1.3333333333333333,0.0,0.5,2.0,6.6,0.32,-0.25,-0.3333333333333333,-0.3333333333333333,1.0,-0.019417475728155338,1.1428571428571428,0.8571428571428571,-0.5,1.1666666666666667,0.14285714285714285,0.16666666666666666,-0.3333333333333333,1.6,0.3333333333333333,0.2,-0.4,0.7142857142857143,0.9,0.0,-0.3333333333333333,-0.16666666666666666,-0.19047619047619047,1.4285714285714286,0.2857142857142857,-0.2857142857142857,1.0,0.5,0.0,-0.2857142857142857,-0.3333333333333333,1.7142857142857142,-0.16666666666666666,1.8333333333333333,-0.14285714285714285,-0.25,-0.14285714285714285,-0.14285714285714285,-0.14285714285714285,-0.3333333333333333,1.5,-0.5,1.0,2.4285714285714284,0.0,-0.2857142857142857,0.6666666666666666,-0.3333333333333333,-0.3333333333333333,-0.36363636363636365,0.2222222222222222,0.6666666666666666,1.0,1.8888888888888888,-0.48,0.16666666666666666,1.0,-0.3333333333333333,0.3333333333333333,0.2857142857142857,-0.09389671361502347,-0.16666666666666666,1.6666666666666667,0.3333333333333333
145,0.2857142857142857,-0.5,0.14285714285714285,-0.3333333333333333,-0.3333333333333333,0.0,-0.14285714285714285,0.0,0.16666666666666666,-0.42857142857142855,-0.42857142857142855,-0.3333333333333333,0.0,-0.3333333333333333,-0.5,1.8571428571428572,-0.14285714285714285,-0.3333333333333333,-0.2857142857142857,0.17777777777777778,0.14285714285714285,0.0,0.8333333333333334,0.3333333333333333,0.0,-0.16666666666666666,1.6666666666666667,-0.08984375,1.5,-0.42857142857142855,-0.2857142857142857,-0.3333333333333333,-0.4,0.5,1.0,3.68,0.48,0.0,0.8333333333333334,0.16666666666666666,0.16666666666666666,-0.009708737864077669,-0.14285714285714285,-0.14285714285714285,0.3333333333333333,0.0,1.0,-0.16666666666666666,-0.16666666666666666,-0.6,-0.3333333333333333,-0.3,0.2,-0.2857142857142857,-0.2,0.0,0.3333333333333333,0.8333333333333334,-0.5714285714285714,0.0,-0.2857142857142857,1.0,0.2,0.3333333333333333,-0.25,-0.2857142857142857,-0.3333333333333333,-0.42857142857142855,-0.3333333333333333,0.6666666666666666,-0.2857142857142857,-0.25,-0.2857142857142857,-0.2857142857142857,-0.2857142857142857,-0.16666666666666666,-0.3333333333333333,0.5,-0.14285714285714285,2.4285714285714284,1.4545454545454546,-0.14285714285714285,0.3333333333333333,-0.3333333333333333,2.8333333333333335,-0.36363636363636365,-0.2222222222222222,0.0,3.1666666666666665,1.8888888888888888,-0.32,-0.3333333333333333,-0.5,1.0833333333333333,-0.3333333333333333,-0.42857142857142855,-0.09389671361502347,0.16666666666666666,-0.3333333333333333,0.6666666666666666
146,0.14285714285714285,-0.3333333333333333,0.2857142857142857,1.1666666666666667,0.6666666666666666,-0.38095238095238093,-0.14285714285714285,0.0,1.3333333333333333,2.142857142857143,0.14285714285714285,0.3333333333333333,0.5,-0.5,-0.16666666666666666,-0.2857142857142857,0.0,1.5,-0.14285714285714285,-0.35555555555555557,-0.42857142857142855,0.14285714285714285,-0.16666666666666666,1.1666666666666667,-0.3,-0.16666666666666666,-0.3333333333333333,-0.07421875,-0.5,0.5714285714285714,-0.2857142857142857,2.3333333333333335,0.4,2.1666666666666665,1.1428571428571428,3.2,1.6,1.125,2.5,1.5,1.1666666666666667,-0.02912621359223301,-0.2857142857142857,-0.42857142857142855,-0.5,-0.16666666666666666,0.0,0.16666666666666666,0.3333333333333333,-0.4,-0.3333333333333333,-0.2,0.2,2.0,-0.2,-0.35555555555555557,1.0,0.6666666666666666,0.0,0.7142857142857143,0.0,0.42857142857142855,-0.6,-0.5,0.125,0.2857142857142857,-0.3333333333333333,-0.42857142857142855,-0.16666666666666666,0.16666666666666666,-0.2857142857142857,0.16666666666666666,0.0,0.0,-0.14285714285714285,-0.16666666666666666,-0.25,0.3333333333333333,-0.14285714285714285,-0.42857142857142855,0.0,0.8571428571428571,0.3333333333333333,2.3333333333333335,0.16666666666666666,-0.18181818181818182,0.2222222222222222,-0.16666666666666666,-0.3333333333333333,-0.3333333333333333,-0.48,-0.3333333333333333,0.0,-0.3333333333333333,0.5,0.8571428571428571,-0.07511737089201878,3.8333333333333335,-0.16666666666666666,-0.3333333333333333
147,0.0,-0.3333333333333333,3.7142857142857144,-0.16666666666666666,2.3333333333333335,0.0,-0.14285714285714285,1.0,-0.3333333333333333,0.2857142857142857,-0.42857142857142855,-0.3333333333333333,0.3333333333333333,2.0,-0.5,0.14285714285714285,0.14285714285714285,2.8333333333333335,-0.2857142857142857,-0.08888888888888889,1.5714285714285714,0.14285714285714285,-0.16666666666666666,-0.3333333333333333,0.0,-0.5,1.6666666666666667,-0.06640625,0.16666666666666666,-0.2857142857142857,-0.2857142857142857,1.3333333333333333,0.6,0.0,0.5714285714285714,6.12,0.0,-0.25,-0.5,0.6666666666666666,4.5,0.019417475728155338,-0.14285714285714285,-0.42857142857142855,-0.3333333333333333,0.5,1.1428571428571428,1.1666666666666667,3.6666666666666665,-0.2,0.5,-0.3,3.0,-0.42857142857142855,-0.3,-0.35555555555555557,-0.3333333333333333,-0.16666666666666666,0.19047619047619047,0.42857142857142855,-0.42857142857142855,-0.42857142857142855,1.4,0.16666666666666666,0.0,2.0,3.0,-0.14285714285714285,0.3333333333333333,0.16666666666666666,-0.2857142857142857,0.0,0.7142857142857143,-0.2857142857142857,0.2857142857142857,-0.16666666666666666,-0.25,0.3333333333333333,0.7142857142857143,-0.42857142857142855,-0.36363636363636365,1.2857142857142858,-0.16666666666666666,0.0,-0.3333333333333333,-0.36363636363636365,-0.1111111111111111,-0.16666666666666666,0.0,0.4444444444444444,1.44,0.16666666666666666,0.5,-0.25,-0.3333333333333333,-0.42857142857142855,0.03755868544600939,-0.3333333333333333,-0.3333333333333333,0.6666666666666666
148,0.7142857142857143,0.6666666666666666,-0.42857142857142855,-0.16666666666666666,-0.3333333333333333,0.19047619047619047,-0.14285714285714285,0.0,0.5,-0.42857142857142855,0.2857142857142857,0.5,1.0,0.5,-0.5,1.7142857142857142,0.0,0.0,0.14285714285714285,-0.35555555555555557,-0.42857142857142855,-0.42857142857142855,0.0,0.6666666666666666,0.1,0.6666666666666666,1.6666666666666667,-0.08203125,0.0,-0.14285714285714285,1.2857142857142858,0.5,-0.2,-0.5,-0.2857142857142857,3.16,-0.16,-0.25,2.0,-0.3333333333333333,0.6666666666666666,-0.06796116504854369,0.8571428571428571,0.42857142857142855,2.1666666666666665,0.6666666666666666,1.8571428571428572,1.6666666666666667,0.16666666666666666,0.4,0.16666666666666666,-0.2,2.8,-0.14285714285714285,-0.3,-0.08888888888888889,0.16666666666666666,0.5,-0.38095238095238093,4.142857142857143,0.0,0.2857142857142857,0.4,0.0,0.625,0.14285714285714285,3.0,-0.42857142857142855,-0.3333333333333333,0.0,0.42857142857142855,-0.16666666666666666,-0.2857142857142857,-0.2857142857142857,0.8571428571428571,1.3333333333333333,0.75,4.333333333333333,0.8571428571428571,0.0,-0.2727272727272727,-0.2857142857142857,1.3333333333333333,-0.3333333333333333,-0.16666666666666666,-0.2727272727272727,1.2222222222222223,1.6666666666666667,-0.5,-0.2222222222222222,1.6,-0.3333333333333333,-0.5,0.75,0.5,0.0,-0.018779342723004695,-0.16666666666666666,0.0,-0.3333333333333333
149,-0.2857142857142857,-0.3333333333333333,0.8571428571428571,-0.3333333333333333,-0.3333333333333333,-0.5714285714285714,-0.42857142857142855,0.6,1.5,-0.42857142857142855,0.14285714285714285,0.16666666666666666,-0.3333333333333333,0.5,0.0,-0.42857142857142855,0.42857142857142855,1.5,-0.14285714285714285,0.8,3.142857142857143,-0.42857142857142855,0.6666666666666666,0.16666666666666666,0.2,-0.3333333333333333,-0.3333333333333333,-0.07421875,0.3333333333333333,0.2857142857142857,0.0,-0.3333333333333333,-0.6,0.0,0.2857142857142857,7.44,0.16,0.375,0.3333333333333333,-0.3333333333333333,3.1666666666666665,-0.05825242718446602,-0.14285714285714285,1.8571428571428572,1.0,0.16666666666666666,-0.14285714285714285,-0.3333333333333333,0.0,-0.6,0.5,0.3,0.2,0.0,0.5,1.6888888888888889,-0.16666666666666666,1.5,-0.5714285714285714,0.0,-0.14285714285714285,0.42857142857142855,1.4,-0.16666666666666666,-0.25,-0.2857142857142857,-0.16666666666666666,0.2857142857142857,2.5,-0.5,0.0,-0.08333333333333333,0.0,-0.2857142857142857,-0.14285714285714285,0.3333333333333333,-0.3333333333333333,2.3333333333333335,1.4285714285714286,-0.2857142857142857,0.18181818181818182,-0.14285714285714285,2.0,0.16666666666666666,-0.3333333333333333,-0.18181818181818182,-0.1111111111111111,1.6666666666666667,-0.5,0.0,0.0,0.3333333333333333,1.3333333333333333,-0.25,0.6666666666666666,-0.2857142857142857,-0.09389671361502347,-0.5,0.16666666666666666,1.8333333333333333
150,-0.2857142857142857,-0.5,-0.42857142857142855,-0.3333333333333333,-0.5,4.9523809523809526,0.14285714285714285,-0.2,0.0,0.8571428571428571,0.7142857142857143,0.0,0.16666666666666666,-0.16666666666666666,0.8333333333333334,-0.42857142857142855,1.0,0.16666666666666666,1.1428571428571428,-0.35555555555555557,0.5714285714285714,-0.42857142857142855,-0.3333333333333333,0.8333333333333334,-0.1,-0.3333333333333333,0.16666666666666666,-0.05859375,1.6666666666666667,-0.42857142857142855,1.1428571428571428,-0.16666666666666666,0.4,-0.5,-0.2857142857142857,5.52,0.0,1.375,0.3333333333333333,-0.3333333333333333,-0.3333333333333333,-0.05825242718446602,-0.2857142857142857,0.0,0.0,0.3333333333333333,-0.14285714285714285,1.8333333333333333,1.6666666666666667,-0.2,-0.3333333333333333,0.8,-0.6,1.0,-0.3,-0.35555555555555557,0.16666666666666666,0.6666666666666666,0.19047619047619047,0.7142857142857143,0.0,1.0,3.0,-0.16666666666666666,0.625,-0.14285714285714285,2.8333333333333335,0.14285714285714285,1.0,1.8333333333333333,0.7142857142857143,0.0,1.0,-0.2857142857142857,0.14285714285714285,-0.16666666666666666,-0.3333333333333333,-0.3333333333333333,0.14285714285714285,0.0,-0.36363636363636365,-0.2857142857142857,1.3333333333333333,0.5,0.0,0.0,0.0,0.0,-0.5,-0.1111111111111111,0.48,0.5,-0.3333333333333333,0.08333333333333333,1.3333333333333333,0.0,-0.09389671361502347,0.8333333333333334,0.0,-0.3333333333333333
151,0.5714285714285714,-0.5,-0.42857142857142855,1.5,2.1666666666666665,0.0,0.42857142857142855,0.2,-0.3333333333333333,0.5714285714285714,-0.42857142857142855,-0.3333333333333333,0.8333333333333334,1.3333333333333333,0.16666666666666666,-0.14285714285714285,0.14285714285714285,-0.16666666666666666,-0.14285714285714285,0.0,-0.2857142857142857,-0.2857142857142857,-0.3333333333333333,1.3333333333333333,1.6,-0.16666666666666666,-0.5,-0.08984375,0.3333333333333333,0.2857142857142857,0.0,-0.5,1.0,1.3333333333333333,0.7142857142857143,4.92,-0.32,-0.25,-0.3333333333333333,-0.16666666666666666,0.3333333333333333,0.0,0.2857142857142857,-0.14285714285714285,0.5,-0.16666666666666666,-0.14285714285714285,0.8333333333333334,0.0,-0.4,-0.3333333333333333,-0.3,-0.6,-0.14285714285714285,1.0,-0.35555555555555557,0.0,0.6666666666666666,0.0,0.14285714285714285,0.42857142857142855,-0.14285714285714285,1.6,-0.5,-0.375,1.8571428571428572,-0.3333333333333333,-0.42857142857142855,0.8333333333333334,1.6666666666666667,-0.2857142857142857,-0.25,0.0,0.14285714285714285,-0.2857142857142857,2.5,0.0,-0.16666666666666666,-0.2857142857142857,-0.2857142857142857,-0.18181818181818182,-0.2857142857142857,-0.16666666666666666,-0.16666666666666666,-0.3333333333333333,-0.2727272727272727,0.2222222222222222,-0.3333333333333333,0.6666666666666666,-0.1111111111111111,-0.48,5.333333333333333,-0.5,0.0,-0.3333333333333333,0.7142857142857143,-0.056338028169014086,-0.5,0.16666666666666666,-0.16666666666666666
152,-0.42857142857142855,0.16666666666666666,0.8571428571428571,0.5,2.6666666666666665,-0.5714285714285714,0.42857142857142855,0.6,0.8333333333333334,0.0,-0.14285714285714285,0.0,2.8333333333333335,-0.5,0.8333333333333334,-0.42857142857142855,-0.14285714285714285,1.0,0.8571428571428571,-0.35555555555555557,0.14285714285714285,-0.42857142857142855,0.0,-0.3333333333333333,-0.3,-0.5,-0.16666666666666666,-0.08203125,1.5,-0.2857142857142857,-0.2857142857142857,-0.3333333333333333,-0.2,0.0,-0.2857142857142857,7.92,0.0,0.0,-0.5,-0.3333333333333333,0.3333333333333333,-0.05825242718446602,-0.2857142857142857,0.7142857142857143,-0.3333333333333333,-0.3333333333333333,-0.42857142857142855,0.0,1.8333333333333333,1.4,-0.3333333333333333,-0.1,-0.6,-0.42857142857142855,0.4,-0.35555555555555557,-0.3333333333333333,-0.5,0.38095238095238093,1.5714285714285714,0.7142857142857143,-0.42857142857142855,-0.6,0.3333333333333333,-0.125,-0.2857142857142857,0.5,-0.42857142857142855,-0.16666666666666666,3.5,0.0,0.3333333333333333,0.14285714285714285,-0.2857142857142857,1.8571428571428572,4.166666666666667,-0.25,0.0,-0.2857142857142857,0.0,0.09090909090909091,-0.2857142857142857,0.0,-0.3333333333333333,0.16666666666666666,-0.18181818181818182,0.3333333333333333,0.8333333333333334,-0.16666666666666666,2.5555555555555554,-0.32,2.0,-0.5,0.9166666666666666,1.0,-0.42857142857142855,0.07511737089201878,1.0,0.6666666666666666,1.1666666666666667
153,0.8571428571428571,-0.5,-0.42857142857142855,0.0,0.0,0.19047619047619047,0.2857142857142857,2.4,-0.3333333333333333,-0.42857142857142855,-0.42857142857142855,-0.5,-0.3333333333333333,-0.3333333333333333,-0.3333333333333333,-0.2857142857142857,-0.2857142857142857,-0.16666666666666666,0.0,0.17777777777777778,0.42857142857142855,1.0,-0.3333333333333333,-0.16666666666666666,0.1,-0.3333333333333333,-0.16666666666666666,-0.08984375,-0.5,-0.14285714285714285,0.7142857142857143,-0.16666666666666666,0.2,-0.5,0.8571428571428571,4.88,0.16,-0.125,-0.5,-0.3333333333333333,-0.3333333333333333,0.05825242718446602,-0.2857142857142857,1.2857142857142858,0.5,-0.3333333333333333,0.2857142857142857,-0.5,-0.3333333333333333,0.0,-0.3333333333333333,1.0,-0.2,-0.2857142857142857,0.7,-0.26666666666666666,0.8333333333333334,-0.16666666666666666,0.7619047619047619,0.14285714285714285,-0.42857142857142855,0.0,-0.6,0.5,-0.375,-0.2857142857142857,-0.3333333333333333,-0.42857142857142855,0.16666666666666666,-0.3333333333333333,0.7142857142857143,0.08333333333333333,-0.14285714285714285,0.14285714285714285,0.2857142857142857,0.5,-0.08333333333333333,-0.3333333333333333,-0.14285714285714285,-0.42857142857142855,-0.36363636363636365,-0.2857142857142857,-0.16666666666666666,-0.16666666666666666,3.8333333333333335,0.18181818181818182,-0.3333333333333333,-0.16666666666666666,2.1666666666666665,-0.3333333333333333,-0.48,0.0,0.16666666666666666,0.0,-0.3333333333333333,1.8571428571428572,0.11267605633802817,0.16666666666666666,1.3333333333333333,-0.3333333333333333
154,0.8571428571428571,-0.16666666666666666,0.5714285714285714,1.6666666666666667,-0.3333333333333333,0.19047619047619047,-0.14285714285714285,-0.4,0.6666666666666666,1.4285714285714286,-0.42857142857142855,-0.3333333333333333,0.0,0.3333333333333333,0.5,-0.42857142857142855,-0.2857142857142857,-0.3333333333333333,-0.14285714285714285,-0.35555555555555557,-0.42857142857142855,3.7142857142857144,2.0,0.0,-0.3,2.1666666666666665,-0.3333333333333333,-0.03515625,-0.16666666666666666,0.0,0.7142857142857143,2.5,-0.6,0.6666666666666666,0.42857142857142855,4.0,2.4,0.125,2.1666666666666665,0.0,4.0,-0.05825242718446602,0.2857142857142857,-0.42857142857142855,0.0,-0.16666666666666666,-0.42857142857142855,2.5,-0.3333333333333333,0.0,0.0,-0.2,0.2,-0.2857142857142857,-0.3,0.08888888888888889,-0.3333333333333333,0.16666666666666666,-0.5714285714285714,2.0,-0.2857142857142857,0.14285714285714285,-0.4,1.6666666666666667,0.75,1.8571428571428572,-0.3333333333333333,-0.42857142857142855,0.5,1.0,-0.2857142857142857,-0.16666666666666666,-0.2857142857142857,-0.2857142857142857,-0.14285714285714285,0.0,0.6666666666666666,0.6666666666666666,-0.2857142857142857,-0.42857142857142855,-0.18181818181818182,0.0,-0.16666666666666666,0.3333333333333333,1.0,-0.09090909090909091,0.0,-0.16666666666666666,0.3333333333333333,1.5555555555555556,-0.32,0.16666666666666666,1.1666666666666667,-0.08333333333333333,-0.16666666666666666,0.2857142857142857,0.11267605633802817,-0.3333333333333333,-0.16666666666666666,0.3333333333333333
155,0.8571428571428571,0.3333333333333333,-0.42857142857142855,-0.3333333333333333,2.3333333333333335,2.2857142857142856,0.14285714285714285,0.0,0.0,-0.14285714285714285,0.2857142857142857,-0.5,-0.16666666666666666,0.0,0.6666666666666666,0.8571428571428571,1.0,-0.16666666666666666,0.8571428571428571,1.4222222222222223,-0.14285714285714285,-0.42857142857142855,0.16666666666666666,0.16666666666666666,-0.3,-0.16666666666666666,0.0,0.04296875,-0.5,-0.42857142857142855,-0.2857142857142857,3.8333333333333335,0.0,0.16666666666666666,0.0,3.6,3.52,0.75,-0.3333333333333333,0.16666666666666666,1.8333333333333333,-0.038834951456310676,0.0,0.0,-0.5,0.3333333333333333,-0.42857142857142855,1.1666666666666667,0.16666666666666666,-0.2,-0.3333333333333333,0.5,-0.6,-0.2857142857142857,1.2,1.1555555555555554,0.8333333333333334,0.6666666666666666,0.0,0.14285714285714285,2.4285714285714284,1.0,2.0,-0.16666666666666666,-0.25,0.8571428571428571,1.8333333333333333,0.0,0.16666666666666666,0.5,-0.14285714285714285,0.16666666666666666,0.0,0.8571428571428571,0.0,-0.3333333333333333,-0.16666666666666666,-0.16666666666666666,1.2857142857142858,0.0,-0.2727272727272727,0.2857142857142857,-0.3333333333333333,1.1666666666666667,0.5,-0.36363636363636365,0.3333333333333333,0.5,-0.5,0.5555555555555556,-0.48,-0.16666666666666666,0.16666666666666666,0.08333333333333333,-0.3333333333333333,0.7142857142857143,-0.09389671361502347,-0.3333333333333333,-0.3333333333333333,-0.16666666666666666
156,0.0,2.5,-0.42857142857142855,0.16666666666666666,2.0,2.857142857142857,-0.14285714285714285,0.6,1.0,-0.42857142857142855,-0.42857142857142855,0.0,0.16666666666666666,0.3333333333333333,-0.3333333333333333,-0.42857142857142855,-0.2857142857142857,-0.3333333333333333,-0.2857142857142857,-0.26666666666666666,-0.42857142857142855,-0.14285714285714285,-0.16666666666666666,0.16666666666666666,-0.1,-0.3333333333333333,0.3333333333333333,-0.06640625,1.1666666666666667,-0.42857142857142855,2.7142857142857144,-0.3333333333333333,3.2,-0.3333333333333333,0.42857142857142855,6.0,1.6,0.5,0.16666666666666666,0.16666666666666666,2.1666666666666665,-0.02912621359223301,-0.2857142857142857,0.42857142857142855,0.8333333333333334,0.3333333333333333,0.5714285714285714,-0.3333333333333333,-0.3333333333333333,0.2,2.1666666666666665,-0.2,0.4,0.7142857142857143,-0.3,-0.35555555555555557,-0.16666666666666666,3.1666666666666665,0.5714285714285714,-0.2857142857142857,0.8571428571428571,-0.2857142857142857,1.8,0.8333333333333334,0.375,1.2857142857142858,-0.16666666666666666,0.2857142857142857,1.1666666666666667,0.5,-0.14285714285714285,-0.16666666666666666,1.2857142857142858,-0.14285714285714285,0.0,0.5,-0.3333333333333333,0.16666666666666666,-0.2857142857142857,-0.42857142857142855,-0.2727272727272727,-0.14285714285714285,-0.3333333333333333,-0.3333333333333333,-0.3333333333333333,0.45454545454545453,-0.2222222222222222,-0.3333333333333333,-0.5,0.1111111111111111,-0.32,0.3333333333333333,-0.3333333333333333,0.25,2.8333333333333335,-0.42857142857142855,-0.056338028169014086,-0.3333333333333333,1.0,2.3333333333333335
157,0.7142857142857143,1.3333333333333333,0.14285714285714285,-0.3333333333333333,0.8333333333333334,0.0,1.8571428571428572,-0.2,-0.3333333333333333,-0.42857142857142855,-0.14285714285714285,0.3333333333333333,-0.16666666666666666,-0.3333333333333333,-0.5,0.0,1.0,2.8333333333333335,2.142857142857143,0.08888888888888889,0.7142857142857143,0.2857142857142857,0.8333333333333334,2.1666666666666665,1.4,1.6666666666666667,2.5,-0.06640625,0.0,1.0,-0.2857142857142857,-0.16666666666666666,0.4,1.6666666666666667,0.0,6.36,-0.32,0.25,-0.5,1.1666666666666667,-0.5,0.0,-0.2857142857142857,-0.42857142857142855,-0.5,0.3333333333333333,-0.42857142857142855,-0.3333333333333333,0.0,0.4,-0.16666666666666666,-0.3,-0.4,0.2857142857142857,-0.1,-0.08888888888888889,0.0,-0.16666666666666666,-0.19047619047619047,-0.2857142857142857,1.0,1.7142857142857142,0.4,1.6666666666666667,0.5,-0.2857142857142857,-0.3333333333333333,0.5714285714285714,0.6666666666666666,-0.3333333333333333,-0.2857142857142857,-0.25,0.42857142857142855,-0.2857142857142857,0.8571428571428571,0.3333333333333333,-0.3333333333333333,0.8333333333333334,0.7142857142857143,-0.42857142857142855,0.0,-0.2857142857142857,0.16666666666666666,-0.16666666666666666,0.8333333333333334,0.0,0.8888888888888888,-0.16666666666666666,-0.16666666666666666,-0.3333333333333333,0.32,1.8333333333333333,0.0,0.4166666666666667,-0.3333333333333333,-0.42857142857142855,-0.09389671361502347,-0.3333333333333333,-0.3333333333333333,0.0
158,0.2857142857142857,1.8333333333333333,0.8571428571428571,0.6666666666666666,-0.3333333333333333,-0.19047619047619047,1.0,2.8,0.0,-0.2857142857142857,-0.2857142857142857,-0.5,0.5,1.0,2.0,-0.14285714285714285,-0.14285714285714285,0.5,-0.2857142857142857,-0.08888888888888889,1.8571428571428572,-0.42857142857142855,0.16666666666666666,-0.16666666666666666,-0.3,-0.3333333333333333,-0.16666666666666666,-0.05078125,1.1666666666666667,1.4285714285714286,0.0,-0.5,0.8,-0.16666666666666666,0.5714285714285714,7.16,-0.32,0.0,-0.3333333333333333,2.3333333333333335,2.1666666666666665,-0.04854368932038835,0.2857142857142857,0.14285714285714285,1.3333333333333333,-0.3333333333333333,-0.42857142857142855,0.16666666666666666,-0.16666666666666666,0.4,0.5,-0.3,-0.4,0.0,-0.3,0.5333333333333333,0.0,-0.3333333333333333,0.0,-0.14285714285714285,0.0,0.42857142857142855,0.8,-0.5,1.0,-0.14285714285714285,0.0,0.5714285714285714,0.0,0.3333333333333333,-0.2857142857142857,-0.25,0.7142857142857143,-0.2857142857142857,0.2857142857142857,0.16666666666666666,-0.25,-0.16666666666666666,-0.14285714285714285,0.5714285714285714,-0.2727272727272727,1.2857142857142858,-0.3333333333333333,-0.3333333333333333,-0.3333333333333333,-0.36363636363636365,0.2222222222222222,0.16666666666666666,-0.5,0.1111111111111111,0.32,1.0,-0.5,-0.3333333333333333,-0.16666666666666666,0.42857142857142855,0.07511737089201878,1.1666666666666667,0.6666666666666666,-0.3333333333333333
159,-0.14285714285714285,0.3333333333333333,-0.42857142857142855,0.0,-0.3333333333333333,-0.38095238095238093,0.14285714285714285,5.4,0.16666666666666666,-0.42857142857142855,-0.2857142857142857,0.16666666666666666,0.5,-0.3333333333333333,-0.3333333333333333,0.5714285714285714,0.14285714285714285,-0.3333333333333333,-0.14285714285714285,-0.35555555555555557,0.0,-0.42857142857142855,-0.3333333333333333,0.0,0.8,0.6666666666666666,-0.3333333333333333,-0.08203125,0.0,-0.42857142857142855,0.7142857142857143,0.16666666666666666,0.0,-0.5,-0.2857142857142857,5.92,-0.16,-0.25,1.5,-0.3333333333333333,-0.3333333333333333,-0.06796116504854369,-0.2857142857142857,0.14285714285714285,-0.3333333333333333,-0.3333333333333333,2.7142857142857144,1.0,0.5,-0.2,2.5,1.0,2.2,1.4285714285714286,-0.3,-0.17777777777777778,0.0,-0.5,0.38095238095238093,1.2857142857142858,-0.14285714285714285,0.2857142857142857,0.2,0.6666666666666666,1.0,-0.2857142857142857,0.6666666666666666,-0.42857142857142855,0.0,-0.5,0.2857142857142857,0.75,0.2857142857142857,-0.14285714285714285,1.8571428571428572,-0.16666666666666666,-0.16666666666666666,-0.3333333333333333,1.0,0.2857142857142857,-0.36363636363636365,-0.14285714285714285,0.3333333333333333,0.0,-0.3333333333333333,-0.36363636363636365,0.0,-0.3333333333333333,-0.5,-0.1111111111111111,1.44,-0.16666666666666666,0.0,-0.25,-0.3333333333333333,-0.2857142857142857,0.0,1.3333333333333333,0.3333333333333333,1.1666666666666667
160,0.5714285714285714,1.1666666666666667,0.42857142857142855,1.8333333333333333,-0.5,0.19047619047619047,0.14285714285714285,-0.4,0.16666666666666666,0.0,0.0,0.5,-0.3333333333333333,-0.3333333333333333,-0.3333333333333333,1.2857142857142858,-0.2857142857142857,-0.3333333333333333,0.42857142857142855,0.17777777777777778,-0.14285714285714285,-0.14285714285714285,-0.3333333333333333,0.0,-0.2,-0.3333333333333333,-0.5,-0.07421875,-0.5,-0.42857142857142855,-0.14285714285714285,-0.5,0.6,-0.5,-0.14285714285714285,6.28,0.0,0.125,-0.5,0.3333333333333333,0.16666666666666666,-0.06796116504854369,0.8571428571428571,-0.14285714285714285,-0.3333333333333333,1.8333333333333333,-0.42857142857142855,0.16666666666666666,2.0,0.4,0.8333333333333334,0.5,1.4,1.1428571428571428,0.8,0.08888888888888889,0.16666666666666666,-0.5,0.0,-0.14285714285714285,-0.14285714285714285,-0.42857142857142855,-0.2,1.0,-0.125,-0.2857142857142857,-0.16666666666666666,-0.42857142857142855,2.1666666666666665,-0.5,-0.14285714285714285,0.08333333333333333,0.7142857142857143,0.0,0.2857142857142857,3.1666666666666665,-0.25,-0.3333333333333333,1.1428571428571428,0.5714285714285714,-0.2727272727272727,0.42857142857142855,-0.16666666666666666,-0.16666666666666666,-0.3333333333333333,-0.2727272727272727,0.5555555555555556,-0.3333333333333333,-0.3333333333333333,-0.1111111111111111,-0.32,-0.16666666666666666,-0.3333333333333333,0.0,0.3333333333333333,-0.42857142857142855,0.0,-0.3333333333333333,-0.3333333333333333,1.1666666666666667
161,-0.2857142857142857,0.6666666666666666,0.0,-0.3333333333333333,-0.3333333333333333,-0.38095238095238093,-0.42857142857142855,0.0,2.6666666666666665,0.7142857142857143,0.2857142857142857,3.3333333333333335,5.5,0.16666666666666666,0.3333333333333333,-0.42857142857142855,-0.14285714285714285,-0.16666666666666666,-0.14285714285714285,-0.26666666666666666,-0.42857142857142855,-0.42857142857142855,-0.3333333333333333,1.0,-0.2,-0.3333333333333333,-0.5,-0.08203125,-0.5,0.5714285714285714,-0.14285714285714285,-0.5,-0.4,0.5,0.0,5.48,-0.32,-0.125,1.8333333333333333,0.6666666666666666,0.3333333333333333,-0.04854368932038835,1.2857142857142858,-0.2857142857142857,0.16666666666666666,1.3333333333333333,-0.2857142857142857,-0.16666666666666666,1.1666666666666667,-0.6,0.3333333333333333,0.0,-0.6,0.0,-0.3,0.8,0.3333333333333333,2.5,-0.5714285714285714,1.7142857142857142,0.2857142857142857,-0.42857142857142855,3.2,2.0,1.0,0.0,-0.16666666666666666,0.8571428571428571,0.5,-0.16666666666666666,0.5714285714285714,-0.08333333333333333,-0.2857142857142857,-0.2857142857142857,-0.42857142857142855,-0.16666666666666666,-0.25,0.16666666666666666,0.5714285714285714,0.42857142857142855,-0.36363636363636365,1.0,-0.3333333333333333,1.0,0.5,0.36363636363636365,-0.1111111111111111,-0.3333333333333333,0.5,-0.1111111111111111,0.16,2.3333333333333335,-0.5,-0.3333333333333333,0.6666666666666666,0.14285714285714285,-0.09389671361502347,-0.5,-0.3333333333333333,1.1666666666666667
162,3.5714285714285716,1.1666666666666667,-0.2857142857142857,0.6666666666666666,-0.16666666666666666,-0.38095238095238093,1.4285714285714286,-0.4,1.3333333333333333,0.2857142857142857,0.7142857142857143,-0.16666666666666666,-0.3333333333333333,-0.5,-0.16666666666666666,1.7142857142857142,0.42857142857142855,0.0,1.2857142857142858,-0.17777777777777778,0.7142857142857143,-0.14285714285714285,-0.3333333333333333,-0.3333333333333333,0.4,0.16666666666666666,-0.16666666666666666,-0.08984375,-0.3333333333333333,-0.42857142857142855,1.1428571428571428,1.0,-0.4,0.0,-0.2857142857142857,4.96,4.32,0.0,0.5,0.5,-0.3333333333333333,-0.06796116504854369,2.2857142857142856,0.2857142857142857,-0.3333333333333333,3.8333333333333335,-0.42857142857142855,1.1666666666666667,-0.3333333333333333,1.0,-0.3333333333333333,-0.3,0.4,0.8571428571428571,-0.3,0.0,-0.3333333333333333,-0.5,-0.5714285714285714,0.0,3.7142857142857144,-0.2857142857142857,2.0,-0.5,-0.375,0.14285714285714285,-0.16666666666666666,-0.42857142857142855,0.5,0.3333333333333333,-0.2857142857142857,1.25,-0.2857142857142857,0.8571428571428571,1.2857142857142858,1.6666666666666667,-0.3333333333333333,-0.5,0.14285714285714285,-0.2857142857142857,0.45454545454545453,-0.2857142857142857,0.5,-0.16666666666666666,-0.3333333333333333,-0.36363636363636365,2.2222222222222223,-0.3333333333333333,0.16666666666666666,-0.3333333333333333,-0.16,1.6666666666666667,-0.5,-0.3333333333333333,1.3333333333333333,0.8571428571428571,-0.09389671361502347,-0.5,-0.3333333333333333,-0.3333333333333333
163,-0.2857142857142857,-0.16666666666666666,0.0,1.1666666666666667,-0.16666666666666666,0.0,2.0,0.0,0.3333333333333333,-0.2857142857142857,-0.14285714285714285,2.8333333333333335,2.1666666666666665,1.0,0.6666666666666666,0.14285714285714285,0.14285714285714285,-0.3333333333333333,0.42857142857142855,0.5333333333333333,0.14285714285714285,0.14285714285714285,-0.3333333333333333,0.5,0.0,1.0,0.5,-0.07421875,1.0,1.2857142857142858,0.14285714285714285,-0.3333333333333333,-0.2,0.5,-0.14285714285714285,6.76,1.12,0.875,0.16666666666666666,0.6666666666666666,-0.5,-0.06796116504854369,-0.2857142857142857,-0.14285714285714285,-0.5,0.8333333333333334,0.42857142857142855,0.3333333333333333,0.16666666666666666,-0.2,3.6666666666666665,2.7,-0.6,-0.42857142857142855,-0.3,0.4444444444444444,-0.3333333333333333,4.166666666666667,-0.19047619047619047,0.8571428571428571,-0.2857142857142857,-0.14285714285714285,0.0,0.0,0.0,4.285714285714286,0.0,-0.42857142857142855,-0.16666666666666666,-0.5,-0.14285714285714285,-0.25,-0.2857142857142857,1.5714285714285714,-0.2857142857142857,1.3333333333333333,0.8333333333333334,0.0,2.857142857142857,0.14285714285714285,-0.36363636363636365,0.0,0.8333333333333334,0.5,0.6666666666666666,-0.09090909090909091,0.6666666666666666,0.5,-0.16666666666666666,-0.3333333333333333,0.48,0.5,3.3333333333333335,-0.16666666666666666,0.0,2.0,0.09389671361502347,0.3333333333333333,2.0,0.0
164,0.2857142857142857,-0.5,-0.2857142857142857,0.16666666666666666,1.3333333333333333,0.9523809523809523,-0.2857142857142857,0.0,0.0,0.5714285714285714,0.2857142857142857,-0.5,-0.16666666666666666,1.3333333333333333,0.0,-0.42857142857142855,0.0,0.6666666666666666,0.0,-0.26666666666666666,-0.42857142857142855,-0.2857142857142857,-0.16666666666666666,0.3333333333333333,0.0,1.5,-0.3333333333333333,-0.02734375,1.6666666666666667,-0.2857142857142857,0.8571428571428571,-0.5,0.6,0.0,0.0,5.88,-0.32,-0.25,-0.5,-0.16666666666666666,1.0,-0.06796116504854369,1.7142857142857142,0.8571428571428571,-0.5,0.16666666666666666,-0.2857142857142857,1.0,2.1666666666666665,-0.2,-0.3333333333333333,-0.3,0.0,-0.14285714285714285,-0.3,0.0,0.3333333333333333,-0.3333333333333333,-0.5714285714285714,0.0,2.0,-0.42857142857142855,0.6,0.6666666666666666,-0.375,0.2857142857142857,0.0,0.8571428571428571,0.0,0.16666666666666666,-0.14285714285714285,-0.25,-0.14285714285714285,-0.2857142857142857,0.42857142857142855,1.8333333333333333,-0.08333333333333333,0.16666666666666666,0.7142857142857143,1.0,-0.36363636363636365,-0.2857142857142857,0.0,0.0,0.0,-0.18181818181818182,0.1111111111111111,-0.3333333333333333,-0.5,-0.2222222222222222,-0.48,0.6666666666666666,-0.5,0.5,0.16666666666666666,0.8571428571428571,0.056338028169014086,1.8333333333333333,-0.16666666666666666,-0.16666666666666666
165,-0.42857142857142855,-0.16666666666666666,-0.2857142857142857,-0.3333333333333333,-0.3333333333333333,-0.38095238095238093,0.7142857142857143,-0.2,-0.3333333333333333,-0.14285714285714285,-0.2857142857142857,-0.3333333333333333,-0.16666666666666666,-0.5,-0.5,-0.42857142857142855,0.2857142857142857,0.0,-0.14285714285714285,-0.26666666666666666,2.2857142857142856,-0.2857142857142857,-0.3333333333333333,3.5,0.2,-0.3333333333333333,-0.16666666666666666,-0.08984375,-0.5,-0.42857142857142855,-0.2857142857142857,0.0,-0.6,1.0,-0.2857142857142857,2.6,-0.32,-0.125,-0.3333333333333333,-0.3333333333333333,-0.16666666666666666,-0.06796116504854369,0.7142857142857143,0.14285714285714285,1.6666666666666667,-0.16666666666666666,0.2857142857142857,1.3333333333333333,-0.16666666666666666,0.2,0.0,-0.3,1.8,-0.42857142857142855,-0.2,-0.08888888888888889,-0.3333333333333333,-0.5,4.9523809523809526,0.14285714285714285,-0.14285714285714285,-0.42857142857142855,0.2,-0.16666666666666666,0.125,0.0,1.3333333333333333,-0.14285714285714285,-0.3333333333333333,1.3333333333333333,0.0,-0.25,2.142857142857143,0.14285714285714285,-0.2857142857142857,-0.16666666666666666,0.16666666666666666,-0.3333333333333333,0.42857142857142855,-0.2857142857142857,-0.2727272727272727,0.14285714285714285,1.6666666666666667,3.0,1.0,-0.2727272727272727,1.1111111111111112,0.0,-0.16666666666666666,0.0,-0.48,0.0,-0.5,0.08333333333333333,0.3333333333333333,0.14285714285714285,0.018779342723004695,0.0,1.8333333333333333,1.3333333333333333
166,1.7142857142857142,-0.5,0.14285714285714285,-0.16666666666666666,1.0,0.9523809523809523,1.2857142857142858,-0.4,0.8333333333333334,0.14285714285714285,0.2857142857142857,-0.5,-0.16666666666666666,1.0,1.1666666666666667,-0.42857142857142855,0.8571428571428571,-0.3333333333333333,-0.2857142857142857,-0.08888888888888889,-0.2857142857142857,-0.2857142857142857,0.6666666666666666,0.5,-0.1,-0.5,0.5,-0.08984375,-0.5,-0.2857142857142857,-0.2857142857142857,0.3333333333333333,-0.2,-0.3333333333333333,-0.2857142857142857,3.36,1.44,0.25,2.8333333333333335,-0.3333333333333333,0.3333333333333333,-0.06796116504854369,-0.2857142857142857,3.7142857142857144,0.0,0.3333333333333333,-0.42857142857142855,-0.3333333333333333,-0.3333333333333333,-0.6,0.16666666666666666,0.8,0.8,-0.42857142857142855,-0.3,-0.08888888888888889,-0.3333333333333333,-0.5,1.7142857142857142,0.14285714285714285,-0.14285714285714285,-0.2857142857142857,-0.4,-0.3333333333333333,-0.25,0.7142857142857143,-0.3333333333333333,-0.42857142857142855,0.6666666666666666,-0.3333333333333333,0.2857142857142857,0.9166666666666666,-0.14285714285714285,0.2857142857142857,-0.42857142857142855,0.5,-0.08333333333333333,-0.3333333333333333,1.0,0.42857142857142855,-0.09090909090909091,2.142857142857143,0.6666666666666666,0.8333333333333334,0.8333333333333334,0.09090909090909091,-0.1111111111111111,-0.16666666666666666,0.3333333333333333,0.1111111111111111,0.0,1.5,0.5,0.08333333333333333,-0.16666666666666666,0.42857142857142855,0.11267605633802817,-0.16666666666666666,0.0,0.5
167,3.142857142857143,0.16666666666666666,-0.2857142857142857,-0.16666666666666666,0.3333333333333333,1.7142857142857142,-0.42857142857142855,1.0,0.16666666666666666,1.1428571428571428,-0.42857142857142855,-0.3333333333333333,0.16666666666666666,1.6666666666666667,-0.3333333333333333,0.0,1.4285714285714286,-0.3333333333333333,0.8571428571428571,-0.35555555555555557,-0.14285714285714285,0.0,2.0,1.6666666666666667,0.0,-0.16666666666666666,-0.5,0.04296875,0.8333333333333334,-0.2857142857142857,1.2857142857142858,0.6666666666666666,1.8,0.3333333333333333,3.4285714285714284,6.36,4.16,1.25,0.0,0.0,1.3333333333333333,-0.019417475728155338,-0.14285714285714285,-0.42857142857142855,1.1666666666666667,-0.16666666666666666,0.7142857142857143,-0.5,0.5,2.4,-0.3333333333333333,-0.3,0.0,-0.42857142857142855,0.8,-0.17777777777777778,-0.3333333333333333,0.6666666666666666,3.4285714285714284,0.2857142857142857,-0.2857142857142857,-0.14285714285714285,-0.6,-0.5,-0.125,-0.2857142857142857,-0.3333333333333333,0.7142857142857143,-0.3333333333333333,3.5,-0.2857142857142857,0.16666666666666666,-0.14285714285714285,-0.2857142857142857,-0.42857142857142855,1.6666666666666667,-0.08333333333333333,0.8333333333333334,0.42857142857142855,-0.42857142857142855,1.9090909090909092,0.5714285714285714,-0.3333333333333333,0.16666666666666666,-0.16666666666666666,-0.18181818181818182,0.7777777777777778,0.0,3.5,1.1111111111111112,1.12,0.6666666666666666,-0.5,-0.3333333333333333,0.16666666666666666,-0.2857142857142857,-0.09389671361502347,-0.16666666666666666,0.3333333333333333,0.5
168,-0.14285714285714285,0.3333333333333333,-0.42857142857142855,1.8333333333333333,-0.5,0.0,-0.2857142857142857,0.2,0.0,-0.42857142857142855,-0.42857142857142855,1.1666666666666667,0.16666666666666666,-0.5,1.5,0.8571428571428571,-0.14285714285714285,-0.3333333333333333,-0.2857142857142857,0.35555555555555557,1.1428571428571428,1.2857142857142858,2.6666666666666665,0.16666666666666666,0.3,-0.5,-0.5,-0.01171875,-0.5,-0.42857142857142855,0.8571428571428571,-0.5,1.2,-0.5,-0.2857142857142857,7.68,2.88,2.25,0.3333333333333333,0.3333333333333333,0.5,0.04854368932038835,-0.14285714285714285,-0.2857142857142857,0.6666666666666666,0.0,0.14285714285714285,0.0,-0.3333333333333333,-0.6,0.0,0.1,1.0,-0.42857142857142855,0.3,0.0,0.16666666666666666,0.6666666666666666,0.7619047619047619,-0.2857142857142857,-0.14285714285714285,0.5714285714285714,-0.4,0.5,0.625,0.2857142857142857,-0.3333333333333333,-0.42857142857142855,0.16666666666666666,-0.3333333333333333,3.857142857142857,-0.16666666666666666,-0.2857142857142857,0.5714285714285714,0.0,1.0,0.0,0.0,1.0,-0.42857142857142855,0.5454545454545454,-0.2857142857142857,-0.3333333333333333,0.3333333333333333,-0.16666666666666666,-0.2727272727272727,-0.1111111111111111,-0.3333333333333333,-0.3333333333333333,-0.2222222222222222,-0.48,0.16666666666666666,-0.3333333333333333,0.5833333333333334,0.3333333333333333,1.0,0.018779342723004695,0.3333333333333333,-0.3333333333333333,0.3333333333333333
169,-0.2857142857142857,0.5,-0.42857142857142855,0.3333333333333333,-0.3333333333333333,0.0,-0.42857142857142855,0.4,-0.3333333333333333,-0.2857142857142857,0.42857142857142855,0.0,0.0,0.6666666666666666,-0.3333333333333333,-0.14285714285714285,0.0,0.16666666666666666,-0.14285714285714285,-0.08888888888888889,0.0,0.0,0.16666666666666666,0.8333333333333334,-0.3,0.0,-0.5,-0.05859375,0.5,-0.42857142857142855,-0.14285714285714285,-0.5,-0.4,-0.16666666666666666,1.0,5.0,0.32,0.5,0.0,2.6666666666666665,0.6666666666666666,0.009708737864077669,0.0,-0.42857142857142855,-0.5,0.16666666666666666,-0.42857142857142855,0.3333333333333333,-0.3333333333333333,-0.6,-0.16666666666666666,-0.3,-0.2,1.1428571428571428,-0.3,0.0,1.3333333333333333,-0.5,-0.5714285714285714,0.0,2.4285714285714284,1.2857142857142858,0.0,-0.3333333333333333,0.625,0.2857142857142857,1.3333333333333333,1.0,-0.3333333333333333,0.3333333333333333,0.7142857142857143,-0.25,0.42857142857142855,-0.14285714285714285,1.2857142857142858,0.0,0.08333333333333333,1.0,1.5714285714285714,0.14285714285714285,-0.36363636363636365,0.42857142857142855,0.16666666666666666,1.3333333333333333,-0.3333333333333333,-0.2727272727272727,1.5555555555555556,-0.3333333333333333,0.0,0.2222222222222222,2.4,4.5,0.5,0.5,-0.16666666666666666,0.8571428571428571,-0.09389671361502347,0.0,-0.3333333333333333,-0.3333333333333333
170,-0.2857142857142857,2.3333333333333335,-0.42857142857142855,0.8333333333333334,-0.16666666666666666,0.7619047619047619,-0.42857142857142855,-0.4,2.0,1.5714285714285714,-0.14285714285714285,1.5,1.3333333333333333,-0.3333333333333333,-0.5,-0.42857142857142855,-0.2857142857142857,-0.3333333333333333,0.2857142857142857,-0.26666666666666666,-0.42857142857142855,0.2857142857142857,-0.3333333333333333,1.6666666666666667,0.4,0.0,-0.5,-0.08984375,1.8333333333333333,0.0,0.14285714285714285,-0.16666666666666666,0.0,1.3333333333333333,0.2857142857142857,5.64,-0.32,0.75,-0.5,1.0,-0.3333333333333333,-0.009708737864077669,0.42857142857142855,1.2857142857142858,-0.5,-0.3333333333333333,0.42857142857142855,-0.5,-0.3333333333333333,-0.2,-0.16666666666666666,1.5,4.4,-0.42857142857142855,-0.1,-0.35555555555555557,2.1666666666666665,2.3333333333333335,-0.38095238095238093,0.14285714285714285,0.7142857142857143,-0.2857142857142857,2.4,-0.3333333333333333,-0.375,-0.2857142857142857,0.0,0.0,0.3333333333333333,-0.5,-0.14285714285714285,0.08333333333333333,0.0,0.5714285714285714,-0.14285714285714285,2.1666666666666665,0.4166666666666667,-0.16666666666666666,-0.2857142857142857,4.428571428571429,-0.36363636363636365,2.7142857142857144,-0.3333333333333333,1.1666666666666667,-0.3333333333333333,-0.2727272727272727,0.0,3.0,-0.5,-0.3333333333333333,0.0,-0.16666666666666666,-0.3333333333333333,-0.16666666666666666,-0.3333333333333333,-0.42857142857142855,0.0,-0.16666666666666666,0.6666666666666666,0.16666666666666666
171,1.1428571428571428,0.5,-0.42857142857142855,0.16666666666666666,0.16666666666666666,3.4285714285714284,-0.42857142857142855,1.2,2.3333333333333335,-0.14285714285714285,0.2857142857142857,-0.5,-0.16666666666666666,0.0,0.0,0.14285714285714285,-0.2857142857142857,-0.3333333333333333,2.2857142857142856,-0.35555555555555557,0.0,-0.2857142857142857,-0.3333333333333333,-0.16666666666666666,0.9,4.666666666666667,0.0,-0.06640625,-0.5,-0.14285714285714285,0.0,1.8333333333333333,-0.6,4.5,1.7142857142857142,6.92,1.28,-0.25,0.16666666666666666,-0.3333333333333333,-0.5,-0.009708737864077669,0.7142857142857143,0.7142857142857143,0.3333333333333333,-0.16666666666666666,0.8571428571428571,0.3333333333333333,-0.3333333333333333,-0.6,-0.3333333333333333,-0.1,-0.2,0.2857142857142857,0.8,-0.35555555555555557,1.3333333333333333,0.5,2.0952380952380953,0.14285714285714285,-0.42857142857142855,0.14285714285714285,0.4,1.5,-0.375,0.7142857142857143,0.0,0.14285714285714285,0.16666666666666666,0.3333333333333333,0.0,0.5,-0.2857142857142857,0.14285714285714285,1.4285714285714286,1.8333333333333333,0.08333333333333333,0.3333333333333333,0.0,-0.42857142857142855,0.36363636363636365,0.2857142857142857,1.6666666666666667,-0.16666666666666666,0.0,0.18181818181818182,-0.2222222222222222,-0.3333333333333333,0.3333333333333333,-0.3333333333333333,-0.48,-0.3333333333333333,1.1666666666666667,0.16666666666666666,-0.3333333333333333,1.5714285714285714,-0.09389671361502347,-0.5,0.16666666666666666,1.1666666666666667
172,-0.42857142857142855,-0.16666666666666666,-0.42857142857142855,-0.16666666666666666,-0.5,1.3333333333333333,-0.14285714285714285,3.8,0.0,-0.14285714285714285,0.8571428571428571,-0.5,0.16666666666666666,0.16666666666666666,-0.16666666666666666,-0.2857142857142857,1.1428571428571428,1.6666666666666667,0.0,-0.26666666666666666,-0.2857142857142857,-0.42857142857142855,-0.16666666666666666,0.0,-0.3,-0.5,-0.5,-0.08203125,-0.16666666666666666,1.5714285714285714,-0.14285714285714285,0.16666666666666666,0.0,0.0,2.4285714285714284,4.36,-0.16,1.25,-0.3333333333333333,-0.3333333333333333,-0.5,-0.06796116504854369,0.0,2.142857142857143,-0.5,-0.3333333333333333,1.1428571428571428,-0.5,2.6666666666666665,-0.6,0.3333333333333333,0.1,-0.6,-0.42857142857142855,-0.2,-0.17777777777777778,1.3333333333333333,0.8333333333333334,0.38095238095238093,-0.2857142857142857,-0.42857142857142855,0.0,0.4,0.6666666666666666,-0.375,0.8571428571428571,0.0,0.42857142857142855,-0.16666666666666666,0.16666666666666666,1.0,-0.16666666666666666,0.42857142857142855,-0.14285714285714285,0.7142857142857143,-0.3333333333333333,-0.3333333333333333,-0.16666666666666666,0.8571428571428571,-0.2857142857142857,0.09090909090909091,0.0,3.8333333333333335,0.0,0.16666666666666666,-0.2727272727272727,-0.3333333333333333,-0.3333333333333333,-0.16666666666666666,1.3333333333333333,0.16,-0.16666666666666666,1.1666666666666667,-0.3333333333333333,-0.3333333333333333,0.8571428571428571,0.018779342723004695,-0.5,0.16666666666666666,0.0
173,1.1428571428571428,0.5,-0.42857142857142855,-0.3333333333333333,0.5,0.0,0.14285714285714285,0.0,1.0,1.0,1.4285714285714286,0.0,1.1666666666666667,1.6666666666666667,0.6666666666666666,-0.42857142857142855,0.14285714285714285,0.0,0.7142857142857143,0.08888888888888889,1.5714285714285714,0.5714285714285714,1.3333333333333333,-0.3333333333333333,-0.3,0.16666666666666666,0.0,0.02734375,-0.16666666666666666,-0.42857142857142855,0.0,-0.3333333333333333,0.6,-0.5,1.8571428571428572,6.84,0.48,0.5,1.6666666666666667,0.3333333333333333,-0.5,-0.038834951456310676,-0.2857142857142857,0.42857142857142855,-0.5,-0.3333333333333333,0.42857142857142855,-0.5,0.3333333333333333,3.4,-0.3333333333333333,1.1,-0.6,1.7142857142857142,-0.3,-0.17777777777777778,-0.16666666666666666,0.3333333333333333,0.19047619047619047,1.7142857142857142,0.2857142857142857,-0.42857142857142855,-0.4,-0.5,2.125,0.14285714285714285,-0.3333333333333333,0.2857142857142857,2.0,-0.5,-0.2857142857142857,0.08333333333333333,2.142857142857143,-0.14285714285714285,0.0,0.5,2.4166666666666665,-0.5,-0.2857142857142857,0.7142857142857143,-0.2727272727272727,0.5714285714285714,0.0,1.5,-0.16666666666666666,1.1818181818181819,-0.1111111111111111,0.5,1.8333333333333333,-0.3333333333333333,0.8,-0.3333333333333333,1.3333333333333333,0.3333333333333333,-0.16666666666666666,-0.42857142857142855,0.0,-0.5,-0.3333333333333333,-0.3333333333333333
174,-0.42857142857142855,1.0,-0.2857142857142857,2.0,-0.5,1.1428571428571428,-0.14285714285714285,-0.4,-0.3333333333333333,-0.2857142857142857,0.14285714285714285,-0.5,0.3333333333333333,-0.5,0.5,-0.42857142857142855,-0.2857142857142857,-0.3333333333333333,-0.2857142857142857,0.0,-0.2857142857142857,0.2857142857142857,-0.3333333333333333,0.0,0.3,0.16666666666666666,1.3333333333333333,-0.03515625,0.6666666666666666,0.42857142857142855,-0.2857142857142857,-0.16666666666666666,4.4,2.1666666666666665,-0.2857142857142857,7.8,1.12,-0.25,0.5,0.16666666666666666,0.16666666666666666,0.02912621359223301,0.7142857142857143,-0.14285714285714285,-0.5,1.1666666666666667,0.42857142857142855,-0.16666666666666666,1.3333333333333333,-0.4,0.0,0.4,-0.2,0.42857142857142855,0.6,0.0,0.0,0.0,2.0952380952380953,0.42857142857142855,-0.42857142857142855,1.5714285714285714,0.2,0.6666666666666666,-0.25,-0.14285714285714285,0.8333333333333334,0.42857142857142855,0.0,-0.5,0.7142857142857143,1.8333333333333333,0.42857142857142855,-0.2857142857142857,-0.2857142857142857,3.6666666666666665,0.3333333333333333,0.5,-0.14285714285714285,0.5714285714285714,0.36363636363636365,0.0,-0.3333333333333333,-0.3333333333333333,0.3333333333333333,0.18181818181818182,-0.2222222222222222,0.16666666666666666,-0.16666666666666666,-0.3333333333333333,2.24,2.1666666666666665,1.0,-0.3333333333333333,-0.16666666666666666,0.42857142857142855,-0.09389671361502347,-0.3333333333333333,1.0,0.8333333333333334
175,-0.2857142857142857,0.0,1.5714285714285714,-0.3333333333333333,4.5,-0.38095238095238093,-0.2857142857142857,-0.4,-0.3333333333333333,-0.2857142857142857,-0.42857142857142855,-0.16666666666666666,0.3333333333333333,3.3333333333333335,-0.5,-0.42857142857142855,-0.2857142857142857,-0.16666666666666666,2.4285714285714284,-0.17777777777777778,0.8571428571428571,0.42857142857142855,-0.3333333333333333,-0.16666666666666666,0.6,3.1666666666666665,-0.3333333333333333,-0.07421875,-0.5,0.14285714285714285,-0.14285714285714285,1.5,-0.6,-0.3333333333333333,-0.2857142857142857,5.48,-0.32,0.25,0.0,1.1666666666666667,-0.5,-0.038834951456310676,-0.2857142857142857,-0.42857142857142855,0.6666666666666666,-0.3333333333333333,-0.2857142857142857,0.5,1.6666666666666667,-0.6,-0.3333333333333333,0.6,-0.6,-0.2857142857142857,0.2,0.08888888888888889,0.5,-0.3333333333333333,0.0,-0.2857142857142857,-0.42857142857142855,-0.42857142857142855,1.0,-0.3333333333333333,0.0,-0.2857142857142857,2.3333333333333335,-0.42857142857142855,0.6666666666666666,4.5,0.0,-0.25,0.2857142857142857,0.42857142857142855,0.14285714285714285,-0.16666666666666666,1.25,-0.3333333333333333,0.7142857142857143,-0.2857142857142857,-0.36363636363636365,-0.2857142857142857,-0.3333333333333333,0.3333333333333333,-0.3333333333333333,-0.36363636363636365,-0.3333333333333333,-0.3333333333333333,1.3333333333333333,0.2222222222222222,-0.48,-0.3333333333333333,-0.5,0.3333333333333333,0.0,-0.42857142857142855,0.018779342723004695,-0.3333333333333333,3.3333333333333335,-0.3333333333333333
176,-0.42857142857142855,-0.16666666666666666,-0.42857142857142855,0.8333333333333334,0.16666666666666666,-0.19047619047619047,0.5714285714285714,-0.2,0.16666666666666666,-0.2857142857142857,-0.14285714285714285,0.6666666666666666,0.3333333333333333,-0.3333333333333333,0.6666666666666666,-0.42857142857142855,1.1428571428571428,-0.3333333333333333,-0.2857142857142857,1.0666666666666667,0.8571428571428571,-0.42857142857142855,1.0,0.6666666666666666,-0.2,0.0,-0.5,-0.07421875,0.5,-0.42857142857142855,0.2857142857142857,0.0,2.2,-0.16666666666666666,-0.2857142857142857,3.56,0.0,-0.25,0.16666666666666666,0.0,-0.5,-0.02912621359223301,0.2857142857142857,-0.42857142857142855,0.0,1.6666666666666667,-0.14285714285714285,0.3333333333333333,1.5,0.4,-0.3333333333333333,-0.1,-0.6,-0.42857142857142855,1.5,-0.17777777777777778,4.0,0.5,0.9523809523809523,-0.14285714285714285,-0.2857142857142857,0.2857142857142857,-0.6,0.0,0.5,0.0,-0.16666666666666666,0.7142857142857143,1.0,-0.5,0.42857142857142855,0.08333333333333333,0.0,0.42857142857142855,3.0,0.0,0.08333333333333333,-0.5,0.2857142857142857,1.7142857142857142,0.2727272727272727,-0.2857142857142857,-0.3333333333333333,-0.3333333333333333,-0.3333333333333333,-0.18181818181818182,0.4444444444444444,0.6666666666666666,-0.3333333333333333,2.111111111111111,0.48,0.16666666666666666,0.6666666666666666,0.5,3.5,0.2857142857142857,-0.07511737089201878,-0.3333333333333333,1.8333333333333333,0.0
177,-0.42857142857142855,-0.16666666666666666,-0.42857142857142855,0.16666666666666666,-0.5,1.7142857142857142,-0.42857142857142855,0.2,1.1666666666666667,0.14285714285714285,0.42857142857142855,-0.16666666666666666,-0.16666666666666666,2.1666666666666665,-0.16666666666666666,-0.42857142857142855,0.0,0.16666666666666666,0.0,0.0,2.4285714285714284,-0.2857142857142857,-0.3333333333333333,-0.16666666666666666,0.2,-0.16666666666666666,0.0,-0.04296875,-0.5,0.42857142857142855,1.7142857142857142,0.0,0.0,-0.3333333333333333,-0.2857142857142857,3.76,1.12,1.5,0.8333333333333334,-0.3333333333333333,-0.16666666666666666,-0.04854368932038835,2.0,0.0,-0.16666666666666666,-0.16666666666666666,0.0,2.0,0.8333333333333334,0.4,1.3333333333333333,-0.2,0.0,0.0,0.1,-0.35555555555555557,0.16666666666666666,-0.3333333333333333,-0.5714285714285714,-0.2857142857142857,1.1428571428571428,0.5714285714285714,0.8,2.3333333333333335,0.75,-0.2857142857142857,0.3333333333333333,1.0,-0.16666666666666666,0.16666666666666666,0.0,-0.25,0.42857142857142855,-0.2857142857142857,-0.14285714285714285,-0.16666666666666666,-0.08333333333333333,-0.5,0.2857142857142857,0.2857142857142857,0.18181818181818182,-0.2857142857142857,0.0,0.5,0.0,0.36363636363636365,-0.1111111111111111,1.3333333333333333,-0.3333333333333333,0.0,1.12,0.6666666666666666,-0.3333333333333333,0.08333333333333333,0.8333333333333334,0.0,-0.09389671361502347,-0.16666666666666666,0.5,0.0
178,-0.14285714285714285,-0.5,-0.14285714285714285,-0.3333333333333333,-0.5,-0.5714285714285714,-0.42857142857142855,0.8,0.6666666666666666,-0.14285714285714285,-0.14285714285714285,-0.5,0.5,0.0,-0.5,-0.42857142857142855,-0.2857142857142857,-0.3333333333333333,-0.2857142857142857,0.17777777777777778,0.5714285714285714,-0.14285714285714285,-0.3333333333333333,-0.3333333333333333,0.2,0.0,1.5,-0.02734375,0.16666666666666666,0.0,-0.2857142857142857,-0.5,-0.6,2.5,-0.2857142857142857,2.96,-0.16,-0.25,-0.16666666666666666,-0.3333333333333333,0.0,-0.038834951456310676,1.1428571428571428,-0.42857142857142855,-0.5,-0.3333333333333333,0.0,-0.3333333333333333,-0.16666666666666666,-0.2,-0.3333333333333333,0.9,0.4,-0.42857142857142855,-0.1,0.5333333333333333,-0.16666666666666666,2.1666666666666665,-0.5714285714285714,-0.14285714285714285,-0.14285714285714285,-0.42857142857142855,-0.6,-0.16666666666666666,0.0,-0.14285714285714285,0.3333333333333333,0.0,-0.3333333333333333,0.0,-0.2857142857142857,-0.08333333333333333,1.0,-0.2857142857142857,-0.42857142857142855,0.16666666666666666,0.8333333333333334,0.3333333333333333,0.5714285714285714,1.8571428571428572,0.8181818181818182,-0.2857142857142857,-0.16666666666666666,0.0,-0.16666666666666666,-0.36363636363636365,0.1111111111111111,0.16666666666666666,-0.3333333333333333,0.0,0.0,0.0,-0.5,-0.3333333333333333,-0.16666666666666666,0.7142857142857143,-0.09389671361502347,2.5,0.3333333333333333,-0.3333333333333333
179,-0.42857142857142855,-0.5,2.4285714285714284,0.5,-0.3333333333333333,0.9523809523809523,-0.42857142857142855,1.0,-0.16666666666666666,1.1428571428571428,1.0,0.0,1.1666666666666667,0.0,-0.3333333333333333,-0.2857142857142857,0.0,0.0,-0.2857142857142857,-0.08888888888888889,0.2857142857142857,-0.2857142857142857,-0.3333333333333333,-0.3333333333333333,0.3,0.3333333333333333,0.16666666666666666,-0.07421875,-0.3333333333333333,-0.42857142857142855,0.14285714285714285,-0.3333333333333333,1.4,-0.3333333333333333,-0.14285714285714285,4.6,-0.32,0.625,0.0,0.16666666666666666,1.8333333333333333,-0.05825242718446602,0.14285714285714285,0.14285714285714285,-0.5,-0.3333333333333333,2.857142857142857,-0.16666666666666666,-0.3333333333333333,0.0,0.0,0.2,1.0,-0.14285714285714285,3.2,0.26666666666666666,-0.3333333333333333,-0.5,-0.5714285714285714,-0.2857142857142857,-0.42857142857142855,1.8571428571428572,-0.6,2.0,2.5,-0.2857142857142857,0.3333333333333333,1.4285714285714286,1.8333333333333333,-0.16666666666666666,-0.14285714285714285,-0.16666666666666666,0.5714285714285714,1.2857142857142858,2.2857142857142856,-0.3333333333333333,-0.08333333333333333,1.6666666666666667,-0.2857142857142857,-0.42857142857142855,1.1818181818181819,1.8571428571428572,-0.3333333333333333,0.16666666666666666,0.5,-0.2727272727272727,1.1111111111111112,-0.3333333333333333,-0.5,-0.3333333333333333,-0.16,0.5,-0.5,1.0833333333333333,-0.16666666666666666,0.42857142857142855,-0.056338028169014086,1.5,1.5,-0.16666666666666666
180,0.14285714285714285,-0.5,-0.42857142857142855,-0.16666666666666666,1.1666666666666667,0.38095238095238093,-0.42857142857142855,0.0,5.5,-0.2857142857142857,0.14285714285714285,0.5,-0.3333333333333333,0.8333333333333334,-0.5,0.2857142857142857,-0.2857142857142857,0.8333333333333334,-0.2857142857142857,0.4444444444444444,0.7142857142857143,-0.14285714285714285,-0.3333333333333333,0.0,0.0,-0.3333333333333333,0.16666666666666666,-0.06640625,-0.16666666666666666,2.4285714285714284,-0.14285714285714285,-0.3333333333333333,-0.4,-0.16666666666666666,-0.14285714285714285,6.28,-0.16,-0.25,-0.3333333333333333,-0.3333333333333333,0.5,0.0,2.0,1.0,1.0,-0.16666666666666666,0.14285714285714285,-0.16666666666666666,0.5,0.4,5.0,-0.3,-0.4,-0.14285714285714285,-0.3,-0.35555555555555557,0.0,-0.5,0.0,1.0,-0.42857142857142855,0.42857142857142855,0.4,-0.5,-0.375,0.2857142857142857,-0.16666666666666666,-0.2857142857142857,1.5,-0.3333333333333333,0.14285714285714285,0.0,1.4285714285714286,-0.2857142857142857,-0.42857142857142855,-0.3333333333333333,-0.25,-0.3333333333333333,0.0,-0.42857142857142855,-0.36363636363636365,1.0,0.0,0.3333333333333333,3.5,-0.36363636363636365,0.2222222222222222,-0.3333333333333333,-0.16666666666666666,0.3333333333333333,-0.48,2.5,1.5,0.16666666666666666,1.0,0.0,0.07511737089201878,0.0,1.1666666666666667,-0.3333333333333333
181,4.142857142857143,-0.5,0.14285714285714285,-0.3333333333333333,-0.5,1.5238095238095237,-0.42857142857142855,0.6,0.6666666666666666,0.42857142857142855,-0.2857142857142857,-0.3333333333333333,-0.3333333333333333,-0.5,1.5,-0.42857142857142855,0.42857142857142855,2.5,1.7142857142857142,0.35555555555555557,0.5714285714285714,-0.42857142857142855,0.0,-0.3333333333333333,-0.3,0.3333333333333333,-0.5,-0.08984375,0.16666666666666666,-0.42857142857142855,-0.14285714285714285,0.0,-0.2,2.8333333333333335,0.0,2.8,-0.16,-0.25,0.16666666666666666,2.1666666666666665,-0.3333333333333333,-0.019417475728155338,0.14285714285714285,-0.2857142857142857,0.0,1.5,-0.2857142857142857,-0.5,1.8333333333333333,-0.6,-0.3333333333333333,0.7,-0.6,1.1428571428571428,-0.2,-0.26666666666666666,0.0,0.6666666666666666,0.19047619047619047,-0.2857142857142857,0.42857142857142855,-0.42857142857142855,-0.6,2.0,-0.375,0.42857142857142855,0.0,0.5714285714285714,0.0,-0.3333333333333333,1.7142857142857142,-0.08333333333333333,-0.14285714285714285,0.0,-0.14285714285714285,0.3333333333333333,-0.3333333333333333,0.6666666666666666,-0.2857142857142857,-0.42857142857142855,-0.2727272727272727,1.0,-0.3333333333333333,0.3333333333333333,0.5,-0.2727272727272727,-0.2222222222222222,0.3333333333333333,1.1666666666666667,0.2222222222222222,2.56,-0.3333333333333333,0.8333333333333334,0.16666666666666666,1.1666666666666667,-0.2857142857142857,-0.09389671361502347,-0.5,2.5,-0.3333333333333333
182,0.14285714285714285,-0.3333333333333333,2.0,-0.16666666666666666,-0.16666666666666666,0.38095238095238093,0.42857142857142855,1.4,0.0,-0.42857142857142855,1.1428571428571428,-0.5,0.5,-0.5,0.6666666666666666,0.2857142857142857,-0.2857142857142857,-0.3333333333333333,-0.2857142857142857,1.7777777777777777,0.14285714285714285,0.0,1.6666666666666667,-0.16666666666666666,-0.2,-0.5,-0.3333333333333333,-0.05078125,0.3333333333333333,0.42857142857142855,0.0,-0.3333333333333333,-0.4,-0.3333333333333333,2.4285714285714284,4.48,0.16,0.0,0.0,-0.16666666666666666,-0.5,0.07766990291262135,-0.2857142857142857,-0.14285714285714285,1.1666666666666667,-0.3333333333333333,0.5714285714285714,-0.5,-0.3333333333333333,-0.4,-0.16666666666666666,-0.2,0.2,-0.42857142857142855,-0.2,-0.17777777777777778,-0.3333333333333333,-0.5,0.5714285714285714,-0.2857142857142857,-0.2857142857142857,-0.14285714285714285,0.2,-0.5,0.5,1.0,0.16666666666666666,0.0,0.0,0.6666666666666666,0.14285714285714285,-0.25,1.5714285714285714,-0.2857142857142857,0.14285714285714285,0.16666666666666666,0.08333333333333333,0.8333333333333334,-0.14285714285714285,-0.42857142857142855,0.0,-0.2857142857142857,0.0,0.3333333333333333,0.0,-0.36363636363636365,0.2222222222222222,1.8333333333333333,0.8333333333333334,0.6666666666666666,0.16,0.5,-0.5,0.08333333333333333,0.0,-0.42857142857142855,-0.03755868544600939,0.3333333333333333,1.5,-0.3333333333333333
183,-0.2857142857142857,-0.5,-0.14285714285714285,1.5,0.8333333333333334,-0.5714285714285714,0.0,-0.4,0.16666666666666666,0.7142857142857143,-0.42857142857142855,-0.3333333333333333,0.0,0.3333333333333333,-0.3333333333333333,-0.42857142857142855,0.42857142857142855,-0.16666666666666666,-0.14285714285714285,0.08888888888888889,-0.42857142857142855,1.4285714285714286,0.16666666666666666,-0.3333333333333333,-0.3,0.16666666666666666,-0.3333333333333333,0.01953125,0.0,2.0,-0.2857142857142857,-0.5,-0.2,0.3333333333333333,-0.2857142857142857,5.4,1.12,-0.25,0.8333333333333334,-0.3333333333333333,0.8333333333333334,-0.05825242718446602,0.8571428571428571,0.0,-0.5,0.0,0.0,-0.5,0.0,4.2,-0.16666666666666666,-0.2,-0.6,-0.2857142857142857,2.1,-0.35555555555555557,-0.3333333333333333,1.3333333333333333,0.7619047619047619,-0.2857142857142857,2.0,-0.2857142857142857,-0.6,-0.5,-0.25,0.2857142857142857,-0.3333333333333333,-0.42857142857142855,-0.3333333333333333,1.3333333333333333,0.2857142857142857,-0.16666666666666666,1.5714285714285714,-0.2857142857142857,0.5714285714285714,-0.3333333333333333,-0.25,-0.3333333333333333,-0.2857142857142857,2.4285714285714284,1.4545454545454546,0.2857142857142857,-0.3333333333333333,-0.3333333333333333,0.3333333333333333,1.0,0.0,-0.3333333333333333,2.5,-0.1111111111111111,-0.48,1.6666666666666667,-0.3333333333333333,-0.08333333333333333,0.3333333333333333,-0.14285714285714285,0.07511737089201878,1.8333333333333333,-0.3333333333333333,-0.3333333333333333
184,2.142857142857143,-0.5,-0.42857142857142855,0.3333333333333333,1.3333333333333333,0.38095238095238093,-0.2857142857142857,2.8,0.8333333333333334,-0.2857142857142857,-0.2857142857142857,0.5,2.8333333333333335,0.0,-0.16666666666666666,-0.42857142857142855,0.2857142857142857,-0.3333333333333333,3.2857142857142856,0.17777777777777778,0.7142857142857143,-0.2857142857142857,0.6666666666666666,-0.3333333333333333,-0.2,0.16666666666666666,0.5,-0.03515625,0.6666666666666666,0.5714285714285714,-0.2857142857142857,0.0,1.2,-0.3333333333333333,0.8571428571428571,6.76,0.32,0.0,0.0,-0.16666666666666666,0.0,-0.038834951456310676,-0.2857142857142857,-0.2857142857142857,-0.3333333333333333,-0.3333333333333333,0.5714285714285714,0.16666666666666666,-0.3333333333333333,-0.6,0.6666666666666666,-0.2,-0.2,-0.2857142857142857,-0.3,-0.35555555555555557,-0.3333333333333333,3.8333333333333335,-0.19047619047619047,0.14285714285714285,-0.42857142857142855,0.14285714285714285,-0.2,-0.3333333333333333,-0.375,1.0,-0.3333333333333333,1.5714285714285714,0.8333333333333334,0.3333333333333333,-0.2857142857142857,-0.25,-0.14285714285714285,-0.2857142857142857,-0.14285714285714285,-0.16666666666666666,0.6666666666666666,-0.5,-0.14285714285714285,0.5714285714285714,-0.36363636363636365,0.5714285714285714,-0.16666666666666666,0.16666666666666666,-0.3333333333333333,0.09090909090909091,-0.1111111111111111,-0.3333333333333333,0.0,1.2222222222222223,0.16,0.3333333333333333,1.8333333333333333,0.16666666666666666,-0.3333333333333333,1.4285714285714286,-0.07511737089201878,-0.5,0.0,1.1666666666666667
185,0.14285714285714285,0.0,0.7142857142857143,0.5,-0.3333333333333333,1.5238095238095237,-0.42857142857142855,0.2,0.0,-0.42857142857142855,0.14285714285714285,2.3333333333333335,-0.3333333333333333,-0.5,0.0,-0.42857142857142855,0.0,-0.3333333333333333,-0.2857142857142857,-0.35555555555555557,0.14285714285714285,0.14285714285714285,-0.16666666666666666,-0.3333333333333333,-0.3,1.1666666666666667,-0.3333333333333333,-0.08984375,-0.16666666666666666,1.1428571428571428,-0.14285714285714285,1.0,-0.6,-0.5,0.42857142857142855,3.32,-0.16,0.625,0.6666666666666666,-0.3333333333333333,-0.5,-0.04854368932038835,2.5714285714285716,1.2857142857142858,-0.5,-0.3333333333333333,-0.14285714285714285,1.3333333333333333,0.3333333333333333,0.8,0.16666666666666666,-0.1,0.2,-0.14285714285714285,0.9,-0.17777777777777778,0.8333333333333334,0.6666666666666666,-0.19047619047619047,1.7142857142857142,-0.2857142857142857,0.8571428571428571,1.2,-0.5,-0.125,0.0,-0.16666666666666666,0.14285714285714285,-0.3333333333333333,-0.16666666666666666,0.0,1.0833333333333333,-0.14285714285714285,-0.2857142857142857,-0.2857142857142857,0.5,-0.16666666666666666,-0.16666666666666666,1.2857142857142858,-0.42857142857142855,-0.18181818181818182,-0.14285714285714285,0.16666666666666666,-0.3333333333333333,-0.3333333333333333,-0.18181818181818182,1.6666666666666667,-0.3333333333333333,-0.5,-0.2222222222222222,0.16,0.8333333333333334,0.3333333333333333,-0.3333333333333333,-0.3333333333333333,-0.42857142857142855,-0.03755868544600939,1.1666666666666667,0.0,-0.16666666666666666
186,-0.42857142857142855,0.3333333333333333,-0.14285714285714285,-0.16666666666666666,-0.5,0.5714285714285714,-0.42857142857142855,0.6,0.0,-0.2857142857142857,-0.42857142857142855,0.0,0.16666666666666666,0.16666666666666666,-0.5,0.5714285714285714,2.142857142857143,0.5,-0.2857142857142857,0.0,-0.14285714285714285,-0.42857142857142855,-0.3333333333333333,-0.3333333333333333,-0.3,0.3333333333333333,-0.16666666666666666,-0.06640625,0.0,0.5714285714285714,-0.2857142857142857,-0.5,-0.6,1.5,1.4285714285714286,4.24,0.16,-0.125,-0.3333333333333333,-0.3333333333333333,0.16666666666666666,0.11650485436893204,0.0,0.0,-0.5,1.0,0.2857142857142857,-0.3333333333333333,0.16666666666666666,0.0,1.3333333333333333,-0.1,-0.6,-0.42857142857142855,0.0,0.17777777777777778,-0.3333333333333333,0.0,-0.19047619047619047,0.42857142857142855,-0.14285714285714285,-0.2857142857142857,5.2,-0.3333333333333333,-0.375,0.8571428571428571,-0.16666666666666666,-0.42857142857142855,1.3333333333333333,0.0,0.7142857142857143,-0.08333333333333333,-0.14285714285714285,-0.14285714285714285,-0.42857142857142855,0.0,1.25,3.6666666666666665,0.7142857142857143,0.5714285714285714,-0.36363636363636365,-0.14285714285714285,1.1666666666666667,0.5,0.8333333333333334,-0.36363636363636365,1.3333333333333333,0.5,1.1666666666666667,-0.3333333333333333,4.8,0.6666666666666666,-0.5,0.0,-0.16666666666666666,-0.14285714285714285,-0.09389671361502347,-0.5,9.333333333333334,0.0
187,3.0,-0.16666666666666666,0.2857142857142857,-0.3333333333333333,-0.3333333333333333,-0.5714285714285714,-0.2857142857142857,0.2,0.3333333333333333,-0.42857142857142855,0.7142857142857143,0.0,-0.3333333333333333,1.8333333333333333,0.0,-0.42857142857142855,2.4285714285714284,-0.3333333333333333,0.0,0.35555555555555557,0.14285714285714285,0.2857142857142857,0.0,0.5,-0.3,1.1666666666666667,-0.5,-0.06640625,-0.16666666666666666,-0.14285714285714285,-0.14285714285714285,-0.5,0.6,-0.5,-0.2857142857142857,6.84,-0.16,0.875,-0.5,0.0,0.3333333333333333,-0.06796116504854369,0.0,-0.42857142857142855,-0.5,-0.3333333333333333,-0.14285714285714285,-0.3333333333333333,-0.16666666666666666,-0.2,-0.16666666666666666,0.9,2.0,-0.42857142857142855,1.0,-0.35555555555555557,0.0,0.3333333333333333,-0.5714285714285714,-0.14285714285714285,-0.2857142857142857,0.8571428571428571,-0.6,1.6666666666666667,-0.375,-0.14285714285714285,-0.3333333333333333,0.0,1.0,-0.3333333333333333,0.14285714285714285,0.6666666666666666,-0.2857142857142857,-0.14285714285714285,-0.14285714285714285,-0.3333333333333333,0.5,2.0,1.0,0.14285714285714285,-0.2727272727272727,1.8571428571428572,-0.3333333333333333,1.0,-0.3333333333333333,-0.2727272727272727,-0.2222222222222222,0.0,-0.5,0.5555555555555556,0.32,0.3333333333333333,0.0,1.5833333333333333,2.1666666666666665,0.8571428571428571,-0.018779342723004695,-0.5,0.5,1.0
188,0.0,0.5,1.8571428571428572,-0.3333333333333333,1.5,0.7619047619047619,-0.42857142857142855,0.4,-0.16666666666666666,-0.2857142857142857,0.0,1.3333333333333333,0.8333333333333334,0.0,-0.3333333333333333,3.0,0.2857142857142857,-0.16666666666666666,0.14285714285714285,-0.35555555555555557,0.42857142857142855,-0.42857142857142855,-0.16666666666666666,-0.16666666666666666,-0.3,0.6666666666666666,2.5,-0.01953125,-0.16666666666666666,-0.2857142857142857,0.0,-0.3333333333333333,-0.4,-0.3333333333333333,-0.2857142857142857,5.08,-0.32,-0.25,-0.16666666666666666,1.3333333333333333,2.5,-0.02912621359223301,-0.2857142857142857,-0.42857142857142855,-0.5,-0.3333333333333333,0.14285714285714285,0.6666666666666666,0.16666666666666666,0.0,-0.16666666666666666,0.5,-0.6,-0.2857142857142857,0.2,-0.35555555555555557,-0.3333333333333333,-0.16666666666666666,-0.5714285714285714,-0.2857142857142857,-0.42857142857142855,1.7142857142857142,0.8,2.0,0.125,0.0,-0.16666666666666666,-0.42857142857142855,-0.3333333333333333,0.6666666666666666,-0.14285714285714285,-0.16666666666666666,-0.2857142857142857,0.42857142857142855,-0.2857142857142857,-0.3333333333333333,-0.08333333333333333,-0.3333333333333333,0.14285714285714285,-0.42857142857142855,0.09090909090909091,-0.2857142857142857,2.5,0.0,0.3333333333333333,0.0,0.5555555555555556,0.16666666666666666,0.16666666666666666,-0.2222222222222222,0.48,-0.3333333333333333,-0.5,-0.16666666666666666,0.3333333333333333,-0.14285714285714285,0.056338028169014086,-0.3333333333333333,1.6666666666666667,-0.16666666666666666
189,-0.42857142857142855,-0.5,-0.2857142857142857,-0.16666666666666666,-0.3333333333333333,-0.5714285714285714,0.8571428571428571,-0.4,-0.3333333333333333,1.4285714285714286,-0.42857142857142855,-0.3333333333333333,-0.3333333333333333,-0.16666666666666666,0.0,2.0,-0.2857142857142857,0.3333333333333333,-0.2857142857142857,0.35555555555555557,-0.14285714285714285,-0.2857142857142857,0.3333333333333333,0.0,-0.3,0.3333333333333333,0.8333333333333334,-0.03515625,-0.5,-0.2857142857142857,0.0,-0.5,-0.2,0.3333333333333333,1.0,7.4,2.4,0.875,0.0,-0.3333333333333333,0.0,-0.06796116504854369,0.2857142857142857,0.5714285714285714,-0.5,0.3333333333333333,-0.2857142857142857,5.166666666666667,0.16666666666666666,1.6,2.5,0.7,0.2,-0.42857142857142855,-0.2,0.7111111111111111,-0.3333333333333333,-0.16666666666666666,-0.5714285714285714,0.7142857142857143,-0.42857142857142855,0.2857142857142857,-0.2,0.6666666666666666,-0.375,-0.14285714285714285,0.3333333333333333,-0.2857142857142857,-0.16666666666666666,-0.3333333333333333,2.0,0.16666666666666666,0.8571428571428571,0.0,-0.42857142857142855,-0.16666666666666666,0.9166666666666666,-0.16666666666666666,-0.14285714285714285,2.5714285714285716,-0.2727272727272727,-0.2857142857142857,-0.16666666666666666,0.3333333333333333,-0.3333333333333333,0.36363636363636365,-0.2222222222222222,-0.3333333333333333,-0.3333333333333333,-0.1111111111111111,-0.48,2.0,0.16666666666666666,-0.16666666666666666,0.16666666666666666,-0.2857142857142857,0.16901408450704225,0.0,0.0,-0.3333333333333333
190,1.1428571428571428,1.0,0.0,0.3333333333333333,-0.5,1.5238095238095237,-0.42857142857142855,-0.4,-0.16666666666666666,-0.42857142857142855,-0.2857142857142857,0.6666666666666666,-0.3333333333333333,0.16666666666666666,0.8333333333333334,-0.42857142857142855,-0.14285714285714285,-0.3333333333333333,0.0,0.8,0.0,-0.2857142857142857,2.0,-0.3333333333333333,-0.3,1.3333333333333333,-0.5,-0.06640625,0.3333333333333333,0.42857142857142855,0.0,-0.3333333333333333,-0.2,0.16666666666666666,-0.2857142857142857,3.32,2.56,1.375,-0.5,2.3333333333333335,0.3333333333333333,0.0,-0.14285714285714285,-0.2857142857142857,1.0,-0.16666666666666666,0.2857142857142857,-0.5,-0.16666666666666666,-0.4,3.8333333333333335,-0.3,0.0,1.0,-0.3,-0.26666666666666666,0.3333333333333333,3.3333333333333335,-0.38095238095238093,0.2857142857142857,-0.42857142857142855,0.14285714285714285,0.0,2.6666666666666665,1.0,0.0,0.5,0.0,0.0,0.5,-0.2857142857142857,-0.25,0.8571428571428571,1.8571428571428572,-0.14285714285714285,0.8333333333333334,-0.25,2.6666666666666665,-0.2857142857142857,6.0,-0.09090909090909091,1.4285714285714286,0.16666666666666666,0.8333333333333334,0.6666666666666666,0.2727272727272727,0.5555555555555556,0.0,0.3333333333333333,0.1111111111111111,0.48,-0.16666666666666666,0.5,0.16666666666666666,3.0,-0.14285714285714285,-0.09389671361502347,-0.5,0.0,2.1666666666666665
191,-0.2857142857142857,0.6666666666666666,0.0,0.8333333333333334,0.16666666666666666,-0.5714285714285714,-0.42857142857142855,-0.4,0.16666666666666666,-0.42857142857142855,1.5714285714285714,-0.3333333333333333,-0.3333333333333333,-0.16666666666666666,-0.3333333333333333,2.7142857142857144,1.5714285714285714,-0.3333333333333333,-0.2857142857142857,-0.35555555555555557,-0.14285714285714285,0.5714285714285714,0.16666666666666666,-0.16666666666666666,0.0,-0.3333333333333333,-0.5,0.02734375,-0.16666666666666666,0.42857142857142855,2.2857142857142856,-0.3333333333333333,0.0,1.8333333333333333,1.4285714285714286,3.08,1.92,0.25,1.1666666666666667,0.5,1.3333333333333333,-0.06796116504854369,1.1428571428571428,-0.42857142857142855,1.8333333333333333,0.3333333333333333,0.2857142857142857,0.0,1.3333333333333333,-0.6,-0.3333333333333333,0.1,0.2,0.42857142857142855,-0.3,-0.08888888888888889,0.0,-0.16666666666666666,-0.5714285714285714,0.14285714285714285,-0.2857142857142857,0.8571428571428571,-0.2,1.0,0.625,-0.2857142857142857,0.16666666666666666,0.2857142857142857,2.3333333333333335,-0.16666666666666666,-0.14285714285714285,-0.16666666666666666,1.4285714285714286,0.0,-0.42857142857142855,-0.16666666666666666,0.0,0.0,2.2857142857142856,1.7142857142857142,0.6363636363636364,0.8571428571428571,0.16666666666666666,1.3333333333333333,-0.16666666666666666,-0.36363636363636365,0.1111111111111111,-0.3333333333333333,-0.5,-0.3333333333333333,0.32,0.0,-0.3333333333333333,-0.3333333333333333,0.0,-0.42857142857142855,0.3192488262910798,-0.5,-0.3333333333333333,-0.3333333333333333
192,-0.2857142857142857,1.5,0.8571428571428571,1.3333333333333333,-0.3333333333333333,0.0,-0.2857142857142857,1.2,0.16666666666666666,0.0,0.42857142857142855,-0.5,-0.3333333333333333,-0.3333333333333333,-0.3333333333333333,-0.42857142857142855,1.1428571428571428,0.0,0.14285714285714285,-0.26666666666666666,-0.42857142857142855,3.5714285714285716,-0.16666666666666666,-0.16666666666666666,-0.3,-0.5,0.16666666666666666,-0.04296875,1.0,-0.42857142857142855,0.2857142857142857,-0.3333333333333333,-0.4,1.1666666666666667,-0.2857142857142857,6.76,-0.16,0.875,-0.16666666666666666,1.0,-0.3333333333333333,-0.02912621359223301,-0.14285714285714285,-0.42857142857142855,0.0,-0.16666666666666666,0.0,3.5,1.0,-0.6,-0.3333333333333333,0.1,0.2,-0.14285714285714285,-0.3,0.0,-0.3333333333333333,1.5,-0.38095238095238093,2.4285714285714284,-0.2857142857142857,-0.42857142857142855,0.4,-0.5,-0.375,-0.2857142857142857,0.16666666666666666,3.5714285714285716,-0.3333333333333333,3.0,-0.14285714285714285,-0.25,-0.2857142857142857,-0.2857142857142857,0.42857142857142855,0.16666666666666666,0.4166666666666667,1.3333333333333333,1.5714285714285714,0.14285714285714285,0.09090909090909091,1.4285714285714286,0.5,0.16666666666666666,-0.3333333333333333,1.1818181818181819,0.5555555555555556,0.3333333333333333,-0.5,0.1111111111111111,1.44,0.0,-0.5,-0.3333333333333333,0.5,-0.2857142857142857,-0.09389671361502347,2.3333333333333335,0.16666666666666666,0.0
193,0.8571428571428571,0.5,-0.42857142857142855,1.0,0.16666666666666666,4.761904761904762,0.14285714285714285,2.4,0.3333333333333333,0.2857142857142857,-0.42857142857142855,0.6666666666666666,-0.3333333333333333,0.0,0.0,-0.42857142857142855,-0.2857142857142857,0.5,1.0,-0.26666666666666666,1.2857142857142858,-0.14285714285714285,-0.3333333333333333,1.6666666666666667,-0.1,-0.5,-0.16666666666666666,-0.08203125,-0.3333333333333333,-0.42857142857142855,-0.2857142857142857,-0.16666666666666666,1.0,-0.3333333333333333,-0.14285714285714285,3.48,-0.32,-0.25,0.16666666666666666,-0.3333333333333333,-0.5,0.009708737864077669,0.5714285714285714,-0.2857142857142857,1.1666666666666667,6.833333333333333,-0.42857142857142855,0.8333333333333334,2.8333333333333335,0.2,-0.3333333333333333,0.3,0.0,-0.42857142857142855,-0.2,-0.26666666666666666,0.8333333333333334,-0.16666666666666666,0.38095238095238093,0.7142857142857143,0.14285714285714285,0.2857142857142857,-0.6,5.5,0.125,-0.2857142857142857,0.16666666666666666,2.2857142857142856,-0.3333333333333333,0.0,-0.2857142857142857,-0.16666666666666666,0.42857142857142855,0.0,0.0,-0.16666666666666666,-0.3333333333333333,0.3333333333333333,0.8571428571428571,-0.42857142857142855,1.0909090909090908,0.14285714285714285,0.0,0.5,-0.3333333333333333,-0.36363636363636365,-0.3333333333333333,0.5,-0.3333333333333333,-0.3333333333333333,-0.48,-0.3333333333333333,-0.3333333333333333,0.16666666666666666,1.6666666666666667,-0.14285714285714285,-0.03755868544600939,1.1666666666666667,3.0,0.16666666666666666
194,-0.14285714285714285,-0.5,-0.42857142857142855,-0.3333333333333333,0.16666666666666666,-0.5714285714285714,-0.42857142857142855,1.8,-0.16666666666666666,0.14285714285714285,-0.42857142857142855,2.0,-0.3333333333333333,0.5,-0.5,-0.14285714285714285,0.2857142857142857,-0.3333333333333333,0.42857142857142855,-0.35555555555555557,-0.2857142857142857,-0.2857142857142857,1.0,-0.3333333333333333,0.0,-0.16666666666666666,0.5,-0.05078125,-0.5,0.14285714285714285,0.8571428571428571,-0.5,-0.6,0.5,0.14285714285714285,7.2,0.0,0.875,1.5,-0.3333333333333333,0.3333333333333333,-0.06796116504854369,0.5714285714285714,3.0,0.5,0.6666666666666666,-0.42857142857142855,-0.16666666666666666,-0.3333333333333333,-0.6,-0.3333333333333333,-0.1,-0.6,-0.2857142857142857,-0.3,-0.35555555555555557,-0.3333333333333333,-0.3333333333333333,0.7619047619047619,0.5714285714285714,-0.42857142857142855,-0.2857142857142857,-0.6,0.5,1.125,-0.14285714285714285,0.0,0.42857142857142855,-0.16666666666666666,-0.16666666666666666,0.5714285714285714,-0.08333333333333333,0.8571428571428571,0.5714285714285714,-0.42857142857142855,0.6666666666666666,-0.16666666666666666,-0.5,-0.2857142857142857,1.4285714285714286,-0.18181818181818182,-0.2857142857142857,-0.3333333333333333,-0.16666666666666666,-0.3333333333333333,0.09090909090909091,-0.2222222222222222,1.0,0.16666666666666666,-0.3333333333333333,0.16,0.0,0.6666666666666666,0.25,1.6666666666666667,1.7142857142857142,0.20657276995305165,-0.3333333333333333,-0.16666666666666666,0.3333333333333333
195,-0.42857142857142855,0.5,-0.2857142857142857,0.6666666666666666,2.3333333333333335,-0.5714285714285714,-0.2857142857142857,0.4,2.6666666666666665,0.14285714285714285,-0.14285714285714285,0.0,2.0,0.6666666666666666,0.16666666666666666,0.8571428571428571,0.2857142857142857,3.8333333333333335,0.42857142857142855,-0.35555555555555557,-0.14285714285714285,-0.42857142857142855,-0.3333333333333333,0.16666666666666666,1.3,0.16666666666666666,-0.5,-0.05078125,-0.5,0.2857142857142857,-0.2857142857142857,-0.16666666666666666,0.6,0.16666666666666666,-0.14285714285714285,4.96,-0.32,0.75,-0.5,-0.16666666666666666,-0.5,0.02912621359223301,1.1428571428571428,-0.42857142857142855,-0.5,5.333333333333333,1.1428571428571428,-0.16666666666666666,0.0,-0.6,-0.3333333333333333,0.1,-0.4,-0.42857142857142855,0.2,0.4444444444444444,-0.3333333333333333,0.0,-0.19047619047619047,2.2857142857142856,0.42857142857142855,0.14285714285714285,0.0,-0.16666666666666666,-0.375,-0.2857142857142857,-0.16666666666666666,-0.42857142857142855,-0.3333333333333333,-0.5,0.0,0.08333333333333333,-0.2857142857142857,1.0,-0.14285714285714285,-0.3333333333333333,-0.16666666666666666,-0.5,0.7142857142857143,-0.2857142857142857,1.0909090909090908,-0.2857142857142857,1.3333333333333333,1.0,-0.3333333333333333,-0.18181818181818182,-0.3333333333333333,-0.3333333333333333,-0.3333333333333333,-0.3333333333333333,0.96,-0.3333333333333333,0.16666666666666666,-0.3333333333333333,-0.3333333333333333,0.5714285714285714,-0.018779342723004695,-0.5,-0.3333333333333333,0.0
196,1.2857142857142858,1.3333333333333333,-0.42857142857142855,2.1666666666666665,0.5,0.0,1.4285714285714286,1.8,0.16666666666666666,1.8571428571428572,0.0,3.3333333333333335,-0.3333333333333333,0.6666666666666666,-0.5,0.14285714285714285,0.42857142857142855,0.6666666666666666,1.0,-0.08888888888888889,-0.14285714285714285,1.0,-0.3333333333333333,-0.3333333333333333,0.1,0.16666666666666666,1.0,-0.08203125,-0.5,0.42857142857142855,0.14285714285714285,-0.3333333333333333,-0.6,-0.3333333333333333,-0.2857142857142857,7.64,-0.32,1.5,-0.5,0.6666666666666666,1.6666666666666667,-0.06796116504854369,0.14285714285714285,0.14285714285714285,-0.5,-0.3333333333333333,0.42857142857142855,0.8333333333333334,0.0,-0.2,-0.16666666666666666,-0.2,1.6,0.42857142857142855,0.1,0.5333333333333333,-0.3333333333333333,-0.5,-0.5714285714285714,0.5714285714285714,-0.2857142857142857,0.14285714285714285,-0.2,0.0,-0.375,0.42857142857142855,0.8333333333333334,-0.42857142857142855,2.3333333333333335,0.3333333333333333,0.0,0.0,0.2857142857142857,1.7142857142857142,0.2857142857142857,0.3333333333333333,-0.16666666666666666,-0.16666666666666666,3.0,-0.42857142857142855,-0.36363636363636365,1.0,0.0,1.8333333333333333,0.6666666666666666,0.8181818181818182,-0.1111111111111111,0.3333333333333333,-0.5,0.6666666666666666,0.64,0.6666666666666666,0.5,-0.25,3.3333333333333335,0.14285714285714285,-0.09389671361502347,-0.3333333333333333,-0.3333333333333333,1.0
197,-0.42857142857142855,0.3333333333333333,-0.42857142857142855,0.0,-0.3333333333333333,-0.5714285714285714,-0.2857142857142857,1.0,-0.16666666666666666,0.14285714285714285,-0.2857142857142857,0.3333333333333333,-0.16666666666666666,-0.5,-0.3333333333333333,0.42857142857142855,0.0,1.0,-0.14285714285714285,-0.35555555555555557,-0.42857142857142855,0.2857142857142857,0.8333333333333334,0.5,1.0,1.3333333333333333,-0.16666666666666666,0.00390625,0.5,1.2857142857142858,-0.2857142857142857,-0.3333333333333333,0.0,0.5,-0.2857142857142857,3.56,-0.32,0.25,-0.16666666666666666,1.0,0.0,-0.038834951456310676,0.42857142857142855,-0.42857142857142855,-0.16666666666666666,-0.3333333333333333,-0.2857142857142857,-0.16666666666666666,0.5,-0.2,-0.3333333333333333,-0.3,-0.4,-0.42857142857142855,-0.3,1.6,0.0,0.0,-0.19047619047619047,-0.2857142857142857,1.4285714285714286,-0.42857142857142855,0.8,-0.5,-0.375,-0.2857142857142857,1.5,0.14285714285714285,1.0,-0.5,-0.14285714285714285,0.3333333333333333,-0.2857142857142857,-0.2857142857142857,0.2857142857142857,-0.3333333333333333,-0.25,-0.16666666666666666,0.8571428571428571,-0.42857142857142855,2.272727272727273,2.0,0.3333333333333333,-0.3333333333333333,1.0,0.18181818181818182,-0.3333333333333333,1.3333333333333333,0.0,0.6666666666666666,0.32,1.6666666666666667,0.5,-0.25,0.0,-0.42857142857142855,-0.07511737089201878,1.6666666666666667,1.1666666666666667,0.16666666666666666
198,1.7142857142857142,0.6666666666666666,0.14285714285714285,0.3333333333333333,-0.5,0.0,0.42857142857142855,2.8,0.16666666666666666,-0.42857142857142855,0.5714285714285714,0.16666666666666666,0.16666666666666666,0.5,0.3333333333333333,-0.2857142857142857,-0.2857142857142857,-0.16666666666666666,-0.14285714285714285,0.35555555555555557,0.8571428571428571,4.142857142857143,-0.3333333333333333,1.6666666666666667,-0.3,0.0,0.5,-0.04296875,-0.16666666666666666,-0.2857142857142857,-0.14285714285714285,0.0,1.6,-0.3333333333333333,-0.2857142857142857,9.08,0.64,0.625,-0.3333333333333333,-0.3333333333333333,-0.5,0.0,1.4285714285714286,-0.2857142857142857,0.3333333333333333,0.5,-0.42857142857142855,0.0,-0.16666666666666666,-0.4,0.3333333333333333,-0.3,0.2,3.142857142857143,0.1,-0.35555555555555557,0.16666666666666666,0.6666666666666666,-0.5714285714285714,-0.14285714285714285,-0.14285714285714285,0.7142857142857143,0.6,0.16666666666666666,0.75,0.14285714285714285,0.0,-0.14285714285714285,0.0,-0.3333333333333333,0.42857142857142855,0.0,-0.2857142857142857,1.4285714285714286,0.42857142857142855,1.5,-0.25,-0.16666666666666666,-0.2857142857142857,0.0,-0.36363636363636365,0.42857142857142855,-0.3333333333333333,-0.16666666666666666,0.16666666666666666,-0.36363636363636365,0.0,0.5,-0.16666666666666666,0.1111111111111111,-0.48,0.5,0.6666666666666666,0.08333333333333333,2.0,0.5714285714285714,0.018779342723004695,-0.16666666666666666,0.8333333333333334,2.8333333333333335
199,0.2857142857142857,1.5,-0.42857142857142855,-0.16666666666666666,0.3333333333333333,0.0,1.7142857142857142,0.0,-0.3333333333333333,0.5714285714285714,0.7142857142857143,0.6666666666666666,-0.16666666666666666,-0.5,-0.5,0.42857142857142855,-0.14285714285714285,0.16666666666666666,0.0,0.17777777777777778,-0.14285714285714285,-0.14285714285714285,1.0,0.16666666666666666,-0.1,-0.3333333333333333,0.0,-0.06640625,-0.3333333333333333,-0.42857142857142855,-0.2857142857142857,-0.5,1.8,0.5,-0.2857142857142857,7.36,-0.32,0.125,1.3333333333333333,-0.3333333333333333,0.0,-0.06796116504854369,1.1428571428571428,0.42857142857142855,1.6666666666666667,-0.3333333333333333,-0.2857142857142857,5.5,-0.3333333333333333,-0.6,1.0,1.0,0.4,0.14285714285714285,1.4,-0.08888888888888889,0.8333333333333334,0.3333333333333333,2.4761904761904763,1.2857142857142858,-0.14285714285714285,-0.42857142857142855,0.4,-0.16666666666666666,2.75,-0.2857142857142857,0.0,-0.14285714285714285,0.5,0.8333333333333334,0.8571428571428571,-0.25,0.8571428571428571,2.0,1.5714285714285714,-0.3333333333333333,0.5,0.0,-0.14285714285714285,-0.42857142857142855,0.36363636363636365,-0.14285714285714285,0.16666666666666666,0.0,1.8333333333333333,-0.36363636363636365,-0.3333333333333333,0.16666666666666666,-0.3333333333333333,-0.3333333333333333,1.12,0.0,-0.5,-0.3333333333333333,0.8333333333333334,1.0,0.07511737089201878,4.0,-0.16666666666666666,0.6666666666666666
200,-0.42857142857142855,0.16666666666666666,-0.42857142857142855,0.8333333333333334,1.0,-0.19047619047619047,1.0,2.2,0.6666666666666666,0.5714285714285714,0.42857142857142855,1.1666666666666667,-0.3333333333333333,-0.5,0.0,1.5714285714285714,-0.2857142857142857,-0.3333333333333333,-0.14285714285714285,0.08888888888888889,-0.2857142857142857,-0.2857142857142857,1.6666666666666667,0.8333333333333334,-0.3,0.16666666666666666,2.5,-0.07421875,-0.5,0.0,-0.2857142857142857,0.6666666666666666,1.2,0.3333333333333333,0.42857142857142855,2.64,-0.16,3.75,-0.5,0.6666666666666666,0.5,-0.05825242718446602,0.2857142857142857,0.7142857142857143,-0.5,0.5,-0.42857142857142855,-0.5,-0.16666666666666666,0.2,0.5,-0.3,-0.4,0.2857142857142857,0.0,-0.17777777777777778,-0.3333333333333333,0.16666666666666666,1.5238095238095237,0.5714285714285714,0.2857142857142857,0.5714285714285714,0.6,0.5,2.25,0.8571428571428571,0.5,0.0,-0.3333333333333333,-0.5,-0.2857142857142857,-0.25,-0.14285714285714285,0.2857142857142857,-0.14285714285714285,0.16666666666666666,-0.3333333333333333,0.3333333333333333,-0.14285714285714285,0.14285714285714285,-0.36363636363636365,0.0,-0.3333333333333333,-0.3333333333333333,-0.3333333333333333,0.09090909090909091,-0.3333333333333333,0.6666666666666666,0.0,0.0,0.48,0.8333333333333334,0.0,-0.25,1.3333333333333333,-0.42857142857142855,0.07511737089201878,0.5,0.0,-0.3333333333333333
201,-0.14285714285714285,0.6666666666666666,-0.2857142857142857,0.16666666666666666,-0.5,0.5714285714285714,0.5714285714285714,0.2,-0.16666666666666666,0.0,-0.42857142857142855,-0.5,-0.16666666666666666,-0.16666666666666666,0.6666666666666666,-0.42857142857142855,-0.2857142857142857,0.0,0.42857142857142855,-0.35555555555555557,0.14285714285714285,-0.42857142857142855,0.5,1.0,-0.3,-0.3333333333333333,1.1666666666666667,-0.08984375,0.6666666666666666,0.0,1.0,0.5,-0.6,-0.3333333333333333,-0.14285714285714285,6.0,-0.32,-0.125,-0.3333333333333333,-0.16666666666666666,0.3333333333333333,-0.02912621359223301,-0.2857142857142857,0.8571428571428571,-0.16666666666666666,0.3333333333333333,0.0,-0.3333333333333333,0.16666666666666666,0.0,3.1666666666666665,1.3,-0.4,-0.42857142857142855,0.2,-0.26666666666666666,-0.3333333333333333,3.3333333333333335,-0.5714285714285714,-0.2857142857142857,0.14285714285714285,-0.14285714285714285,1.2,0.16666666666666666,0.125,0.0,1.0,-0.2857142857142857,0.16666666666666666,-0.5,-0.2857142857142857,-0.25,-0.2857142857142857,1.0,1.0,-0.16666666666666666,-0.3333333333333333,-0.3333333333333333,1.2857142857142858,0.0,-0.36363636363636365,-0.2857142857142857,0.0,-0.3333333333333333,3.0,-0.2727272727272727,-0.3333333333333333,-0.3333333333333333,-0.16666666666666666,1.5555555555555556,-0.48,4.0,0.3333333333333333,0.0,-0.3333333333333333,0.0,0.0,-0.3333333333333333,1.0,0.5
202,1.4285714285714286,-0.3333333333333333,-0.42857142857142855,1.5,1.0,-0.5714285714285714,1.1428571428571428,-0.2,-0.16666666666666666,0.2857142857142857,-0.42857142857142855,0.0,0.0,-0.3333333333333333,0.3333333333333333,-0.14285714285714285,-0.2857142857142857,0.0,-0.14285714285714285,-0.26666666666666666,-0.42857142857142855,-0.2857142857142857,1.0,2.1666666666666665,0.1,0.3333333333333333,0.5,-0.06640625,1.3333333333333333,1.2857142857142858,0.0,0.16666666666666666,-0.4,1.5,1.2857142857142858,3.92,0.16,-0.125,2.5,2.1666666666666665,-0.3333333333333333,-0.038834951456310676,-0.2857142857142857,-0.42857142857142855,2.6666666666666665,-0.16666666666666666,0.2857142857142857,-0.5,2.3333333333333335,0.8,0.0,1.0,0.2,1.0,-0.3,-0.35555555555555557,0.0,1.5,0.9523809523809523,0.2857142857142857,-0.2857142857142857,-0.14285714285714285,-0.2,0.16666666666666666,-0.375,0.2857142857142857,-0.16666666666666666,0.7142857142857143,-0.16666666666666666,0.8333333333333334,-0.2857142857142857,-0.16666666666666666,2.142857142857143,0.0,-0.42857142857142855,-0.16666666666666666,0.0,0.0,0.0,1.0,-0.09090909090909091,-0.14285714285714285,-0.16666666666666666,-0.16666666666666666,-0.3333333333333333,0.6363636363636364,-0.2222222222222222,0.0,-0.5,0.8888888888888888,0.96,-0.16666666666666666,1.5,0.8333333333333334,1.6666666666666667,-0.42857142857142855,-0.03755868544600939,3.1666666666666665,-0.3333333333333333,0.0
203,0.42857142857142855,-0.3333333333333333,1.0,0.3333333333333333,0.8333333333333334,-0.5714285714285714,1.0,-0.4,-0.3333333333333333,3.5714285714285716,-0.42857142857142855,3.5,-0.3333333333333333,1.8333333333333333,0.3333333333333333,-0.14285714285714285,-0.2857142857142857,0.5,-0.2857142857142857,0.08888888888888889,0.14285714285714285,-0.14285714285714285,0.8333333333333334,-0.16666666666666666,-0.3,0.6666666666666666,-0.3333333333333333,-0.07421875,-0.3333333333333333,-0.42857142857142855,-0.14285714285714285,0.5,0.4,1.8333333333333333,-0.2857142857142857,7.6,0.32,1.25,0.16666666666666666,0.5,0.6666666666666666,-0.05825242718446602,-0.14285714285714285,-0.42857142857142855,1.8333333333333333,-0.3333333333333333,-0.42857142857142855,1.3333333333333333,-0.3333333333333333,-0.6,0.5,-0.2,0.4,0.5714285714285714,0.2,-0.35555555555555557,2.1666666666666665,0.6666666666666666,2.2857142857142856,0.14285714285714285,0.0,-0.42857142857142855,-0.6,0.6666666666666666,-0.25,-0.2857142857142857,-0.3333333333333333,0.5714285714285714,2.0,-0.3333333333333333,-0.2857142857142857,0.08333333333333333,-0.2857142857142857,0.7142857142857143,0.0,0.6666666666666666,0.0,3.0,0.5714285714285714,0.14285714285714285,-0.2727272727272727,1.4285714285714286,0.3333333333333333,-0.16666666666666666,0.5,-0.2727272727272727,0.7777777777777778,-0.3333333333333333,-0.5,0.0,-0.32,0.16666666666666666,-0.16666666666666666,-0.25,0.16666666666666666,0.0,0.22535211267605634,0.0,1.0,-0.3333333333333333
204,-0.42857142857142855,1.1666666666666667,3.4285714285714284,0.6666666666666666,0.5,0.19047619047619047,0.0,0.4,-0.3333333333333333,-0.42857142857142855,2.4285714285714284,-0.16666666666666666,-0.3333333333333333,-0.3333333333333333,-0.5,-0.2857142857142857,0.0,0.16666666666666666,-0.14285714285714285,0.6222222222222222,-0.42857142857142855,-0.42857142857142855,-0.3333333333333333,1.6666666666666667,-0.2,1.3333333333333333,-0.3333333333333333,-0.04296875,-0.3333333333333333,-0.14285714285714285,0.0,-0.3333333333333333,0.2,-0.3333333333333333,1.1428571428571428,3.16,-0.32,-0.25,1.0,-0.3333333333333333,-0.3333333333333333,-0.038834951456310676,-0.2857142857142857,-0.14285714285714285,0.16666666666666666,-0.3333333333333333,0.0,0.3333333333333333,0.0,-0.6,0.0,-0.3,-0.4,0.5714285714285714,-0.3,0.6222222222222222,0.16666666666666666,-0.3333333333333333,0.5714285714285714,1.7142857142857142,-0.42857142857142855,-0.42857142857142855,-0.6,-0.16666666666666666,0.75,-0.14285714285714285,-0.16666666666666666,-0.42857142857142855,0.16666666666666666,-0.5,0.0,-0.16666666666666666,-0.2857142857142857,0.0,-0.2857142857142857,-0.16666666666666666,0.25,0.3333333333333333,0.14285714285714285,0.2857142857142857,-0.09090909090909091,-0.2857142857142857,2.1666666666666665,0.16666666666666666,-0.3333333333333333,-0.2727272727272727,-0.3333333333333333,0.0,-0.5,1.1111111111111112,0.64,-0.3333333333333333,0.0,-0.25,-0.3333333333333333,0.0,-0.056338028169014086,-0.5,-0.3333333333333333,-0.3333333333333333
205,0.5714285714285714,-0.5,-0.14285714285714285,0.0,-0.5,1.9047619047619047,0.2857142857142857,1.2,-0.3333333333333333,-0.42857142857142855,0.14285714285714285,-0.5,0.6666666666666666,-0.3333333333333333,4.333333333333333,-0.42857142857142855,-0.2857142857142857,0.16666666666666666,-0.2857142857142857,-0.35555555555555557,0.42857142857142855,1.1428571428571428,1.6666666666666667,0.16666666666666666,0.7,0.6666666666666666,0.3333333333333333,-0.01953125,0.0,0.14285714285714285,0.8571428571428571,-0.5,1.2,0.6666666666666666,2.2857142857142856,6.96,1.44,0.0,-0.5,-0.3333333333333333,-0.16666666666666666,-0.038834951456310676,-0.14285714285714285,2.5714285714285716,-0.5,-0.16666666666666666,-0.2857142857142857,-0.5,-0.3333333333333333,1.2,-0.16666666666666666,0.4,-0.2,0.2857142857142857,1.7,0.08888888888888889,0.6666666666666666,-0.5,0.19047619047619047,-0.2857142857142857,-0.2857142857142857,-0.42857142857142855,0.8,0.8333333333333334,0.375,1.5714285714285714,1.0,1.4285714285714286,-0.16666666666666666,-0.5,-0.14285714285714285,-0.08333333333333333,-0.2857142857142857,-0.14285714285714285,0.42857142857142855,-0.16666666666666666,0.16666666666666666,0.8333333333333334,-0.14285714285714285,0.0,-0.18181818181818182,-0.14285714285714285,1.1666666666666667,-0.3333333333333333,0.5,-0.18181818181818182,2.7777777777777777,0.5,2.8333333333333335,0.0,0.0,1.5,0.3333333333333333,-0.25,0.0,1.1428571428571428,-0.09389671361502347,1.0,-0.3333333333333333,-0.3333333333333333
206,-0.42857142857142855,-0.16666666666666666,1.1428571428571428,-0.3333333333333333,0.5,0.0,-0.42857142857142855,1.8,0.16666666666666666,1.0,0.14285714285714285,-0.5,0.0,-0.5,-0.5,0.0,-0.14285714285714285,0.8333333333333334,0.14285714285714285,-0.17777777777777778,-0.42857142857142855,0.0,2.3333333333333335,0.0,-0.3,2.0,-0.16666666666666666,-0.05859375,1.1666666666666667,-0.42857142857142855,-0.2857142857142857,0.8333333333333334,-0.6,-0.3333333333333333,-0.2857142857142857,4.2,0.0,1.25,-0.5,0.0,6.0,-0.05825242718446602,0.5714285714285714,-0.42857142857142855,-0.5,2.0,-0.42857142857142855,0.16666666666666666,0.16666666666666666,0.0,0.8333333333333334,0.1,-0.2,-0.2857142857142857,0.1,-0.35555555555555557,1.6666666666666667,-0.16666666666666666,0.19047619047619047,-0.2857142857142857,0.14285714285714285,-0.14285714285714285,-0.4,-0.16666666666666666,0.0,0.0,0.0,1.1428571428571428,0.8333333333333334,0.5,0.14285714285714285,0.08333333333333333,0.0,-0.2857142857142857,0.42857142857142855,0.6666666666666666,0.6666666666666666,-0.5,-0.2857142857142857,0.5714285714285714,-0.36363636363636365,1.0,1.0,-0.3333333333333333,-0.3333333333333333,0.45454545454545453,-0.3333333333333333,-0.16666666666666666,-0.16666666666666666,-0.2222222222222222,-0.32,-0.3333333333333333,-0.5,0.0,0.16666666666666666,0.2857142857142857,-0.056338028169014086,-0.5,-0.16666666666666666,-0.3333333333333333
207,0.5714285714285714,-0.5,0.0,0.16666666666666666,3.3333333333333335,-0.38095238095238093,2.0,0.0,1.5,0.14285714285714285,0.42857142857142855,-0.5,-0.3333333333333333,0.3333333333333333,-0.3333333333333333,1.4285714285714286,0.42857142857142855,1.0,-0.14285714285714285,0.17777777777777778,-0.42857142857142855,1.4285714285714286,0.0,-0.3333333333333333,-0.3,0.0,-0.5,-0.08984375,2.8333333333333335,-0.2857142857142857,0.0,1.6666666666666667,0.2,0.0,0.42857142857142855,3.08,-0.16,0.375,1.0,1.0,-0.3333333333333333,-0.06796116504854369,-0.2857142857142857,-0.42857142857142855,2.8333333333333335,-0.3333333333333333,0.42857142857142855,-0.3333333333333333,0.5,-0.4,0.16666666666666666,0.0,-0.4,0.14285714285714285,-0.1,0.0,1.3333333333333333,0.8333333333333334,-0.38095238095238093,0.0,-0.42857142857142855,-0.14285714285714285,3.2,-0.5,0.0,0.42857142857142855,-0.3333333333333333,-0.42857142857142855,0.16666666666666666,2.0,0.42857142857142855,-0.16666666666666666,0.14285714285714285,-0.2857142857142857,2.142857142857143,0.6666666666666666,0.0,0.5,0.7142857142857143,-0.42857142857142855,1.0909090909090908,0.7142857142857143,0.0,-0.3333333333333333,-0.16666666666666666,0.0,-0.1111111111111111,0.16666666666666666,-0.16666666666666666,-0.2222222222222222,0.64,-0.16666666666666666,1.0,0.3333333333333333,0.0,-0.42857142857142855,-0.09389671361502347,-0.5,-0.3333333333333333,0.0
208,-0.14285714285714285,0.3333333333333333,-0.42857142857142855,0.5,1.0,2.6666666666666665,0.0,-0.4,0.8333333333333334,-0.42857142857142855,0.14285714285714285,0.16666666666666666,0.0,-0.5,0.0,-0.2857142857142857,0.0,-0.3333333333333333,1.0,-0.35555555555555557,-0.14285714285714285,0.0,0.5,0.16666666666666666,-0.2,-0.3333333333333333,3.3333333333333335,-0.08203125,0.3333333333333333,-0.14285714285714285,0.2857142857142857,0.6666666666666666,1.2,1.5,-0.2857142857142857,2.6,0.32,-0.25,-0.16666666666666666,1.0,0.5,-0.04854368932038835,-0.2857142857142857,-0.42857142857142855,-0.5,0.0,-0.2857142857142857,0.16666666666666666,0.3333333333333333,0.2,-0.3333333333333333,0.8,0.8,-0.42857142857142855,-0.3,-0.35555555555555557,1.8333333333333333,-0.5,-0.19047619047619047,-0.2857142857142857,-0.42857142857142855,-0.14285714285714285,0.0,-0.5,0.5,-0.2857142857142857,2.6666666666666665,-0.14285714285714285,0.0,-0.16666666666666666,0.0,0.25,1.1428571428571428,-0.2857142857142857,0.0,0.5,0.4166666666666667,0.3333333333333333,-0.2857142857142857,-0.14285714285714285,0.9090909090909091,3.4285714285714284,-0.3333333333333333,0.3333333333333333,-0.16666666666666666,0.36363636363636365,0.2222222222222222,0.16666666666666666,0.6666666666666666,-0.3333333333333333,2.08,-0.16666666666666666,0.0,-0.08333333333333333,3.0,-0.2857142857142857,0.11267605633802817,-0.16666666666666666,0.3333333333333333,-0.3333333333333333
209,1.0,-0.5,-0.42857142857142855,0.16666666666666666,-0.5,-0.5714285714285714,-0.2857142857142857,0.2,-0.3333333333333333,0.2857142857142857,-0.14285714285714285,2.1666666666666665,1.1666666666666667,0.8333333333333334,-0.3333333333333333,-0.42857142857142855,-0.2857142857142857,-0.16666666666666666,-0.2857142857142857,-0.26666666666666666,-0.42857142857142855,-0.42857142857142855,-0.16666666666666666,-0.3333333333333333,-0.3,-0.5,-0.3333333333333333,-0.07421875,0.0,-0.42857142857142855,1.0,-0.5,5.0,-0.5,0.2857142857142857,6.52,-0.32,0.875,-0.5,-0.3333333333333333,0.0,-0.06796116504854369,-0.2857142857142857,0.0,-0.5,-0.3333333333333333,-0.42857142857142855,0.6666666666666666,-0.3333333333333333,0.0,-0.3333333333333333,0.5,0.2,-0.42857142857142855,-0.2,0.8,1.5,0.16666666666666666,-0.38095238095238093,1.1428571428571428,-0.2857142857142857,-0.42857142857142855,-0.6,0.0,1.0,-0.2857142857142857,0.16666666666666666,0.5714285714285714,0.6666666666666666,1.3333333333333333,1.0,0.4166666666666667,-0.2857142857142857,1.5714285714285714,-0.42857142857142855,-0.16666666666666666,0.25,-0.3333333333333333,-0.14285714285714285,-0.2857142857142857,-0.36363636363636365,0.8571428571428571,1.0,0.0,-0.3333333333333333,-0.2727272727272727,-0.2222222222222222,0.0,-0.3333333333333333,0.1111111111111111,0.48,0.0,-0.5,0.0,2.3333333333333335,-0.2857142857142857,-0.09389671361502347,-0.3333333333333333,0.5,0.3333333333333333
210,0.14285714285714285,-0.5,1.0,-0.3333333333333333,1.6666666666666667,0.38095238095238093,0.5714285714285714,1.0,-0.3333333333333333,-0.42857142857142855,-0.14285714285714285,-0.5,0.0,-0.3333333333333333,0.6666666666666666,1.5714285714285714,-0.2857142857142857,1.1666666666666667,-0.14285714285714285,0.6222222222222222,-0.2857142857142857,-0.2857142857142857,0.0,0.8333333333333334,0.8,4.166666666666667,-0.16666666666666666,-0.07421875,0.3333333333333333,-0.42857142857142855,-0.2857142857142857,-0.5,0.6,1.8333333333333333,0.42857142857142855,3.56,-0.16,0.25,-0.5,-0.3333333333333333,0.0,-0.04854368932038835,0.14285714285714285,0.2857142857142857,-0.16666666666666666,-0.3333333333333333,0.0,-0.3333333333333333,0.5,-0.6,0.8333333333333334,-0.1,0.6,0.5714285714285714,-0.1,-0.17777777777777778,0.16666666666666666,2.0,0.7619047619047619,0.0,0.2857142857142857,-0.42857142857142855,3.0,0.0,-0.25,0.5714285714285714,-0.3333333333333333,0.2857142857142857,0.6666666666666666,-0.5,3.0,0.0,0.0,0.8571428571428571,-0.42857142857142855,0.3333333333333333,0.0,-0.5,0.14285714285714285,0.0,0.18181818181818182,0.0,1.8333333333333333,5.166666666666667,0.3333333333333333,-0.09090909090909091,-0.3333333333333333,0.3333333333333333,0.5,-0.1111111111111111,-0.32,-0.3333333333333333,-0.3333333333333333,-0.16666666666666666,-0.3333333333333333,-0.42857142857142855,-0.056338028169014086,-0.5,2.5,-0.3333333333333333
211,0.42857142857142855,-0.5,-0.42857142857142855,1.3333333333333333,-0.16666666666666666,-0.19047619047619047,0.14285714285714285,2.8,-0.3333333333333333,1.1428571428571428,-0.2857142857142857,-0.3333333333333333,0.8333333333333334,0.6666666666666666,-0.5,0.14285714285714285,1.5714285714285714,-0.3333333333333333,-0.14285714285714285,-0.35555555555555557,-0.2857142857142857,-0.2857142857142857,0.0,-0.16666666666666666,1.8,-0.5,0.3333333333333333,-0.08203125,-0.3333333333333333,2.0,-0.2857142857142857,-0.5,-0.2,0.3333333333333333,-0.2857142857142857,6.8,-0.32,0.0,-0.5,-0.3333333333333333,1.0,0.0,-0.14285714285714285,-0.42857142857142855,0.8333333333333334,-0.3333333333333333,-0.14285714285714285,-0.3333333333333333,-0.3333333333333333,1.8,-0.16666666666666666,0.1,1.0,0.5714285714285714,-0.3,0.6222222222222222,-0.3333333333333333,-0.16666666666666666,3.8095238095238093,0.2857142857142857,-0.2857142857142857,-0.42857142857142855,0.6,2.5,-0.125,0.2857142857142857,0.0,-0.42857142857142855,-0.3333333333333333,-0.16666666666666666,-0.14285714285714285,-0.25,-0.2857142857142857,0.14285714285714285,1.8571428571428572,2.0,0.25,3.0,0.0,-0.14285714285714285,0.2727272727272727,0.0,-0.3333333333333333,0.8333333333333334,0.16666666666666666,0.09090909090909091,-0.2222222222222222,1.5,0.0,-0.2222222222222222,1.92,1.8333333333333333,0.0,0.08333333333333333,-0.16666666666666666,-0.14285714285714285,-0.07511737089201878,0.8333333333333334,1.0,0.16666666666666666
212,0.0,0.16666666666666666,-0.42857142857142855,-0.3333333333333333,0.3333333333333333,-0.5714285714285714,2.0,0.4,-0.3333333333333333,-0.42857142857142855,0.5714285714285714,-0.3333333333333333,0.3333333333333333,-0.5,-0.5,-0.42857142857142855,3.5714285714285716,1.1666666666666667,-0.14285714285714285,0.6222222222222222,-0.42857142857142855,-0.42857142857142855,0.8333333333333334,2.3333333333333335,-0.2,0.8333333333333334,0.16666666666666666,-0.08984375,0.16666666666666666,0.0,0.42857142857142855,0.3333333333333333,-0.4,0.16666666666666666,0.0,7.8,1.92,2.5,0.6666666666666666,-0.3333333333333333,0.16666666666666666,-0.05825242718446602,0.14285714285714285,3.857142857142857,-0.3333333333333333,-0.3333333333333333,0.2857142857142857,0.0,0.5,-0.6,0.5,-0.2,-0.4,-0.42857142857142855,0.7,-0.35555555555555557,-0.16666666666666666,0.5,0.9523809523809523,-0.2857142857142857,-0.42857142857142855,0.14285714285714285,-0.6,-0.5,-0.375,0.5714285714285714,-0.16666666666666666,0.2857142857142857,0.0,-0.5,-0.2857142857142857,-0.25,0.5714285714285714,1.5714285714285714,1.5714285714285714,-0.16666666666666666,0.08333333333333333,-0.5,0.5714285714285714,-0.42857142857142855,-0.36363636363636365,-0.14285714285714285,-0.16666666666666666,1.6666666666666667,-0.3333333333333333,-0.36363636363636365,1.1111111111111112,-0.3333333333333333,0.5,0.1111111111111111,1.12,-0.3333333333333333,-0.5,-0.08333333333333333,-0.3333333333333333,0.42857142857142855,-0.09389671361502347,-0.5,0.3333333333333333,-0.3333333333333333
213,-0.2857142857142857,0.8333333333333334,-0.42857142857142855,1.6666666666666667,-0.5,-0.38095238095238093,-0.14285714285714285,-0.4,1.0,-0.14285714285714285,3.5714285714285716,1.3333333333333333,-0.3333333333333333,-0.5,0.6666666666666666,0.14285714285714285,-0.2857142857142857,1.0,2.0,-0.35555555555555557,-0.42857142857142855,0.14285714285714285,0.16666666666666666,0.0,-0.3,-0.16666666666666666,0.3333333333333333,-0.08984375,0.3333333333333333,-0.42857142857142855,0.14285714285714285,0.6666666666666666,2.6,-0.3333333333333333,-0.2857142857142857,3.28,0.48,0.125,-0.3333333333333333,0.8333333333333334,1.6666666666666667,-0.05825242718446602,-0.2857142857142857,2.2857142857142856,-0.5,0.3333333333333333,1.7142857142857142,-0.16666666666666666,-0.3333333333333333,0.6,1.8333333333333333,0.8,-0.6,0.14285714285714285,-0.3,-0.35555555555555557,0.16666666666666666,2.3333333333333335,0.0,-0.2857142857142857,0.42857142857142855,0.14285714285714285,-0.4,0.16666666666666666,0.375,3.7142857142857144,1.3333333333333333,0.7142857142857143,-0.3333333333333333,-0.3333333333333333,-0.2857142857142857,0.16666666666666666,-0.2857142857142857,-0.2857142857142857,-0.42857142857142855,-0.16666666666666666,-0.3333333333333333,0.8333333333333334,0.0,0.5714285714285714,-0.18181818181818182,0.5714285714285714,0.16666666666666666,0.0,-0.16666666666666666,-0.36363636363636365,-0.1111111111111111,0.3333333333333333,-0.5,2.2222222222222223,0.16,-0.3333333333333333,-0.16666666666666666,0.08333333333333333,0.16666666666666666,0.0,0.0,-0.5,0.16666666666666666,0.8333333333333334
214,-0.42857142857142855,-0.3333333333333333,-0.14285714285714285,-0.3333333333333333,0.8333333333333334,1.3333333333333333,0.2857142857142857,0.4,0.5,-0.42857142857142855,0.0,-0.5,-0.16666666666666666,-0.5,2.6666666666666665,3.4285714285714284,0.42857142857142855,0.6666666666666666,0.0,0.7111111111111111,-0.2857142857142857,-0.2857142857142857,0.0,-0.3333333333333333,0.5,-0.16666666666666666,-0.3333333333333333,-0.08203125,2.1666666666666665,-0.42857142857142855,-0.2857142857142857,0.6666666666666666,1.4,-0.5,0.0,7.52,1.92,1.25,0.16666666666666666,-0.16666666666666666,0.16666666666666666,-0.009708737864077669,-0.2857142857142857,-0.42857142857142855,0.6666666666666666,0.5,-0.42857142857142855,-0.16666666666666666,1.8333333333333333,1.8,-0.3333333333333333,0.4,-0.6,-0.2857142857142857,0.1,-0.35555555555555557,0.16666666666666666,1.0,-0.19047619047619047,3.142857142857143,-0.42857142857142855,0.7142857142857143,0.2,-0.5,-0.125,-0.14285714285714285,-0.3333333333333333,0.2857142857142857,1.1666666666666667,-0.3333333333333333,1.8571428571428572,0.5,0.42857142857142855,0.2857142857142857,-0.2857142857142857,-0.3333333333333333,0.16666666666666666,1.3333333333333333,-0.2857142857142857,1.7142857142857142,-0.2727272727272727,-0.14285714285714285,-0.3333333333333333,1.6666666666666667,-0.3333333333333333,-0.36363636363636365,0.0,0.5,-0.16666666666666666,-0.3333333333333333,0.0,-0.16666666666666666,-0.5,-0.08333333333333333,-0.3333333333333333,-0.42857142857142855,0.03755868544600939,1.6666666666666667,-0.16666666666666666,-0.3333333333333333
215,-0.42857142857142855,-0.16666666666666666,-0.2857142857142857,0.3333333333333333,2.1666666666666665,-0.38095238095238093,0.0,2.2,0.0,-0.14285714285714285,0.42857142857142855,-0.5,0.0,0.8333333333333334,-0.3333333333333333,-0.42857142857142855,0.42857142857142855,-0.3333333333333333,-0.2857142857142857,-0.35555555555555557,0.2857142857142857,-0.42857142857142855,0.0,0.0,-0.3,2.1666666666666665,1.1666666666666667,-0.02734375,0.16666666666666666,1.7142857142857142,0.14285714285714285,-0.5,1.0,0.6666666666666666,0.2857142857142857,3.92,-0.32,0.75,0.5,0.16666666666666666,0.6666666666666666,-0.04854368932038835,0.14285714285714285,0.0,1.5,0.5,-0.42857142857142855,-0.5,0.5,-0.6,-0.16666666666666666,-0.3,-0.2,-0.2857142857142857,-0.2,0.26666666666666666,0.3333333333333333,2.5,-0.38095238095238093,-0.2857142857142857,-0.42857142857142855,0.14285714285714285,2.4,-0.3333333333333333,-0.375,-0.14285714285714285,-0.3333333333333333,0.5714285714285714,-0.16666666666666666,-0.5,-0.2857142857142857,0.16666666666666666,-0.2857142857142857,-0.2857142857142857,-0.2857142857142857,-0.16666666666666666,-0.16666666666666666,2.6666666666666665,-0.2857142857142857,-0.2857142857142857,0.36363636363636365,-0.2857142857142857,-0.3333333333333333,-0.3333333333333333,1.0,-0.2727272727272727,0.2222222222222222,-0.3333333333333333,-0.16666666666666666,-0.3333333333333333,-0.48,-0.16666666666666666,0.3333333333333333,0.25,-0.3333333333333333,1.4285714285714286,0.0,1.3333333333333333,-0.3333333333333333,-0.3333333333333333
216,0.5714285714285714,2.0,0.2857142857142857,-0.16666666666666666,-0.5,-0.19047619047619047,-0.42857142857142855,-0.4,1.8333333333333333,1.7142857142857142,-0.14285714285714285,-0.5,2.8333333333333335,-0.5,1.0,0.8571428571428571,0.8571428571428571,0.16666666666666666,1.7142857142857142,-0.26666666666666666,-0.2857142857142857,-0.14285714285714285,0.3333333333333333,0.0,-0.3,-0.5,1.5,0.05859375,0.0,0.0,0.14285714285714285,1.0,-0.4,-0.5,1.2857142857142858,4.96,-0.16,-0.25,-0.16666666666666666,2.5,-0.5,0.02912621359223301,1.7142857142857142,-0.14285714285714285,1.3333333333333333,0.6666666666666666,0.5714285714285714,-0.5,0.16666666666666666,0.2,0.16666666666666666,0.3,0.4,2.5714285714285716,0.8,0.26666666666666666,0.3333333333333333,-0.3333333333333333,-0.5714285714285714,0.2857142857142857,-0.14285714285714285,0.42857142857142855,1.0,0.0,0.375,-0.2857142857142857,0.6666666666666666,0.2857142857142857,-0.3333333333333333,1.0,3.2857142857142856,0.3333333333333333,0.0,-0.2857142857142857,0.0,1.1666666666666667,1.0833333333333333,-0.16666666666666666,0.14285714285714285,-0.42857142857142855,-0.2727272727272727,-0.2857142857142857,1.6666666666666667,-0.16666666666666666,-0.3333333333333333,-0.36363636363636365,-0.2222222222222222,0.0,-0.5,-0.1111111111111111,0.32,-0.3333333333333333,-0.16666666666666666,0.3333333333333333,-0.3333333333333333,1.1428571428571428,-0.09389671361502347,0.0,1.8333333333333333,0.5
217,-0.2857142857142857,0.6666666666666666,2.142857142857143,3.6666666666666665,0.5,-0.5714285714285714,1.0,-0.2,0.0,1.4285714285714286,-0.42857142857142855,1.1666666666666667,0.8333333333333334,-0.3333333333333333,-0.3333333333333333,-0.2857142857142857,0.14285714285714285,-0.16666666666666666,0.14285714285714285,-0.26666666666666666,0.14285714285714285,-0.42857142857142855,0.16666666666666666,0.0,-0.1,-0.16666666666666666,-0.3333333333333333,-0.08203125,-0.5,-0.42857142857142855,0.5714285714285714,-0.3333333333333333,0.0,1.0,-0.2857142857142857,7.32,0.16,-0.125,0.0,0.0,0.8333333333333334,0.019417475728155338,-0.14285714285714285,-0.42857142857142855,-0.5,4.666666666666667,0.14285714285714285,0.6666666666666666,-0.3333333333333333,-0.2,1.1666666666666667,0.6,0.2,0.0,-0.3,-0.17777777777777778,0.6666666666666666,-0.5,-0.5714285714285714,0.42857142857142855,-0.42857142857142855,-0.42857142857142855,-0.2,-0.3333333333333333,0.875,6.857142857142857,0.3333333333333333,-0.42857142857142855,0.3333333333333333,1.8333333333333333,0.0,-0.25,-0.2857142857142857,1.4285714285714286,0.0,-0.16666666666666666,-0.3333333333333333,-0.16666666666666666,-0.2857142857142857,1.1428571428571428,0.45454545454545453,-0.14285714285714285,-0.16666666666666666,0.6666666666666666,3.0,-0.18181818181818182,-0.1111111111111111,-0.3333333333333333,-0.16666666666666666,0.7777777777777778,0.16,-0.16666666666666666,-0.5,0.4166666666666667,2.1666666666666665,-0.14285714285714285,-0.03755868544600939,0.16666666666666666,-0.3333333333333333,-0.3333333333333333
218,0.42857142857142855,0.5,0.0,-0.16666666666666666,-0.5,0.19047619047619047,-0.42857142857142855,-0.4,2.0,0.8571428571428571,1.2857142857142858,-0.3333333333333333,-0.3333333333333333,-0.5,0.3333333333333333,-0.42857142857142855,0.8571428571428571,-0.16666666666666666,-0.14285714285714285,-0.26666666666666666,1.5714285714285714,2.4285714285714284,1.0,-0.3333333333333333,1.2,0.0,-0.16666666666666666,-0.02734375,-0.5,-0.42857142857142855,-0.14285714285714285,2.0,0.8,-0.5,-0.2857142857142857,5.0,-0.32,-0.125,4.833333333333333,0.8333333333333334,0.0,-0.05825242718446602,0.42857142857142855,0.8571428571428571,2.0,0.16666666666666666,0.42857142857142855,1.3333333333333333,0.0,3.0,1.5,-0.3,-0.6,-0.14285714285714285,-0.3,-0.08888888888888889,0.5,0.3333333333333333,-0.5714285714285714,-0.2857142857142857,-0.42857142857142855,0.42857142857142855,-0.4,0.0,0.25,-0.2857142857142857,0.6666666666666666,1.8571428571428572,0.16666666666666666,1.0,-0.2857142857142857,0.08333333333333333,0.42857142857142855,0.42857142857142855,0.14285714285714285,-0.16666666666666666,-0.25,-0.3333333333333333,0.42857142857142855,-0.2857142857142857,-0.36363636363636365,-0.2857142857142857,0.3333333333333333,0.0,0.6666666666666666,-0.36363636363636365,0.6666666666666666,-0.16666666666666666,2.5,0.2222222222222222,-0.48,0.6666666666666666,1.5,-0.08333333333333333,-0.3333333333333333,0.0,-0.03755868544600939,0.16666666666666666,0.16666666666666666,-0.3333333333333333
219,2.2857142857142856,0.3333333333333333,0.2857142857142857,0.3333333333333333,-0.5,0.0,-0.2857142857142857,-0.2,1.3333333333333333,-0.42857142857142855,-0.42857142857142855,-0.5,-0.3333333333333333,0.3333333333333333,-0.5,-0.14285714285714285,0.0,-0.3333333333333333,-0.2857142857142857,-0.17777777777777778,3.5714285714285716,-0.2857142857142857,0.3333333333333333,0.0,0.3,1.5,0.0,0.01171875,-0.5,-0.2857142857142857,0.7142857142857143,-0.16666666666666666,3.6,-0.5,-0.2857142857142857,3.8,-0.32,-0.25,0.5,0.0,-0.5,-0.06796116504854369,-0.2857142857142857,-0.42857142857142855,0.6666666666666666,0.16666666666666666,2.5714285714285716,-0.3333333333333333,-0.16666666666666666,-0.4,1.1666666666666667,-0.3,-0.2,0.7142857142857143,-0.1,0.35555555555555557,0.16666666666666666,-0.16666666666666666,1.1428571428571428,-0.2857142857142857,-0.2857142857142857,0.42857142857142855,0.0,-0.3333333333333333,0.25,0.8571428571428571,0.8333333333333334,-0.42857142857142855,0.0,0.0,0.2857142857142857,0.08333333333333333,0.14285714285714285,1.8571428571428572,-0.42857142857142855,-0.3333333333333333,-0.3333333333333333,-0.5,0.0,-0.2857142857142857,-0.2727272727272727,-0.14285714285714285,-0.16666666666666666,-0.3333333333333333,-0.16666666666666666,0.0,-0.3333333333333333,6.666666666666667,-0.16666666666666666,-0.3333333333333333,0.0,0.8333333333333334,0.3333333333333333,0.16666666666666666,-0.3333333333333333,-0.42857142857142855,-0.07511737089201878,0.5,-0.16666666666666666,1.0
220,-0.2857142857142857,2.5,0.7142857142857143,-0.16666666666666666,3.6666666666666665,0.0,0.14285714285714285,2.4,0.0,-0.14285714285714285,-0.14285714285714285,0.0,-0.3333333333333333,-0.3333333333333333,2.8333333333333335,-0.42857142857142855,1.1428571428571428,0.8333333333333334,-0.14285714285714285,-0.17777777777777778,-0.42857142857142855,-0.42857142857142855,1.3333333333333333,1.0,0.8,0.0,0.8333333333333334,-0.05859375,1.0,-0.14285714285714285,-0.2857142857142857,2.8333333333333335,0.2,0.3333333333333333,1.0,4.2,0.32,1.625,-0.5,-0.16666666666666666,-0.5,-0.009708737864077669,-0.14285714285714285,0.7142857142857143,0.0,-0.16666666666666666,-0.2857142857142857,1.0,0.0,-0.6,2.1666666666666665,-0.3,0.0,-0.14285714285714285,1.8,0.7111111111111111,-0.3333333333333333,1.0,0.19047619047619047,0.5714285714285714,-0.42857142857142855,0.0,0.4,-0.16666666666666666,0.125,3.2857142857142856,1.3333333333333333,-0.14285714285714285,-0.3333333333333333,-0.5,-0.14285714285714285,-0.08333333333333333,-0.2857142857142857,2.142857142857143,-0.42857142857142855,-0.3333333333333333,0.16666666666666666,-0.3333333333333333,2.4285714285714284,-0.42857142857142855,0.09090909090909091,-0.14285714285714285,0.0,-0.16666666666666666,0.0,1.1818181818181819,1.1111111111111112,-0.3333333333333333,0.8333333333333334,-0.1111111111111111,-0.48,-0.3333333333333333,0.16666666666666666,0.25,0.16666666666666666,0.8571428571428571,0.09389671361502347,2.6666666666666665,2.8333333333333335,0.6666666666666666
221,-0.42857142857142855,-0.16666666666666666,0.2857142857142857,-0.3333333333333333,0.0,-0.5714285714285714,-0.42857142857142855,0.0,0.0,0.2857142857142857,2.142857142857143,0.0,0.0,0.0,0.3333333333333333,-0.2857142857142857,-0.2857142857142857,-0.3333333333333333,1.4285714285714286,-0.35555555555555557,1.2857142857142858,1.0,1.0,0.3333333333333333,0.0,0.0,0.3333333333333333,-0.04296875,1.1666666666666667,0.5714285714285714,2.4285714285714284,0.0,2.8,0.0,0.0,3.88,3.2,-0.125,0.16666666666666666,0.0,-0.5,-0.06796116504854369,0.42857142857142855,0.7142857142857143,-0.3333333333333333,0.5,0.8571428571428571,0.16666666666666666,0.0,-0.6,-0.3333333333333333,0.0,2.4,0.14285714285714285,-0.1,-0.08888888888888889,0.8333333333333334,0.0,0.38095238095238093,0.14285714285714285,0.2857142857142857,-0.42857142857142855,0.2,-0.3333333333333333,-0.25,0.2857142857142857,1.0,-0.42857142857142855,-0.16666666666666666,-0.5,0.0,-0.16666666666666666,-0.2857142857142857,0.14285714285714285,2.5714285714285716,-0.16666666666666666,-0.3333333333333333,0.5,0.0,-0.42857142857142855,-0.36363636363636365,1.8571428571428572,-0.16666666666666666,0.0,0.0,0.18181818181818182,1.1111111111111112,0.5,-0.3333333333333333,0.2222222222222222,0.32,-0.3333333333333333,-0.16666666666666666,0.3333333333333333,-0.3333333333333333,-0.42857142857142855,-0.03755868544600939,-0.16666666666666666,-0.3333333333333333,-0.16666666666666666
222,-0.42857142857142855,-0.16666666666666666,1.4285714285714286,0.0,0.0,-0.38095238095238093,-0.42857142857142855,0.0,0.8333333333333334,-0.14285714285714285,-0.42857142857142855,0.16666666666666666,1.3333333333333333,0.16666666666666666,-0.5,-0.2857142857142857,1.0,-0.16666666666666666,0.7142857142857143,-0.35555555555555557,-0.42857142857142855,0.7142857142857143,1.0,-0.3333333333333333,0.4,1.5,-0.5,-0.08984375,-0.5,0.5714285714285714,-0.2857142857142857,-0.5,-0.6,-0.5,1.2857142857142858,4.12,0.48,0.625,1.0,0.8333333333333334,0.16666666666666666,0.019417475728155338,0.7142857142857143,1.4285714285714286,0.0,-0.3333333333333333,1.0,0.8333333333333334,0.0,-0.4,0.0,-0.3,0.2,0.42857142857142855,0.6,0.0,-0.16666666666666666,0.3333333333333333,-0.5714285714285714,1.7142857142857142,0.7142857142857143,-0.14285714285714285,-0.6,-0.5,-0.125,0.5714285714285714,1.1666666666666667,0.7142857142857143,0.3333333333333333,0.5,-0.2857142857142857,-0.25,0.14285714285714285,0.5714285714285714,1.0,-0.3333333333333333,1.1666666666666667,2.0,2.142857142857143,-0.2857142857142857,0.36363636363636365,1.5714285714285714,-0.3333333333333333,1.6666666666666667,-0.3333333333333333,0.8181818181818182,-0.2222222222222222,-0.3333333333333333,2.6666666666666665,1.1111111111111112,-0.32,1.1666666666666667,-0.16666666666666666,-0.3333333333333333,0.3333333333333333,-0.42857142857142855,0.15023474178403756,0.6666666666666666,-0.3333333333333333,1.5
223,0.42857142857142855,-0.3333333333333333,-0.2857142857142857,-0.3333333333333333,-0.5,-0.5714285714285714,0.14285714285714285,-0.2,-0.3333333333333333,0.2857142857142857,0.7142857142857143,-0.5,1.6666666666666667,-0.16666666666666666,-0.5,-0.42857142857142855,1.1428571428571428,1.3333333333333333,2.5714285714285716,-0.08888888888888889,0.7142857142857143,-0.2857142857142857,-0.16666666666666666,0.16666666666666666,-0.2,1.5,-0.5,0.13671875,0.0,-0.14285714285714285,-0.14285714285714285,1.3333333333333333,-0.4,-0.5,-0.14285714285714285,4.48,0.16,-0.25,1.1666666666666667,0.0,-0.3333333333333333,-0.05825242718446602,-0.2857142857142857,0.7142857142857143,-0.5,-0.3333333333333333,-0.2857142857142857,2.5,-0.3333333333333333,3.0,1.1666666666666667,0.8,-0.6,1.0,-0.3,-0.35555555555555557,-0.3333333333333333,0.3333333333333333,0.5714285714285714,0.42857142857142855,-0.42857142857142855,-0.14285714285714285,1.2,-0.5,-0.125,3.4285714285714284,0.0,-0.42857142857142855,-0.3333333333333333,-0.3333333333333333,0.7142857142857143,-0.08333333333333333,1.0,2.142857142857143,-0.42857142857142855,0.6666666666666666,-0.3333333333333333,0.3333333333333333,1.1428571428571428,1.5714285714285714,-0.2727272727272727,-0.14285714285714285,-0.3333333333333333,2.1666666666666665,0.3333333333333333,0.18181818181818182,0.8888888888888888,-0.3333333333333333,1.0,-0.2222222222222222,0.0,-0.3333333333333333,-0.5,-0.3333333333333333,-0.3333333333333333,0.7142857142857143,0.09389671361502347,1.6666666666666667,4.333333333333333,4.5
224,-0.2857142857142857,-0.3333333333333333,-0.42857142857142855,0.6666666666666666,-0.5,0.0,0.2857142857142857,3.0,1.6666666666666667,0.2857142857142857,-0.42857142857142855,-0.5,2.3333333333333335,0.16666666666666666,-0.3333333333333333,-0.42857142857142855,0.7142857142857143,0.3333333333333333,1.4285714285714286,0.17777777777777778,-0.42857142857142855,-0.42857142857142855,-0.3333333333333333,-0.3333333333333333,0.2,1.1666666666666667,-0.3333333333333333,-0.08984375,-0.5,3.857142857142857,-0.2857142857142857,-0.5,0.2,-0.5,0.0,3.52,1.28,-0.25,0.16666666666666666,0.0,-0.16666666666666666,-0.05825242718446602,2.7142857142857144,0.14285714285714285,-0.5,1.0,-0.42857142857142855,0.0,0.6666666666666666,-0.2,-0.3333333333333333,0.5,-0.4,-0.42857142857142855,0.2,-0.35555555555555557,-0.3333333333333333,-0.5,0.0,0.0,-0.2857142857142857,-0.2857142857142857,-0.4,0.5,1.0,0.0,-0.16666666666666666,-0.2857142857142857,1.1666666666666667,0.0,-0.2857142857142857,-0.25,2.5714285714285716,0.2857142857142857,-0.2857142857142857,0.0,0.16666666666666666,-0.3333333333333333,4.857142857142857,0.7142857142857143,0.6363636363636364,1.4285714285714286,0.0,1.3333333333333333,-0.3333333333333333,0.18181818181818182,0.3333333333333333,0.3333333333333333,0.3333333333333333,0.2222222222222222,0.0,0.3333333333333333,-0.16666666666666666,0.25,0.16666666666666666,-0.42857142857142855,0.018779342723004695,0.16666666666666666,1.6666666666666667,-0.3333333333333333
225,0.5714285714285714,0.5,1.0,0.5,-0.5,-0.38095238095238093,-0.14285714285714285,-0.2,0.16666666666666666,-0.42857142857142855,1.2857142857142858,-0.5,-0.3333333333333333,-0.5,-0.3333333333333333,-0.2857142857142857,1.0,0.8333333333333334,1.0,0.08888888888888889,-0.42857142857142855,-0.42857142857142855,0.16666666666666666,-0.3333333333333333,-0.2,0.8333333333333334,-0.5,-0.06640625,-0.3333333333333333,-0.2857142857142857,1.2857142857142858,-0.3333333333333333,0.6,-0.5,-0.2857142857142857,6.92,0.64,0.0,0.3333333333333333,-0.3333333333333333,0.0,-0.04854368932038835,0.0,-0.42857142857142855,0.16666666666666666,0.5,0.0,-0.16666666666666666,-0.16666666666666666,0.4,-0.3333333333333333,-0.3,-0.6,0.14285714285714285,-0.2,-0.26666666666666666,-0.16666666666666666,0.0,-0.5714285714285714,0.7142857142857143,-0.2857142857142857,-0.42857142857142855,-0.6,-0.5,-0.375,1.1428571428571428,0.0,0.42857142857142855,0.3333333333333333,1.5,-0.14285714285714285,0.4166666666666667,0.2857142857142857,0.42857142857142855,0.0,0.6666666666666666,0.9166666666666666,0.0,-0.2857142857142857,1.0,-0.2727272727272727,0.42857142857142855,0.0,0.0,0.3333333333333333,0.7272727272727273,-0.2222222222222222,-0.3333333333333333,0.6666666666666666,-0.2222222222222222,-0.32,0.0,-0.3333333333333333,0.5,-0.3333333333333333,-0.2857142857142857,0.018779342723004695,-0.16666666666666666,2.0,0.16666666666666666
226,0.5714285714285714,1.1666666666666667,0.5714285714285714,-0.16666666666666666,-0.5,-0.5714285714285714,0.0,-0.2,0.6666666666666666,0.8571428571428571,0.8571428571428571,-0.3333333333333333,0.5,0.0,-0.3333333333333333,0.5714285714285714,-0.14285714285714285,-0.3333333333333333,0.5714285714285714,0.4444444444444444,1.0,1.2857142857142858,0.0,1.5,-0.3,-0.5,-0.3333333333333333,0.01171875,0.6666666666666666,0.0,1.5714285714285714,0.3333333333333333,0.4,-0.3333333333333333,-0.2857142857142857,4.72,-0.32,0.5,0.3333333333333333,0.3333333333333333,-0.3333333333333333,-0.06796116504854369,0.7142857142857143,-0.14285714285714285,0.16666666666666666,0.8333333333333334,0.0,-0.16666666666666666,1.3333333333333333,-0.2,-0.3333333333333333,0.7,-0.6,-0.42857142857142855,-0.3,-0.35555555555555557,-0.3333333333333333,3.0,0.5714285714285714,0.7142857142857143,-0.42857142857142855,0.7142857142857143,1.8,1.8333333333333333,0.875,0.14285714285714285,0.16666666666666666,1.1428571428571428,1.6666666666666667,0.16666666666666666,-0.2857142857142857,0.75,0.7142857142857143,1.4285714285714286,0.0,1.0,-0.16666666666666666,-0.5,-0.2857142857142857,2.5714285714285716,-0.2727272727272727,0.5714285714285714,0.8333333333333334,-0.16666666666666666,-0.16666666666666666,-0.09090909090909091,-0.1111111111111111,0.0,0.16666666666666666,-0.2222222222222222,0.96,-0.3333333333333333,3.1666666666666665,0.16666666666666666,-0.3333333333333333,1.0,0.11267605633802817,1.1666666666666667,-0.3333333333333333,-0.3333333333333333
227,-0.42857142857142855,-0.3333333333333333,-0.42857142857142855,-0.3333333333333333,-0.5,0.0,1.0,0.4,0.3333333333333333,0.7142857142857143,-0.42857142857142855,1.0,1.1666666666666667,0.5,-0.3333333333333333,-0.42857142857142855,-0.14285714285714285,1.1666666666666667,-0.2857142857142857,0.0,-0.2857142857142857,1.0,0.16666666666666666,0.6666666666666666,0.4,1.5,0.0,-0.06640625,-0.3333333333333333,0.14285714285714285,0.0,1.5,-0.4,-0.3333333333333333,0.42857142857142855,5.76,-0.32,0.5,1.3333333333333333,-0.3333333333333333,1.5,-0.05825242718446602,-0.2857142857142857,-0.2857142857142857,-0.5,0.5,1.4285714285714286,3.1666666666666665,2.1666666666666665,-0.6,0.3333333333333333,-0.3,-0.6,1.1428571428571428,-0.3,0.9777777777777777,0.0,-0.5,1.7142857142857142,0.5714285714285714,0.42857142857142855,-0.42857142857142855,2.0,0.3333333333333333,-0.375,-0.2857142857142857,-0.3333333333333333,-0.42857142857142855,0.8333333333333334,2.3333333333333335,1.4285714285714286,-0.25,-0.2857142857142857,0.14285714285714285,1.2857142857142858,-0.16666666666666666,0.16666666666666666,-0.5,0.14285714285714285,-0.14285714285714285,0.2727272727272727,-0.2857142857142857,-0.16666666666666666,0.5,-0.3333333333333333,0.0,0.0,3.1666666666666665,2.6666666666666665,-0.3333333333333333,-0.16,-0.3333333333333333,-0.5,-0.3333333333333333,1.3333333333333333,-0.2857142857142857,-0.056338028169014086,0.16666666666666666,-0.3333333333333333,-0.3333333333333333
228,-0.2857142857142857,0.6666666666666666,-0.14285714285714285,-0.3333333333333333,0.6666666666666666,0.9523809523809523,-0.42857142857142855,3.0,-0.3333333333333333,1.5714285714285714,-0.2857142857142857,0.16666666666666666,0.3333333333333333,-0.3333333333333333,0.0,-0.2857142857142857,-0.2857142857142857,-0.3333333333333333,0.42857142857142855,-0.35555555555555557,0.2857142857142857,-0.42857142857142855,0.5,-0.3333333333333333,0.4,1.0,-0.5,-0.05078125,-0.3333333333333333,-0.42857142857142855,0.5714285714285714,-0.3333333333333333,0.8,1.8333333333333333,1.1428571428571428,5.88,-0.32,-0.25,-0.3333333333333333,1.1666666666666667,-0.5,0.04854368932038835,-0.2857142857142857,-0.42857142857142855,0.3333333333333333,0.8333333333333334,0.0,0.3333333333333333,-0.16666666666666666,2.0,-0.3333333333333333,0.5,-0.4,-0.42857142857142855,-0.3,-0.26666666666666666,-0.3333333333333333,0.8333333333333334,0.7619047619047619,-0.2857142857142857,-0.42857142857142855,-0.14285714285714285,-0.6,2.8333333333333335,0.0,-0.2857142857142857,1.0,-0.14285714285714285,-0.16666666666666666,-0.5,-0.2857142857142857,-0.08333333333333333,0.7142857142857143,0.5714285714285714,0.8571428571428571,0.5,-0.25,1.1666666666666667,0.14285714285714285,-0.42857142857142855,-0.18181818181818182,0.7142857142857143,1.3333333333333333,-0.3333333333333333,0.16666666666666666,-0.18181818181818182,0.0,-0.16666666666666666,0.0,0.3333333333333333,-0.48,3.6666666666666665,-0.16666666666666666,-0.25,0.0,-0.42857142857142855,-0.03755868544600939,-0.5,-0.3333333333333333,1.5
229,-0.14285714285714285,1.0,1.1428571428571428,-0.3333333333333333,0.0,0.5714285714285714,0.5714285714285714,0.2,1.0,0.2857142857142857,-0.2857142857142857,-0.5,-0.16666666666666666,-0.5,1.3333333333333333,0.0,0.0,0.8333333333333334,1.4285714285714286,0.6222222222222222,-0.2857142857142857,-0.2857142857142857,0.0,-0.3333333333333333,-0.3,-0.3333333333333333,-0.16666666666666666,-0.08984375,-0.5,-0.42857142857142855,0.7142857142857143,-0.3333333333333333,2.2,0.0,1.2857142857142858,4.68,0.48,-0.25,0.5,0.3333333333333333,0.3333333333333333,0.13592233009708737,-0.2857142857142857,0.42857142857142855,-0.16666666666666666,0.16666666666666666,1.1428571428571428,-0.3333333333333333,0.3333333333333333,-0.4,0.16666666666666666,-0.3,2.2,0.14285714285714285,0.7,-0.26666666666666666,0.8333333333333334,1.8333333333333333,-0.19047619047619047,0.2857142857142857,1.2857142857142858,-0.2857142857142857,-0.6,-0.16666666666666666,0.875,3.0,0.0,0.0,-0.3333333333333333,-0.5,-0.14285714285714285,0.16666666666666666,-0.2857142857142857,0.7142857142857143,-0.14285714285714285,0.6666666666666666,-0.25,0.3333333333333333,-0.2857142857142857,1.1428571428571428,-0.36363636363636365,1.4285714285714286,0.3333333333333333,-0.3333333333333333,1.5,-0.09090909090909091,0.3333333333333333,1.6666666666666667,0.3333333333333333,0.5555555555555556,-0.48,-0.16666666666666666,0.0,-0.3333333333333333,4.833333333333333,0.0,-0.07511737089201878,0.5,-0.3333333333333333,0.0
230,1.1428571428571428,1.3333333333333333,0.0,1.1666666666666667,-0.5,-0.19047619047619047,0.2857142857142857,-0.4,-0.3333333333333333,-0.42857142857142855,0.7142857142857143,-0.5,1.1666666666666667,0.6666666666666666,0.16666666666666666,0.5714285714285714,-0.2857142857142857,-0.16666666666666666,0.0,0.5333333333333333,-0.42857142857142855,1.1428571428571428,0.6666666666666666,-0.3333333333333333,0.0,-0.3333333333333333,-0.16666666666666666,0.10546875,0.16666666666666666,1.0,-0.2857142857142857,2.3333333333333335,0.2,0.16666666666666666,-0.2857142857142857,7.64,0.0,-0.25,0.0,1.5,-0.3333333333333333,-0.06796116504854369,-0.2857142857142857,1.8571428571428572,-0.3333333333333333,0.16666666666666666,-0.14285714285714285,-0.3333333333333333,-0.16666666666666666,2.4,-0.3333333333333333,-0.2,0.0,-0.14285714285714285,0.9,0.4444444444444444,1.0,-0.5,0.5714285714285714,0.2857142857142857,-0.14285714285714285,4.571428571428571,-0.4,0.5,1.0,0.2857142857142857,3.0,-0.2857142857142857,-0.3333333333333333,3.1666666666666665,0.0,-0.08333333333333333,-0.2857142857142857,0.14285714285714285,-0.42857142857142855,-0.3333333333333333,-0.25,3.3333333333333335,-0.2857142857142857,-0.42857142857142855,-0.36363636363636365,0.7142857142857143,-0.3333333333333333,1.3333333333333333,3.5,0.36363636363636365,0.1111111111111111,-0.16666666666666666,0.16666666666666666,0.5555555555555556,0.0,-0.16666666666666666,2.1666666666666665,-0.3333333333333333,0.8333333333333334,0.42857142857142855,-0.09389671361502347,1.1666666666666667,0.0,3.3333333333333335
231,0.14285714285714285,-0.16666666666666666,2.5714285714285716,0.5,1.5,2.857142857142857,1.2857142857142858,0.0,-0.3333333333333333,1.0,-0.2857142857142857,-0.5,0.0,-0.3333333333333333,-0.16666666666666666,0.0,0.8571428571428571,0.0,-0.2857142857142857,-0.17777777777777778,-0.2857142857142857,0.2857142857142857,-0.3333333333333333,0.0,0.2,-0.3333333333333333,-0.3333333333333333,-0.08984375,-0.3333333333333333,1.1428571428571428,2.4285714285714284,0.5,0.6,0.6666666666666666,0.42857142857142855,6.32,1.28,0.75,1.8333333333333333,1.3333333333333333,0.0,0.11650485436893204,-0.2857142857142857,-0.42857142857142855,-0.3333333333333333,1.8333333333333333,-0.42857142857142855,0.5,-0.3333333333333333,0.6,0.6666666666666666,0.3,-0.2,-0.2857142857142857,-0.3,-0.35555555555555557,0.5,0.3333333333333333,-0.5714285714285714,-0.14285714285714285,2.5714285714285716,0.2857142857142857,3.0,0.3333333333333333,-0.25,-0.14285714285714285,0.0,-0.42857142857142855,-0.3333333333333333,3.0,-0.14285714285714285,0.16666666666666666,0.7142857142857143,0.0,0.7142857142857143,-0.3333333333333333,0.16666666666666666,2.1666666666666665,0.14285714285714285,-0.14285714285714285,-0.18181818181818182,0.7142857142857143,1.5,-0.16666666666666666,-0.16666666666666666,-0.36363636363636365,0.1111111111111111,-0.3333333333333333,0.16666666666666666,-0.3333333333333333,0.96,0.5,-0.5,0.0,-0.16666666666666666,-0.42857142857142855,-0.07511737089201878,0.3333333333333333,0.3333333333333333,-0.3333333333333333
232,1.7142857142857142,1.8333333333333333,-0.2857142857142857,0.0,0.16666666666666666,0.7619047619047619,0.14285714285714285,-0.4,-0.16666666666666666,0.42857142857142855,-0.42857142857142855,-0.5,1.1666666666666667,-0.5,-0.5,0.0,0.2857142857142857,1.3333333333333333,0.2857142857142857,-0.08888888888888889,-0.14285714285714285,2.142857142857143,0.5,0.16666666666666666,-0.3,1.6666666666666667,0.8333333333333334,-0.04296875,0.5,-0.42857142857142855,-0.2857142857142857,0.0,-0.4,-0.5,0.14285714285714285,4.0,-0.16,-0.25,0.6666666666666666,-0.16666666666666666,0.3333333333333333,-0.06796116504854369,1.1428571428571428,-0.2857142857142857,0.0,0.0,0.14285714285714285,-0.16666666666666666,-0.3333333333333333,0.4,0.5,0.2,-0.6,-0.2857142857142857,0.0,-0.35555555555555557,1.8333333333333333,-0.5,-0.5714285714285714,-0.2857142857142857,3.142857142857143,0.5714285714285714,2.8,-0.5,-0.375,0.0,-0.3333333333333333,3.2857142857142856,0.0,0.8333333333333334,-0.2857142857142857,-0.25,-0.2857142857142857,-0.2857142857142857,-0.42857142857142855,-0.3333333333333333,-0.25,0.0,-0.2857142857142857,-0.2857142857142857,-0.36363636363636365,0.0,0.5,-0.3333333333333333,-0.3333333333333333,0.45454545454545453,1.1111111111111112,3.3333333333333335,3.6666666666666665,1.2222222222222223,-0.16,-0.16666666666666666,-0.16666666666666666,-0.16666666666666666,-0.3333333333333333,0.0,0.13145539906103287,-0.5,-0.16666666666666666,1.1666666666666667
233,0.7142857142857143,-0.5,-0.42857142857142855,0.5,5.5,-0.5714285714285714,-0.42857142857142855,-0.4,-0.16666666666666666,-0.42857142857142855,0.7142857142857143,-0.5,-0.16666666666666666,-0.5,1.5,-0.42857142857142855,1.0,0.3333333333333333,0.7142857142857143,-0.17777777777777778,0.42857142857142855,-0.42857142857142855,-0.3333333333333333,-0.3333333333333333,0.1,1.5,1.3333333333333333,-0.08984375,-0.3333333333333333,-0.2857142857142857,0.7142857142857143,0.0,-0.6,-0.3333333333333333,0.42857142857142855,3.24,0.96,0.125,5.166666666666667,1.8333333333333333,1.5,0.009708737864077669,-0.14285714285714285,0.14285714285714285,-0.5,0.6666666666666666,0.14285714285714285,-0.3333333333333333,-0.3333333333333333,0.2,0.8333333333333334,-0.1,-0.6,-0.2857142857142857,0.0,1.1555555555555554,-0.3333333333333333,0.0,-0.38095238095238093,1.4285714285714286,-0.14285714285714285,-0.42857142857142855,-0.2,-0.5,1.625,-0.2857142857142857,-0.3333333333333333,-0.42857142857142855,-0.3333333333333333,0.0,0.14285714285714285,1.0833333333333333,-0.14285714285714285,1.0,0.2857142857142857,-0.3333333333333333,-0.08333333333333333,0.6666666666666666,-0.14285714285714285,0.42857142857142855,-0.36363636363636365,-0.2857142857142857,-0.3333333333333333,2.0,-0.16666666666666666,1.0,0.2222222222222222,-0.16666666666666666,-0.5,0.2222222222222222,0.8,0.16666666666666666,0.6666666666666666,-0.25,-0.3333333333333333,-0.2857142857142857,-0.09389671361502347,-0.5,-0.16666666666666666,-0.3333333333333333
234,1.0,1.0,0.14285714285714285,0.8333333333333334,3.5,0.38095238095238093,0.42857142857142855,0.6,-0.16666666666666666,-0.2857142857142857,-0.14285714285714285,-0.3333333333333333,-0.3333333333333333,0.0,0.8333333333333334,1.0,0.42857142857142855,-0.16666666666666666,1.4285714285714286,0.35555555555555557,-0.42857142857142855,1.7142857142857142,-0.16666666666666666,1.1666666666666667,-0.2,0.3333333333333333,0.16666666666666666,0.55859375,-0.16666666666666666,0.7142857142857143,-0.2857142857142857,-0.5,0.2,0.8333333333333334,0.0,-0.08,-0.32,-0.25,-0.16666666666666666,0.0,-0.5,-0.05825242718446602,1.0,-0.2857142857142857,-0.3333333333333333,0.5,0.7142857142857143,-0.16666666666666666,-0.3333333333333333,0.2,1.5,0.0,0.6,1.4285714285714286,-0.3,14.222222222222221,0.0,-0.16666666666666666,-0.38095238095238093,-0.14285714285714285,-0.42857142857142855,24.571428571428573,-0.4,-0.5,0.0,0.14285714285714285,1.1666666666666667,16.142857142857142,-0.16666666666666666,-0.3333333333333333,-0.2857142857142857,-0.25,2.857142857142857,-0.2857142857142857,-0.42857142857142855,0.5,0.08333333333333333,-0.3333333333333333,0.0,-0.14285714285714285,1.8181818181818181,0.14285714285714285,-0.3333333333333333,-0.16666666666666666,-0.3333333333333333,-0.36363636363636365,9.333333333333334,0.8333333333333334,-0.16666666666666666,7.333333333333333,-0.48,1.0,0.16666666666666666,0.0,0.5,3.7142857142857144,-0.09389671361502347,0.5,0.0,0.3333333333333333
235,-0.14285714285714285,2.1666666666666665,-0.2857142857142857,0.16666666666666666,-0.16666666666666666,-0.38095238095238093,0.0,0.6,1.8333333333333333,0.0,1.0,-0.5,-0.16666666666666666,1.3333333333333333,-0.5,0.5714285714285714,0.2857142857142857,-0.3333333333333333,-0.2857142857142857,0.6222222222222222,0.42857142857142855,-0.42857142857142855,0.0,-0.16666666666666666,0.0,2.6666666666666665,-0.16666666666666666,0.72265625,0.0,0.5714285714285714,0.0,0.0,-0.2,0.8333333333333334,-0.2857142857142857,-0.16,-0.16,-0.25,1.0,-0.3333333333333333,-0.16666666666666666,0.07766990291262135,2.2857142857142856,0.42857142857142855,-0.5,0.0,-0.2857142857142857,-0.5,-0.3333333333333333,1.4,0.0,-0.3,0.2,-0.42857142857142855,0.3,14.755555555555556,-0.16666666666666666,-0.16666666666666666,2.6666666666666665,0.8571428571428571,0.2857142857142857,27.0,0.8,0.5,-0.375,0.0,7.166666666666667,28.571428571428573,-0.3333333333333333,0.0,0.2857142857142857,0.6666666666666666,-0.2857142857142857,-0.14285714285714285,0.42857142857142855,-0.16666666666666666,1.25,0.5,-0.2857142857142857,-0.42857142857142855,0.2727272727272727,-0.14285714285714285,0.0,0.0,-0.3333333333333333,-0.36363636363636365,13.0,-0.16666666666666666,0.6666666666666666,8.0,0.8,2.8333333333333335,1.5,0.5833333333333334,1.6666666666666667,0.2857142857142857,-0.09389671361502347,1.1666666666666667,0.16666666666666666,1.1666666666666667
236,0.2857142857142857,1.3333333333333333,-0.14285714285714285,-0.16666666666666666,0.8333333333333334,-0.5714285714285714,0.0,0.6,-0.3333333333333333,-0.42857142857142855,0.42857142857142855,0.6666666666666666,1.8333333333333333,0.8333333333333334,-0.5,-0.42857142857142855,-0.14285714285714285,-0.3333333333333333,-0.14285714285714285,-0.35555555555555557,0.2857142857142857,3.857142857142857,-0.3333333333333333,-0.3333333333333333,1.4,0.0,0.3333333333333333,1.26953125,-0.3333333333333333,1.2857142857142858,1.7142857142857142,-0.5,-0.4,1.5,0.14285714285714285,-0.08,1.44,2.0,-0.5,0.6666666666666666,-0.16666666666666666,-0.02912621359223301,3.7142857142857144,-0.42857142857142855,1.5,-0.16666666666666666,-0.42857142857142855,0.6666666666666666,0.3333333333333333,-0.4,1.6666666666666667,-0.2,5.4,-0.2857142857142857,-0.3,8.444444444444445,1.0,-0.16666666666666666,-0.38095238095238093,0.14285714285714285,0.2857142857142857,10.142857142857142,-0.4,0.3333333333333333,-0.25,-0.2857142857142857,-0.16666666666666666,14.142857142857142,-0.3333333333333333,1.3333333333333333,-0.2857142857142857,0.25,0.42857142857142855,2.857142857142857,0.8571428571428571,-0.16666666666666666,0.0,1.3333333333333333,2.2857142857142856,-0.2857142857142857,-0.2727272727272727,-0.14285714285714285,-0.16666666666666666,0.0,0.16666666666666666,-0.09090909090909091,11.777777777777779,0.3333333333333333,-0.5,11.555555555555555,-0.16,1.0,-0.16666666666666666,-0.16666666666666666,-0.16666666666666666,0.0,-0.09389671361502347,0.16666666666666666,1.8333333333333333,-0.3333333333333333
237,-0.14285714285714285,-0.5,0.42857142857142855,0.16666666666666666,-0.5,-0.38095238095238093,0.42857142857142855,0.6,-0.3333333333333333,-0.14285714285714285,0.8571428571428571,-0.5,0.5,0.0,-0.3333333333333333,0.42857142857142855,1.2857142857142858,-0.16666666666666666,1.7142857142857142,0.08888888888888889,-0.2857142857142857,-0.42857142857142855,-0.16666666666666666,0.6666666666666666,0.1,2.3333333333333335,2.5,1.74609375,-0.5,0.5714285714285714,-0.14285714285714285,-0.16666666666666666,-0.6,0.16666666666666666,-0.14285714285714285,0.08,-0.32,0.25,-0.16666666666666666,2.8333333333333335,-0.5,-0.04854368932038835,-0.2857142857142857,-0.14285714285714285,-0.5,-0.3333333333333333,-0.42857142857142855,-0.5,0.0,-0.2,-0.16666666666666666,0.7,0.2,0.0,-0.3,8.622222222222222,-0.3333333333333333,1.1666666666666667,1.9047619047619047,2.4285714285714284,0.14285714285714285,27.571428571428573,0.0,-0.5,0.0,0.5714285714285714,-0.3333333333333333,22.571428571428573,0.3333333333333333,0.16666666666666666,-0.14285714285714285,-0.25,1.0,-0.2857142857142857,1.2857142857142858,-0.16666666666666666,-0.3333333333333333,1.8333333333333333,-0.2857142857142857,-0.14285714285714285,-0.36363636363636365,0.8571428571428571,0.6666666666666666,1.0,0.8333333333333334,1.0,11.777777777777779,0.3333333333333333,2.3333333333333335,16.444444444444443,1.12,0.8333333333333334,-0.16666666666666666,-0.3333333333333333,-0.16666666666666666,-0.42857142857142855,-0.07511737089201878,-0.5,2.3333333333333335,0.0
238,-0.2857142857142857,0.3333333333333333,0.8571428571428571,0.16666666666666666,1.8333333333333333,-0.19047619047619047,0.14285714285714285,0.4,-0.3333333333333333,0.8571428571428571,-0.42857142857142855,1.1666666666666667,-0.3333333333333333,-0.5,2.0,1.2857142857142858,0.8571428571428571,0.6666666666666666,-0.2857142857142857,-0.08888888888888889,-0.2857142857142857,1.0,2.5,0.16666666666666666,0.6,-0.5,2.6666666666666665,0.57421875,0.6666666666666666,0.42857142857142855,0.0,-0.5,0.0,-0.3333333333333333,-0.2857142857142857,-0.08,-0.16,-0.125,0.0,0.16666666666666666,-0.5,-0.038834951456310676,0.14285714285714285,0.42857142857142855,0.16666666666666666,0.8333333333333334,-0.2857142857142857,-0.16666666666666666,-0.3333333333333333,1.8,0.3333333333333333,-0.3,5.6,-0.42857142857142855,0.3,16.355555555555554,-0.3333333333333333,0.6666666666666666,-0.5714285714285714,0.42857142857142855,0.14285714285714285,19.571428571428573,-0.4,0.16666666666666666,0.375,-0.2857142857142857,-0.3333333333333333,11.714285714285714,0.0,2.1666666666666665,1.0,0.0,0.7142857142857143,0.0,-0.42857142857142855,-0.3333333333333333,-0.08333333333333333,0.8333333333333334,-0.2857142857142857,-0.2857142857142857,-0.2727272727272727,2.0,-0.3333333333333333,0.5,-0.16666666666666666,-0.2727272727272727,8.444444444444445,0.5,-0.5,13.222222222222221,1.12,0.16666666666666666,1.5,0.16666666666666666,-0.3333333333333333,-0.42857142857142855,-0.018779342723004695,0.16666666666666666,0.0,0.0
239,0.8571428571428571,2.6666666666666665,-0.42857142857142855,0.16666666666666666,1.3333333333333333,0.0,-0.2857142857142857,-0.4,-0.3333333333333333,-0.42857142857142855,0.7142857142857143,0.5,2.6666666666666665,2.8333333333333335,0.5,0.5714285714285714,-0.2857142857142857,0.16666666666666666,0.14285714285714285,0.17777777777777778,-0.42857142857142855,1.2857142857142858,-0.3333333333333333,-0.16666666666666666,-0.2,-0.3333333333333333,0.5,1.19921875,0.0,0.14285714285714285,1.4285714285714286,0.8333333333333334,0.6,-0.5,-0.2857142857142857,0.08,-0.32,1.0,-0.3333333333333333,0.0,-0.5,-0.06796116504854369,-0.14285714285714285,-0.14285714285714285,-0.5,0.16666666666666666,0.2857142857142857,0.3333333333333333,0.16666666666666666,3.0,2.6666666666666665,0.0,-0.4,-0.42857142857142855,0.0,8.71111111111111,0.6666666666666666,2.6666666666666665,-0.38095238095238093,1.2857142857142858,1.2857142857142858,21.0,1.0,-0.5,-0.25,-0.2857142857142857,-0.3333333333333333,23.142857142857142,2.5,-0.5,1.2857142857142858,-0.25,0.0,3.142857142857143,2.7142857142857144,3.1666666666666665,0.08333333333333333,0.6666666666666666,0.2857142857142857,-0.42857142857142855,-0.09090909090909091,1.2857142857142858,-0.16666666666666666,0.16666666666666666,1.1666666666666667,-0.36363636363636365,12.11111111111111,-0.3333333333333333,0.16666666666666666,16.11111111111111,1.12,0.8333333333333334,0.8333333333333334,0.25,0.3333333333333333,0.7142857142857143,0.056338028169014086,0.8333333333333334,0.0,-0.3333333333333333
240,-0.42857142857142855,-0.5,-0.2857142857142857,0.16666666666666666,-0.5,0.19047619047619047,-0.2857142857142857,3.0,-0.3333333333333333,-0.14285714285714285,0.5714285714285714,1.6666666666666667,-0.3333333333333333,-0.3333333333333333,-0.5,-0.2857142857142857,2.142857142857143,-0.16666666666666666,0.2857142857142857,-0.26666666666666666,3.4285714285714284,1.1428571428571428,0.8333333333333334,-0.16666666666666666,0.3,-0.3333333333333333,-0.5,1.51953125,-0.3333333333333333,0.42857142857142855,-0.2857142857142857,-0.5,1.4,-0.3333333333333333,0.2857142857142857,-0.2,0.96,0.125,-0.5,-0.16666666666666666,-0.3333333333333333,0.0,0.0,-0.42857142857142855,-0.3333333333333333,1.8333333333333333,-0.42857142857142855,0.5,-0.3333333333333333,5.4,0.0,-0.1,-0.2,0.0,0.2,7.644444444444445,-0.3333333333333333,-0.5,-0.38095238095238093,-0.2857142857142857,4.0,27.714285714285715,0.8,1.5,0.375,0.0,0.0,11.714285714285714,0.3333333333333333,-0.5,-0.2857142857142857,0.9166666666666666,-0.2857142857142857,-0.2857142857142857,-0.42857142857142855,-0.3333333333333333,-0.3333333333333333,0.3333333333333333,0.0,-0.42857142857142855,1.5454545454545454,0.0,-0.16666666666666666,2.0,0.3333333333333333,0.18181818181818182,13.0,-0.3333333333333333,-0.16666666666666666,14.0,-0.32,2.0,1.0,0.08333333333333333,-0.3333333333333333,0.42857142857142855,-0.03755868544600939,-0.5,0.0,0.6666666666666666
241,1.0,0.5,0.2857142857142857,-0.3333333333333333,-0.5,-0.5714285714285714,1.5714285714285714,0.8,-0.16666666666666666,-0.42857142857142855,-0.42857142857142855,0.0,0.16666666666666666,0.16666666666666666,1.5,-0.42857142857142855,-0.14285714285714285,-0.16666666666666666,1.0,0.08888888888888889,0.14285714285714285,-0.2857142857142857,0.16666666666666666,-0.3333333333333333,-0.1,0.16666666666666666,-0.3333333333333333,1.54296875,2.3333333333333335,-0.42857142857142855,0.0,-0.5,-0.2,2.8333333333333335,-0.14285714285714285,-0.2,2.4,-0.125,1.3333333333333333,0.6666666666666666,1.8333333333333333,0.05825242718446602,1.7142857142857142,5.142857142857143,-0.16666666666666666,2.8333333333333335,-0.42857142857142855,-0.16666666666666666,1.0,-0.6,-0.3333333333333333,0.0,0.2,-0.42857142857142855,-0.2,13.333333333333334,-0.16666666666666666,-0.16666666666666666,0.7619047619047619,-0.14285714285714285,-0.42857142857142855,24.0,-0.6,0.0,-0.125,-0.14285714285714285,0.16666666666666666,12.428571428571429,-0.3333333333333333,0.0,-0.14285714285714285,-0.16666666666666666,0.0,-0.2857142857142857,-0.2857142857142857,-0.3333333333333333,-0.25,0.6666666666666666,-0.2857142857142857,-0.42857142857142855,0.09090909090909091,2.5714285714285716,1.8333333333333333,-0.16666666666666666,-0.3333333333333333,0.6363636363636364,20.22222222222222,0.5,0.6666666666666666,13.777777777777779,-0.48,0.3333333333333333,-0.5,0.25,-0.3333333333333333,0.0,0.20657276995305165,0.5,1.5,0.0
242,-0.42857142857142855,0.6666666666666666,-0.2857142857142857,0.3333333333333333,0.5,1.9047619047619047,1.4285714285714286,-0.4,2.6666666666666665,0.0,1.7142857142857142,1.5,-0.3333333333333333,0.16666666666666666,0.0,0.5714285714285714,-0.2857142857142857,0.6666666666666666,-0.2857142857142857,0.6222222222222222,0.0,-0.14285714285714285,2.1666666666666665,1.0,0.0,0.3333333333333333,-0.3333333333333333,1.02734375,1.5,-0.14285714285714285,0.42857142857142855,-0.3333333333333333,1.6,1.1666666666666667,-0.2857142857142857,-0.12,-0.32,0.0,-0.5,-0.3333333333333333,0.5,-0.06796116504854369,1.1428571428571428,0.14285714285714285,-0.16666666666666666,-0.3333333333333333,-0.42857142857142855,-0.5,-0.16666666666666666,-0.4,0.5,0.2,1.8,-0.2857142857142857,-0.1,11.466666666666667,0.0,-0.3333333333333333,-0.38095238095238093,-0.14285714285714285,-0.2857142857142857,10.0,1.2,1.1666666666666667,1.75,1.0,0.16666666666666666,26.0,4.833333333333333,0.5,-0.14285714285714285,-0.25,1.7142857142857142,0.5714285714285714,0.7142857142857143,0.8333333333333334,-0.3333333333333333,0.3333333333333333,0.0,-0.42857142857142855,0.5454545454545454,-0.2857142857142857,0.16666666666666666,-0.16666666666666666,-0.3333333333333333,-0.36363636363636365,16.11111111111111,-0.16666666666666666,-0.3333333333333333,15.333333333333334,-0.32,0.3333333333333333,-0.5,-0.3333333333333333,0.6666666666666666,-0.42857142857142855,0.26291079812206575,0.8333333333333334,-0.3333333333333333,-0.16666666666666666
243,-0.42857142857142855,-0.5,0.8571428571428571,0.0,-0.16666666666666666,-0.5714285714285714,-0.42857142857142855,0.8,-0.3333333333333333,-0.14285714285714285,0.2857142857142857,-0.5,0.16666666666666666,-0.5,-0.5,-0.14285714285714285,-0.2857142857142857,0.6666666666666666,0.5714285714285714,-0.35555555555555557,2.5714285714285716,-0.2857142857142857,-0.3333333333333333,0.6666666666666666,-0.2,-0.3333333333333333,-0.5,0.65234375,-0.5,-0.2857142857142857,0.0,-0.16666666666666666,2.2,-0.3333333333333333,-0.2857142857142857,-0.2,-0.16,-0.25,-0.5,0.16666666666666666,-0.16666666666666666,0.02912621359223301,-0.14285714285714285,-0.42857142857142855,-0.5,0.5,-0.42857142857142855,-0.5,1.3333333333333333,0.8,0.6666666666666666,2.0,0.0,-0.2857142857142857,1.3,6.222222222222222,0.0,-0.5,0.0,-0.2857142857142857,0.2857142857142857,14.857142857142858,-0.4,2.6666666666666665,-0.25,0.2857142857142857,-0.3333333333333333,13.714285714285714,-0.16666666666666666,1.3333333333333333,2.5714285714285716,-0.16666666666666666,0.0,0.0,0.8571428571428571,0.8333333333333334,-0.25,0.16666666666666666,-0.2857142857142857,0.0,1.1818181818181819,-0.2857142857142857,2.6666666666666665,0.0,0.6666666666666666,0.09090909090909091,21.88888888888889,-0.3333333333333333,-0.16666666666666666,13.11111111111111,0.48,1.0,0.3333333333333333,0.08333333333333333,-0.16666666666666666,1.2857142857142858,0.0,0.0,2.6666666666666665,1.3333333333333333
244,0.7142857142857143,-0.5,0.14285714285714285,0.16666666666666666,0.0,1.5238095238095237,1.1428571428571428,-0.2,0.5,0.2857142857142857,-0.2857142857142857,1.6666666666666667,-0.3333333333333333,2.0,-0.5,0.14285714285714285,3.142857142857143,0.0,0.7142857142857143,1.9555555555555555,-0.2857142857142857,-0.14285714285714285,-0.3333333333333333,-0.3333333333333333,0.8,0.3333333333333333,-0.5,0.69140625,-0.5,-0.2857142857142857,-0.2857142857142857,0.6666666666666666,-0.6,1.0,-0.2857142857142857,-0.12,-0.32,-0.125,-0.3333333333333333,0.8333333333333334,-0.5,0.14563106796116504,-0.2857142857142857,-0.42857142857142855,-0.3333333333333333,0.3333333333333333,0.0,0.6666666666666666,-0.16666666666666666,0.0,-0.16666666666666666,0.9,-0.2,0.0,-0.1,8.177777777777777,-0.16666666666666666,1.1666666666666667,3.4285714285714284,2.142857142857143,0.2857142857142857,26.428571428571427,-0.4,-0.3333333333333333,0.0,2.5714285714285716,0.3333333333333333,24.285714285714285,-0.3333333333333333,3.1666666666666665,-0.2857142857142857,0.3333333333333333,-0.2857142857142857,-0.14285714285714285,2.0,-0.3333333333333333,-0.3333333333333333,-0.16666666666666666,0.5714285714285714,-0.42857142857142855,-0.36363636363636365,2.142857142857143,0.0,-0.16666666666666666,1.1666666666666667,-0.09090909090909091,19.0,-0.3333333333333333,-0.16666666666666666,11.777777777777779,-0.32,0.16666666666666666,0.3333333333333333,1.6666666666666667,-0.3333333333333333,-0.42857142857142855,-0.07511737089201878,0.0,0.0,-0.16666666666666666
245,0.2857142857142857,-0.3333333333333333,-0.42857142857142855,-0.3333333333333333,-0.5,-0.5714285714285714,0.5714285714285714,0.2,-0.16666666666666666,0.0,-0.14285714285714285,-0.5,0.0,1.0,-0.5,0.42857142857142855,0.5714285714285714,0.16666666666666666,0.14285714285714285,0.7111111111111111,-0.42857142857142855,-0.42857142857142855,0.5,-0.3333333333333333,0.0,3.3333333333333335,-0.3333333333333333,0.52734375,-0.16666666666666666,0.0,0.0,-0.5,0.2,2.6666666666666665,-0.14285714285714285,0.32,0.32,0.5,-0.16666666666666666,-0.3333333333333333,-0.3333333333333333,-0.05825242718446602,-0.2857142857142857,0.0,-0.3333333333333333,-0.3333333333333333,0.0,2.0,0.6666666666666666,-0.6,0.8333333333333334,-0.1,1.4,0.5714285714285714,-0.1,13.511111111111111,-0.16666666666666666,0.5,-0.19047619047619047,0.5714285714285714,-0.42857142857142855,18.714285714285715,0.2,-0.5,2.0,-0.14285714285714285,-0.3333333333333333,9.714285714285714,-0.3333333333333333,0.3333333333333333,0.2857142857142857,0.0,3.0,-0.14285714285714285,-0.2857142857142857,0.0,-0.3333333333333333,2.6666666666666665,0.42857142857142855,0.14285714285714285,0.2727272727272727,-0.2857142857142857,0.5,1.3333333333333333,-0.3333333333333333,-0.36363636363636365,19.88888888888889,0.8333333333333334,0.5,21.666666666666668,-0.16,-0.16666666666666666,1.1666666666666667,0.6666666666666666,0.16666666666666666,1.2857142857142858,-0.07511737089201878,-0.5,0.0,-0.3333333333333333
246,1.4285714285714286,-0.5,-0.14285714285714285,0.5,-0.5,-0.5714285714285714,-0.42857142857142855,1.0,-0.3333333333333333,-0.2857142857142857,-0.42857142857142855,3.8333333333333335,-0.3333333333333333,0.0,-0.3333333333333333,1.7142857142857142,0.14285714285714285,1.8333333333333333,1.1428571428571428,-0.17777777777777778,-0.42857142857142855,0.0,-0.16666666666666666,-0.16666666666666666,-0.2,0.5,-0.3333333333333333,0.63671875,-0.16666666666666666,0.14285714285714285,0.14285714285714285,0.3333333333333333,0.2,3.5,-0.14285714285714285,-0.2,0.16,0.0,0.6666666666666666,-0.3333333333333333,0.0,-0.02912621359223301,0.5714285714285714,0.42857142857142855,0.5,2.3333333333333335,-0.14285714285714285,-0.5,2.1666666666666665,0.4,1.1666666666666667,0.5,-0.2,-0.14285714285714285,0.7,16.622222222222224,2.6666666666666665,0.0,-0.19047619047619047,0.14285714285714285,0.0,13.857142857142858,-0.6,-0.16666666666666666,0.375,0.14285714285714285,1.5,24.428571428571427,-0.3333333333333333,0.16666666666666666,0.8571428571428571,-0.25,0.0,2.2857142857142856,-0.42857142857142855,-0.3333333333333333,-0.25,-0.5,0.14285714285714285,0.8571428571428571,1.2727272727272727,1.4285714285714286,0.3333333333333333,0.0,0.16666666666666666,-0.18181818181818182,15.555555555555555,0.0,-0.5,17.555555555555557,-0.16,0.0,-0.5,-0.08333333333333333,-0.3333333333333333,-0.2857142857142857,-0.09389671361502347,-0.5,-0.3333333333333333,-0.16666666666666666
247,-0.2857142857142857,-0.5,-0.14285714285714285,-0.16666666666666666,-0.5,-0.5714285714285714,1.0,-0.4,0.0,0.7142857142857143,0.0,-0.3333333333333333,0.6666666666666666,-0.5,-0.5,-0.14285714285714285,1.2857142857142858,0.8333333333333334,1.1428571428571428,-0.17777777777777778,-0.2857142857142857,1.2857142857142858,-0.3333333333333333,1.3333333333333333,0.2,-0.3333333333333333,0.8333333333333334,0.94140625,-0.3333333333333333,-0.14285714285714285,0.8571428571428571,0.0,-0.6,3.1666666666666665,0.2857142857142857,-0.2,-0.32,0.5,1.1666666666666667,0.8333333333333334,-0.5,-0.05825242718446602,0.0,0.8571428571428571,-0.3333333333333333,0.3333333333333333,-0.14285714285714285,-0.3333333333333333,0.3333333333333333,-0.4,-0.3333333333333333,1.0,3.0,-0.42857142857142855,0.8,7.2,-0.3333333333333333,0.0,1.1428571428571428,-0.2857142857142857,0.2857142857142857,11.285714285714286,0.4,-0.16666666666666666,0.125,1.0,2.5,15.285714285714286,0.5,0.0,0.8571428571428571,-0.25,0.7142857142857143,0.8571428571428571,-0.2857142857142857,-0.3333333333333333,-0.3333333333333333,0.16666666666666666,1.2857142857142858,0.5714285714285714,0.18181818181818182,1.0,-0.3333333333333333,-0.3333333333333333,0.0,-0.36363636363636365,11.444444444444445,-0.3333333333333333,-0.3333333333333333,12.444444444444445,-0.48,1.1666666666666667,2.6666666666666665,-0.25,-0.3333333333333333,-0.42857142857142855,-0.018779342723004695,-0.5,0.6666666666666666,1.0
248,1.4285714285714286,-0.5,0.14285714285714285,-0.3333333333333333,1.6666666666666667,1.1428571428571428,0.8571428571428571,0.0,-0.16666666666666666,1.5714285714285714,0.42857142857142855,0.5,-0.16666666666666666,0.5,-0.5,0.2857142857142857,0.0,2.0,-0.2857142857142857,0.35555555555555557,-0.2857142857142857,-0.42857142857142855,2.1666666666666665,0.6666666666666666,-0.3,-0.5,-0.5,0.80859375,-0.16666666666666666,0.7142857142857143,-0.2857142857142857,1.0,2.2,3.3333333333333335,0.5714285714285714,0.32,-0.32,0.25,-0.5,0.16666666666666666,-0.5,-0.05825242718446602,0.0,2.142857142857143,-0.3333333333333333,0.8333333333333334,0.0,-0.5,0.5,0.6,0.6666666666666666,-0.2,-0.6,0.2857142857142857,-0.3,12.088888888888889,-0.16666666666666666,1.8333333333333333,-0.5714285714285714,0.14285714285714285,-0.2857142857142857,20.857142857142858,4.8,0.3333333333333333,1.25,0.14285714285714285,-0.16666666666666666,28.428571428571427,-0.3333333333333333,0.5,0.0,-0.16666666666666666,0.0,0.0,-0.42857142857142855,-0.16666666666666666,0.4166666666666667,2.1666666666666665,1.5714285714285714,0.14285714285714285,-0.09090909090909091,-0.14285714285714285,-0.3333333333333333,-0.16666666666666666,0.3333333333333333,0.45454545454545453,9.0,-0.3333333333333333,0.3333333333333333,15.666666666666666,0.16,0.0,-0.16666666666666666,0.0,0.5,1.1428571428571428,-0.09389671361502347,-0.5,-0.3333333333333333,-0.16666666666666666
249,-0.14285714285714285,0.0,2.7142857142857144,-0.3333333333333333,0.5,-0.19047619047619047,-0.14285714285714285,3.2,0.16666666666666666,-0.14285714285714285,-0.14285714285714285,-0.16666666666666666,0.16666666666666666,-0.3333333333333333,0.3333333333333333,-0.42857142857142855,-0.2857142857142857,0.3333333333333333,-0.2857142857142857,-0.35555555555555557,1.2857142857142858,0.14285714285714285,0.16666666666666666,3.8333333333333335,0.0,-0.3333333333333333,0.5,0.51171875,-0.3333333333333333,0.0,1.5714285714285714,-0.5,0.6,1.1666666666666667,-0.14285714285714285,0.36,0.32,1.5,2.6666666666666665,-0.3333333333333333,0.3333333333333333,-0.06796116504854369,-0.14285714285714285,0.0,0.0,0.5,-0.14285714285714285,1.0,-0.16666666666666666,-0.2,2.8333333333333335,0.1,0.4,-0.42857142857142855,-0.2,6.4,0.5,-0.5,0.5714285714285714,0.42857142857142855,-0.14285714285714285,28.142857142857142,-0.6,-0.5,0.125,-0.14285714285714285,-0.3333333333333333,24.857142857142858,-0.3333333333333333,0.0,0.2857142857142857,0.08333333333333333,-0.2857142857142857,0.0,0.2857142857142857,-0.3333333333333333,-0.16666666666666666,-0.3333333333333333,0.14285714285714285,-0.2857142857142857,-0.36363636363636365,-0.2857142857142857,0.6666666666666666,-0.16666666666666666,1.1666666666666667,0.2727272727272727,15.666666666666666,0.0,-0.5,9.0,0.0,-0.16666666666666666,0.0,-0.3333333333333333,0.3333333333333333,1.1428571428571428,-0.09389671361502347,-0.5,0.0,-0.16666666666666666
250,1.0,-0.3333333333333333,-0.14285714285714285,0.0,2.3333333333333335,-0.38095238095238093,-0.42857142857142855,-0.4,0.5,-0.42857142857142855,-0.42857142857142855,-0.3333333333333333,1.8333333333333333,-0.5,1.8333333333333333,-0.42857142857142855,0.7142857142857143,-0.3333333333333333,0.0,0.0,2.4285714285714284,-0.42857142857142855,-0.3333333333333333,0.8333333333333334,-0.1,0.0,1.0,1.04296875,1.8333333333333333,-0.42857142857142855,0.5714285714285714,0.0,0.0,0.0,2.4285714285714284,0.32,-0.32,1.0,2.0,-0.16666666666666666,-0.16666666666666666,-0.06796116504854369,0.14285714285714285,-0.42857142857142855,-0.3333333333333333,-0.16666666666666666,0.2857142857142857,-0.16666666666666666,0.0,0.6,0.16666666666666666,-0.2,-0.2,0.0,-0.3,13.511111111111111,-0.3333333333333333,0.16666666666666666,0.38095238095238093,0.7142857142857143,-0.42857142857142855,13.857142857142858,0.4,-0.3333333333333333,-0.125,0.8571428571428571,1.3333333333333333,22.142857142857142,-0.16666666666666666,-0.16666666666666666,0.14285714285714285,0.0,-0.2857142857142857,-0.14285714285714285,-0.42857142857142855,0.8333333333333334,-0.25,-0.3333333333333333,0.2857142857142857,0.5714285714285714,-0.18181818181818182,0.42857142857142855,0.16666666666666666,-0.3333333333333333,-0.16666666666666666,-0.36363636363636365,18.88888888888889,-0.3333333333333333,1.5,18.77777777777778,-0.48,3.3333333333333335,1.8333333333333333,0.5,-0.3333333333333333,-0.42857142857142855,-0.03755868544600939,-0.5,-0.3333333333333333,-0.3333333333333333
251,-0.42857142857142855,-0.3333333333333333,-0.42857142857142855,1.0,-0.5,0.19047619047619047,-0.14285714285714285,-0.4,3.5,-0.2857142857142857,1.0,-0.5,0.5,0.0,2.3333333333333335,-0.2857142857142857,1.5714285714285714,-0.3333333333333333,-0.14285714285714285,-0.35555555555555557,0.8571428571428571,-0.2857142857142857,0.3333333333333333,1.3333333333333333,1.1,-0.5,-0.5,1.25390625,0.16666666666666666,-0.2857142857142857,-0.14285714285714285,0.0,-0.2,-0.16666666666666666,0.2857142857142857,-0.16,0.0,-0.125,0.0,-0.16666666666666666,0.16666666666666666,-0.05825242718446602,-0.14285714285714285,1.1428571428571428,0.0,-0.3333333333333333,3.7142857142857144,0.3333333333333333,-0.3333333333333333,0.2,0.8333333333333334,0.4,0.8,-0.42857142857142855,-0.1,16.533333333333335,0.16666666666666666,-0.16666666666666666,-0.5714285714285714,-0.2857142857142857,-0.42857142857142855,24.857142857142858,-0.6,-0.16666666666666666,1.375,-0.2857142857142857,0.3333333333333333,24.0,0.6666666666666666,0.6666666666666666,1.2857142857142858,-0.25,-0.2857142857142857,0.14285714285714285,-0.42857142857142855,1.1666666666666667,-0.16666666666666666,3.0,-0.2857142857142857,-0.42857142857142855,-0.2727272727272727,2.142857142857143,1.1666666666666667,-0.3333333333333333,1.1666666666666667,-0.09090909090909091,13.777777777777779,0.8333333333333334,1.3333333333333333,7.555555555555555,-0.32,0.5,2.5,0.08333333333333333,4.833333333333333,0.7142857142857143,-0.056338028169014086,0.16666666666666666,-0.3333333333333333,2.8333333333333335
252,-0.42857142857142855,0.6666666666666666,-0.14285714285714285,0.5,1.3333333333333333,-0.5714285714285714,-0.2857142857142857,-0.4,0.5,3.142857142857143,0.7142857142857143,0.0,0.3333333333333333,-0.16666666666666666,0.0,1.0,-0.14285714285714285,-0.16666666666666666,0.42857142857142855,0.17777777777777778,-0.42857142857142855,-0.42857142857142855,-0.3333333333333333,2.3333333333333335,-0.2,-0.5,-0.16666666666666666,1.13671875,2.3333333333333335,0.0,-0.2857142857142857,-0.16666666666666666,2.2,0.6666666666666666,0.8571428571428571,-0.2,0.16,0.875,-0.3333333333333333,-0.16666666666666666,-0.16666666666666666,0.02912621359223301,0.0,0.14285714285714285,-0.16666666666666666,0.3333333333333333,1.1428571428571428,-0.5,-0.3333333333333333,0.4,-0.3333333333333333,-0.1,-0.6,1.0,0.4,16.444444444444443,-0.3333333333333333,1.3333333333333333,-0.5714285714285714,0.0,-0.42857142857142855,11.142857142857142,1.8,-0.16666666666666666,-0.25,0.0,-0.3333333333333333,21.0,-0.3333333333333333,-0.5,2.7142857142857144,-0.25,-0.2857142857142857,1.5714285714285714,0.14285714285714285,-0.3333333333333333,0.0,0.5,0.14285714285714285,1.1428571428571428,-0.36363636363636365,1.2857142857142858,-0.3333333333333333,0.16666666666666666,0.0,-0.18181818181818182,20.555555555555557,0.0,-0.3333333333333333,13.666666666666666,-0.32,0.0,1.3333333333333333,0.75,0.16666666666666666,1.7142857142857142,-0.09389671361502347,-0.5,-0.16666666666666666,1.0
253,0.0,0.6666666666666666,0.0,-0.16666666666666666,1.0,2.2857142857142856,0.7142857142857143,2.4,-0.3333333333333333,0.42857142857142855,-0.42857142857142855,-0.16666666666666666,-0.3333333333333333,0.6666666666666666,0.16666666666666666,1.2857142857142858,1.2857142857142858,-0.3333333333333333,2.142857142857143,0.26666666666666666,-0.2857142857142857,2.5714285714285716,0.8333333333333334,0.3333333333333333,-0.1,-0.3333333333333333,0.0,0.48828125,0.5,5.142857142857143,1.1428571428571428,-0.3333333333333333,1.2,-0.5,0.0,-0.16,0.8,0.875,-0.3333333333333333,-0.3333333333333333,-0.16666666666666666,-0.038834951456310676,1.7142857142857142,0.0,-0.16666666666666666,0.8333333333333334,1.1428571428571428,0.3333333333333333,2.1666666666666665,-0.2,0.16666666666666666,1.4,-0.6,-0.14285714285714285,0.1,9.511111111111111,0.8333333333333334,0.0,-0.5714285714285714,-0.2857142857142857,0.14285714285714285,18.142857142857142,-0.6,0.8333333333333334,0.0,3.142857142857143,-0.3333333333333333,12.714285714285714,-0.16666666666666666,1.1666666666666667,-0.14285714285714285,-0.16666666666666666,2.4285714285714284,-0.2857142857142857,1.1428571428571428,-0.3333333333333333,-0.25,-0.3333333333333333,-0.2857142857142857,-0.42857142857142855,0.09090909090909091,-0.2857142857142857,-0.3333333333333333,2.3333333333333335,-0.16666666666666666,-0.18181818181818182,12.444444444444445,-0.16666666666666666,0.8333333333333334,21.77777777777778,0.0,0.16666666666666666,1.3333333333333333,-0.25,0.0,-0.2857142857142857,-0.07511737089201878,-0.5,1.1666666666666667,0.3333333333333333
254,-0.42857142857142855,0.6666666666666666,-0.42857142857142855,0.5,0.0,-0.5714285714285714,-0.42857142857142855,0.8,-0.16666666666666666,-0.42857142857142855,-0.14285714285714285,1.5,0.0,-0.5,-0.3333333333333333,0.0,1.2857142857142858,2.8333333333333335,-0.14285714285714285,-0.17777777777777778,1.7142857142857142,-0.14285714285714285,-0.3333333333333333,-0.3333333333333333,-0.3,-0.3333333333333333,-0.3333333333333333,0.60546875,-0.5,-0.14285714285714285,-0.2857142857142857,-0.3333333333333333,1.0,1.3333333333333333,0.14285714285714285,0.36,0.0,0.0,-0.16666666666666666,0.0,-0.5,-0.04854368932038835,0.14285714285714285,0.2857142857142857,-0.3333333333333333,-0.3333333333333333,0.14285714285714285,-0.3333333333333333,1.1666666666666667,1.2,0.0,-0.3,-0.6,-0.42857142857142855,-0.1,13.688888888888888,2.3333333333333335,-0.16666666666666666,-0.5714285714285714,-0.2857142857142857,-0.42857142857142855,15.285714285714286,1.2,-0.5,-0.375,0.14285714285714285,0.3333333333333333,10.857142857142858,-0.3333333333333333,1.3333333333333333,-0.2857142857142857,-0.25,-0.2857142857142857,-0.2857142857142857,-0.42857142857142855,0.16666666666666666,-0.3333333333333333,3.3333333333333335,0.0,0.5714285714285714,-0.36363636363636365,-0.14285714285714285,0.16666666666666666,0.16666666666666666,0.5,-0.2727272727272727,20.22222222222222,-0.3333333333333333,-0.3333333333333333,10.666666666666666,-0.16,-0.16666666666666666,2.3333333333333335,-0.08333333333333333,-0.3333333333333333,0.2857142857142857,-0.09389671361502347,2.1666666666666665,0.16666666666666666,-0.16666666666666666
255,-0.14285714285714285,-0.16666666666666666,-0.42857142857142855,-0.3333333333333333,0.5,-0.5714285714285714,1.0,-0.4,0.5,0.8571428571428571,0.14285714285714285,0.3333333333333333,4.166666666666667,0.0,0.16666666666666666,0.14285714285714285,2.5714285714285716,1.5,0.0,-0.26666666666666666,0.42857142857142855,0.2857142857142857,-0.16666666666666666,-0.3333333333333333,0.0,-0.16666666666666666,2.3333333333333335,0.75390625,1.3333333333333333,0.8571428571428571,-0.14285714285714285,-0.5,-0.6,-0.5,0.0,-0.2,1.6,1.5,-0.5,0.3333333333333333,-0.5,-0.04854368932038835,-0.2857142857142857,0.7142857142857143,-0.16666666666666666,-0.3333333333333333,0.0,-0.5,1.3333333333333333,2.4,2.0,0.1,-0.2,0.42857142857142855,0.0,11.377777777777778,1.3333333333333333,-0.16666666666666666,0.0,0.5714285714285714,1.1428571428571428,13.857142857142858,0.2,0.16666666666666666,-0.375,-0.2857142857142857,-0.3333333333333333,9.857142857142858,0.6666666666666666,-0.5,0.2857142857142857,-0.08333333333333333,0.2857142857142857,-0.14285714285714285,-0.14285714285714285,1.1666666666666667,-0.25,-0.16666666666666666,0.2857142857142857,0.0,-0.09090909090909091,2.2857142857142856,1.0,1.5,0.3333333333333333,-0.09090909090909091,14.11111111111111,6.166666666666667,-0.5,8.555555555555555,-0.48,-0.3333333333333333,2.3333333333333335,-0.3333333333333333,-0.3333333333333333,-0.14285714285714285,0.3755868544600939,0.3333333333333333,1.5,0.16666666666666666
256,-0.42857142857142855,0.5,-0.14285714285714285,0.3333333333333333,-0.5,-0.5714285714285714,-0.42857142857142855,1.0,2.3333333333333335,-0.14285714285714285,-0.14285714285714285,-0.5,3.0,-0.16666666666666666,-0.5,0.7142857142857143,-0.14285714285714285,0.5,-0.14285714285714285,0.7111111111111111,1.2857142857142858,0.14285714285714285,0.0,0.5,-0.3,0.5,-0.5,0.71484375,-0.5,0.7142857142857143,-0.2857142857142857,2.0,0.4,-0.3333333333333333,-0.14285714285714285,-0.08,-0.32,0.875,-0.5,-0.3333333333333333,0.0,0.10679611650485436,-0.14285714285714285,0.0,0.8333333333333334,-0.3333333333333333,-0.42857142857142855,0.3333333333333333,-0.3333333333333333,-0.4,0.6666666666666666,0.0,1.8,1.1428571428571428,-0.3,7.555555555555555,-0.16666666666666666,0.6666666666666666,1.7142857142857142,0.2857142857142857,-0.2857142857142857,9.857142857142858,-0.4,-0.16666666666666666,-0.375,-0.2857142857142857,1.0,23.714285714285715,2.0,0.6666666666666666,-0.2857142857142857,-0.25,-0.2857142857142857,-0.14285714285714285,-0.14285714285714285,-0.16666666666666666,0.08333333333333333,-0.5,0.0,1.8571428571428572,0.09090909090909091,-0.2857142857142857,0.8333333333333334,1.5,-0.3333333333333333,0.0,17.88888888888889,0.0,-0.16666666666666666,21.11111111111111,0.32,-0.3333333333333333,1.1666666666666667,0.0,0.5,-0.42857142857142855,-0.03755868544600939,-0.3333333333333333,-0.3333333333333333,-0.3333333333333333
257,-0.42857142857142855,-0.16666666666666666,-0.42857142857142855,-0.3333333333333333,4.166666666666667,-0.5714285714285714,0.14285714285714285,2.2,-0.3333333333333333,0.42857142857142855,2.7142857142857144,1.6666666666666667,0.0,0.3333333333333333,0.3333333333333333,-0.42857142857142855,0.42857142857142855,0.5,0.7142857142857143,0.7111111111111111,0.2857142857142857,-0.42857142857142855,1.8333333333333333,0.0,0.8,5.166666666666667,1.0,0.71484375,2.3333333333333335,0.2857142857142857,0.7142857142857143,0.6666666666666666,0.8,0.5,0.14285714285714285,-0.2,0.48,0.0,-0.16666666666666666,1.3333333333333333,-0.3333333333333333,-0.04854368932038835,1.2857142857142858,0.8571428571428571,1.5,-0.16666666666666666,-0.42857142857142855,-0.3333333333333333,0.16666666666666666,2.0,0.5,0.0,1.0,0.14285714285714285,0.3,9.155555555555555,-0.3333333333333333,1.3333333333333333,0.19047619047619047,1.0,-0.42857142857142855,14.857142857142858,1.4,0.16666666666666666,0.125,0.14285714285714285,1.6666666666666667,15.285714285714286,0.5,0.16666666666666666,-0.2857142857142857,0.16666666666666666,-0.2857142857142857,2.0,1.0,1.6666666666666667,-0.3333333333333333,-0.5,0.5714285714285714,-0.2857142857142857,0.09090909090909091,0.0,0.6666666666666666,0.3333333333333333,-0.3333333333333333,-0.36363636363636365,17.0,0.6666666666666666,-0.3333333333333333,13.666666666666666,-0.48,2.1666666666666665,1.0,1.0,0.16666666666666666,0.2857142857142857,-0.07511737089201878,-0.5,0.6666666666666666,-0.3333333333333333
258,-0.2857142857142857,0.5,-0.42857142857142855,-0.3333333333333333,-0.5,0.7619047619047619,1.1428571428571428,3.2,0.5,0.5714285714285714,-0.42857142857142855,1.3333333333333333,-0.3333333333333333,-0.5,0.3333333333333333,-0.14285714285714285,0.0,0.0,-0.14285714285714285,-0.08888888888888889,-0.2857142857142857,0.5714285714285714,-0.16666666666666666,0.8333333333333334,-0.1,-0.3333333333333333,-0.3333333333333333,0.77734375,0.5,-0.14285714285714285,0.2857142857142857,-0.5,-0.6,-0.3333333333333333,0.0,-0.12,-0.32,-0.25,0.6666666666666666,0.0,0.3333333333333333,0.0,0.8571428571428571,1.5714285714285714,-0.5,-0.3333333333333333,0.0,0.6666666666666666,0.16666666666666666,2.2,1.3333333333333333,0.0,0.0,-0.42857142857142855,-0.3,17.511111111111113,0.6666666666666666,-0.3333333333333333,0.5714285714285714,0.42857142857142855,0.2857142857142857,14.285714285714286,-0.6,1.0,-0.375,0.0,-0.3333333333333333,13.142857142857142,0.5,0.0,-0.2857142857142857,1.4166666666666667,0.8571428571428571,1.2857142857142858,3.2857142857142856,0.3333333333333333,-0.16666666666666666,-0.5,0.0,-0.42857142857142855,0.0,1.4285714285714286,-0.3333333333333333,0.6666666666666666,-0.3333333333333333,-0.2727272727272727,10.88888888888889,1.0,-0.3333333333333333,11.777777777777779,0.32,0.8333333333333334,-0.3333333333333333,0.08333333333333333,1.1666666666666667,-0.2857142857142857,0.0,-0.5,1.0,-0.3333333333333333
259,-0.2857142857142857,2.6666666666666665,0.42857142857142855,0.3333333333333333,-0.5,0.9523809523809523,-0.2857142857142857,0.2,-0.3333333333333333,0.0,-0.2857142857142857,-0.5,0.3333333333333333,-0.5,0.0,0.0,1.4285714285714286,0.5,-0.2857142857142857,0.17777777777777778,0.5714285714285714,1.7142857142857142,0.5,2.6666666666666665,-0.3,0.6666666666666666,-0.5,1.50390625,0.16666666666666666,0.2857142857142857,1.1428571428571428,-0.5,-0.6,0.0,0.5714285714285714,-0.2,-0.16,-0.25,3.3333333333333335,0.5,-0.3333333333333333,-0.05825242718446602,0.14285714285714285,-0.42857142857142855,0.0,0.0,1.1428571428571428,-0.5,0.16666666666666666,0.8,0.3333333333333333,0.2,0.0,-0.14285714285714285,-0.1,8.177777777777777,-0.3333333333333333,-0.5,1.3333333333333333,0.2857142857142857,-0.42857142857142855,26.428571428571427,-0.4,1.6666666666666667,-0.25,0.7142857142857143,-0.3333333333333333,15.0,0.5,-0.3333333333333333,0.14285714285714285,-0.16666666666666666,0.8571428571428571,1.2857142857142858,-0.14285714285714285,-0.3333333333333333,-0.3333333333333333,0.6666666666666666,1.5714285714285714,0.7142857142857143,-0.2727272727272727,2.0,0.3333333333333333,1.1666666666666667,0.16666666666666666,1.1818181818181819,9.333333333333334,-0.16666666666666666,1.0,8.444444444444445,0.0,0.6666666666666666,1.6666666666666667,0.3333333333333333,-0.3333333333333333,1.5714285714285714,-0.07511737089201878,1.1666666666666667,1.6666666666666667,1.0
260,0.42857142857142855,-0.5,0.2857142857142857,0.6666666666666666,0.16666666666666666,-0.38095238095238093,1.0,0.2,-0.3333333333333333,-0.2857142857142857,-0.14285714285714285,0.8333333333333334,-0.16666666666666666,0.16666666666666666,0.8333333333333334,0.5714285714285714,0.42857142857142855,-0.3333333333333333,2.142857142857143,-0.35555555555555557,-0.14285714285714285,-0.2857142857142857,0.5,0.3333333333333333,0.6,0.0,-0.5,0.73046875,-0.3333333333333333,1.1428571428571428,-0.2857142857142857,-0.3333333333333333,0.2,-0.16666666666666666,-0.2857142857142857,-0.2,-0.16,0.375,0.6666666666666666,0.0,-0.16666666666666666,0.22330097087378642,-0.2857142857142857,-0.2857142857142857,1.0,-0.16666666666666666,-0.2857142857142857,-0.5,-0.3333333333333333,0.4,0.0,-0.1,-0.6,-0.42857142857142855,-0.2,14.311111111111112,2.8333333333333335,1.8333333333333333,-0.19047619047619047,0.5714285714285714,0.8571428571428571,19.0,-0.4,-0.5,-0.375,-0.2857142857142857,0.8333333333333334,25.857142857142858,1.6666666666666667,0.8333333333333334,-0.2857142857142857,-0.08333333333333333,0.8571428571428571,0.42857142857142855,0.2857142857142857,0.0,1.9166666666666667,-0.5,0.42857142857142855,-0.42857142857142855,-0.36363636363636365,0.14285714285714285,2.1666666666666665,0.16666666666666666,0.5,-0.36363636363636365,13.666666666666666,0.8333333333333334,-0.5,12.11111111111111,2.24,-0.3333333333333333,-0.5,0.0,0.3333333333333333,-0.42857142857142855,-0.056338028169014086,-0.16666666666666666,-0.16666666666666666,0.5
261,-0.42857142857142855,-0.3333333333333333,0.2857142857142857,-0.16666666666666666,1.1666666666666667,-0.5714285714285714,0.42857142857142855,0.2,0.5,-0.2857142857142857,-0.2857142857142857,-0.5,0.6666666666666666,-0.5,-0.5,0.42857142857142855,0.0,-0.16666666666666666,-0.14285714285714285,0.9777777777777777,1.1428571428571428,-0.42857142857142855,-0.3333333333333333,0.16666666666666666,-0.1,0.8333333333333334,-0.5,0.48046875,0.6666666666666666,0.8571428571428571,0.0,-0.3333333333333333,0.0,0.8333333333333334,0.42857142857142855,-0.16,-0.16,-0.25,-0.5,-0.3333333333333333,0.5,-0.038834951456310676,-0.2857142857142857,0.0,-0.5,0.16666666666666666,-0.2857142857142857,-0.3333333333333333,0.0,2.4,0.16666666666666666,-0.3,-0.6,0.14285714285714285,-0.1,15.555555555555555,-0.3333333333333333,0.0,-0.5714285714285714,2.0,0.42857142857142855,19.857142857142858,-0.6,-0.5,2.875,0.14285714285714285,0.5,14.0,0.6666666666666666,-0.5,-0.2857142857142857,0.08333333333333333,-0.2857142857142857,1.5714285714285714,0.0,0.6666666666666666,-0.25,-0.3333333333333333,-0.14285714285714285,-0.42857142857142855,0.36363636363636365,-0.2857142857142857,-0.3333333333333333,1.5,-0.3333333333333333,0.5454545454545454,15.222222222222221,1.3333333333333333,-0.5,9.222222222222221,0.0,1.8333333333333333,-0.5,-0.3333333333333333,-0.3333333333333333,0.14285714285714285,0.07511737089201878,-0.16666666666666666,-0.3333333333333333,-0.3333333333333333
262,-0.2857142857142857,-0.5,-0.2857142857142857,0.5,0.5,-0.5714285714285714,0.42857142857142855,-0.2,2.8333333333333335,-0.14285714285714285,-0.42857142857142855,0.16666666666666666,-0.16666666666666666,0.16666666666666666,-0.5,-0.42857142857142855,-0.2857142857142857,0.0,4.428571428571429,-0.35555555555555557,2.857142857142857,-0.42857142857142855,0.5,2.1666666666666665,-0.3,-0.5,2.5,1.21484375,-0.3333333333333333,-0.42857142857142855,0.2857142857142857,0.16666666666666666,0.2,1.8333333333333333,0.2857142857142857,0.08,5.6,-0.125,0.6666666666666666,-0.3333333333333333,-0.5,-0.02912621359223301,-0.2857142857142857,-0.42857142857142855,-0.3333333333333333,-0.3333333333333333,-0.42857142857142855,-0.5,0.0,-0.6,0.6666666666666666,0.0,0.6,0.2857142857142857,1.0,8.8,0.0,1.0,4.190476190476191,-0.2857142857142857,0.2857142857142857,18.714285714285715,-0.6,-0.3333333333333333,-0.375,0.14285714285714285,1.6666666666666667,15.857142857142858,0.3333333333333333,-0.3333333333333333,0.7142857142857143,0.08333333333333333,0.2857142857142857,0.0,-0.14285714285714285,2.5,-0.25,-0.3333333333333333,0.14285714285714285,1.8571428571428572,1.0909090909090908,-0.2857142857142857,-0.16666666666666666,1.8333333333333333,2.8333333333333335,-0.36363636363636365,12.88888888888889,-0.3333333333333333,1.6666666666666667,12.777777777777779,0.8,0.16666666666666666,-0.16666666666666666,-0.3333333333333333,0.3333333333333333,-0.14285714285714285,-0.09389671361502347,0.3333333333333333,0.3333333333333333,0.3333333333333333
263,0.2857142857142857,1.6666666666666667,1.8571428571428572,-0.16666666666666666,0.16666666666666666,1.1428571428571428,-0.2857142857142857,-0.4,0.5,-0.42857142857142855,0.7142857142857143,2.6666666666666665,1.0,-0.16666666666666666,-0.3333333333333333,0.2857142857142857,0.8571428571428571,0.0,0.0,-0.08888888888888889,-0.42857142857142855,-0.2857142857142857,-0.3333333333333333,0.0,-0.2,1.3333333333333333,0.16666666666666666,0.94140625,0.5,0.7142857142857143,0.7142857142857143,1.1666666666666667,-0.4,-0.5,0.0,0.0,-0.32,-0.125,-0.5,0.0,-0.3333333333333333,-0.06796116504854369,0.14285714285714285,-0.14285714285714285,-0.3333333333333333,1.1666666666666667,-0.42857142857142855,0.0,2.0,-0.2,1.6666666666666667,0.2,1.8,0.2857142857142857,1.3,12.177777777777777,0.0,-0.5,-0.19047619047619047,-0.2857142857142857,0.42857142857142855,18.857142857142858,-0.6,3.0,0.5,0.0,0.6666666666666666,19.571428571428573,-0.3333333333333333,0.3333333333333333,0.0,0.08333333333333333,-0.2857142857142857,-0.2857142857142857,4.428571428571429,0.8333333333333334,0.8333333333333334,-0.3333333333333333,1.0,1.4285714285714286,0.7272727272727273,0.0,0.16666666666666666,-0.16666666666666666,0.0,1.6363636363636365,14.777777777777779,1.8333333333333333,1.8333333333333333,20.77777777777778,-0.16,-0.3333333333333333,0.6666666666666666,0.25,0.8333333333333334,-0.42857142857142855,-0.056338028169014086,0.8333333333333334,0.0,0.0
264,0.2857142857142857,1.8333333333333333,1.5714285714285714,-0.3333333333333333,-0.5,0.38095238095238093,0.7142857142857143,0.0,-0.3333333333333333,1.2857142857142858,2.2857142857142856,-0.5,4.333333333333333,-0.5,-0.5,-0.42857142857142855,-0.2857142857142857,-0.16666666666666666,-0.14285714285714285,-0.35555555555555557,0.42857142857142855,-0.2857142857142857,-0.3333333333333333,-0.16666666666666666,-0.3,1.0,0.5,0.47265625,1.3333333333333333,-0.14285714285714285,-0.2857142857142857,0.16666666666666666,0.4,-0.5,-0.14285714285714285,0.4,-0.16,-0.25,1.6666666666666667,0.16666666666666666,-0.16666666666666666,-0.06796116504854369,-0.2857142857142857,0.0,-0.5,0.0,1.5714285714285714,-0.5,0.5,-0.6,0.16666666666666666,0.2,1.4,0.14285714285714285,0.0,10.311111111111112,-0.3333333333333333,0.0,-0.5714285714285714,0.0,-0.42857142857142855,18.0,4.2,1.0,-0.25,0.14285714285714285,0.16666666666666666,23.428571428571427,-0.16666666666666666,0.6666666666666666,0.0,0.3333333333333333,0.7142857142857143,0.2857142857142857,-0.42857142857142855,0.5,0.75,0.6666666666666666,0.8571428571428571,0.2857142857142857,-0.2727272727272727,0.14285714285714285,1.0,-0.16666666666666666,1.3333333333333333,-0.36363636363636365,21.88888888888889,1.6666666666666667,-0.3333333333333333,13.88888888888889,-0.48,-0.3333333333333333,1.5,0.16666666666666666,0.0,0.2857142857142857,0.4131455399061033,-0.3333333333333333,-0.3333333333333333,0.6666666666666666
265,1.1428571428571428,-0.3333333333333333,-0.42857142857142855,1.5,0.0,0.7619047619047619,0.42857142857142855,0.6,-0.3333333333333333,1.0,0.2857142857142857,1.6666666666666667,-0.3333333333333333,0.6666666666666666,2.5,1.7142857142857142,-0.14285714285714285,1.8333333333333333,-0.14285714285714285,-0.26666666666666666,0.14285714285714285,0.14285714285714285,-0.3333333333333333,0.5,0.0,-0.5,-0.3333333333333333,0.46484375,0.16666666666666666,-0.42857142857142855,0.5714285714285714,0.3333333333333333,-0.4,0.8333333333333334,0.14285714285714285,-0.16,0.96,-0.25,2.0,1.8333333333333333,-0.5,-0.05825242718446602,0.0,-0.42857142857142855,-0.16666666666666666,-0.16666666666666666,-0.42857142857142855,-0.5,0.3333333333333333,-0.2,-0.3333333333333333,-0.2,0.0,1.0,1.4,14.666666666666666,4.166666666666667,-0.16666666666666666,-0.5714285714285714,2.0,0.7142857142857143,17.714285714285715,0.6,-0.3333333333333333,-0.375,-0.2857142857142857,0.16666666666666666,17.857142857142858,-0.16666666666666666,0.3333333333333333,-0.2857142857142857,0.0,-0.14285714285714285,-0.2857142857142857,-0.42857142857142855,-0.3333333333333333,0.0,0.8333333333333334,-0.2857142857142857,1.0,-0.18181818181818182,0.5714285714285714,0.3333333333333333,1.6666666666666667,2.0,0.18181818181818182,16.22222222222222,-0.3333333333333333,-0.3333333333333333,19.77777777777778,-0.32,0.8333333333333334,1.0,-0.3333333333333333,0.0,0.7142857142857143,-0.07511737089201878,-0.5,-0.3333333333333333,-0.3333333333333333
266,-0.42857142857142855,1.5,0.0,-0.3333333333333333,-0.5,0.0,-0.42857142857142855,-0.4,0.16666666666666666,0.0,0.0,0.16666666666666666,0.3333333333333333,1.1666666666666667,1.1666666666666667,1.4285714285714286,-0.2857142857142857,0.3333333333333333,0.5714285714285714,-0.08888888888888889,-0.2857142857142857,-0.2857142857142857,0.6666666666666666,-0.3333333333333333,-0.3,1.8333333333333333,-0.5,0.92578125,0.0,0.14285714285714285,-0.2857142857142857,0.3333333333333333,0.6,-0.3333333333333333,0.14285714285714285,-0.2,1.28,0.25,-0.5,1.1666666666666667,-0.5,-0.05825242718446602,-0.2857142857142857,2.142857142857143,0.8333333333333334,0.5,-0.42857142857142855,-0.5,-0.3333333333333333,-0.6,0.3333333333333333,1.6,-0.4,-0.42857142857142855,0.8,8.622222222222222,2.8333333333333335,-0.16666666666666666,-0.5714285714285714,-0.2857142857142857,0.14285714285714285,21.571428571428573,-0.6,0.6666666666666666,0.125,0.5714285714285714,1.0,14.714285714285714,0.5,2.5,-0.2857142857142857,-0.25,-0.2857142857142857,-0.2857142857142857,-0.42857142857142855,1.3333333333333333,0.0,0.5,-0.14285714285714285,1.5714285714285714,0.7272727272727273,0.42857142857142855,0.8333333333333334,-0.3333333333333333,-0.3333333333333333,0.09090909090909091,16.444444444444443,-0.3333333333333333,1.1666666666666667,7.555555555555555,-0.48,1.8333333333333333,0.0,-0.25,0.5,0.14285714285714285,0.18779342723004694,-0.5,1.3333333333333333,0.16666666666666666
267,-0.2857142857142857,0.3333333333333333,-0.2857142857142857,0.0,0.0,0.0,-0.2857142857142857,-0.4,0.0,-0.42857142857142855,2.4285714285714284,-0.5,1.6666666666666667,-0.16666666666666666,0.0,-0.14285714285714285,0.42857142857142855,0.6666666666666666,2.2857142857142856,-0.35555555555555557,0.7142857142857143,1.1428571428571428,0.5,0.3333333333333333,-0.3,-0.3333333333333333,1.5,0.44921875,-0.5,-0.14285714285714285,-0.14285714285714285,0.8333333333333334,-0.6,-0.3333333333333333,2.2857142857142856,0.16,-0.32,1.25,2.0,1.0,-0.5,-0.05825242718446602,1.4285714285714286,0.0,0.16666666666666666,2.0,-0.2857142857142857,0.0,-0.3333333333333333,1.4,1.3333333333333333,1.7,0.8,-0.14285714285714285,-0.2,7.466666666666667,0.8333333333333334,1.8333333333333333,-0.5714285714285714,0.14285714285714285,-0.42857142857142855,32.57142857142857,1.4,0.16666666666666666,-0.25,0.7142857142857143,-0.3333333333333333,26.0,-0.16666666666666666,-0.5,0.7142857142857143,-0.08333333333333333,1.2857142857142858,-0.2857142857142857,-0.42857142857142855,1.0,-0.3333333333333333,-0.5,0.8571428571428571,4.428571428571429,0.9090909090909091,0.0,0.3333333333333333,-0.3333333333333333,2.5,0.36363636363636365,12.11111111111111,0.0,-0.5,9.666666666666666,-0.48,-0.16666666666666666,0.0,0.8333333333333334,-0.3333333333333333,0.2857142857142857,0.09389671361502347,-0.16666666666666666,-0.16666666666666666,-0.3333333333333333
268,-0.42857142857142855,0.8333333333333334,0.42857142857142855,0.5,0.0,0.9523809523809523,-0.14285714285714285,-0.4,2.3333333333333335,0.42857142857142855,0.2857142857142857,1.3333333333333333,1.5,-0.3333333333333333,0.3333333333333333,-0.14285714285714285,-0.14285714285714285,3.5,1.5714285714285714,-0.35555555555555557,0.5714285714285714,1.8571428571428572,-0.3333333333333333,0.8333333333333334,2.2,-0.5,-0.3333333333333333,0.58984375,-0.3333333333333333,-0.14285714285714285,0.0,0.3333333333333333,2.4,0.3333333333333333,0.5714285714285714,0.0,0.16,-0.25,0.16666666666666666,0.3333333333333333,0.6666666666666666,0.009708737864077669,0.14285714285714285,-0.14285714285714285,-0.5,0.6666666666666666,-0.14285714285714285,0.6666666666666666,-0.3333333333333333,1.0,-0.3333333333333333,-0.3,0.0,1.5714285714285714,0.1,17.955555555555556,1.0,0.8333333333333334,1.5238095238095237,0.0,-0.42857142857142855,21.285714285714285,0.6,0.3333333333333333,0.0,-0.14285714285714285,-0.3333333333333333,16.571428571428573,0.16666666666666666,2.3333333333333335,0.42857142857142855,0.4166666666666667,-0.2857142857142857,1.4285714285714286,2.142857142857143,0.8333333333333334,-0.3333333333333333,0.16666666666666666,2.0,-0.14285714285714285,-0.18181818181818182,1.2857142857142858,-0.3333333333333333,1.3333333333333333,-0.16666666666666666,0.2727272727272727,14.88888888888889,0.0,-0.5,15.11111111111111,-0.48,1.5,0.0,-0.3333333333333333,0.0,0.0,-0.09389671361502347,2.8333333333333335,0.6666666666666666,1.1666666666666667
269,-0.42857142857142855,-0.16666666666666666,0.7142857142857143,2.8333333333333335,-0.16666666666666666,-0.19047619047619047,-0.2857142857142857,0.2,-0.3333333333333333,-0.42857142857142855,0.7142857142857143,0.8333333333333334,0.3333333333333333,-0.5,-0.3333333333333333,0.2857142857142857,-0.2857142857142857,0.16666666666666666,0.8571428571428571,-0.35555555555555557,0.42857142857142855,0.0,-0.3333333333333333,1.3333333333333333,-0.1,-0.5,-0.5,-0.08203125,1.8333333333333333,-0.14285714285714285,-0.14285714285714285,0.0,-0.4,-0.5,-0.14285714285714285,-0.12,1.76,-0.125,0.3333333333333333,1.3333333333333333,1.0,-0.009708737864077669,0.14285714285714285,-0.14285714285714285,-0.5,-0.3333333333333333,0.0,-0.16666666666666666,4.0,-0.6,0.5,19.1,-0.4,0.42857142857142855,0.9,13.955555555555556,1.1666666666666667,-0.5,3.0476190476190474,0.0,-0.42857142857142855,-0.42857142857142855,0.0,-0.5,2.875,0.5714285714285714,1.6666666666666667,-0.42857142857142855,-0.3333333333333333,-0.3333333333333333,-0.14285714285714285,0.5,-0.2857142857142857,1.0,0.14285714285714285,-0.3333333333333333,1.0,0.8333333333333334,0.42857142857142855,-0.42857142857142855,-0.2727272727272727,-0.2857142857142857,1.8333333333333333,3.5,0.3333333333333333,1.0,-0.3333333333333333,-0.16666666666666666,-0.3333333333333333,20.666666666666668,-0.48,1.8333333333333333,-0.5,0.08333333333333333,-0.3333333333333333,2.857142857142857,3.492957746478873,0.0,0.6666666666666666,-0.3333333333333333
270,-0.42857142857142855,-0.3333333333333333,0.0,-0.16666666666666666,-0.3333333333333333,0.0,0.42857142857142855,0.2,0.0,-0.42857142857142855,0.8571428571428571,-0.5,-0.3333333333333333,0.6666666666666666,-0.3333333333333333,0.14285714285714285,-0.14285714285714285,0.8333333333333334,0.14285714285714285,-0.17777777777777778,0.0,0.0,-0.3333333333333333,0.6666666666666666,-0.3,-0.5,-0.5,0.04296875,0.0,0.5714285714285714,2.0,0.0,0.0,1.5,0.5714285714285714,0.16,-0.32,-0.25,0.0,1.5,-0.5,-0.04854368932038835,-0.2857142857142857,0.2857142857142857,-0.3333333333333333,-0.16666666666666666,-0.2857142857142857,-0.3333333333333333,-0.3333333333333333,-0.6,0.0,11.4,0.4,0.14285714285714285,-0.3,15.2,-0.3333333333333333,-0.5,-0.38095238095238093,0.14285714285714285,2.0,-0.42857142857142855,-0.4,-0.5,1.75,0.0,-0.3333333333333333,0.7142857142857143,0.3333333333333333,-0.5,0.14285714285714285,-0.08333333333333333,-0.14285714285714285,0.0,-0.42857142857142855,0.0,0.4166666666666667,-0.5,-0.2857142857142857,-0.42857142857142855,0.2727272727272727,0.2857142857142857,-0.3333333333333333,0.0,0.0,0.0,-0.3333333333333333,-0.3333333333333333,0.0,16.555555555555557,0.16,-0.16666666666666666,-0.5,-0.16666666666666666,2.5,-0.2857142857142857,1.352112676056338,0.0,2.0,0.3333333333333333
271,-0.42857142857142855,0.6666666666666666,-0.42857142857142855,1.1666666666666667,1.1666666666666667,1.5238095238095237,-0.42857142857142855,5.6,-0.3333333333333333,0.14285714285714285,0.8571428571428571,-0.5,0.8333333333333334,-0.5,0.0,-0.42857142857142855,-0.2857142857142857,-0.16666666666666666,-0.2857142857142857,0.17777777777777778,-0.42857142857142855,1.5714285714285714,-0.3333333333333333,2.6666666666666665,-0.2,-0.5,0.0,-0.03515625,-0.3333333333333333,0.42857142857142855,-0.2857142857142857,-0.5,-0.4,0.0,0.5714285714285714,0.08,0.0,-0.25,1.1666666666666667,0.0,-0.5,-0.038834951456310676,0.0,-0.14285714285714285,-0.5,1.5,0.0,0.8333333333333334,-0.3333333333333333,0.6,0.0,12.8,0.6,-0.42857142857142855,0.8,9.866666666666667,-0.3333333333333333,-0.5,0.5714285714285714,0.5714285714285714,-0.42857142857142855,0.2857142857142857,-0.6,-0.3333333333333333,-0.375,1.1428571428571428,-0.3333333333333333,-0.2857142857142857,-0.16666666666666666,1.0,-0.14285714285714285,0.0,1.0,1.1428571428571428,1.0,0.3333333333333333,0.16666666666666666,-0.5,1.5714285714285714,4.714285714285714,-0.2727272727272727,2.5714285714285716,0.8333333333333334,0.6666666666666666,-0.16666666666666666,-0.36363636363636365,0.2222222222222222,0.16666666666666666,-0.5,15.444444444444445,0.0,-0.16666666666666666,-0.3333333333333333,-0.16666666666666666,0.0,-0.42857142857142855,2.591549295774648,0.5,-0.3333333333333333,-0.3333333333333333
272,-0.42857142857142855,0.0,-0.42857142857142855,-0.3333333333333333,1.0,1.1428571428571428,-0.2857142857142857,1.2,1.5,0.8571428571428571,0.0,3.8333333333333335,0.16666666666666666,1.1666666666666667,-0.16666666666666666,0.2857142857142857,-0.2857142857142857,0.6666666666666666,1.0,-0.26666666666666666,-0.2857142857142857,0.8571428571428571,0.16666666666666666,0.8333333333333334,-0.3,-0.5,-0.5,-0.02734375,-0.5,-0.42857142857142855,-0.14285714285714285,0.6666666666666666,1.8,-0.3333333333333333,3.142857142857143,-0.2,1.44,-0.125,-0.5,1.1666666666666667,-0.5,-0.04854368932038835,-0.14285714285714285,0.14285714285714285,2.3333333333333335,0.0,-0.42857142857142855,-0.5,1.5,-0.6,-0.3333333333333333,15.9,-0.6,-0.42857142857142855,-0.3,16.355555555555554,0.0,0.3333333333333333,0.9523809523809523,0.14285714285714285,0.0,-0.2857142857142857,-0.2,-0.3333333333333333,-0.375,-0.2857142857142857,-0.3333333333333333,1.2857142857142858,0.5,-0.5,-0.2857142857142857,-0.25,0.42857142857142855,1.1428571428571428,-0.42857142857142855,1.6666666666666667,-0.25,0.6666666666666666,-0.2857142857142857,-0.2857142857142857,0.6363636363636364,0.0,0.0,-0.16666666666666666,-0.3333333333333333,-0.36363636363636365,-0.1111111111111111,1.5,2.0,16.555555555555557,0.16,0.8333333333333334,-0.5,2.0,0.16666666666666666,0.0,3.755868544600939,0.0,0.6666666666666666,-0.3333333333333333
273,0.2857142857142857,-0.16666666666666666,0.5714285714285714,-0.3333333333333333,-0.5,0.19047619047619047,2.2857142857142856,-0.2,0.0,-0.42857142857142855,-0.14285714285714285,0.0,1.1666666666666667,-0.5,0.8333333333333334,1.1428571428571428,-0.14285714285714285,-0.3333333333333333,-0.2857142857142857,-0.17777777777777778,0.42857142857142855,2.4285714285714284,-0.3333333333333333,0.3333333333333333,-0.2,-0.5,1.5,-0.08203125,0.0,1.7142857142857142,2.7142857142857144,2.1666666666666665,-0.4,-0.3333333333333333,-0.2857142857142857,0.24,0.0,0.625,4.0,-0.16666666666666666,-0.16666666666666666,-0.02912621359223301,-0.14285714285714285,2.0,1.8333333333333333,-0.3333333333333333,0.5714285714285714,1.3333333333333333,-0.16666666666666666,0.0,-0.16666666666666666,15.7,-0.2,-0.2857142857142857,0.1,15.644444444444444,0.0,0.16666666666666666,-0.19047619047619047,-0.2857142857142857,0.42857142857142855,0.0,0.0,-0.5,0.25,0.2857142857142857,-0.16666666666666666,-0.2857142857142857,3.5,-0.5,1.2857142857142858,0.25,-0.2857142857142857,-0.14285714285714285,0.0,1.3333333333333333,-0.3333333333333333,4.166666666666667,0.0,0.7142857142857143,0.45454545454545453,-0.2857142857142857,0.3333333333333333,-0.16666666666666666,0.16666666666666666,-0.36363636363636365,1.2222222222222223,0.5,0.6666666666666666,12.666666666666666,0.96,-0.3333333333333333,1.0,0.5833333333333334,0.0,1.7142857142857142,1.3145539906103287,-0.16666666666666666,3.3333333333333335,-0.3333333333333333
274,-0.42857142857142855,-0.5,0.0,0.16666666666666666,-0.3333333333333333,-0.38095238095238093,-0.14285714285714285,2.8,2.1666666666666665,1.0,0.42857142857142855,-0.5,0.3333333333333333,0.3333333333333333,1.5,2.2857142857142856,1.1428571428571428,-0.16666666666666666,2.5714285714285716,0.6222222222222222,-0.2857142857142857,-0.2857142857142857,0.8333333333333334,-0.3333333333333333,-0.1,-0.3333333333333333,-0.5,-0.05859375,1.6666666666666667,-0.42857142857142855,0.42857142857142855,2.5,-0.4,0.5,1.8571428571428572,-0.2,0.32,0.125,0.16666666666666666,-0.16666666666666666,-0.5,-0.05825242718446602,-0.2857142857142857,0.0,-0.3333333333333333,0.8333333333333334,0.2857142857142857,-0.5,0.0,-0.4,-0.3333333333333333,7.7,2.0,-0.42857142857142855,-0.2,9.244444444444444,0.0,-0.5,-0.19047619047619047,1.1428571428571428,2.857142857142857,-0.2857142857142857,-0.2,1.6666666666666667,-0.25,-0.14285714285714285,-0.16666666666666666,0.5714285714285714,0.5,0.6666666666666666,-0.14285714285714285,-0.16666666666666666,2.2857142857142856,0.42857142857142855,1.0,0.5,0.9166666666666666,0.6666666666666666,1.1428571428571428,4.285714285714286,0.0,0.2857142857142857,0.16666666666666666,1.1666666666666667,1.0,0.0,-0.3333333333333333,0.3333333333333333,0.8333333333333334,19.0,0.0,0.3333333333333333,-0.16666666666666666,-0.08333333333333333,0.0,-0.14285714285714285,3.211267605633803,-0.16666666666666666,0.0,-0.3333333333333333
275,-0.14285714285714285,-0.5,2.142857142857143,2.6666666666666665,0.5,-0.38095238095238093,-0.2857142857142857,0.4,0.16666666666666666,-0.2857142857142857,1.4285714285714286,2.6666666666666665,0.5,0.0,0.8333333333333334,-0.2857142857142857,0.14285714285714285,0.6666666666666666,-0.14285714285714285,-0.17777777777777778,-0.42857142857142855,0.0,1.8333333333333333,-0.3333333333333333,-0.3,-0.5,2.8333333333333335,0.02734375,0.16666666666666666,0.8571428571428571,0.14285714285714285,0.16666666666666666,-0.4,-0.5,0.14285714285714285,-0.2,-0.32,0.75,-0.3333333333333333,0.8333333333333334,-0.5,0.0970873786407767,1.1428571428571428,2.7142857142857144,0.6666666666666666,-0.3333333333333333,1.1428571428571428,-0.5,3.6666666666666665,-0.6,0.16666666666666666,6.6,0.8,0.14285714285714285,0.2,10.577777777777778,-0.16666666666666666,-0.5,0.19047619047619047,0.14285714285714285,-0.14285714285714285,-0.2857142857142857,0.4,2.1666666666666665,-0.125,1.7142857142857142,1.5,2.2857142857142856,0.16666666666666666,0.3333333333333333,0.14285714285714285,1.5,0.0,-0.2857142857142857,0.42857142857142855,-0.3333333333333333,0.3333333333333333,0.16666666666666666,-0.2857142857142857,0.8571428571428571,1.2727272727272727,-0.2857142857142857,0.3333333333333333,0.0,4.166666666666667,-0.36363636363636365,-0.3333333333333333,0.16666666666666666,-0.3333333333333333,9.555555555555555,0.32,-0.3333333333333333,0.6666666666666666,-0.08333333333333333,0.5,0.0,1.5774647887323943,1.1666666666666667,-0.3333333333333333,-0.3333333333333333
276,0.14285714285714285,0.0,-0.14285714285714285,-0.3333333333333333,-0.5,-0.38095238095238093,-0.42857142857142855,0.2,1.3333333333333333,-0.42857142857142855,-0.42857142857142855,0.0,0.3333333333333333,0.5,0.0,-0.42857142857142855,-0.14285714285714285,0.3333333333333333,0.2857142857142857,1.6,-0.42857142857142855,0.14285714285714285,1.0,-0.3333333333333333,-0.3,1.3333333333333333,-0.16666666666666666,-0.08984375,-0.5,0.2857142857142857,0.42857142857142855,-0.16666666666666666,-0.2,-0.16666666666666666,1.5714285714285714,0.08,0.32,-0.25,-0.3333333333333333,0.0,0.6666666666666666,-0.038834951456310676,-0.14285714285714285,0.0,0.0,-0.3333333333333333,1.0,-0.5,-0.16666666666666666,0.6,1.3333333333333333,13.1,-0.2,2.4285714285714284,-0.2,10.222222222222221,-0.16666666666666666,0.0,0.7619047619047619,0.14285714285714285,0.42857142857142855,-0.42857142857142855,-0.4,-0.5,-0.125,0.0,1.6666666666666667,0.0,-0.3333333333333333,0.0,0.14285714285714285,0.16666666666666666,0.0,-0.2857142857142857,-0.42857142857142855,0.6666666666666666,-0.25,-0.3333333333333333,0.42857142857142855,-0.42857142857142855,-0.2727272727272727,0.14285714285714285,-0.16666666666666666,-0.3333333333333333,1.1666666666666667,-0.36363636363636365,2.3333333333333335,0.0,-0.5,7.444444444444445,-0.16,-0.3333333333333333,0.16666666666666666,0.3333333333333333,1.1666666666666667,0.42857142857142855,2.7981220657276995,-0.5,0.3333333333333333,0.3333333333333333
277,-0.2857142857142857,-0.16666666666666666,-0.42857142857142855,1.8333333333333333,0.16666666666666666,0.19047619047619047,-0.14285714285714285,0.6,1.3333333333333333,0.2857142857142857,0.0,-0.3333333333333333,1.1666666666666667,0.0,-0.5,0.2857142857142857,0.0,-0.16666666666666666,1.0,0.35555555555555557,3.142857142857143,-0.42857142857142855,-0.3333333333333333,-0.3333333333333333,-0.1,0.16666666666666666,2.6666666666666665,-0.04296875,5.0,0.42857142857142855,0.8571428571428571,-0.5,-0.6,-0.3333333333333333,1.8571428571428572,0.12,-0.16,-0.25,0.5,-0.16666666666666666,-0.5,-0.02912621359223301,-0.2857142857142857,-0.42857142857142855,-0.3333333333333333,-0.16666666666666666,-0.2857142857142857,-0.3333333333333333,-0.3333333333333333,-0.2,1.5,8.6,0.2,0.14285714285714285,0.3,11.11111111111111,-0.3333333333333333,-0.5,0.19047619047619047,0.0,-0.42857142857142855,-0.14285714285714285,1.4,0.0,-0.375,2.0,-0.3333333333333333,-0.2857142857142857,1.3333333333333333,2.6666666666666665,0.0,-0.16666666666666666,-0.2857142857142857,1.2857142857142858,0.2857142857142857,0.0,-0.3333333333333333,0.3333333333333333,0.42857142857142855,-0.2857142857142857,0.5454545454545454,1.0,0.6666666666666666,0.6666666666666666,-0.16666666666666666,0.09090909090909091,0.0,2.1666666666666665,-0.16666666666666666,16.444444444444443,0.16,-0.16666666666666666,-0.16666666666666666,-0.3333333333333333,0.8333333333333334,0.2857142857142857,2.967136150234742,-0.5,0.6666666666666666,-0.3333333333333333
278,1.1428571428571428,-0.5,1.5714285714285714,0.6666666666666666,0.16666666666666666,1.9047619047619047,-0.2857142857142857,0.8,-0.16666666666666666,0.0,-0.2857142857142857,-0.5,0.6666666666666666,-0.5,-0.3333333333333333,-0.14285714285714285,-0.2857142857142857,0.0,-0.2857142857142857,0.0,-0.14285714285714285,0.7142857142857143,2.1666666666666665,-0.16666666666666666,-0.3,0.0,0.5,-0.05859375,-0.3333333333333333,-0.42857142857142855,1.0,-0.3333333333333333,-0.6,-0.5,1.0,-0.2,0.96,-0.25,-0.3333333333333333,0.16666666666666666,-0.3333333333333333,-0.04854368932038835,-0.2857142857142857,-0.42857142857142855,-0.16666666666666666,0.8333333333333334,-0.2857142857142857,-0.16666666666666666,-0.3333333333333333,-0.2,1.0,8.6,-0.4,1.4285714285714286,-0.1,12.355555555555556,0.0,1.1666666666666667,0.19047619047619047,0.5714285714285714,-0.2857142857142857,0.5714285714285714,-0.2,2.5,1.0,3.0,-0.3333333333333333,-0.42857142857142855,-0.16666666666666666,-0.5,-0.14285714285714285,-0.25,0.2857142857142857,0.2857142857142857,-0.2857142857142857,1.8333333333333333,0.5833333333333334,1.1666666666666667,0.2857142857142857,0.2857142857142857,0.0,0.0,1.0,1.0,-0.16666666666666666,0.45454545454545453,0.6666666666666666,-0.16666666666666666,-0.3333333333333333,14.222222222222221,-0.16,0.5,-0.16666666666666666,-0.3333333333333333,-0.3333333333333333,-0.2857142857142857,2.6666666666666665,0.3333333333333333,1.0,1.8333333333333333
279,0.7142857142857143,0.16666666666666666,2.857142857142857,0.5,-0.3333333333333333,-0.19047619047619047,2.0,0.0,-0.3333333333333333,0.8571428571428571,-0.2857142857142857,3.6666666666666665,-0.3333333333333333,-0.3333333333333333,-0.5,2.2857142857142856,0.0,0.3333333333333333,0.8571428571428571,-0.35555555555555557,0.0,0.5714285714285714,-0.3333333333333333,0.6666666666666666,-0.2,1.3333333333333333,-0.5,-0.04296875,0.3333333333333333,-0.42857142857142855,0.2857142857142857,-0.5,-0.6,-0.5,0.14285714285714285,-0.16,2.88,-0.125,0.16666666666666666,-0.3333333333333333,1.0,-0.06796116504854369,1.7142857142857142,1.1428571428571428,0.16666666666666666,0.6666666666666666,-0.2857142857142857,1.6666666666666667,-0.3333333333333333,1.6,-0.16666666666666666,17.7,0.0,-0.42857142857142855,-0.2,15.28888888888889,0.8333333333333334,0.6666666666666666,0.38095238095238093,0.14285714285714285,0.2857142857142857,-0.42857142857142855,-0.6,0.3333333333333333,-0.25,0.5714285714285714,0.16666666666666666,2.2857142857142856,2.8333333333333335,-0.5,0.14285714285714285,-0.25,1.4285714285714286,-0.14285714285714285,0.14285714285714285,0.0,-0.3333333333333333,-0.16666666666666666,0.14285714285714285,0.5714285714285714,-0.36363636363636365,0.5714285714285714,-0.3333333333333333,-0.3333333333333333,0.5,-0.36363636363636365,1.0,0.3333333333333333,-0.16666666666666666,9.333333333333334,1.28,0.3333333333333333,0.0,0.08333333333333333,0.3333333333333333,0.8571428571428571,3.6619718309859155,2.0,-0.3333333333333333,1.1666666666666667
280,-0.42857142857142855,-0.5,0.2857142857142857,-0.3333333333333333,-0.5,0.5714285714285714,1.5714285714285714,0.2,0.3333333333333333,0.0,0.14285714285714285,0.8333333333333334,0.0,1.8333333333333333,0.3333333333333333,-0.42857142857142855,0.0,-0.3333333333333333,-0.2857142857142857,0.26666666666666666,0.14285714285714285,0.2857142857142857,0.16666666666666666,0.16666666666666666,0.0,0.8333333333333334,-0.3333333333333333,-0.07421875,-0.3333333333333333,-0.42857142857142855,-0.14285714285714285,-0.3333333333333333,4.8,-0.3333333333333333,0.14285714285714285,0.0,-0.32,0.0,0.8333333333333334,-0.16666666666666666,1.1666666666666667,-0.019417475728155338,4.142857142857143,1.4285714285714286,0.0,1.0,1.2857142857142858,0.0,1.1666666666666667,2.4,0.0,6.6,-0.6,0.2857142857142857,0.9,15.644444444444444,0.16666666666666666,-0.16666666666666666,0.0,-0.2857142857142857,1.4285714285714286,-0.2857142857142857,-0.2,-0.16666666666666666,-0.25,-0.2857142857142857,3.3333333333333335,0.14285714285714285,-0.16666666666666666,0.16666666666666666,-0.2857142857142857,-0.25,-0.2857142857142857,-0.2857142857142857,1.0,-0.3333333333333333,-0.16666666666666666,-0.5,-0.2857142857142857,0.7142857142857143,1.0,-0.2857142857142857,0.0,0.16666666666666666,0.8333333333333334,0.5454545454545454,-0.2222222222222222,-0.3333333333333333,-0.3333333333333333,12.222222222222221,-0.32,0.6666666666666666,-0.16666666666666666,1.1666666666666667,-0.16666666666666666,-0.14285714285714285,2.948356807511737,-0.16666666666666666,-0.3333333333333333,-0.3333333333333333
281,1.0,-0.3333333333333333,0.0,0.5,-0.5,-0.19047619047619047,-0.14285714285714285,1.4,-0.3333333333333333,1.1428571428571428,0.2857142857142857,-0.3333333333333333,-0.16666666666666666,0.0,-0.5,1.4285714285714286,-0.2857142857142857,-0.3333333333333333,-0.2857142857142857,-0.08888888888888889,-0.42857142857142855,0.14285714285714285,-0.3333333333333333,-0.3333333333333333,-0.3,1.0,-0.3333333333333333,-0.08203125,0.8333333333333334,2.5714285714285716,-0.2857142857142857,0.16666666666666666,0.2,-0.5,0.0,-0.08,0.8,0.0,-0.5,-0.3333333333333333,-0.5,-0.04854368932038835,0.2857142857142857,0.5714285714285714,1.3333333333333333,0.5,0.8571428571428571,-0.5,0.6666666666666666,1.2,-0.16666666666666666,8.3,0.4,-0.2857142857142857,-0.2,18.31111111111111,-0.16666666666666666,0.16666666666666666,-0.19047619047619047,-0.14285714285714285,-0.2857142857142857,0.42857142857142855,0.4,0.8333333333333334,-0.125,4.0,0.5,0.8571428571428571,0.3333333333333333,0.0,1.1428571428571428,-0.25,-0.14285714285714285,0.8571428571428571,-0.42857142857142855,-0.3333333333333333,0.5833333333333334,-0.5,-0.2857142857142857,0.5714285714285714,-0.36363636363636365,-0.2857142857142857,-0.3333333333333333,-0.3333333333333333,-0.16666666666666666,-0.36363636363636365,2.111111111111111,-0.3333333333333333,-0.3333333333333333,18.0,-0.32,-0.3333333333333333,-0.3333333333333333,-0.3333333333333333,0.3333333333333333,0.42857142857142855,2.3098591549295775,-0.3333333333333333,-0.16666666666666666,-0.3333333333333333
282,-0.42857142857142855,1.1666666666666667,-0.14285714285714285,-0.16666666666666666,-0.5,1.1428571428571428,2.5714285714285716,0.4,-0.16666666666666666,-0.42857142857142855,-0.14285714285714285,-0.5,-0.16666666666666666,1.8333333333333333,1.6666666666666667,1.2857142857142858,0.14285714285714285,0.0,0.0,-0.35555555555555557,0.8571428571428571,1.0,0.16666666666666666,-0.3333333333333333,0.0,0.16666666666666666,-0.3333333333333333,-0.08984375,1.1666666666666667,0.2857142857142857,-0.14285714285714285,-0.3333333333333333,5.4,1.1666666666666667,-0.2857142857142857,0.12,0.0,1.5,-0.5,1.0,1.5,-0.06796116504854369,0.8571428571428571,-0.42857142857142855,0.8333333333333334,0.3333333333333333,-0.42857142857142855,-0.5,0.5,-0.6,-0.16666666666666666,7.7,-0.6,-0.42857142857142855,0.0,16.977777777777778,-0.3333333333333333,0.3333333333333333,1.7142857142857142,-0.2857142857142857,0.5714285714285714,1.4285714285714286,0.0,0.16666666666666666,3.125,0.14285714285714285,0.3333333333333333,-0.42857142857142855,-0.3333333333333333,-0.16666666666666666,0.42857142857142855,-0.16666666666666666,0.14285714285714285,1.0,-0.2857142857142857,0.5,-0.16666666666666666,0.16666666666666666,3.5714285714285716,0.0,0.18181818181818182,0.0,0.3333333333333333,1.8333333333333333,-0.16666666666666666,0.0,0.3333333333333333,0.3333333333333333,-0.5,11.666666666666666,1.92,0.8333333333333334,-0.5,-0.25,0.16666666666666666,1.2857142857142858,1.2206572769953052,0.0,2.3333333333333335,0.8333333333333334
283,-0.14285714285714285,-0.16666666666666666,-0.2857142857142857,0.6666666666666666,0.16666666666666666,1.5238095238095237,0.42857142857142855,0.4,-0.3333333333333333,1.2857142857142858,-0.42857142857142855,-0.16666666666666666,-0.3333333333333333,-0.5,-0.5,1.4285714285714286,0.2857142857142857,-0.16666666666666666,0.0,0.8888888888888888,3.2857142857142856,0.0,0.0,-0.3333333333333333,-0.3,-0.5,0.8333333333333334,-0.08984375,1.3333333333333333,2.142857142857143,0.42857142857142855,-0.5,2.6,1.0,1.0,-0.08,0.48,-0.125,-0.5,-0.16666666666666666,1.8333333333333333,-0.02912621359223301,0.14285714285714285,0.42857142857142855,0.5,-0.3333333333333333,-0.14285714285714285,-0.16666666666666666,1.6666666666666667,0.4,-0.16666666666666666,12.6,-0.4,3.2857142857142856,0.3,7.644444444444445,3.0,0.8333333333333334,0.38095238095238093,-0.2857142857142857,1.1428571428571428,-0.2857142857142857,0.0,0.6666666666666666,1.75,-0.2857142857142857,1.8333333333333333,-0.14285714285714285,0.16666666666666666,-0.3333333333333333,0.8571428571428571,0.08333333333333333,-0.2857142857142857,-0.2857142857142857,0.14285714285714285,-0.16666666666666666,0.0,0.0,-0.2857142857142857,0.0,0.6363636363636364,0.5714285714285714,-0.3333333333333333,-0.3333333333333333,0.0,-0.36363636363636365,-0.1111111111111111,0.5,1.5,12.333333333333334,-0.48,1.0,-0.16666666666666666,-0.16666666666666666,0.0,-0.42857142857142855,1.596244131455399,1.1666666666666667,-0.3333333333333333,1.6666666666666667
284,-0.42857142857142855,0.6666666666666666,0.0,0.5,0.0,1.3333333333333333,-0.14285714285714285,-0.2,0.16666666666666666,-0.14285714285714285,1.8571428571428572,-0.16666666666666666,2.0,0.8333333333333334,0.3333333333333333,-0.42857142857142855,0.0,0.8333333333333334,0.42857142857142855,-0.17777777777777778,1.4285714285714286,0.5714285714285714,1.5,-0.16666666666666666,0.2,0.8333333333333334,-0.5,-0.06640625,1.1666666666666667,0.14285714285714285,1.5714285714285714,-0.5,-0.2,-0.5,-0.2857142857142857,-0.2,-0.16,-0.125,0.0,1.8333333333333333,-0.3333333333333333,0.009708737864077669,0.5714285714285714,-0.42857142857142855,-0.3333333333333333,0.3333333333333333,0.5714285714285714,2.6666666666666665,-0.3333333333333333,-0.6,0.0,9.9,-0.6,0.7142857142857143,0.6,9.955555555555556,-0.3333333333333333,-0.5,0.9523809523809523,0.7142857142857143,-0.42857142857142855,0.0,-0.6,-0.5,0.125,0.14285714285714285,1.3333333333333333,-0.14285714285714285,0.0,-0.5,0.0,0.6666666666666666,-0.2857142857142857,0.0,0.8571428571428571,-0.3333333333333333,0.5,-0.5,0.2857142857142857,2.7142857142857144,-0.36363636363636365,-0.2857142857142857,-0.16666666666666666,1.6666666666666667,-0.16666666666666666,-0.2727272727272727,0.0,-0.16666666666666666,-0.5,8.11111111111111,1.76,0.3333333333333333,2.0,0.0,0.6666666666666666,0.7142857142857143,1.5774647887323943,-0.16666666666666666,0.3333333333333333,-0.3333333333333333
285,-0.2857142857142857,1.3333333333333333,-0.42857142857142855,-0.3333333333333333,1.5,0.38095238095238093,-0.2857142857142857,1.6,0.0,0.0,1.2857142857142858,-0.3333333333333333,3.5,-0.3333333333333333,0.0,1.2857142857142858,-0.2857142857142857,1.6666666666666667,0.2857142857142857,-0.26666666666666666,0.2857142857142857,0.14285714285714285,1.0,0.6666666666666666,0.8,2.3333333333333335,0.6666666666666666,-0.08984375,0.3333333333333333,0.8571428571428571,0.42857142857142855,-0.5,-0.6,-0.16666666666666666,-0.2857142857142857,-0.12,1.12,0.375,-0.5,0.16666666666666666,0.16666666666666666,-0.06796116504854369,-0.14285714285714285,-0.42857142857142855,0.8333333333333334,-0.3333333333333333,1.2857142857142858,-0.3333333333333333,0.16666666666666666,-0.4,0.3333333333333333,8.9,-0.4,-0.2857142857142857,-0.2,9.066666666666666,-0.3333333333333333,-0.16666666666666666,0.38095238095238093,0.2857142857142857,-0.42857142857142855,0.14285714285714285,0.2,0.0,-0.375,0.42857142857142855,-0.3333333333333333,1.4285714285714286,-0.3333333333333333,1.1666666666666667,-0.2857142857142857,-0.08333333333333333,0.2857142857142857,-0.2857142857142857,0.42857142857142855,-0.16666666666666666,-0.3333333333333333,-0.16666666666666666,0.0,0.42857142857142855,-0.36363636363636365,2.857142857142857,0.0,0.16666666666666666,-0.16666666666666666,-0.09090909090909091,-0.2222222222222222,4.833333333333333,0.6666666666666666,17.0,-0.32,-0.16666666666666666,0.6666666666666666,0.3333333333333333,-0.3333333333333333,-0.2857142857142857,1.3145539906103287,-0.5,1.1666666666666667,1.8333333333333333
286,-0.14285714285714285,-0.5,-0.2857142857142857,-0.3333333333333333,0.0,-0.5714285714285714,-0.42857142857142855,-0.4,1.5,0.2857142857142857,-0.42857142857142855,-0.16666666666666666,1.5,0.5,4.833333333333333,2.142857142857143,-0.14285714285714285,1.1666666666666667,0.0,-0.17777777777777778,0.42857142857142855,-0.42857142857142855,-0.3333333333333333,1.5,1.1,0.16666666666666666,-0.5,-0.01953125,0.3333333333333333,-0.14285714285714285,0.5714285714285714,0.0,0.4,-0.3333333333333333,-0.2857142857142857,-0.16,0.0,0.125,-0.3333333333333333,-0.3333333333333333,-0.16666666666666666,-0.04854368932038835,0.0,-0.42857142857142855,2.3333333333333335,3.0,-0.42857142857142855,0.0,-0.3333333333333333,2.8,2.1666666666666665,10.6,0.0,-0.42857142857142855,-0.2,6.488888888888889,-0.3333333333333333,-0.3333333333333333,-0.5714285714285714,2.7142857142857144,1.1428571428571428,-0.42857142857142855,-0.6,-0.16666666666666666,0.125,0.42857142857142855,-0.3333333333333333,1.0,1.1666666666666667,0.6666666666666666,-0.2857142857142857,0.4166666666666667,0.2857142857142857,-0.14285714285714285,1.2857142857142858,-0.16666666666666666,-0.25,1.8333333333333333,0.2857142857142857,0.0,0.45454545454545453,0.0,0.16666666666666666,0.0,-0.16666666666666666,-0.36363636363636365,0.4444444444444444,0.0,-0.5,8.88888888888889,-0.32,0.6666666666666666,-0.5,-0.3333333333333333,-0.3333333333333333,-0.42857142857142855,2.215962441314554,0.0,0.16666666666666666,1.6666666666666667
287,1.8571428571428572,1.0,0.42857142857142855,0.3333333333333333,-0.5,0.0,0.5714285714285714,4.0,-0.3333333333333333,1.0,0.14285714285714285,2.1666666666666665,-0.3333333333333333,0.0,-0.5,0.14285714285714285,-0.2857142857142857,1.0,-0.2857142857142857,0.7111111111111111,-0.2857142857142857,-0.42857142857142855,1.1666666666666667,-0.3333333333333333,-0.2,1.1666666666666667,-0.16666666666666666,0.00390625,-0.5,-0.2857142857142857,0.14285714285714285,-0.16666666666666666,1.2,-0.5,0.42857142857142855,0.08,-0.32,-0.25,-0.3333333333333333,0.16666666666666666,-0.16666666666666666,-0.06796116504854369,4.0,-0.2857142857142857,0.3333333333333333,0.0,-0.42857142857142855,1.0,0.16666666666666666,1.2,0.0,11.5,-0.2,0.42857142857142855,-0.3,7.822222222222222,-0.3333333333333333,-0.16666666666666666,-0.38095238095238093,0.14285714285714285,1.7142857142857142,-0.14285714285714285,0.0,2.0,0.5,2.4285714285714284,-0.16666666666666666,-0.2857142857142857,2.5,0.16666666666666666,-0.14285714285714285,-0.16666666666666666,-0.2857142857142857,1.0,-0.14285714285714285,-0.16666666666666666,-0.3333333333333333,0.6666666666666666,1.0,-0.42857142857142855,-0.2727272727272727,-0.2857142857142857,1.0,-0.16666666666666666,-0.3333333333333333,0.7272727272727273,0.0,0.0,0.16666666666666666,23.444444444444443,-0.32,-0.3333333333333333,-0.5,0.08333333333333333,0.3333333333333333,1.4285714285714286,2.835680751173709,-0.5,3.5,3.3333333333333335
288,0.0,-0.16666666666666666,-0.2857142857142857,-0.16666666666666666,-0.5,0.19047619047619047,0.0,0.2,0.0,0.42857142857142855,0.14285714285714285,-0.5,-0.16666666666666666,2.6666666666666665,2.1666666666666665,-0.14285714285714285,-0.2857142857142857,-0.16666666666666666,-0.14285714285714285,-0.35555555555555557,-0.42857142857142855,-0.42857142857142855,-0.3333333333333333,-0.3333333333333333,0.7,0.6666666666666666,2.3333333333333335,-0.02734375,-0.16666666666666666,0.7142857142857143,0.0,1.0,0.0,-0.5,0.0,-0.16,1.12,0.375,1.1666666666666667,-0.3333333333333333,-0.3333333333333333,-0.05825242718446602,-0.2857142857142857,0.14285714285714285,-0.5,-0.3333333333333333,2.142857142857143,-0.5,0.0,0.0,-0.16666666666666666,19.5,-0.6,0.2857142857142857,-0.3,10.4,1.6666666666666667,0.0,0.7619047619047619,-0.2857142857142857,-0.2857142857142857,0.0,-0.6,0.6666666666666666,0.25,0.2857142857142857,-0.3333333333333333,1.1428571428571428,-0.3333333333333333,-0.3333333333333333,0.8571428571428571,0.16666666666666666,-0.2857142857142857,0.8571428571428571,1.4285714285714286,3.3333333333333335,0.08333333333333333,2.6666666666666665,-0.14285714285714285,1.1428571428571428,-0.36363636363636365,-0.14285714285714285,1.0,0.8333333333333334,-0.3333333333333333,0.36363636363636365,0.2222222222222222,-0.3333333333333333,3.3333333333333335,22.555555555555557,0.16,-0.3333333333333333,1.5,-0.25,0.6666666666666666,-0.42857142857142855,1.5023474178403755,-0.3333333333333333,2.6666666666666665,0.0
289,0.5714285714285714,-0.5,0.14285714285714285,-0.16666666666666666,3.3333333333333335,-0.5714285714285714,0.2857142857142857,0.4,0.5,1.7142857142857142,-0.14285714285714285,0.5,0.6666666666666666,-0.3333333333333333,-0.3333333333333333,0.0,0.0,0.6666666666666666,-0.2857142857142857,-0.26666666666666666,0.42857142857142855,-0.42857142857142855,0.8333333333333334,0.0,-0.3,-0.3333333333333333,-0.16666666666666666,-0.05078125,-0.16666666666666666,1.7142857142857142,-0.2857142857142857,-0.3333333333333333,0.2,0.0,-0.2857142857142857,-0.2,1.12,-0.125,1.1666666666666667,-0.3333333333333333,0.6666666666666666,-0.05825242718446602,-0.14285714285714285,0.14285714285714285,-0.3333333333333333,0.8333333333333334,1.2857142857142858,0.6666666666666666,0.3333333333333333,-0.6,0.3333333333333333,14.7,0.4,-0.42857142857142855,-0.3,13.511111111111111,0.3333333333333333,-0.16666666666666666,3.238095238095238,-0.2857142857142857,-0.14285714285714285,-0.42857142857142855,-0.6,-0.3333333333333333,-0.25,0.8571428571428571,-0.3333333333333333,-0.42857142857142855,-0.16666666666666666,-0.5,2.4285714285714284,0.9166666666666666,-0.14285714285714285,-0.14285714285714285,-0.2857142857142857,0.16666666666666666,0.5833333333333334,2.3333333333333335,-0.14285714285714285,-0.42857142857142855,-0.36363636363636365,-0.2857142857142857,0.8333333333333334,0.3333333333333333,-0.16666666666666666,0.09090909090909091,0.4444444444444444,-0.3333333333333333,0.16666666666666666,16.11111111111111,0.96,-0.16666666666666666,-0.5,-0.08333333333333333,0.3333333333333333,0.14285714285714285,2.291079812206573,-0.3333333333333333,-0.16666666666666666,0.0
290,-0.42857142857142855,-0.5,-0.14285714285714285,0.3333333333333333,0.5,1.3333333333333333,-0.14285714285714285,0.0,0.6666666666666666,1.2857142857142858,1.4285714285714286,0.16666666666666666,-0.16666666666666666,-0.3333333333333333,-0.3333333333333333,-0.2857142857142857,-0.2857142857142857,0.3333333333333333,0.2857142857142857,0.0,0.7142857142857143,0.5714285714285714,-0.3333333333333333,-0.3333333333333333,-0.3,-0.16666666666666666,-0.3333333333333333,-0.08203125,0.5,0.0,0.2857142857142857,1.5,0.0,-0.16666666666666666,0.0,-0.12,0.16,-0.25,-0.3333333333333333,-0.3333333333333333,0.6666666666666666,-0.06796116504854369,-0.2857142857142857,0.0,0.8333333333333334,0.5,-0.42857142857142855,0.0,-0.3333333333333333,0.4,-0.3333333333333333,19.4,-0.4,-0.42857142857142855,-0.2,16.266666666666666,-0.16666666666666666,-0.5,1.7142857142857142,-0.14285714285714285,-0.2857142857142857,-0.14285714285714285,0.0,-0.3333333333333333,0.5,0.2857142857142857,1.3333333333333333,-0.14285714285714285,3.5,-0.5,-0.2857142857142857,-0.25,-0.14285714285714285,-0.14285714285714285,1.0,-0.3333333333333333,0.5833333333333334,0.0,-0.2857142857142857,-0.2857142857142857,-0.2727272727272727,0.42857142857142855,-0.3333333333333333,0.0,-0.3333333333333333,-0.36363636363636365,-0.1111111111111111,0.5,-0.5,18.22222222222222,-0.16,-0.3333333333333333,3.1666666666666665,1.5,-0.16666666666666666,-0.42857142857142855,1.784037558685446,-0.5,-0.16666666666666666,0.5
291,0.5714285714285714,-0.3333333333333333,0.2857142857142857,-0.16666666666666666,3.3333333333333335,0.38095238095238093,-0.14285714285714285,-0.4,-0.3333333333333333,0.0,1.0,-0.16666666666666666,0.5,-0.3333333333333333,1.1666666666666667,-0.2857142857142857,0.7142857142857143,-0.3333333333333333,-0.14285714285714285,-0.08888888888888889,2.0,0.0,0.5,-0.3333333333333333,0.0,0.16666666666666666,-0.5,-0.08984375,-0.5,0.14285714285714285,0.14285714285714285,-0.5,-0.6,-0.5,0.0,-0.12,-0.16,-0.25,1.3333333333333333,0.0,0.0,-0.06796116504854369,-0.2857142857142857,-0.14285714285714285,-0.16666666666666666,-0.3333333333333333,0.0,1.8333333333333333,-0.3333333333333333,0.0,1.0,20.2,-0.2,0.0,0.6,8.8,0.8333333333333334,0.0,-0.5714285714285714,-0.14285714285714285,-0.42857142857142855,0.0,-0.6,5.833333333333333,0.625,0.2857142857142857,-0.16666666666666666,0.2857142857142857,3.6666666666666665,1.0,1.8571428571428572,-0.16666666666666666,0.42857142857142855,-0.2857142857142857,-0.42857142857142855,0.16666666666666666,-0.16666666666666666,0.0,-0.2857142857142857,-0.2857142857142857,-0.36363636363636365,-0.2857142857142857,0.8333333333333334,-0.3333333333333333,-0.16666666666666666,-0.2727272727272727,-0.1111111111111111,-0.3333333333333333,0.8333333333333334,19.0,1.6,2.1666666666666665,0.0,-0.3333333333333333,-0.3333333333333333,0.0,2.5539906103286385,1.1666666666666667,1.6666666666666667,-0.16666666666666666
292,0.42857142857142855,1.5,-0.2857142857142857,0.8333333333333334,-0.5,-0.5714285714285714,5.285714285714286,1.8,0.8333333333333334,0.2857142857142857,2.5714285714285716,1.3333333333333333,0.3333333333333333,0.16666666666666666,0.6666666666666666,-0.42857142857142855,0.14285714285714285,-0.3333333333333333,0.2857142857142857,0.08888888888888889,1.1428571428571428,0.5714285714285714,0.3333333333333333,0.6666666666666666,-0.3,-0.5,0.16666666666666666,-0.08984375,-0.16666666666666666,-0.42857142857142855,0.0,3.8333333333333335,-0.4,-0.5,-0.2857142857142857,-0.2,-0.16,-0.125,0.5,0.8333333333333334,0.16666666666666666,-0.009708737864077669,-0.14285714285714285,-0.2857142857142857,-0.5,0.3333333333333333,3.142857142857143,0.0,-0.16666666666666666,-0.2,-0.3333333333333333,12.5,0.0,-0.2857142857142857,0.6,6.933333333333334,-0.3333333333333333,0.16666666666666666,-0.19047619047619047,-0.2857142857142857,-0.2857142857142857,-0.2857142857142857,-0.6,-0.3333333333333333,0.0,-0.2857142857142857,-0.16666666666666666,-0.14285714285714285,-0.3333333333333333,-0.16666666666666666,-0.14285714285714285,0.0,0.14285714285714285,0.2857142857142857,1.4285714285714286,-0.3333333333333333,0.8333333333333334,0.8333333333333334,-0.2857142857142857,1.8571428571428572,-0.2727272727272727,1.7142857142857142,0.16666666666666666,1.3333333333333333,1.1666666666666667,-0.36363636363636365,-0.2222222222222222,-0.3333333333333333,-0.5,21.666666666666668,0.16,0.5,0.8333333333333334,0.4166666666666667,1.3333333333333333,-0.42857142857142855,1.596244131455399,-0.3333333333333333,0.6666666666666666,0.3333333333333333
293,0.2857142857142857,-0.5,1.2857142857142858,0.6666666666666666,0.16666666666666666,3.4285714285714284,-0.14285714285714285,-0.2,0.0,-0.42857142857142855,2.2857142857142856,-0.16666666666666666,-0.3333333333333333,-0.3333333333333333,-0.5,1.0,-0.2857142857142857,-0.3333333333333333,-0.2857142857142857,-0.26666666666666666,-0.14285714285714285,0.42857142857142855,0.8333333333333334,1.6666666666666667,0.7,0.8333333333333334,-0.5,-0.07421875,0.6666666666666666,0.7142857142857143,1.0,-0.5,-0.6,1.0,-0.2857142857142857,-0.08,0.0,0.125,0.0,-0.3333333333333333,2.1666666666666665,0.009708737864077669,-0.2857142857142857,0.42857142857142855,1.8333333333333333,-0.3333333333333333,-0.2857142857142857,0.5,-0.16666666666666666,2.0,1.3333333333333333,10.7,1.0,-0.42857142857142855,0.0,6.7555555555555555,-0.3333333333333333,1.1666666666666667,-0.19047619047619047,0.0,0.2857142857142857,0.14285714285714285,-0.6,-0.16666666666666666,0.25,1.5714285714285714,0.8333333333333334,-0.42857142857142855,-0.3333333333333333,0.5,0.42857142857142855,-0.25,0.2857142857142857,1.1428571428571428,1.1428571428571428,1.0,0.3333333333333333,0.3333333333333333,-0.2857142857142857,-0.14285714285714285,0.18181818181818182,-0.2857142857142857,-0.16666666666666666,0.0,0.16666666666666666,0.5454545454545454,-0.3333333333333333,3.0,-0.3333333333333333,14.666666666666666,0.48,0.5,-0.3333333333333333,-0.3333333333333333,-0.3333333333333333,0.0,2.291079812206573,-0.3333333333333333,-0.16666666666666666,-0.16666666666666666
294,-0.42857142857142855,0.5,-0.42857142857142855,-0.3333333333333333,-0.3333333333333333,-0.38095238095238093,0.0,-0.2,0.16666666666666666,-0.42857142857142855,-0.42857142857142855,5.166666666666667,-0.3333333333333333,-0.16666666666666666,-0.3333333333333333,-0.42857142857142855,3.4285714285714284,-0.16666666666666666,-0.14285714285714285,-0.35555555555555557,-0.2857142857142857,-0.2857142857142857,-0.16666666666666666,-0.16666666666666666,-0.3,0.16666666666666666,-0.3333333333333333,-0.08984375,-0.5,0.0,0.42857142857142855,-0.5,-0.2,-0.3333333333333333,0.14285714285714285,-0.2,-0.16,0.125,-0.3333333333333333,0.16666666666666666,0.16666666666666666,0.038834951456310676,-0.2857142857142857,-0.42857142857142855,0.5,-0.3333333333333333,-0.42857142857142855,0.5,-0.16666666666666666,-0.2,-0.3333333333333333,13.7,-0.2,-0.42857142857142855,0.5,5.6,-0.3333333333333333,0.16666666666666666,-0.5714285714285714,0.7142857142857143,-0.42857142857142855,-0.42857142857142855,-0.4,-0.3333333333333333,2.625,-0.14285714285714285,-0.16666666666666666,-0.14285714285714285,0.0,0.0,-0.2857142857142857,-0.16666666666666666,-0.2857142857142857,-0.2857142857142857,-0.42857142857142855,-0.3333333333333333,0.75,0.0,0.8571428571428571,0.8571428571428571,-0.2727272727272727,1.2857142857142858,-0.3333333333333333,0.8333333333333334,-0.16666666666666666,0.18181818181818182,-0.3333333333333333,2.3333333333333335,0.0,9.222222222222221,0.16,0.16666666666666666,-0.5,-0.25,0.0,-0.42857142857142855,1.352112676056338,-0.5,0.16666666666666666,-0.16666666666666666
295,2.2857142857142856,-0.5,0.0,-0.16666666666666666,-0.5,0.19047619047619047,0.2857142857142857,0.4,1.3333333333333333,2.2857142857142856,-0.2857142857142857,0.0,0.5,-0.5,0.3333333333333333,0.42857142857142855,-0.2857142857142857,0.8333333333333334,0.2857142857142857,0.26666666666666666,1.5714285714285714,0.14285714285714285,-0.16666666666666666,0.8333333333333334,-0.2,2.5,0.0,0.04296875,-0.5,0.14285714285714285,-0.14285714285714285,0.3333333333333333,2.0,-0.5,0.14285714285714285,-0.12,0.16,0.875,-0.3333333333333333,0.16666666666666666,0.0,-0.04854368932038835,0.42857142857142855,1.0,1.3333333333333333,2.0,0.8571428571428571,-0.5,3.6666666666666665,-0.6,1.6666666666666667,11.8,0.4,0.7142857142857143,0.3,7.466666666666667,3.1666666666666665,0.8333333333333334,1.3333333333333333,0.0,0.2857142857142857,1.8571428571428572,-0.6,-0.5,-0.25,-0.2857142857142857,-0.3333333333333333,1.4285714285714286,1.0,0.16666666666666666,-0.14285714285714285,-0.25,0.0,1.1428571428571428,0.5714285714285714,-0.16666666666666666,-0.25,0.3333333333333333,0.0,-0.42857142857142855,0.5454545454545454,-0.2857142857142857,2.3333333333333335,-0.3333333333333333,0.3333333333333333,0.45454545454545453,0.5555555555555556,1.0,0.0,17.444444444444443,-0.48,0.0,0.0,-0.25,0.0,-0.14285714285714285,1.6713615023474178,3.1666666666666665,-0.3333333333333333,-0.3333333333333333
296,-0.42857142857142855,0.8333333333333334,-0.42857142857142855,3.5,-0.5,0.9523809523809523,0.0,1.2,-0.3333333333333333,0.5714285714285714,1.5714285714285714,4.0,2.8333333333333335,0.16666666666666666,0.16666666666666666,-0.2857142857142857,1.2857142857142858,1.3333333333333333,0.0,-0.35555555555555557,-0.42857142857142855,0.5714285714285714,-0.3333333333333333,-0.3333333333333333,-0.3,3.1666666666666665,-0.3333333333333333,-0.08984375,0.0,0.2857142857142857,1.1428571428571428,-0.3333333333333333,-0.4,0.0,0.7142857142857143,-0.12,1.6,-0.125,-0.3333333333333333,-0.16666666666666666,1.8333333333333333,-0.02912621359223301,0.0,-0.42857142857142855,-0.3333333333333333,-0.3333333333333333,-0.42857142857142855,-0.3333333333333333,-0.3333333333333333,0.6,-0.16666666666666666,13.0,0.2,-0.2857142857142857,-0.3,16.711111111111112,5.166666666666667,-0.3333333333333333,0.9523809523809523,0.42857142857142855,-0.42857142857142855,-0.2857142857142857,-0.2,2.0,-0.375,-0.2857142857142857,1.8333333333333333,0.2857142857142857,0.16666666666666666,-0.16666666666666666,-0.14285714285714285,0.0,0.0,0.2857142857142857,-0.14285714285714285,-0.3333333333333333,-0.3333333333333333,1.1666666666666667,-0.14285714285714285,-0.14285714285714285,-0.2727272727272727,0.14285714285714285,0.16666666666666666,0.16666666666666666,1.3333333333333333,-0.18181818181818182,-0.3333333333333333,0.16666666666666666,0.5,9.444444444444445,0.64,0.5,-0.5,-0.3333333333333333,-0.16666666666666666,-0.14285714285714285,2.403755868544601,0.16666666666666666,-0.16666666666666666,-0.3333333333333333
297,2.4285714285714284,0.8333333333333334,0.5714285714285714,-0.16666666666666666,1.3333333333333333,0.7619047619047619,0.7142857142857143,0.0,-0.16666666666666666,0.0,-0.42857142857142855,-0.5,-0.16666666666666666,0.0,-0.16666666666666666,0.2857142857142857,-0.2857142857142857,2.3333333333333335,0.0,0.4444444444444444,0.5714285714285714,0.5714285714285714,-0.16666666666666666,-0.3333333333333333,1.4,-0.16666666666666666,-0.3333333333333333,0.09765625,-0.16666666666666666,-0.2857142857142857,-0.2857142857142857,-0.5,-0.6,-0.16666666666666666,0.7142857142857143,0.04,1.6,1.25,0.16666666666666666,3.6666666666666665,0.0,0.0,1.7142857142857142,-0.2857142857142857,1.6666666666666667,-0.3333333333333333,0.2857142857142857,-0.3333333333333333,-0.3333333333333333,0.8,-0.3333333333333333,15.5,0.2,-0.2857142857142857,-0.3,14.933333333333334,-0.3333333333333333,-0.16666666666666666,0.38095238095238093,-0.2857142857142857,-0.2857142857142857,1.1428571428571428,-0.6,-0.5,0.0,0.0,-0.16666666666666666,0.0,1.3333333333333333,-0.16666666666666666,-0.14285714285714285,-0.08333333333333333,-0.2857142857142857,0.0,0.14285714285714285,-0.16666666666666666,-0.3333333333333333,-0.16666666666666666,-0.2857142857142857,0.14285714285714285,0.18181818181818182,0.42857142857142855,0.3333333333333333,2.5,0.5,-0.2727272727272727,-0.3333333333333333,6.5,-0.5,24.555555555555557,1.6,-0.3333333333333333,0.0,-0.16666666666666666,-0.3333333333333333,-0.42857142857142855,3.3427230046948355,0.5,-0.3333333333333333,-0.16666666666666666
298,1.0,-0.3333333333333333,-0.14285714285714285,0.16666666666666666,0.6666666666666666,0.0,-0.14285714285714285,1.2,-0.16666666666666666,0.0,-0.14285714285714285,-0.3333333333333333,-0.3333333333333333,1.3333333333333333,-0.5,0.14285714285714285,-0.2857142857142857,-0.3333333333333333,-0.14285714285714285,2.311111111111111,-0.2857142857142857,-0.42857142857142855,-0.3333333333333333,0.8333333333333334,0.2,1.3333333333333333,-0.16666666666666666,-0.08984375,2.0,2.5714285714285716,0.0,5.333333333333333,1.0,1.6666666666666667,1.0,0.28,1.28,-0.25,-0.3333333333333333,-0.16666666666666666,0.0,0.038834951456310676,3.4285714285714284,-0.2857142857142857,0.5,-0.16666666666666666,-0.42857142857142855,2.5,1.5,0.2,-0.3333333333333333,12.8,0.4,-0.2857142857142857,-0.3,11.733333333333333,-0.16666666666666666,0.3333333333333333,0.7619047619047619,-0.2857142857142857,1.5714285714285714,0.42857142857142855,0.0,0.0,-0.375,0.2857142857142857,2.3333333333333335,0.14285714285714285,-0.3333333333333333,-0.5,0.7142857142857143,-0.08333333333333333,-0.2857142857142857,0.0,-0.42857142857142855,-0.3333333333333333,0.08333333333333333,-0.5,0.2857142857142857,-0.42857142857142855,-0.36363636363636365,4.714285714285714,-0.16666666666666666,0.6666666666666666,0.16666666666666666,0.45454545454545453,0.1111111111111111,0.6666666666666666,0.0,12.555555555555555,-0.48,3.1666666666666665,-0.16666666666666666,-0.3333333333333333,0.8333333333333334,0.8571428571428571,2.6666666666666665,0.6666666666666666,0.3333333333333333,3.0
299,-0.2857142857142857,0.3333333333333333,0.42857142857142855,0.16666666666666666,0.0,1.5238095238095237,0.42857142857142855,-0.4,-0.3333333333333333,-0.2857142857142857,0.5714285714285714,2.0,-0.3333333333333333,-0.5,2.6666666666666665,0.2857142857142857,0.5714285714285714,3.5,0.14285714285714285,0.7111111111111111,-0.42857142857142855,-0.42857142857142855,-0.16666666666666666,0.16666666666666666,-0.3,-0.5,-0.5,-0.06640625,2.3333333333333335,-0.42857142857142855,-0.2857142857142857,-0.5,0.2,-0.3333333333333333,0.7142857142857143,0.04,-0.32,1.625,-0.5,0.3333333333333333,0.0,-0.06796116504854369,0.5714285714285714,-0.42857142857142855,2.3333333333333335,0.16666666666666666,0.14285714285714285,-0.3333333333333333,0.0,0.0,0.3333333333333333,16.2,0.2,0.0,1.3,6.133333333333334,-0.3333333333333333,-0.5,0.0,2.2857142857142856,1.1428571428571428,-0.14285714285714285,0.2,0.16666666666666666,1.625,-0.2857142857142857,1.8333333333333333,-0.2857142857142857,0.16666666666666666,-0.3333333333333333,-0.2857142857142857,-0.08333333333333333,0.0,0.7142857142857143,-0.42857142857142855,1.8333333333333333,-0.3333333333333333,1.0,0.5714285714285714,-0.42857142857142855,-0.2727272727272727,0.0,-0.3333333333333333,0.0,1.1666666666666667,-0.36363636363636365,-0.2222222222222222,1.6666666666666667,-0.5,11.777777777777779,4.48,2.0,0.0,-0.25,-0.3333333333333333,-0.42857142857142855,2.215962441314554,-0.5,-0.16666666666666666,1.1666666666666667
300,-0.42857142857142855,-0.5,0.8571428571428571,0.0,-0.5,0.7619047619047619,-0.2857142857142857,0.2,-0.16666666666666666,-0.2857142857142857,1.0,1.3333333333333333,0.3333333333333333,-0.5,0.6666666666666666,-0.14285714285714285,-0.14285714285714285,-0.3333333333333333,-0.2857142857142857,0.35555555555555557,0.0,1.7142857142857142,0.8333333333333334,-0.3333333333333333,-0.2,1.6666666666666667,-0.16666666666666666,-0.08984375,0.8333333333333334,0.8571428571428571,-0.14285714285714285,0.0,0.2,-0.16666666666666666,-0.2857142857142857,0.36,-0.32,0.5,0.16666666666666666,0.3333333333333333,-0.5,0.05825242718446602,0.42857142857142855,0.42857142857142855,-0.3333333333333333,-0.3333333333333333,1.1428571428571428,-0.5,0.0,2.6,0.16666666666666666,7.4,-0.6,-0.2857142857142857,-0.3,9.244444444444444,0.3333333333333333,2.0,-0.5714285714285714,0.5714285714285714,-0.2857142857142857,2.5714285714285716,-0.4,-0.16666666666666666,0.875,-0.2857142857142857,0.0,0.42857142857142855,-0.3333333333333333,-0.16666666666666666,0.14285714285714285,0.0,1.0,-0.2857142857142857,0.42857142857142855,1.6666666666666667,0.08333333333333333,-0.5,0.0,0.42857142857142855,-0.18181818181818182,0.14285714285714285,0.0,-0.3333333333333333,-0.3333333333333333,0.18181818181818182,0.3333333333333333,0.16666666666666666,-0.5,14.222222222222221,4.48,0.0,-0.16666666666666666,0.4166666666666667,0.16666666666666666,-0.42857142857142855,3.436619718309859,0.3333333333333333,0.0,-0.3333333333333333
301,-0.42857142857142855,-0.5,1.1428571428571428,0.5,0.0,-0.38095238095238093,1.2857142857142858,-0.2,0.5,-0.2857142857142857,-0.42857142857142855,-0.5,1.8333333333333333,-0.5,0.16666666666666666,-0.42857142857142855,0.42857142857142855,0.8333333333333334,-0.14285714285714285,-0.08888888888888889,0.5714285714285714,0.14285714285714285,0.0,0.16666666666666666,-0.2,-0.3333333333333333,-0.16666666666666666,-0.08984375,-0.16666666666666666,-0.42857142857142855,-0.2857142857142857,-0.3333333333333333,0.6,0.0,0.2857142857142857,-0.2,2.08,-0.25,0.0,-0.3333333333333333,-0.5,-0.05825242718446602,0.5714285714285714,0.8571428571428571,-0.5,0.3333333333333333,-0.42857142857142855,1.0,0.0,0.4,-0.3333333333333333,16.3,1.4,2.0,0.6,13.6,-0.3333333333333333,-0.5,0.19047619047619047,0.0,-0.2857142857142857,-0.42857142857142855,-0.4,0.16666666666666666,-0.375,0.2857142857142857,-0.16666666666666666,-0.42857142857142855,-0.3333333333333333,-0.5,0.2857142857142857,-0.08333333333333333,1.4285714285714286,0.14285714285714285,0.14285714285714285,-0.16666666666666666,0.0,0.16666666666666666,0.2857142857142857,-0.2857142857142857,0.0,0.0,-0.3333333333333333,1.8333333333333333,-0.3333333333333333,0.18181818181818182,-0.3333333333333333,-0.3333333333333333,1.1666666666666667,22.22222222222222,-0.48,-0.3333333333333333,-0.3333333333333333,0.8333333333333334,0.0,0.14285714285714285,3.136150234741784,0.5,-0.3333333333333333,0.3333333333333333
302,-0.42857142857142855,0.16666666666666666,-0.42857142857142855,-0.16666666666666666,0.3333333333333333,0.38095238095238093,-0.2857142857142857,0.2,-0.3333333333333333,-0.42857142857142855,0.7142857142857143,1.1666666666666667,0.8333333333333334,-0.5,0.6666666666666666,-0.42857142857142855,-0.14285714285714285,1.3333333333333333,0.7142857142857143,-0.26666666666666666,1.0,0.42857142857142855,0.8333333333333334,-0.3333333333333333,1.1,-0.5,1.0,-0.04296875,-0.3333333333333333,-0.42857142857142855,0.0,-0.5,0.8,-0.5,0.8571428571428571,-0.2,-0.32,-0.125,0.6666666666666666,0.16666666666666666,1.5,0.07766990291262135,0.5714285714285714,-0.42857142857142855,0.8333333333333334,-0.3333333333333333,0.2857142857142857,-0.16666666666666666,0.16666666666666666,-0.6,0.0,9.1,-0.6,0.0,0.0,14.666666666666666,0.16666666666666666,3.6666666666666665,4.571428571428571,1.1428571428571428,-0.14285714285714285,0.42857142857142855,-0.4,-0.16666666666666666,0.125,-0.2857142857142857,0.3333333333333333,-0.42857142857142855,1.3333333333333333,-0.16666666666666666,-0.2857142857142857,-0.25,-0.2857142857142857,-0.2857142857142857,0.42857142857142855,0.5,1.1666666666666667,0.6666666666666666,-0.2857142857142857,0.42857142857142855,-0.18181818181818182,0.0,-0.16666666666666666,0.0,0.16666666666666666,0.8181818181818182,-0.2222222222222222,0.0,0.8333333333333334,14.666666666666666,-0.48,1.6666666666666667,1.1666666666666667,-0.08333333333333333,-0.3333333333333333,1.5714285714285714,3.07981220657277,1.3333333333333333,-0.3333333333333333,0.6666666666666666
303,0.7142857142857143,0.16666666666666666,-0.42857142857142855,-0.16666666666666666,-0.16666666666666666,2.2857142857142856,0.42857142857142855,1.8,0.6666666666666666,0.7142857142857143,-0.14285714285714285,-0.3333333333333333,1.6666666666666667,0.3333333333333333,4.0,-0.42857142857142855,0.7142857142857143,2.0,-0.2857142857142857,0.0,-0.2857142857142857,0.0,0.5,0.16666666666666666,0.0,3.1666666666666665,0.5,0.12890625,-0.16666666666666666,0.8571428571428571,1.0,0.16666666666666666,0.8,-0.16666666666666666,0.14285714285714285,-0.08,-0.32,-0.25,-0.5,-0.16666666666666666,-0.5,-0.02912621359223301,1.1428571428571428,-0.42857142857142855,-0.16666666666666666,0.0,1.5714285714285714,0.16666666666666666,-0.3333333333333333,-0.6,-0.16666666666666666,11.9,1.6,2.5714285714285716,0.2,11.377777777777778,-0.3333333333333333,-0.16666666666666666,-0.38095238095238093,1.1428571428571428,-0.42857142857142855,-0.42857142857142855,0.0,0.5,-0.25,0.0,0.16666666666666666,0.14285714285714285,0.8333333333333334,-0.5,0.0,0.4166666666666667,1.2857142857142858,0.2857142857142857,0.14285714285714285,0.5,-0.3333333333333333,1.1666666666666667,0.14285714285714285,-0.42857142857142855,1.3636363636363635,-0.2857142857142857,0.6666666666666666,-0.16666666666666666,0.3333333333333333,-0.36363636363636365,1.3333333333333333,0.8333333333333334,0.6666666666666666,17.666666666666668,-0.16,-0.3333333333333333,3.6666666666666665,-0.08333333333333333,-0.3333333333333333,0.42857142857142855,1.6338028169014085,-0.5,-0.16666666666666666,0.8333333333333334
304,-0.42857142857142855,0.3333333333333333,2.142857142857143,-0.16666666666666666,0.6666666666666666,0.9523809523809523,-0.42857142857142855,-0.2,0.0,-0.2857142857142857,-0.42857142857142855,2.1666666666666665,1.8333333333333333,0.0,-0.3333333333333333,0.0,0.14285714285714285,-0.3333333333333333,1.2857142857142858,-0.35555555555555557,0.0,1.8571428571428572,0.0,-0.16666666666666666,-0.3,-0.5,-0.5,0.01953125,-0.5,-0.14285714285714285,0.0,0.6666666666666666,-0.2,0.8333333333333334,1.2857142857142858,-0.08,0.64,2.625,-0.5,0.0,3.5,-0.04854368932038835,0.5714285714285714,-0.2857142857142857,-0.5,-0.3333333333333333,0.7142857142857143,-0.16666666666666666,-0.3333333333333333,0.2,3.8333333333333335,11.0,-0.6,0.7142857142857143,-0.3,8.266666666666667,-0.16666666666666666,-0.5,-0.19047619047619047,0.5714285714285714,0.7142857142857143,-0.2857142857142857,-0.6,0.16666666666666666,-0.125,0.2857142857142857,0.5,-0.42857142857142855,0.6666666666666666,1.0,1.0,-0.25,0.42857142857142855,-0.2857142857142857,-0.2857142857142857,-0.16666666666666666,0.5833333333333334,-0.5,-0.2857142857142857,0.0,-0.18181818181818182,-0.14285714285714285,0.8333333333333334,0.6666666666666666,-0.3333333333333333,0.0,-0.1111111111111111,-0.3333333333333333,-0.16666666666666666,20.555555555555557,0.64,0.0,0.6666666666666666,0.25,0.16666666666666666,-0.14285714285714285,3.8497652582159625,0.16666666666666666,2.0,0.16666666666666666
305,-0.42857142857142855,-0.5,-0.2857142857142857,-0.16666666666666666,-0.16666666666666666,-0.5714285714285714,0.0,0.4,0.0,-0.42857142857142855,-0.42857142857142855,-0.5,1.3333333333333333,-0.16666666666666666,0.16666666666666666,0.14285714285714285,0.0,-0.3333333333333333,0.2857142857142857,-0.26666666666666666,-0.2857142857142857,0.7142857142857143,-0.3333333333333333,1.1666666666666667,1.1,0.3333333333333333,-0.5,-0.00390625,-0.5,0.8571428571428571,3.2857142857142856,1.1666666666666667,-0.4,-0.3333333333333333,-0.2857142857142857,0.12,-0.32,-0.125,0.16666666666666666,1.5,0.8333333333333334,-0.05825242718446602,-0.2857142857142857,0.0,-0.5,-0.3333333333333333,-0.42857142857142855,1.8333333333333333,-0.3333333333333333,0.0,0.0,8.9,-0.6,-0.2857142857142857,0.0,8.266666666666667,-0.3333333333333333,-0.16666666666666666,-0.5714285714285714,-0.14285714285714285,-0.2857142857142857,0.2857142857142857,-0.2,1.3333333333333333,0.0,0.8571428571428571,1.0,-0.2857142857142857,0.0,0.6666666666666666,0.14285714285714285,0.08333333333333333,0.0,0.14285714285714285,1.0,-0.16666666666666666,-0.3333333333333333,-0.5,-0.2857142857142857,0.7142857142857143,-0.36363636363636365,-0.14285714285714285,0.0,-0.16666666666666666,1.3333333333333333,-0.36363636363636365,-0.3333333333333333,-0.16666666666666666,0.5,14.777777777777779,-0.48,-0.3333333333333333,0.0,-0.3333333333333333,2.3333333333333335,-0.2857142857142857,2.384976525821596,-0.3333333333333333,0.3333333333333333,0.0
306,-0.2857142857142857,0.8333333333333334,-0.42857142857142855,0.5,0.16666666666666666,-0.5714285714285714,-0.42857142857142855,-0.2,2.3333333333333335,0.14285714285714285,-0.42857142857142855,0.16666666666666666,-0.3333333333333333,-0.5,0.3333333333333333,-0.42857142857142855,0.14285714285714285,0.16666666666666666,5.0,0.6222222222222222,0.8571428571428571,-0.14285714285714285,-0.3333333333333333,0.3333333333333333,0.0,0.3333333333333333,0.0,-0.05859375,-0.3333333333333333,1.8571428571428572,-0.14285714285714285,-0.5,-0.6,1.6666666666666667,0.0,0.04,-0.32,-0.25,0.8333333333333334,-0.3333333333333333,0.16666666666666666,-0.038834951456310676,0.2857142857142857,-0.42857142857142855,0.3333333333333333,1.5,0.0,-0.5,-0.16666666666666666,-0.2,0.0,19.1,-0.6,0.14285714285714285,-0.2,15.644444444444444,-0.16666666666666666,0.3333333333333333,-0.5714285714285714,-0.2857142857142857,-0.42857142857142855,1.1428571428571428,0.8,1.0,-0.25,0.0,-0.3333333333333333,0.42857142857142855,2.5,0.0,0.5714285714285714,0.08333333333333333,0.42857142857142855,0.2857142857142857,-0.2857142857142857,-0.3333333333333333,-0.16666666666666666,-0.3333333333333333,0.8571428571428571,0.2857142857142857,0.18181818181818182,0.42857142857142855,4.166666666666667,0.16666666666666666,0.6666666666666666,-0.36363636363636365,1.1111111111111112,0.16666666666666666,-0.16666666666666666,18.444444444444443,-0.16,0.0,-0.5,-0.3333333333333333,0.3333333333333333,-0.42857142857142855,3.6056338028169015,-0.3333333333333333,-0.16666666666666666,0.16666666666666666
307,1.2857142857142858,-0.5,-0.2857142857142857,-0.3333333333333333,-0.5,-0.19047619047619047,-0.42857142857142855,2.4,2.1666666666666665,-0.42857142857142855,0.2857142857142857,-0.3333333333333333,0.6666666666666666,-0.16666666666666666,0.0,0.2857142857142857,0.0,0.8333333333333334,0.0,0.7111111111111111,5.428571428571429,-0.42857142857142855,0.6666666666666666,0.5,-0.3,-0.5,-0.3333333333333333,-0.03515625,-0.3333333333333333,-0.42857142857142855,0.14285714285714285,0.0,-0.4,-0.5,0.0,0.4,0.16,0.5,-0.5,0.16666666666666666,-0.16666666666666666,-0.038834951456310676,-0.2857142857142857,0.2857142857142857,-0.5,-0.16666666666666666,0.7142857142857143,-0.3333333333333333,0.8333333333333334,0.2,4.0,12.0,0.0,-0.42857142857142855,-0.2,7.555555555555555,0.16666666666666666,-0.5,-0.5714285714285714,0.2857142857142857,0.0,-0.14285714285714285,-0.4,-0.5,1.25,3.142857142857143,0.3333333333333333,-0.2857142857142857,4.0,0.6666666666666666,-0.14285714285714285,0.3333333333333333,0.14285714285714285,0.7142857142857143,0.0,-0.3333333333333333,0.08333333333333333,0.6666666666666666,-0.2857142857142857,5.428571428571429,1.1818181818181819,0.5714285714285714,-0.16666666666666666,0.3333333333333333,0.16666666666666666,0.18181818181818182,0.6666666666666666,0.5,-0.5,19.11111111111111,-0.48,-0.3333333333333333,-0.16666666666666666,-0.3333333333333333,-0.3333333333333333,-0.42857142857142855,2.328638497652582,0.3333333333333333,0.5,1.3333333333333333
308,-0.42857142857142855,-0.16666666666666666,0.0,2.3333333333333335,0.3333333333333333,1.1428571428571428,-0.42857142857142855,0.8,-0.3333333333333333,-0.42857142857142855,-0.42857142857142855,0.0,-0.3333333333333333,-0.3333333333333333,0.0,-0.2857142857142857,0.42857142857142855,1.8333333333333333,0.5714285714285714,-0.26666666666666666,1.1428571428571428,2.857142857142857,0.8333333333333334,1.0,1.6,-0.16666666666666666,-0.3333333333333333,-0.08984375,2.5,-0.42857142857142855,-0.14285714285714285,-0.5,3.0,1.0,-0.14285714285714285,-0.2,0.8,2.375,-0.5,0.3333333333333333,-0.5,-0.02912621359223301,-0.2857142857142857,-0.2857142857142857,0.16666666666666666,-0.3333333333333333,-0.42857142857142855,0.5,-0.3333333333333333,0.4,0.5,8.6,-0.6,-0.2857142857142857,-0.1,15.911111111111111,-0.3333333333333333,0.0,0.9523809523809523,-0.2857142857142857,0.0,-0.42857142857142855,0.2,0.6666666666666666,1.875,-0.2857142857142857,4.0,-0.2857142857142857,0.16666666666666666,4.666666666666667,0.14285714285714285,0.75,2.5714285714285716,0.2857142857142857,-0.2857142857142857,0.16666666666666666,1.8333333333333333,0.8333333333333334,-0.14285714285714285,0.5714285714285714,0.18181818181818182,2.5714285714285716,0.0,0.16666666666666666,-0.3333333333333333,-0.09090909090909091,-0.2222222222222222,-0.3333333333333333,-0.16666666666666666,11.666666666666666,-0.48,0.3333333333333333,3.3333333333333335,-0.3333333333333333,1.6666666666666667,-0.42857142857142855,1.295774647887324,-0.16666666666666666,0.16666666666666666,0.16666666666666666
309,-0.42857142857142855,0.8333333333333334,-0.2857142857142857,0.0,-0.16666666666666666,-0.19047619047619047,-0.42857142857142855,-0.2,0.8333333333333334,-0.42857142857142855,1.1428571428571428,0.3333333333333333,0.3333333333333333,-0.5,0.0,-0.42857142857142855,-0.2857142857142857,1.3333333333333333,0.7142857142857143,-0.35555555555555557,3.4285714285714284,-0.42857142857142855,-0.3333333333333333,0.6666666666666666,0.1,0.8333333333333334,2.3333333333333335,-0.08203125,-0.5,0.5714285714285714,0.8571428571428571,-0.3333333333333333,0.6,0.16666666666666666,-0.14285714285714285,0.04,-0.16,0.25,1.8333333333333333,0.0,-0.5,-0.06796116504854369,-0.2857142857142857,-0.42857142857142855,0.6666666666666666,1.1666666666666667,0.0,-0.16666666666666666,0.16666666666666666,4.0,4.333333333333333,10.9,5.0,0.5714285714285714,0.4,15.377777777777778,0.5,0.3333333333333333,3.4285714285714284,-0.14285714285714285,-0.42857142857142855,3.142857142857143,-0.4,0.16666666666666666,-0.375,0.42857142857142855,0.3333333333333333,0.8571428571428571,0.5,-0.5,0.14285714285714285,-0.16666666666666666,-0.2857142857142857,1.2857142857142858,-0.14285714285714285,-0.16666666666666666,0.4166666666666667,-0.16666666666666666,0.42857142857142855,1.8571428571428572,-0.36363636363636365,-0.2857142857142857,1.3333333333333333,0.3333333333333333,0.16666666666666666,0.2727272727272727,-0.2222222222222222,2.0,-0.5,15.666666666666666,1.6,0.0,-0.5,0.4166666666666667,-0.3333333333333333,1.1428571428571428,2.892018779342723,0.6666666666666666,-0.3333333333333333,0.8333333333333334
310,-0.42857142857142855,-0.5,1.2857142857142858,-0.3333333333333333,2.1666666666666665,0.9523809523809523,-0.42857142857142855,-0.4,-0.3333333333333333,0.14285714285714285,-0.2857142857142857,-0.3333333333333333,0.16666666666666666,-0.3333333333333333,0.3333333333333333,-0.2857142857142857,-0.2857142857142857,-0.3333333333333333,1.1428571428571428,0.08888888888888889,0.5714285714285714,-0.2857142857142857,2.0,0.0,-0.1,0.3333333333333333,-0.16666666666666666,-0.08984375,1.8333333333333333,1.0,0.0,0.8333333333333334,0.6,0.8333333333333334,0.5714285714285714,0.04,0.96,-0.125,2.3333333333333335,-0.3333333333333333,3.3333333333333335,-0.06796116504854369,-0.2857142857142857,1.0,-0.5,-0.16666666666666666,-0.2857142857142857,1.0,0.3333333333333333,2.2,-0.3333333333333333,10.0,0.0,-0.42857142857142855,-0.3,10.044444444444444,0.16666666666666666,-0.5,-0.38095238095238093,-0.2857142857142857,-0.2857142857142857,-0.42857142857142855,1.8,1.0,0.0,-0.2857142857142857,0.3333333333333333,-0.42857142857142855,2.5,-0.16666666666666666,1.0,0.9166666666666666,1.1428571428571428,-0.2857142857142857,-0.2857142857142857,1.6666666666666667,-0.25,-0.5,-0.14285714285714285,0.0,0.7272727272727273,0.14285714285714285,-0.3333333333333333,1.5,0.6666666666666666,0.0,-0.1111111111111111,-0.16666666666666666,0.3333333333333333,12.88888888888889,-0.48,1.5,-0.5,-0.25,1.6666666666666667,-0.42857142857142855,2.704225352112676,0.3333333333333333,-0.3333333333333333,-0.3333333333333333
311,0.42857142857142855,0.5,-0.42857142857142855,1.5,-0.5,-0.38095238095238093,0.0,0.0,1.1666666666666667,-0.42857142857142855,0.0,-0.16666666666666666,-0.16666666666666666,-0.3333333333333333,-0.16666666666666666,-0.42857142857142855,-0.2857142857142857,0.3333333333333333,0.7142857142857143,-0.08888888888888889,0.5714285714285714,0.42857142857142855,-0.3333333333333333,1.0,-0.3,-0.3333333333333333,-0.5,-0.01953125,-0.5,-0.42857142857142855,0.2857142857142857,0.0,-0.6,1.6666666666666667,0.14285714285714285,-0.08,-0.16,0.5,0.3333333333333333,1.3333333333333333,-0.3333333333333333,0.019417475728155338,1.2857142857142858,1.4285714285714286,-0.5,2.5,0.0,0.8333333333333334,0.0,-0.6,0.5,16.3,-0.4,0.14285714285714285,-0.2,10.488888888888889,-0.16666666666666666,-0.5,0.0,-0.2857142857142857,0.2857142857142857,-0.42857142857142855,-0.2,-0.16666666666666666,-0.25,1.7142857142857142,-0.3333333333333333,0.0,-0.3333333333333333,-0.5,0.42857142857142855,1.0,0.5714285714285714,-0.2857142857142857,-0.42857142857142855,0.6666666666666666,0.8333333333333334,1.6666666666666667,0.14285714285714285,0.7142857142857143,-0.18181818181818182,0.0,0.3333333333333333,1.0,0.6666666666666666,-0.18181818181818182,0.3333333333333333,-0.3333333333333333,-0.5,7.0,0.32,0.0,0.3333333333333333,0.25,-0.16666666666666666,-0.42857142857142855,3.511737089201878,-0.16666666666666666,-0.3333333333333333,1.1666666666666667
312,0.2857142857142857,-0.16666666666666666,0.0,0.0,1.5,0.19047619047619047,-0.2857142857142857,1.4,-0.3333333333333333,0.14285714285714285,-0.14285714285714285,-0.3333333333333333,-0.3333333333333333,-0.5,-0.16666666666666666,-0.42857142857142855,0.7142857142857143,-0.3333333333333333,0.42857142857142855,-0.35555555555555557,-0.42857142857142855,-0.42857142857142855,0.6666666666666666,-0.16666666666666666,-0.3,0.0,1.0,-0.08984375,-0.5,1.0,-0.14285714285714285,-0.5,1.2,-0.5,-0.14285714285714285,0.12,-0.32,2.875,1.1666666666666667,-0.3333333333333333,-0.3333333333333333,-0.06796116504854369,0.0,-0.42857142857142855,3.1666666666666665,0.6666666666666666,-0.2857142857142857,1.0,1.8333333333333333,-0.2,1.5,6.5,1.8,-0.14285714285714285,0.5,15.555555555555555,-0.3333333333333333,-0.3333333333333333,-0.19047619047619047,-0.14285714285714285,0.7142857142857143,0.42857142857142855,-0.6,0.16666666666666666,-0.25,-0.2857142857142857,0.16666666666666666,1.2857142857142858,0.8333333333333334,0.3333333333333333,0.5714285714285714,-0.08333333333333333,0.42857142857142855,1.4285714285714286,0.2857142857142857,0.0,-0.16666666666666666,1.1666666666666667,-0.14285714285714285,0.14285714285714285,0.6363636363636364,-0.14285714285714285,-0.3333333333333333,-0.3333333333333333,-0.16666666666666666,-0.09090909090909091,-0.1111111111111111,-0.16666666666666666,-0.5,13.11111111111111,-0.48,-0.3333333333333333,0.0,-0.25,0.8333333333333334,-0.2857142857142857,3.136150234741784,-0.5,-0.16666666666666666,-0.3333333333333333
313,-0.14285714285714285,-0.5,0.8571428571428571,-0.3333333333333333,2.8333333333333335,0.5714285714285714,0.8571428571428571,0.4,0.16666666666666666,-0.42857142857142855,2.5714285714285716,-0.5,-0.16666666666666666,-0.3333333333333333,0.3333333333333333,-0.42857142857142855,-0.2857142857142857,-0.3333333333333333,-0.14285714285714285,-0.35555555555555557,-0.42857142857142855,-0.42857142857142855,0.16666666666666666,-0.3333333333333333,0.5,-0.3333333333333333,-0.5,0.44140625,-0.5,-0.42857142857142855,-0.2857142857142857,2.8333333333333335,0.0,0.0,-0.2857142857142857,-0.12,1.12,0.375,0.8333333333333334,2.0,1.0,1.233009708737864,0.8571428571428571,0.14285714285714285,-0.16666666666666666,0.6666666666666666,0.0,-0.5,0.16666666666666666,2.2,-0.3333333333333333,0.0,-0.4,1.0,0.0,-0.35555555555555557,-0.16666666666666666,3.5,-0.5714285714285714,-0.2857142857142857,0.0,-0.14285714285714285,0.0,6.833333333333333,1.75,-0.14285714285714285,0.16666666666666666,0.0,-0.3333333333333333,0.5,1.5714285714285714,-0.25,-0.2857142857142857,-0.14285714285714285,0.0,-0.3333333333333333,-0.25,1.3333333333333333,-0.14285714285714285,0.14285714285714285,-0.36363636363636365,-0.14285714285714285,-0.3333333333333333,-0.3333333333333333,-0.3333333333333333,0.18181818181818182,1.5555555555555556,0.5,-0.5,-0.3333333333333333,-0.48,0.8333333333333334,-0.5,-0.16666666666666666,1.6666666666666667,-0.14285714285714285,-0.09389671361502347,-0.5,-0.16666666666666666,-0.3333333333333333
314,0.0,0.16666666666666666,0.5714285714285714,1.8333333333333333,-0.5,0.0,0.2857142857142857,0.6,-0.3333333333333333,-0.42857142857142855,0.5714285714285714,0.0,0.6666666666666666,0.0,-0.16666666666666666,0.2857142857142857,-0.2857142857142857,-0.16666666666666666,-0.2857142857142857,0.0,-0.42857142857142855,-0.42857142857142855,-0.3333333333333333,-0.16666666666666666,-0.3,-0.3333333333333333,0.16666666666666666,0.83203125,1.3333333333333333,-0.42857142857142855,-0.2857142857142857,-0.16666666666666666,0.8,-0.3333333333333333,-0.14285714285714285,0.16,3.36,2.875,-0.5,0.0,-0.3333333333333333,1.7378640776699028,-0.2857142857142857,3.2857142857142856,1.5,0.0,0.0,0.3333333333333333,0.16666666666666666,0.0,-0.3333333333333333,-0.3,-0.2,0.14285714285714285,0.5,0.9777777777777777,0.16666666666666666,0.3333333333333333,0.19047619047619047,-0.2857142857142857,-0.42857142857142855,0.0,0.0,-0.5,0.875,0.7142857142857143,-0.3333333333333333,0.14285714285714285,-0.16666666666666666,-0.5,-0.2857142857142857,-0.25,1.1428571428571428,0.0,0.0,-0.16666666666666666,-0.3333333333333333,0.16666666666666666,-0.2857142857142857,2.142857142857143,-0.36363636363636365,-0.2857142857142857,1.0,0.6666666666666666,-0.3333333333333333,-0.36363636363636365,1.8888888888888888,-0.3333333333333333,-0.5,1.0,-0.32,4.666666666666667,0.5,-0.3333333333333333,0.3333333333333333,0.14285714285714285,-0.07511737089201878,0.3333333333333333,0.0,-0.3333333333333333
315,-0.14285714285714285,-0.3333333333333333,0.0,1.3333333333333333,-0.5,3.8095238095238093,0.0,-0.2,-0.3333333333333333,-0.2857142857142857,-0.42857142857142855,0.6666666666666666,-0.16666666666666666,-0.5,-0.3333333333333333,1.1428571428571428,5.0,1.3333333333333333,-0.14285714285714285,1.7777777777777777,-0.2857142857142857,-0.2857142857142857,-0.3333333333333333,0.5,0.6,-0.5,3.0,1.16796875,1.0,0.2857142857142857,0.14285714285714285,0.0,-0.4,0.5,0.2857142857142857,-0.04,0.32,0.0,1.1666666666666667,1.0,-0.5,0.9514563106796117,-0.14285714285714285,3.4285714285714284,0.8333333333333334,1.5,1.2857142857142858,0.0,0.3333333333333333,-0.4,0.5,-0.3,-0.4,0.42857142857142855,-0.3,-0.26666666666666666,0.16666666666666666,-0.5,-0.19047619047619047,-0.14285714285714285,0.5714285714285714,0.14285714285714285,-0.4,0.3333333333333333,-0.375,0.2857142857142857,0.3333333333333333,-0.42857142857142855,-0.16666666666666666,0.16666666666666666,1.4285714285714286,0.0,0.42857142857142855,-0.2857142857142857,-0.42857142857142855,0.16666666666666666,-0.3333333333333333,-0.5,-0.2857142857142857,-0.2857142857142857,0.8181818181818182,-0.14285714285714285,0.6666666666666666,-0.16666666666666666,0.0,0.0,-0.2222222222222222,0.3333333333333333,-0.5,-0.2222222222222222,-0.48,-0.3333333333333333,0.16666666666666666,-0.08333333333333333,3.3333333333333335,-0.2857142857142857,-0.09389671361502347,1.8333333333333333,-0.3333333333333333,0.16666666666666666
316,0.14285714285714285,1.5,-0.42857142857142855,0.8333333333333334,-0.5,-0.5714285714285714,1.7142857142857142,-0.4,0.6666666666666666,0.14285714285714285,-0.42857142857142855,-0.5,1.0,0.5,-0.16666666666666666,-0.2857142857142857,-0.2857142857142857,0.0,0.7142857142857143,2.0444444444444443,-0.2857142857142857,0.0,1.5,-0.3333333333333333,1.0,0.5,-0.5,1.23828125,-0.16666666666666666,-0.42857142857142855,1.5714285714285714,-0.3333333333333333,-0.4,1.0,2.857142857142857,-0.08,3.52,-0.25,-0.5,1.0,-0.16666666666666666,0.9514563106796117,0.5714285714285714,-0.14285714285714285,0.16666666666666666,-0.16666666666666666,0.0,-0.16666666666666666,0.0,1.8,0.6666666666666666,0.1,0.4,0.14285714285714285,0.8,2.577777777777778,-0.16666666666666666,1.3333333333333333,0.0,-0.2857142857142857,0.2857142857142857,-0.2857142857142857,-0.6,-0.5,-0.375,0.8571428571428571,1.1666666666666667,-0.14285714285714285,-0.16666666666666666,0.3333333333333333,0.2857142857142857,-0.08333333333333333,-0.2857142857142857,-0.2857142857142857,-0.42857142857142855,-0.3333333333333333,0.0,0.6666666666666666,0.5714285714285714,-0.42857142857142855,0.18181818181818182,-0.2857142857142857,0.0,1.3333333333333333,0.3333333333333333,-0.2727272727272727,0.8888888888888888,2.1666666666666665,0.16666666666666666,0.0,-0.48,-0.3333333333333333,2.1666666666666665,0.08333333333333333,1.1666666666666667,-0.14285714285714285,-0.09389671361502347,0.16666666666666666,1.3333333333333333,0.16666666666666666
317,-0.42857142857142855,-0.3333333333333333,-0.14285714285714285,-0.3333333333333333,-0.5,-0.5714285714285714,-0.2857142857142857,-0.2,-0.3333333333333333,0.7142857142857143,-0.2857142857142857,0.3333333333333333,-0.3333333333333333,-0.3333333333333333,-0.3333333333333333,0.5714285714285714,-0.2857142857142857,1.3333333333333333,-0.2857142857142857,-0.08888888888888889,-0.2857142857142857,-0.42857142857142855,-0.16666666666666666,-0.3333333333333333,0.6,-0.3333333333333333,-0.5,0.87890625,0.0,0.0,0.14285714285714285,0.6666666666666666,-0.4,1.8333333333333333,-0.2857142857142857,-0.12,-0.16,-0.25,-0.5,-0.3333333333333333,-0.5,1.7378640776699028,1.2857142857142858,1.7142857142857142,0.8333333333333334,1.0,-0.42857142857142855,-0.5,0.0,3.4,0.8333333333333334,-0.1,-0.2,-0.14285714285714285,-0.3,-0.08888888888888889,-0.3333333333333333,-0.5,0.7619047619047619,0.0,-0.14285714285714285,1.7142857142857142,-0.2,-0.5,0.25,0.2857142857142857,1.1666666666666667,-0.42857142857142855,-0.3333333333333333,0.0,-0.2857142857142857,-0.25,-0.14285714285714285,-0.2857142857142857,-0.14285714285714285,-0.3333333333333333,-0.25,0.16666666666666666,0.0,-0.14285714285714285,0.8181818181818182,0.0,0.0,-0.3333333333333333,0.5,-0.09090909090909091,-0.3333333333333333,0.8333333333333334,-0.16666666666666666,0.2222222222222222,0.16,1.5,1.3333333333333333,-0.3333333333333333,0.16666666666666666,1.0,0.16901408450704225,-0.5,0.3333333333333333,1.1666666666666667
318,-0.14285714285714285,0.16666666666666666,0.5714285714285714,0.0,-0.3333333333333333,-0.38095238095238093,0.0,0.2,0.3333333333333333,-0.14285714285714285,-0.42857142857142855,-0.16666666666666666,0.6666666666666666,1.6666666666666667,-0.16666666666666666,-0.2857142857142857,0.42857142857142855,0.6666666666666666,-0.2857142857142857,0.08888888888888889,-0.42857142857142855,0.0,0.16666666666666666,0.16666666666666666,-0.2,1.1666666666666667,2.8333333333333335,0.71484375,0.16666666666666666,-0.42857142857142855,-0.14285714285714285,0.8333333333333334,-0.6,-0.5,-0.2857142857142857,-0.12,-0.32,-0.25,1.8333333333333333,0.3333333333333333,0.5,1.2718446601941749,0.0,0.7142857142857143,-0.16666666666666666,-0.3333333333333333,0.5714285714285714,0.6666666666666666,-0.3333333333333333,1.2,0.16666666666666666,0.5,0.0,0.14285714285714285,0.5,0.6222222222222222,-0.16666666666666666,-0.5,-0.5714285714285714,1.1428571428571428,1.1428571428571428,0.14285714285714285,2.4,0.16666666666666666,-0.375,-0.14285714285714285,1.8333333333333333,-0.42857142857142855,0.3333333333333333,-0.5,0.2857142857142857,-0.16666666666666666,0.5714285714285714,0.7142857142857143,-0.42857142857142855,2.3333333333333335,-0.16666666666666666,0.16666666666666666,1.8571428571428572,-0.2857142857142857,-0.18181818181818182,0.42857142857142855,-0.3333333333333333,0.5,0.5,0.09090909090909091,-0.3333333333333333,0.16666666666666666,0.0,-0.1111111111111111,1.44,-0.16666666666666666,1.8333333333333333,-0.3333333333333333,0.3333333333333333,1.0,-0.09389671361502347,-0.5,0.0,1.6666666666666667
319,2.142857142857143,1.6666666666666667,0.5714285714285714,-0.16666666666666666,4.5,-0.38095238095238093,-0.2857142857142857,-0.2,0.0,0.8571428571428571,-0.2857142857142857,-0.3333333333333333,0.16666666666666666,0.16666666666666666,-0.16666666666666666,0.5714285714285714,-0.2857142857142857,2.8333333333333335,-0.2857142857142857,-0.26666666666666666,0.7142857142857143,0.8571428571428571,-0.3333333333333333,0.0,0.2,-0.3333333333333333,-0.5,1.10546875,-0.3333333333333333,-0.42857142857142855,-0.2857142857142857,-0.16666666666666666,-0.4,-0.5,0.2857142857142857,-0.16,-0.16,-0.25,-0.3333333333333333,-0.3333333333333333,-0.16666666666666666,1.5631067961165048,0.2857142857142857,-0.14285714285714285,-0.3333333333333333,-0.3333333333333333,-0.42857142857142855,-0.16666666666666666,1.0,-0.4,-0.3333333333333333,-0.3,0.0,1.1428571428571428,-0.2,-0.08888888888888889,-0.3333333333333333,-0.3333333333333333,-0.19047619047619047,-0.2857142857142857,-0.42857142857142855,-0.2857142857142857,-0.6,-0.3333333333333333,1.5,-0.2857142857142857,0.16666666666666666,1.4285714285714286,-0.3333333333333333,0.5,0.0,-0.08333333333333333,-0.2857142857142857,-0.2857142857142857,2.0,3.0,-0.3333333333333333,0.16666666666666666,2.857142857142857,2.2857142857142856,-0.09090909090909091,-0.2857142857142857,-0.16666666666666666,0.16666666666666666,-0.3333333333333333,1.0909090909090908,0.0,0.5,3.8333333333333335,-0.2222222222222222,1.28,0.6666666666666666,-0.3333333333333333,0.4166666666666667,-0.3333333333333333,-0.2857142857142857,-0.056338028169014086,0.8333333333333334,1.1666666666666667,0.0
320,0.42857142857142855,-0.5,0.7142857142857143,-0.3333333333333333,1.3333333333333333,-0.5714285714285714,-0.2857142857142857,-0.4,0.5,-0.2857142857142857,-0.42857142857142855,-0.5,0.0,-0.3333333333333333,-0.16666666666666666,-0.42857142857142855,1.0,1.5,-0.2857142857142857,-0.26666666666666666,-0.42857142857142855,-0.2857142857142857,1.0,-0.3333333333333333,0.2,0.0,-0.5,1.44921875,0.0,0.2857142857142857,1.4285714285714286,-0.3333333333333333,4.6,-0.3333333333333333,-0.2857142857142857,0.28,0.48,-0.125,-0.5,0.0,-0.16666666666666666,1.0388349514563107,0.8571428571428571,0.8571428571428571,1.1666666666666667,-0.3333333333333333,-0.42857142857142855,0.5,0.8333333333333334,-0.6,-0.3333333333333333,0.0,-0.6,0.2857142857142857,-0.3,0.26666666666666666,1.8333333333333333,-0.5,-0.5714285714285714,0.42857142857142855,-0.42857142857142855,0.2857142857142857,1.2,-0.5,2.625,-0.14285714285714285,3.6666666666666665,-0.2857142857142857,-0.3333333333333333,-0.5,0.0,-0.16666666666666666,1.7142857142857142,-0.2857142857142857,-0.42857142857142855,1.1666666666666667,-0.08333333333333333,2.0,0.0,0.2857142857142857,-0.36363636363636365,-0.2857142857142857,-0.3333333333333333,-0.3333333333333333,2.1666666666666665,-0.36363636363636365,-0.3333333333333333,0.0,-0.5,0.2222222222222222,-0.48,-0.16666666666666666,0.16666666666666666,-0.3333333333333333,-0.16666666666666666,-0.2857142857142857,0.3380281690140845,-0.16666666666666666,0.3333333333333333,-0.3333333333333333
321,0.0,-0.5,-0.2857142857142857,0.5,-0.3333333333333333,-0.38095238095238093,0.2857142857142857,2.4,-0.3333333333333333,4.428571428571429,-0.42857142857142855,0.6666666666666666,2.1666666666666665,-0.5,0.3333333333333333,-0.14285714285714285,0.2857142857142857,-0.16666666666666666,0.14285714285714285,-0.35555555555555557,-0.42857142857142855,1.0,-0.3333333333333333,-0.16666666666666666,-0.3,0.5,0.5,1.55078125,0.5,-0.42857142857142855,0.2857142857142857,0.8333333333333334,0.8,0.5,-0.14285714285714285,-0.12,0.0,-0.25,-0.5,1.3333333333333333,0.16666666666666666,1.029126213592233,0.14285714285714285,-0.14285714285714285,-0.5,1.3333333333333333,-0.14285714285714285,-0.3333333333333333,-0.3333333333333333,1.8,0.0,-0.3,1.2,-0.2857142857142857,-0.2,-0.26666666666666666,1.3333333333333333,-0.5,-0.38095238095238093,-0.14285714285714285,0.2857142857142857,-0.42857142857142855,-0.6,-0.5,-0.375,-0.14285714285714285,1.0,-0.42857142857142855,0.3333333333333333,1.1666666666666667,-0.2857142857142857,-0.16666666666666666,-0.14285714285714285,0.5714285714285714,0.0,0.5,0.4166666666666667,0.16666666666666666,-0.2857142857142857,-0.14285714285714285,-0.36363636363636365,-0.2857142857142857,-0.16666666666666666,0.8333333333333334,0.16666666666666666,0.0,0.1111111111111111,-0.16666666666666666,0.0,0.0,-0.48,3.6666666666666665,-0.3333333333333333,-0.3333333333333333,-0.16666666666666666,0.14285714285714285,0.0,0.0,4.333333333333333,-0.3333333333333333
322,0.14285714285714285,0.3333333333333333,-0.14285714285714285,-0.3333333333333333,-0.3333333333333333,-0.38095238095238093,0.2857142857142857,2.4,0.3333333333333333,-0.42857142857142855,-0.42857142857142855,-0.5,0.6666666666666666,-0.5,-0.16666666666666666,0.0,0.0,0.0,1.5714285714285714,-0.26666666666666666,-0.42857142857142855,1.2857142857142858,1.0,1.3333333333333333,0.5,1.1666666666666667,0.3333333333333333,0.79296875,0.16666666666666666,-0.42857142857142855,-0.2857142857142857,0.16666666666666666,-0.6,-0.5,1.2857142857142858,-0.12,1.6,-0.25,-0.5,0.0,1.6666666666666667,0.9029126213592233,-0.14285714285714285,-0.2857142857142857,1.0,1.0,-0.42857142857142855,0.16666666666666666,0.3333333333333333,-0.6,-0.3333333333333333,-0.3,-0.4,1.2857142857142858,0.1,0.17777777777777778,-0.3333333333333333,0.16666666666666666,-0.38095238095238093,-0.14285714285714285,0.42857142857142855,0.0,2.6,0.5,0.375,0.42857142857142855,1.0,-0.42857142857142855,1.3333333333333333,-0.5,3.0,-0.16666666666666666,0.0,0.5714285714285714,-0.42857142857142855,1.5,-0.3333333333333333,-0.5,0.42857142857142855,0.42857142857142855,0.2727272727272727,2.142857142857143,2.3333333333333335,1.1666666666666667,0.6666666666666666,-0.36363636363636365,-0.3333333333333333,1.3333333333333333,-0.3333333333333333,-0.3333333333333333,-0.32,0.0,1.3333333333333333,1.25,1.8333333333333333,-0.42857142857142855,-0.09389671361502347,-0.5,-0.16666666666666666,1.1666666666666667
323,0.8571428571428571,1.5,0.14285714285714285,2.5,-0.5,-0.5714285714285714,0.14285714285714285,0.0,0.16666666666666666,-0.42857142857142855,-0.2857142857142857,0.0,-0.3333333333333333,-0.3333333333333333,-0.3333333333333333,0.7142857142857143,-0.2857142857142857,-0.3333333333333333,-0.2857142857142857,0.0,0.2857142857142857,-0.42857142857142855,-0.16666666666666666,-0.16666666666666666,-0.1,-0.3333333333333333,0.6666666666666666,0.97265625,-0.5,1.1428571428571428,1.8571428571428572,-0.16666666666666666,0.8,-0.5,-0.14285714285714285,-0.2,2.08,3.75,-0.16666666666666666,0.16666666666666666,-0.16666666666666666,1.5728155339805825,-0.14285714285714285,-0.42857142857142855,-0.5,0.3333333333333333,-0.42857142857142855,0.3333333333333333,0.0,0.8,2.3333333333333335,-0.1,3.2,0.42857142857142855,-0.3,-0.17777777777777778,-0.3333333333333333,0.5,0.38095238095238093,-0.14285714285714285,-0.14285714285714285,0.42857142857142855,-0.4,-0.5,-0.375,0.42857142857142855,2.5,0.5714285714285714,-0.3333333333333333,0.0,-0.2857142857142857,-0.08333333333333333,-0.2857142857142857,-0.2857142857142857,-0.14285714285714285,-0.3333333333333333,0.25,0.0,1.0,-0.42857142857142855,-0.2727272727272727,-0.2857142857142857,0.16666666666666666,-0.3333333333333333,-0.16666666666666666,-0.36363636363636365,-0.1111111111111111,1.3333333333333333,0.5,-0.3333333333333333,-0.16,0.0,-0.3333333333333333,0.4166666666666667,-0.16666666666666666,0.5714285714285714,-0.07511737089201878,-0.16666666666666666,0.0,0.3333333333333333
324,-0.42857142857142855,-0.16666666666666666,-0.42857142857142855,-0.3333333333333333,-0.16666666666666666,0.9523809523809523,0.5714285714285714,2.6,1.5,0.0,0.0,1.1666666666666667,0.0,-0.5,1.6666666666666667,0.14285714285714285,-0.14285714285714285,-0.3333333333333333,-0.2857142857142857,-0.35555555555555557,-0.42857142857142855,1.5714285714285714,0.3333333333333333,0.8333333333333334,-0.2,0.8333333333333334,-0.16666666666666666,1.04296875,1.6666666666666667,-0.14285714285714285,2.4285714285714284,0.0,0.0,1.5,-0.14285714285714285,-0.16,0.96,0.0,0.6666666666666666,-0.3333333333333333,-0.5,0.6796116504854369,-0.2857142857142857,0.14285714285714285,-0.3333333333333333,-0.3333333333333333,-0.2857142857142857,0.16666666666666666,0.5,-0.4,-0.3333333333333333,0.1,-0.2,0.14285714285714285,-0.2,-0.35555555555555557,-0.3333333333333333,1.0,-0.5714285714285714,0.5714285714285714,0.5714285714285714,1.7142857142857142,6.2,-0.3333333333333333,-0.375,0.42857142857142855,0.0,0.7142857142857143,-0.3333333333333333,-0.16666666666666666,0.14285714285714285,0.16666666666666666,0.2857142857142857,0.0,0.42857142857142855,0.0,-0.25,0.3333333333333333,0.0,0.0,-0.36363636363636365,0.42857142857142855,-0.3333333333333333,0.3333333333333333,0.0,1.5454545454545454,1.0,-0.16666666666666666,-0.16666666666666666,-0.2222222222222222,0.0,0.3333333333333333,5.166666666666667,1.8333333333333333,0.3333333333333333,-0.42857142857142855,-0.07511737089201878,-0.3333333333333333,2.8333333333333335,-0.3333333333333333
325,-0.42857142857142855,0.16666666666666666,2.0,0.3333333333333333,-0.5,-0.38095238095238093,1.8571428571428572,1.4,-0.3333333333333333,1.1428571428571428,0.0,0.3333333333333333,-0.3333333333333333,1.6666666666666667,0.0,-0.14285714285714285,0.7142857142857143,0.16666666666666666,-0.14285714285714285,-0.17777777777777778,0.14285714285714285,1.4285714285714286,-0.3333333333333333,1.1666666666666667,-0.3,0.6666666666666666,-0.5,0.55859375,1.3333333333333333,1.2857142857142858,-0.2857142857142857,-0.5,2.0,0.16666666666666666,0.7142857142857143,-0.08,0.16,-0.25,0.3333333333333333,0.3333333333333333,-0.3333333333333333,1.7087378640776698,0.0,-0.42857142857142855,-0.16666666666666666,0.5,1.7142857142857142,0.5,-0.16666666666666666,-0.4,-0.3333333333333333,1.1,-0.6,-0.14285714285714285,0.4,-0.26666666666666666,0.8333333333333334,0.0,0.38095238095238093,-0.2857142857142857,-0.42857142857142855,0.42857142857142855,0.6,0.16666666666666666,0.25,-0.2857142857142857,-0.16666666666666666,-0.2857142857142857,0.3333333333333333,-0.5,0.7142857142857143,0.08333333333333333,2.0,-0.14285714285714285,0.5714285714285714,2.5,-0.16666666666666666,-0.5,0.14285714285714285,2.5714285714285716,-0.2727272727272727,2.142857142857143,0.3333333333333333,0.16666666666666666,1.0,-0.36363636363636365,-0.2222222222222222,0.0,-0.5,0.0,-0.32,0.0,-0.3333333333333333,-0.3333333333333333,0.5,0.14285714285714285,0.03755868544600939,-0.5,2.3333333333333335,2.1666666666666665
326,-0.42857142857142855,-0.5,-0.42857142857142855,1.1666666666666667,0.5,0.19047619047619047,-0.42857142857142855,-0.2,0.5,-0.42857142857142855,2.4285714285714284,-0.3333333333333333,-0.16666666666666666,3.8333333333333335,1.6666666666666667,-0.42857142857142855,0.7142857142857143,0.6666666666666666,0.14285714285714285,-0.35555555555555557,-0.14285714285714285,1.7142857142857142,0.3333333333333333,0.16666666666666666,-0.2,-0.5,0.6666666666666666,1.25390625,1.8333333333333333,0.42857142857142855,0.14285714285714285,-0.5,0.0,-0.3333333333333333,1.7142857142857142,-0.04,1.44,0.25,-0.3333333333333333,0.3333333333333333,-0.16666666666666666,1.9611650485436893,0.5714285714285714,0.2857142857142857,0.5,0.6666666666666666,-0.42857142857142855,-0.3333333333333333,-0.3333333333333333,-0.4,-0.3333333333333333,0.5,0.0,0.0,0.0,1.6,0.5,-0.16666666666666666,0.7619047619047619,-0.14285714285714285,2.0,1.1428571428571428,-0.2,0.8333333333333334,0.25,0.2857142857142857,0.5,-0.42857142857142855,3.1666666666666665,-0.5,1.2857142857142858,1.5,0.0,-0.2857142857142857,1.8571428571428572,1.0,-0.25,-0.16666666666666666,0.0,0.2857142857142857,0.36363636363636365,-0.2857142857142857,3.3333333333333335,-0.3333333333333333,0.16666666666666666,0.6363636363636364,-0.3333333333333333,-0.16666666666666666,3.3333333333333335,0.1111111111111111,0.16,-0.3333333333333333,0.0,-0.16666666666666666,-0.3333333333333333,1.2857142857142858,-0.09389671361502347,-0.5,0.6666666666666666,0.0
327,0.2857142857142857,-0.16666666666666666,1.0,2.0,1.3333333333333333,0.5714285714285714,-0.2857142857142857,-0.4,1.1666666666666667,-0.42857142857142855,2.142857142857143,-0.5,0.3333333333333333,0.6666666666666666,0.6666666666666666,0.5714285714285714,3.0,-0.3333333333333333,2.0,-0.35555555555555557,0.7142857142857143,-0.2857142857142857,3.1666666666666665,0.3333333333333333,0.3,0.0,-0.5,0.72265625,0.16666666666666666,0.2857142857142857,2.2857142857142856,0.0,1.2,-0.5,-0.14285714285714285,-0.08,-0.32,-0.25,-0.16666666666666666,0.6666666666666666,0.3333333333333333,1.8932038834951457,0.42857142857142855,-0.42857142857142855,-0.5,-0.3333333333333333,1.5714285714285714,-0.3333333333333333,0.0,2.0,0.16666666666666666,1.3,-0.6,-0.42857142857142855,0.3,0.5333333333333333,-0.3333333333333333,0.0,-0.38095238095238093,-0.14285714285714285,-0.2857142857142857,0.8571428571428571,-0.2,0.16666666666666666,0.875,-0.14285714285714285,1.0,-0.2857142857142857,0.0,0.0,-0.14285714285714285,0.08333333333333333,-0.2857142857142857,1.7142857142857142,-0.42857142857142855,0.16666666666666666,-0.3333333333333333,-0.5,-0.2857142857142857,-0.42857142857142855,-0.2727272727272727,0.5714285714285714,0.16666666666666666,0.8333333333333334,0.16666666666666666,0.18181818181818182,-0.3333333333333333,-0.3333333333333333,-0.3333333333333333,-0.2222222222222222,-0.48,-0.3333333333333333,-0.5,0.5833333333333334,0.0,-0.2857142857142857,0.4131455399061033,-0.5,-0.3333333333333333,1.1666666666666667
328,0.8571428571428571,-0.5,2.0,-0.3333333333333333,-0.16666666666666666,-0.19047619047619047,1.7142857142857142,-0.4,-0.16666666666666666,1.2857142857142858,-0.42857142857142855,-0.3333333333333333,0.3333333333333333,4.666666666666667,0.5,0.2857142857142857,0.7142857142857143,-0.16666666666666666,0.8571428571428571,0.7111111111111111,-0.14285714285714285,-0.42857142857142855,0.6666666666666666,-0.3333333333333333,0.3,-0.5,1.5,0.55078125,-0.5,0.0,4.0,-0.5,-0.6,-0.5,-0.2857142857142857,1.4,-0.32,-0.125,-0.5,-0.3333333333333333,0.0,1.7087378640776698,2.7142857142857144,-0.42857142857142855,0.5,-0.3333333333333333,0.7142857142857143,-0.5,0.16666666666666666,-0.4,-0.3333333333333333,0.0,-0.6,-0.42857142857142855,0.8,-0.35555555555555557,0.0,-0.5,-0.19047619047619047,0.8571428571428571,-0.42857142857142855,-0.42857142857142855,-0.2,-0.5,-0.375,-0.2857142857142857,0.5,0.2857142857142857,-0.3333333333333333,-0.3333333333333333,0.14285714285714285,-0.25,0.0,0.14285714285714285,-0.14285714285714285,-0.3333333333333333,0.9166666666666666,0.8333333333333334,-0.2857142857142857,-0.14285714285714285,-0.18181818181818182,-0.2857142857142857,0.8333333333333334,-0.3333333333333333,-0.3333333333333333,1.0909090909090908,-0.3333333333333333,1.0,-0.5,0.0,0.16,0.16666666666666666,-0.5,-0.16666666666666666,-0.16666666666666666,-0.14285714285714285,-0.09389671361502347,-0.5,1.3333333333333333,0.3333333333333333
329,1.5714285714285714,1.1666666666666667,0.2857142857142857,-0.3333333333333333,0.0,-0.5714285714285714,-0.14285714285714285,0.2,-0.3333333333333333,-0.2857142857142857,2.0,-0.5,-0.3333333333333333,3.3333333333333335,-0.5,-0.42857142857142855,-0.2857142857142857,-0.16666666666666666,0.0,0.08888888888888889,-0.42857142857142855,2.2857142857142856,2.1666666666666665,-0.3333333333333333,0.0,0.0,0.6666666666666666,0.78515625,-0.5,-0.2857142857142857,0.0,-0.5,0.8,-0.3333333333333333,0.8571428571428571,-0.2,-0.16,0.375,-0.5,2.6666666666666665,0.3333333333333333,1.6019417475728155,1.8571428571428572,0.8571428571428571,-0.5,0.16666666666666666,0.14285714285714285,-0.5,0.16666666666666666,0.6,0.16666666666666666,-0.1,-0.6,-0.42857142857142855,-0.2,-0.35555555555555557,-0.16666666666666666,0.3333333333333333,-0.19047619047619047,0.2857142857142857,1.4285714285714286,0.14285714285714285,0.6,-0.3333333333333333,-0.25,1.0,-0.3333333333333333,0.0,0.0,0.8333333333333334,-0.14285714285714285,-0.25,-0.14285714285714285,-0.14285714285714285,1.2857142857142858,0.3333333333333333,0.0,0.5,-0.14285714285714285,-0.2857142857142857,-0.36363636363636365,0.14285714285714285,-0.3333333333333333,0.5,0.0,-0.36363636363636365,0.2222222222222222,0.0,-0.5,0.7777777777777778,1.92,0.16666666666666666,-0.16666666666666666,0.6666666666666666,3.8333333333333335,0.5714285714285714,-0.03755868544600939,-0.5,1.0,0.5
330,0.2857142857142857,0.3333333333333333,0.8571428571428571,0.0,-0.5,-0.19047619047619047,0.2857142857142857,-0.2,-0.3333333333333333,-0.42857142857142855,-0.2857142857142857,-0.5,-0.3333333333333333,0.0,0.16666666666666666,-0.42857142857142855,1.0,-0.3333333333333333,1.0,-0.17777777777777778,1.2857142857142858,-0.2857142857142857,1.0,0.16666666666666666,-0.1,-0.16666666666666666,1.5,1.41796875,1.1666666666666667,-0.42857142857142855,2.5714285714285716,1.5,-0.4,-0.5,-0.2857142857142857,-0.12,-0.32,-0.125,-0.3333333333333333,0.16666666666666666,0.6666666666666666,0.7766990291262136,0.7142857142857143,-0.42857142857142855,0.5,-0.3333333333333333,0.8571428571428571,0.0,0.3333333333333333,-0.4,-0.3333333333333333,0.7,0.8,-0.14285714285714285,-0.1,0.35555555555555557,1.6666666666666667,-0.5,0.9523809523809523,0.14285714285714285,-0.42857142857142855,0.7142857142857143,-0.2,1.5,-0.25,3.2857142857142856,0.6666666666666666,-0.42857142857142855,1.6666666666666667,-0.5,-0.14285714285714285,0.5,-0.2857142857142857,0.2857142857142857,-0.42857142857142855,-0.3333333333333333,-0.3333333333333333,0.5,1.1428571428571428,0.5714285714285714,1.5454545454545454,0.42857142857142855,0.16666666666666666,1.0,-0.3333333333333333,-0.36363636363636365,0.0,-0.3333333333333333,-0.5,0.1111111111111111,-0.48,1.8333333333333333,0.16666666666666666,-0.3333333333333333,0.16666666666666666,0.8571428571428571,-0.056338028169014086,2.1666666666666665,-0.16666666666666666,0.16666666666666666
331,1.7142857142857142,-0.3333333333333333,0.7142857142857143,-0.3333333333333333,-0.5,1.3333333333333333,0.0,-0.4,1.3333333333333333,-0.42857142857142855,0.42857142857142855,0.8333333333333334,1.1666666666666667,-0.3333333333333333,5.666666666666667,0.0,3.4285714285714284,1.3333333333333333,1.8571428571428572,1.9555555555555555,-0.14285714285714285,0.8571428571428571,-0.3333333333333333,1.8333333333333333,0.0,-0.5,0.16666666666666666,1.16015625,0.6666666666666666,0.5714285714285714,0.14285714285714285,-0.16666666666666666,2.8,-0.5,-0.14285714285714285,0.12,2.56,2.25,-0.5,0.8333333333333334,0.5,1.0970873786407767,1.8571428571428572,1.2857142857142858,-0.16666666666666666,0.16666666666666666,-0.14285714285714285,-0.16666666666666666,1.3333333333333333,1.4,-0.3333333333333333,0.6,2.0,-0.2857142857142857,-0.3,-0.17777777777777778,-0.3333333333333333,-0.3333333333333333,1.5238095238095237,-0.2857142857142857,-0.42857142857142855,-0.2857142857142857,1.4,-0.16666666666666666,-0.375,1.1428571428571428,-0.16666666666666666,0.0,-0.16666666666666666,1.0,-0.14285714285714285,-0.08333333333333333,3.0,0.7142857142857143,-0.42857142857142855,-0.3333333333333333,0.5833333333333334,3.5,-0.2857142857142857,-0.42857142857142855,-0.2727272727272727,1.2857142857142858,-0.3333333333333333,-0.16666666666666666,3.1666666666666665,-0.36363636363636365,-0.2222222222222222,0.8333333333333334,-0.5,0.5555555555555556,-0.16,0.3333333333333333,-0.16666666666666666,-0.25,1.1666666666666667,-0.42857142857142855,-0.09389671361502347,-0.3333333333333333,-0.16666666666666666,-0.3333333333333333
332,0.7142857142857143,-0.5,-0.42857142857142855,0.16666666666666666,0.6666666666666666,0.0,-0.42857142857142855,-0.2,0.16666666666666666,-0.42857142857142855,0.8571428571428571,0.3333333333333333,0.16666666666666666,-0.16666666666666666,1.0,0.5714285714285714,0.2857142857142857,0.0,1.8571428571428572,-0.08888888888888889,-0.2857142857142857,0.0,-0.3333333333333333,-0.3333333333333333,0.1,-0.3333333333333333,1.0,0.76171875,0.0,-0.42857142857142855,-0.14285714285714285,0.6666666666666666,0.6,0.3333333333333333,0.5714285714285714,-0.2,-0.32,1.625,-0.3333333333333333,-0.3333333333333333,0.16666666666666666,0.7475728155339806,-0.2857142857142857,0.5714285714285714,-0.16666666666666666,0.8333333333333334,0.14285714285714285,-0.5,-0.3333333333333333,-0.2,2.6666666666666665,0.5,-0.2,0.5714285714285714,-0.3,1.1555555555555554,-0.16666666666666666,0.0,-0.5714285714285714,-0.2857142857142857,0.0,0.5714285714285714,1.6,-0.16666666666666666,-0.375,-0.2857142857142857,-0.16666666666666666,0.2857142857142857,-0.16666666666666666,-0.16666666666666666,1.2857142857142858,0.25,-0.2857142857142857,2.142857142857143,1.0,0.16666666666666666,0.5,0.8333333333333334,0.14285714285714285,-0.2857142857142857,-0.2727272727272727,-0.2857142857142857,0.0,1.5,-0.16666666666666666,-0.18181818181818182,1.6666666666666667,-0.3333333333333333,-0.5,0.5555555555555556,0.64,0.8333333333333334,0.16666666666666666,0.0,-0.16666666666666666,1.0,-0.09389671361502347,0.0,0.16666666666666666,0.0
333,0.5714285714285714,-0.5,1.1428571428571428,-0.3333333333333333,-0.5,-0.5714285714285714,0.2857142857142857,0.8,0.0,-0.2857142857142857,0.14285714285714285,0.16666666666666666,1.1666666666666667,-0.5,0.6666666666666666,-0.42857142857142855,3.5714285714285716,0.3333333333333333,-0.2857142857142857,-0.17777777777777778,-0.42857142857142855,0.2857142857142857,0.0,-0.16666666666666666,2.3,0.0,0.16666666666666666,0.80078125,2.0,1.2857142857142858,-0.2857142857142857,0.3333333333333333,0.6,-0.16666666666666666,-0.2857142857142857,-0.2,1.44,1.5,1.0,-0.3333333333333333,-0.5,1.6504854368932038,0.14285714285714285,-0.14285714285714285,1.1666666666666667,0.8333333333333334,1.5714285714285714,-0.3333333333333333,0.6666666666666666,1.4,0.3333333333333333,0.4,2.8,0.14285714285714285,0.6,-0.35555555555555557,-0.16666666666666666,0.3333333333333333,-0.5714285714285714,1.2857142857142858,1.5714285714285714,2.4285714285714284,-0.2,1.1666666666666667,-0.125,-0.2857142857142857,3.6666666666666665,0.7142857142857143,0.16666666666666666,-0.5,1.0,0.8333333333333334,0.14285714285714285,-0.2857142857142857,-0.42857142857142855,1.3333333333333333,-0.25,0.6666666666666666,-0.2857142857142857,-0.2857142857142857,-0.36363636363636365,2.0,-0.3333333333333333,-0.16666666666666666,-0.3333333333333333,1.0,0.0,-0.3333333333333333,-0.16666666666666666,0.0,0.32,0.0,3.5,-0.25,0.6666666666666666,0.14285714285714285,0.056338028169014086,0.0,1.0,-0.16666666666666666
334,0.0,-0.5,0.5714285714285714,2.0,-0.16666666666666666,-0.5714285714285714,0.42857142857142855,-0.4,-0.3333333333333333,0.0,-0.2857142857142857,0.16666666666666666,0.16666666666666666,-0.16666666666666666,-0.16666666666666666,0.0,-0.14285714285714285,1.0,0.42857142857142855,0.8,-0.42857142857142855,0.42857142857142855,5.0,7.333333333333333,0.3,2.6666666666666665,-0.3333333333333333,1.23046875,1.3333333333333333,-0.42857142857142855,2.0,-0.3333333333333333,-0.6,-0.5,0.2857142857142857,-0.16,-0.16,1.125,-0.5,1.0,-0.16666666666666666,1.1553398058252426,-0.2857142857142857,1.1428571428571428,-0.5,1.5,0.5714285714285714,-0.5,2.5,-0.2,-0.16666666666666666,-0.3,-0.6,-0.14285714285714285,-0.3,-0.08888888888888889,1.6666666666666667,1.6666666666666667,-0.5714285714285714,0.0,0.5714285714285714,0.2857142857142857,2.8,0.8333333333333334,-0.375,3.7142857142857144,1.6666666666666667,-0.42857142857142855,0.3333333333333333,-0.16666666666666666,-0.2857142857142857,-0.25,-0.2857142857142857,1.1428571428571428,-0.2857142857142857,-0.3333333333333333,-0.3333333333333333,3.0,0.14285714285714285,0.2857142857142857,-0.2727272727272727,0.5714285714285714,-0.16666666666666666,-0.3333333333333333,0.16666666666666666,0.09090909090909091,0.3333333333333333,1.0,0.0,-0.1111111111111111,-0.48,0.6666666666666666,1.0,0.08333333333333333,-0.16666666666666666,-0.42857142857142855,-0.07511737089201878,0.0,2.6666666666666665,-0.3333333333333333
335,-0.2857142857142857,-0.3333333333333333,1.4285714285714286,0.0,0.3333333333333333,2.4761904761904763,-0.14285714285714285,-0.4,0.16666666666666666,1.5714285714285714,0.2857142857142857,2.0,2.0,0.3333333333333333,0.0,-0.2857142857142857,-0.14285714285714285,0.5,-0.2857142857142857,-0.17777777777777778,0.0,-0.14285714285714285,0.8333333333333334,0.0,-0.2,-0.3333333333333333,-0.3333333333333333,1.57421875,-0.5,3.4285714285714284,-0.2857142857142857,-0.5,1.8,-0.3333333333333333,1.0,-0.12,-0.16,-0.25,-0.16666666666666666,0.5,-0.5,1.0485436893203883,-0.2857142857142857,-0.42857142857142855,1.8333333333333333,1.0,2.857142857142857,1.1666666666666667,0.16666666666666666,-0.6,0.3333333333333333,0.2,2.0,-0.42857142857142855,0.4,0.5333333333333333,-0.3333333333333333,-0.3333333333333333,0.9523809523809523,0.14285714285714285,-0.42857142857142855,0.14285714285714285,-0.2,0.16666666666666666,1.0,-0.2857142857142857,1.6666666666666667,-0.42857142857142855,-0.16666666666666666,0.3333333333333333,-0.2857142857142857,0.3333333333333333,1.5714285714285714,1.5714285714285714,-0.42857142857142855,-0.3333333333333333,0.4166666666666667,1.6666666666666667,-0.2857142857142857,0.2857142857142857,1.9090909090909092,-0.2857142857142857,0.0,-0.16666666666666666,-0.3333333333333333,0.6363636363636364,0.0,-0.3333333333333333,-0.3333333333333333,-0.2222222222222222,0.48,0.5,-0.5,-0.25,0.16666666666666666,0.7142857142857143,0.13145539906103287,-0.5,4.666666666666667,2.0
336,0.14285714285714285,0.16666666666666666,0.0,-0.3333333333333333,1.3333333333333333,0.5714285714285714,-0.2857142857142857,-0.2,1.5,1.0,1.0,0.5,-0.3333333333333333,1.0,2.6666666666666665,-0.42857142857142855,-0.2857142857142857,0.16666666666666666,1.7142857142857142,1.3333333333333333,0.0,-0.42857142857142855,-0.16666666666666666,0.0,0.2,0.16666666666666666,-0.3333333333333333,0.42578125,0.6666666666666666,-0.14285714285714285,-0.14285714285714285,-0.5,3.2,-0.16666666666666666,3.0,0.0,-0.16,0.375,-0.5,-0.3333333333333333,0.5,1.5436893203883495,0.8571428571428571,0.5714285714285714,0.16666666666666666,1.5,2.4285714285714284,0.0,-0.3333333333333333,-0.6,0.3333333333333333,-0.2,-0.4,-0.2857142857142857,-0.3,-0.35555555555555557,0.16666666666666666,-0.5,3.238095238095238,-0.2857142857142857,0.42857142857142855,-0.2857142857142857,0.4,0.0,-0.125,2.2857142857142856,-0.3333333333333333,-0.42857142857142855,0.3333333333333333,1.6666666666666667,1.0,1.5,0.14285714285714285,0.5714285714285714,0.14285714285714285,0.16666666666666666,0.3333333333333333,-0.5,-0.14285714285714285,0.42857142857142855,-0.2727272727272727,-0.2857142857142857,-0.16666666666666666,-0.3333333333333333,2.0,1.0,0.8888888888888888,5.166666666666667,0.6666666666666666,-0.3333333333333333,-0.16,0.16666666666666666,-0.5,0.16666666666666666,-0.16666666666666666,0.42857142857142855,0.018779342723004695,-0.5,-0.3333333333333333,0.16666666666666666
337,-0.2857142857142857,-0.16666666666666666,0.14285714285714285,-0.16666666666666666,-0.3333333333333333,-0.19047619047619047,1.4285714285714286,-0.4,2.5,0.2857142857142857,-0.42857142857142855,0.16666666666666666,-0.3333333333333333,-0.3333333333333333,-0.3333333333333333,0.14285714285714285,0.42857142857142855,0.3333333333333333,0.5714285714285714,-0.35555555555555557,-0.2857142857142857,0.0,-0.16666666666666666,-0.3333333333333333,-0.3,-0.5,-0.5,0.58984375,1.6666666666666667,0.5714285714285714,1.8571428571428572,0.5,-0.6,1.5,-0.2857142857142857,0.36,2.08,-0.25,-0.3333333333333333,0.6666666666666666,-0.5,1.1941747572815533,0.14285714285714285,0.2857142857142857,-0.5,-0.16666666666666666,0.8571428571428571,0.3333333333333333,-0.3333333333333333,-0.4,1.0,-0.1,0.0,0.7142857142857143,0.7,-0.35555555555555557,6.0,1.0,-0.38095238095238093,-0.2857142857142857,-0.2857142857142857,3.142857142857143,-0.2,-0.16666666666666666,0.5,-0.14285714285714285,1.3333333333333333,2.5714285714285716,-0.3333333333333333,-0.5,0.42857142857142855,-0.16666666666666666,-0.14285714285714285,-0.14285714285714285,0.0,1.8333333333333333,-0.25,0.6666666666666666,0.14285714285714285,3.857142857142857,-0.36363636363636365,1.1428571428571428,1.1666666666666667,1.0,0.8333333333333334,-0.18181818181818182,1.6666666666666667,0.3333333333333333,1.1666666666666667,-0.3333333333333333,-0.48,0.0,-0.5,0.08333333333333333,0.0,-0.2857142857142857,-0.018779342723004695,2.1666666666666665,0.3333333333333333,-0.16666666666666666
338,1.4285714285714286,0.16666666666666666,1.4285714285714286,0.16666666666666666,-0.5,0.5714285714285714,0.7142857142857143,0.6,-0.3333333333333333,-0.42857142857142855,0.2857142857142857,-0.5,-0.3333333333333333,-0.3333333333333333,-0.3333333333333333,0.0,-0.2857142857142857,2.3333333333333335,3.857142857142857,-0.26666666666666666,-0.14285714285714285,0.2857142857142857,0.16666666666666666,2.0,-0.3,1.8333333333333333,2.0,1.40234375,2.1666666666666665,-0.42857142857142855,-0.2857142857142857,0.3333333333333333,-0.6,-0.5,-0.14285714285714285,0.0,-0.32,-0.25,1.3333333333333333,0.16666666666666666,-0.3333333333333333,0.6990291262135923,-0.2857142857142857,2.142857142857143,-0.16666666666666666,0.8333333333333334,-0.2857142857142857,2.6666666666666665,0.3333333333333333,1.4,-0.16666666666666666,0.0,-0.2,-0.42857142857142855,-0.1,-0.26666666666666666,-0.16666666666666666,-0.16666666666666666,0.0,-0.2857142857142857,-0.42857142857142855,0.2857142857142857,0.2,-0.3333333333333333,-0.25,0.5714285714285714,0.0,0.8571428571428571,1.8333333333333333,-0.16666666666666666,-0.2857142857142857,1.4166666666666667,-0.2857142857142857,0.14285714285714285,-0.42857142857142855,0.8333333333333334,0.16666666666666666,0.3333333333333333,-0.2857142857142857,-0.14285714285714285,1.9090909090909092,0.0,1.0,0.3333333333333333,1.1666666666666667,1.2727272727272727,-0.1111111111111111,1.0,1.6666666666666667,1.5555555555555556,0.16,-0.3333333333333333,-0.5,2.3333333333333335,0.8333333333333334,1.2857142857142858,-0.09389671361502347,0.3333333333333333,-0.3333333333333333,0.6666666666666666
339,0.0,0.6666666666666666,1.0,0.3333333333333333,1.0,-0.38095238095238093,0.0,1.4,1.3333333333333333,-0.42857142857142855,-0.42857142857142855,0.3333333333333333,1.3333333333333333,-0.16666666666666666,0.0,-0.14285714285714285,-0.2857142857142857,0.0,0.14285714285714285,1.1555555555555554,0.14285714285714285,-0.2857142857142857,0.3333333333333333,-0.16666666666666666,0.1,-0.16666666666666666,1.1666666666666667,0.47265625,-0.3333333333333333,-0.2857142857142857,-0.2857142857142857,-0.16666666666666666,-0.6,1.1666666666666667,1.8571428571428572,-0.16,0.0,1.25,0.8333333333333334,-0.16666666666666666,-0.16666666666666666,0.8252427184466019,0.2857142857142857,0.0,-0.5,1.6666666666666667,2.4285714285714284,0.6666666666666666,1.1666666666666667,-0.2,1.5,0.6,-0.4,2.4285714285714284,-0.3,-0.08888888888888889,0.3333333333333333,-0.5,0.38095238095238093,-0.2857142857142857,0.7142857142857143,-0.42857142857142855,0.6,0.5,1.625,1.0,-0.3333333333333333,0.7142857142857143,-0.3333333333333333,0.0,-0.2857142857142857,-0.08333333333333333,-0.2857142857142857,1.7142857142857142,0.8571428571428571,2.0,-0.16666666666666666,-0.16666666666666666,-0.2857142857142857,-0.14285714285714285,-0.2727272727272727,-0.2857142857142857,-0.16666666666666666,2.6666666666666665,-0.3333333333333333,-0.09090909090909091,0.0,-0.3333333333333333,0.16666666666666666,-0.2222222222222222,1.28,0.16666666666666666,1.3333333333333333,0.6666666666666666,-0.3333333333333333,0.0,-0.07511737089201878,-0.3333333333333333,0.16666666666666666,-0.16666666666666666
340,-0.14285714285714285,1.5,-0.2857142857142857,-0.3333333333333333,0.0,0.7619047619047619,3.4285714285714284,4.8,4.333333333333333,-0.42857142857142855,-0.42857142857142855,0.16666666666666666,-0.3333333333333333,0.16666666666666666,-0.3333333333333333,0.14285714285714285,-0.2857142857142857,-0.16666666666666666,0.5714285714285714,-0.08888888888888889,-0.42857142857142855,-0.2857142857142857,2.0,-0.3333333333333333,0.0,0.16666666666666666,-0.3333333333333333,0.78515625,-0.3333333333333333,0.42857142857142855,0.5714285714285714,0.16666666666666666,1.0,-0.5,0.2857142857142857,-0.12,1.28,-0.125,-0.5,-0.3333333333333333,-0.5,0.7572815533980582,1.1428571428571428,-0.42857142857142855,1.6666666666666667,-0.16666666666666666,-0.42857142857142855,-0.5,-0.3333333333333333,0.0,-0.3333333333333333,0.6,0.2,1.2857142857142858,0.8,0.9777777777777777,2.1666666666666665,-0.5,-0.5714285714285714,-0.14285714285714285,0.5714285714285714,-0.42857142857142855,0.4,0.3333333333333333,0.5,0.14285714285714285,0.16666666666666666,-0.14285714285714285,0.0,1.5,-0.2857142857142857,0.5833333333333334,-0.14285714285714285,0.0,-0.42857142857142855,0.8333333333333334,-0.08333333333333333,-0.5,0.5714285714285714,1.7142857142857142,-0.09090909090909091,-0.2857142857142857,2.1666666666666665,0.6666666666666666,-0.3333333333333333,-0.18181818181818182,0.0,-0.16666666666666666,0.0,0.4444444444444444,2.24,0.6666666666666666,0.8333333333333334,-0.3333333333333333,0.8333333333333334,0.2857142857142857,-0.09389671361502347,0.3333333333333333,-0.3333333333333333,3.5
341,-0.42857142857142855,0.5,-0.2857142857142857,-0.3333333333333333,0.8333333333333334,0.7619047619047619,1.5714285714285714,0.2,-0.3333333333333333,0.14285714285714285,2.142857142857143,0.0,-0.3333333333333333,-0.5,-0.3333333333333333,0.14285714285714285,0.5714285714285714,0.0,1.1428571428571428,-0.26666666666666666,-0.2857142857142857,0.14285714285714285,0.5,1.5,-0.3,-0.5,0.8333333333333334,0.87890625,2.0,0.5714285714285714,1.7142857142857142,1.5,2.4,-0.5,0.5714285714285714,-0.2,0.0,0.25,1.3333333333333333,-0.16666666666666666,0.16666666666666666,1.4077669902912622,0.14285714285714285,-0.14285714285714285,1.1666666666666667,-0.3333333333333333,-0.42857142857142855,0.3333333333333333,0.3333333333333333,0.0,2.5,-0.3,-0.6,-0.42857142857142855,-0.3,-0.08888888888888889,-0.3333333333333333,0.3333333333333333,0.38095238095238093,0.14285714285714285,0.8571428571428571,0.2857142857142857,-0.2,-0.3333333333333333,1.125,-0.2857142857142857,-0.3333333333333333,-0.42857142857142855,1.0,-0.16666666666666666,0.14285714285714285,-0.25,-0.2857142857142857,0.5714285714285714,-0.14285714285714285,-0.3333333333333333,0.08333333333333333,-0.3333333333333333,-0.2857142857142857,0.14285714285714285,1.9090909090909092,-0.14285714285714285,0.16666666666666666,1.5,3.1666666666666665,0.45454545454545453,-0.3333333333333333,1.5,-0.16666666666666666,0.1111111111111111,1.28,0.3333333333333333,-0.5,0.6666666666666666,0.5,-0.42857142857142855,-0.07511737089201878,0.16666666666666666,0.16666666666666666,-0.16666666666666666
342,0.5714285714285714,-0.5,-0.42857142857142855,0.0,-0.5,-0.5714285714285714,-0.42857142857142855,-0.2,-0.3333333333333333,1.2857142857142858,0.0,-0.3333333333333333,0.3333333333333333,2.3333333333333335,4.666666666666667,0.14285714285714285,0.8571428571428571,0.0,0.0,0.6222222222222222,0.8571428571428571,2.142857142857143,0.3333333333333333,1.0,1.2,0.5,2.1666666666666665,0.94921875,1.0,0.2857142857142857,0.0,-0.16666666666666666,-0.4,-0.3333333333333333,-0.2857142857142857,0.2,0.0,0.125,0.6666666666666666,-0.16666666666666666,-0.5,1.4757281553398058,0.8571428571428571,-0.14285714285714285,-0.5,-0.16666666666666666,-0.2857142857142857,-0.3333333333333333,0.16666666666666666,1.2,0.0,0.5,1.0,-0.2857142857142857,-0.2,-0.17777777777777778,0.3333333333333333,0.6666666666666666,1.3333333333333333,-0.14285714285714285,0.8571428571428571,-0.2857142857142857,-0.2,-0.5,0.75,2.5714285714285716,-0.16666666666666666,-0.2857142857142857,5.333333333333333,0.6666666666666666,0.0,-0.08333333333333333,-0.2857142857142857,-0.2857142857142857,-0.42857142857142855,1.0,0.25,-0.5,-0.2857142857142857,-0.42857142857142855,-0.09090909090909091,0.0,-0.3333333333333333,-0.16666666666666666,-0.16666666666666666,-0.36363636363636365,0.4444444444444444,3.8333333333333335,0.3333333333333333,0.2222222222222222,0.8,0.8333333333333334,0.16666666666666666,-0.25,-0.3333333333333333,2.142857142857143,-0.07511737089201878,1.5,-0.3333333333333333,0.0
343,-0.2857142857142857,-0.3333333333333333,-0.42857142857142855,-0.3333333333333333,0.16666666666666666,-0.5714285714285714,-0.42857142857142855,0.8,-0.3333333333333333,-0.42857142857142855,1.4285714285714286,1.0,-0.3333333333333333,-0.3333333333333333,1.0,0.0,-0.2857142857142857,1.8333333333333333,1.0,-0.35555555555555557,0.0,-0.2857142857142857,-0.16666666666666666,-0.3333333333333333,-0.1,-0.5,1.1666666666666667,0.52734375,1.8333333333333333,-0.42857142857142855,0.14285714285714285,0.3333333333333333,0.4,2.3333333333333335,-0.2857142857142857,-0.2,0.0,-0.125,0.16666666666666666,0.0,-0.5,0.9514563106796117,2.142857142857143,-0.42857142857142855,0.0,1.1666666666666667,0.0,2.1666666666666665,1.6666666666666667,-0.6,0.8333333333333334,-0.3,1.2,0.0,-0.3,0.08888888888888889,1.1666666666666667,-0.5,0.5714285714285714,-0.14285714285714285,2.5714285714285716,0.8571428571428571,4.8,0.3333333333333333,0.125,-0.2857142857142857,-0.3333333333333333,-0.42857142857142855,0.0,1.0,-0.2857142857142857,-0.08333333333333333,-0.2857142857142857,1.1428571428571428,-0.2857142857142857,2.1666666666666665,1.5833333333333333,2.8333333333333335,-0.2857142857142857,-0.2857142857142857,-0.36363636363636365,0.5714285714285714,-0.16666666666666666,-0.16666666666666666,1.8333333333333333,1.0,-0.3333333333333333,1.6666666666666667,-0.5,-0.3333333333333333,3.52,0.16666666666666666,1.1666666666666667,-0.08333333333333333,1.1666666666666667,1.1428571428571428,-0.056338028169014086,-0.5,0.6666666666666666,0.0
344,-0.42857142857142855,0.0,-0.42857142857142855,1.0,0.6666666666666666,-0.5714285714285714,-0.42857142857142855,0.6,-0.16666666666666666,1.1428571428571428,0.7142857142857143,-0.5,-0.3333333333333333,-0.5,0.8333333333333334,0.5714285714285714,5.285714285714286,-0.3333333333333333,-0.2857142857142857,0.17777777777777778,-0.2857142857142857,-0.14285714285714285,-0.3333333333333333,0.6666666666666666,0.0,-0.16666666666666666,0.0,0.98828125,0.0,-0.42857142857142855,0.7142857142857143,-0.3333333333333333,0.6,-0.3333333333333333,2.7142857142857144,0.08,0.32,-0.125,0.8333333333333334,-0.3333333333333333,-0.3333333333333333,1.0970873786407767,0.2857142857142857,0.14285714285714285,-0.5,0.3333333333333333,0.14285714285714285,1.3333333333333333,-0.16666666666666666,2.6,0.5,-0.3,-0.2,1.7142857142857142,0.0,-0.35555555555555557,1.8333333333333333,1.1666666666666667,-0.5714285714285714,-0.2857142857142857,1.1428571428571428,-0.42857142857142855,-0.6,0.5,-0.125,-0.2857142857142857,-0.3333333333333333,-0.2857142857142857,3.0,0.16666666666666666,0.14285714285714285,-0.25,-0.14285714285714285,1.5714285714285714,-0.42857142857142855,0.5,-0.3333333333333333,-0.5,-0.2857142857142857,-0.42857142857142855,0.2727272727272727,0.2857142857142857,1.5,0.16666666666666666,1.5,-0.18181818181818182,0.8888888888888888,1.3333333333333333,0.16666666666666666,-0.3333333333333333,0.16,1.5,-0.5,-0.3333333333333333,1.3333333333333333,-0.14285714285714285,-0.09389671361502347,-0.3333333333333333,-0.16666666666666666,1.5
345,-0.42857142857142855,0.8333333333333334,-0.14285714285714285,-0.16666666666666666,1.5,0.0,1.0,0.0,0.16666666666666666,-0.2857142857142857,0.0,0.16666666666666666,-0.3333333333333333,-0.5,2.1666666666666665,2.0,-0.2857142857142857,0.3333333333333333,0.2857142857142857,2.2222222222222223,-0.42857142857142855,-0.42857142857142855,1.5,-0.3333333333333333,0.1,-0.3333333333333333,1.3333333333333333,1.43359375,-0.3333333333333333,0.0,0.2857142857142857,0.6666666666666666,-0.6,0.16666666666666666,0.0,0.24,-0.16,0.875,0.16666666666666666,-0.3333333333333333,-0.5,0.8155339805825242,0.5714285714285714,1.1428571428571428,0.0,-0.16666666666666666,-0.42857142857142855,2.0,0.0,-0.4,0.0,0.8,1.8,0.0,-0.2,0.08888888888888889,1.0,-0.5,-0.5714285714285714,-0.2857142857142857,-0.42857142857142855,2.857142857142857,0.0,-0.16666666666666666,-0.125,-0.2857142857142857,-0.3333333333333333,-0.42857142857142855,-0.3333333333333333,1.0,0.8571428571428571,0.0,-0.14285714285714285,0.8571428571428571,0.0,-0.3333333333333333,-0.3333333333333333,-0.5,-0.2857142857142857,4.428571428571429,-0.36363636363636365,5.714285714285714,-0.3333333333333333,0.0,-0.3333333333333333,0.0,0.6666666666666666,-0.3333333333333333,4.0,-0.3333333333333333,-0.48,0.3333333333333333,-0.3333333333333333,1.3333333333333333,-0.3333333333333333,0.0,-0.09389671361502347,0.0,-0.3333333333333333,-0.16666666666666666
346,1.5714285714285714,-0.5,-0.2857142857142857,-0.3333333333333333,1.5,0.0,-0.42857142857142855,4.4,0.16666666666666666,1.2857142857142858,1.7142857142857142,-0.16666666666666666,0.5,0.0,0.3333333333333333,0.8571428571428571,0.14285714285714285,-0.3333333333333333,-0.2857142857142857,0.26666666666666666,-0.42857142857142855,0.14285714285714285,-0.3333333333333333,0.16666666666666666,-0.3,0.3333333333333333,0.0,1.07421875,-0.5,2.0,0.8571428571428571,-0.5,-0.6,-0.5,0.7142857142857143,0.28,-0.16,4.375,0.6666666666666666,-0.3333333333333333,0.6666666666666666,1.796116504854369,1.0,-0.14285714285714285,-0.3333333333333333,0.3333333333333333,0.14285714285714285,0.3333333333333333,0.16666666666666666,-0.2,0.3333333333333333,0.2,1.4,2.857142857142857,0.7,-0.35555555555555557,1.3333333333333333,1.1666666666666667,2.6666666666666665,0.14285714285714285,-0.42857142857142855,0.42857142857142855,0.4,0.0,0.125,-0.14285714285714285,1.0,0.14285714285714285,0.3333333333333333,-0.5,1.8571428571428572,2.8333333333333335,2.4285714285714284,-0.14285714285714285,-0.42857142857142855,-0.3333333333333333,0.16666666666666666,-0.16666666666666666,1.2857142857142858,0.5714285714285714,-0.2727272727272727,0.0,0.16666666666666666,2.6666666666666665,2.0,-0.2727272727272727,-0.2222222222222222,-0.16666666666666666,2.3333333333333335,-0.2222222222222222,0.0,0.6666666666666666,0.3333333333333333,0.0,-0.3333333333333333,0.0,0.22535211267605634,2.1666666666666665,0.0,2.5
347,-0.2857142857142857,-0.5,-0.14285714285714285,1.3333333333333333,-0.3333333333333333,0.0,3.142857142857143,1.2,0.8333333333333334,-0.2857142857142857,0.14285714285714285,0.3333333333333333,1.0,0.8333333333333334,-0.16666666666666666,-0.42857142857142855,1.0,2.3333333333333335,2.0,-0.26666666666666666,0.5714285714285714,0.5714285714285714,-0.16666666666666666,-0.16666666666666666,-0.3,0.0,-0.3333333333333333,1.30859375,-0.3333333333333333,0.5714285714285714,0.14285714285714285,-0.5,-0.6,-0.16666666666666666,-0.14285714285714285,0.64,-0.32,0.125,-0.16666666666666666,1.8333333333333333,-0.5,0.970873786407767,-0.2857142857142857,3.5714285714285716,0.6666666666666666,3.8333333333333335,0.0,0.0,-0.3333333333333333,1.0,-0.3333333333333333,0.0,2.2,0.0,-0.3,-0.17777777777777778,-0.3333333333333333,1.6666666666666667,5.714285714285714,-0.2857142857142857,-0.14285714285714285,-0.2857142857142857,0.0,-0.16666666666666666,-0.375,2.7142857142857144,-0.3333333333333333,-0.42857142857142855,0.0,-0.3333333333333333,-0.2857142857142857,0.5,-0.2857142857142857,-0.2857142857142857,0.0,-0.3333333333333333,-0.3333333333333333,0.16666666666666666,-0.14285714285714285,0.2857142857142857,-0.2727272727272727,-0.14285714285714285,-0.3333333333333333,-0.16666666666666666,-0.3333333333333333,0.18181818181818182,-0.1111111111111111,1.0,0.0,-0.3333333333333333,0.0,3.3333333333333335,-0.5,0.6666666666666666,0.8333333333333334,-0.2857142857142857,0.03755868544600939,0.0,1.3333333333333333,0.16666666666666666
348,-0.42857142857142855,0.6666666666666666,-0.42857142857142855,0.0,1.3333333333333333,-0.5714285714285714,-0.42857142857142855,-0.4,0.0,-0.14285714285714285,-0.42857142857142855,-0.16666666666666666,0.3333333333333333,2.0,-0.16666666666666666,0.2857142857142857,-0.14285714285714285,-0.16666666666666666,0.2857142857142857,-0.26666666666666666,1.5714285714285714,0.2857142857142857,-0.3333333333333333,-0.3333333333333333,-0.3,-0.3333333333333333,-0.16666666666666666,0.69140625,0.5,-0.42857142857142855,0.2857142857142857,-0.16666666666666666,2.6,0.6666666666666666,0.42857142857142855,-0.16,-0.16,-0.25,-0.3333333333333333,-0.3333333333333333,-0.3333333333333333,1.0,2.0,1.0,2.5,-0.16666666666666666,0.8571428571428571,1.5,2.0,-0.4,0.8333333333333334,-0.3,-0.6,0.14285714285714285,0.1,0.8,0.16666666666666666,-0.5,1.9047619047619047,0.2857142857142857,0.7142857142857143,-0.2857142857142857,2.0,2.5,-0.375,2.7142857142857144,0.3333333333333333,-0.2857142857142857,0.0,-0.16666666666666666,-0.14285714285714285,-0.16666666666666666,0.14285714285714285,-0.2857142857142857,-0.42857142857142855,-0.3333333333333333,-0.3333333333333333,0.8333333333333334,0.0,-0.42857142857142855,-0.09090909090909091,0.5714285714285714,0.3333333333333333,-0.3333333333333333,0.3333333333333333,0.0,-0.3333333333333333,1.3333333333333333,-0.16666666666666666,0.8888888888888888,-0.48,-0.16666666666666666,-0.3333333333333333,1.75,2.3333333333333335,0.14285714285714285,-0.056338028169014086,-0.3333333333333333,-0.3333333333333333,-0.3333333333333333
349,-0.42857142857142855,-0.3333333333333333,1.2857142857142858,1.3333333333333333,-0.3333333333333333,-0.38095238095238093,2.2857142857142856,-0.4,-0.3333333333333333,-0.14285714285714285,-0.42857142857142855,-0.16666666666666666,-0.16666666666666666,-0.5,2.1666666666666665,0.14285714285714285,-0.2857142857142857,0.5,-0.2857142857142857,-0.17777777777777778,-0.14285714285714285,1.2857142857142858,3.1666666666666665,0.16666666666666666,1.2,0.3333333333333333,-0.5,0.96484375,0.8333333333333334,-0.2857142857142857,0.2857142857142857,-0.3333333333333333,-0.4,0.3333333333333333,0.2857142857142857,-0.2,-0.32,-0.25,2.1666666666666665,-0.3333333333333333,1.5,1.2815533980582525,0.42857142857142855,2.0,0.0,0.5,-0.2857142857142857,-0.16666666666666666,1.3333333333333333,0.4,0.3333333333333333,0.8,-0.4,-0.42857142857142855,-0.1,-0.26666666666666666,-0.16666666666666666,0.0,-0.19047619047619047,0.0,-0.42857142857142855,-0.42857142857142855,0.4,-0.3333333333333333,-0.375,0.0,0.6666666666666666,0.7142857142857143,-0.16666666666666666,0.16666666666666666,0.14285714285714285,0.08333333333333333,0.14285714285714285,0.2857142857142857,-0.14285714285714285,0.6666666666666666,0.08333333333333333,0.3333333333333333,0.0,0.2857142857142857,-0.2727272727272727,-0.2857142857142857,1.1666666666666667,1.0,-0.3333333333333333,-0.09090909090909091,1.0,0.5,1.5,-0.3333333333333333,-0.32,3.0,0.8333333333333334,-0.16666666666666666,0.6666666666666666,0.5714285714285714,-0.07511737089201878,2.5,-0.3333333333333333,1.1666666666666667
350,0.0,-0.3333333333333333,-0.2857142857142857,-0.16666666666666666,0.6666666666666666,-0.38095238095238093,0.14285714285714285,-0.4,-0.16666666666666666,-0.42857142857142855,-0.42857142857142855,0.0,-0.16666666666666666,1.3333333333333333,2.5,0.14285714285714285,0.7142857142857143,1.1666666666666667,1.7142857142857142,-0.35555555555555557,1.4285714285714286,-0.42857142857142855,0.0,0.3333333333333333,-0.1,-0.5,-0.5,0.94921875,-0.16666666666666666,-0.14285714285714285,0.14285714285714285,1.5,0.8,1.5,0.14285714285714285,-0.12,-0.32,-0.25,0.0,0.5,1.3333333333333333,0.6796116504854369,0.14285714285714285,0.5714285714285714,0.6666666666666666,-0.16666666666666666,-0.14285714285714285,-0.3333333333333333,0.0,0.2,-0.16666666666666666,0.7,0.6,-0.2857142857142857,0.7,-0.08888888888888889,1.0,0.0,-0.5714285714285714,0.5714285714285714,-0.2857142857142857,0.5714285714285714,1.6,-0.3333333333333333,0.25,1.1428571428571428,-0.3333333333333333,-0.42857142857142855,2.8333333333333335,3.6666666666666665,-0.14285714285714285,-0.25,1.0,0.0,0.14285714285714285,0.16666666666666666,-0.08333333333333333,0.5,-0.2857142857142857,0.2857142857142857,-0.2727272727272727,0.42857142857142855,0.0,-0.3333333333333333,-0.16666666666666666,0.09090909090909091,-0.2222222222222222,-0.3333333333333333,-0.16666666666666666,-0.3333333333333333,-0.32,-0.3333333333333333,-0.3333333333333333,1.0,5.0,-0.2857142857142857,-0.09389671361502347,-0.16666666666666666,0.6666666666666666,0.8333333333333334
351,-0.2857142857142857,-0.3333333333333333,1.0,0.16666666666666666,0.0,0.5714285714285714,4.0,0.0,0.6666666666666666,0.0,-0.14285714285714285,0.0,0.0,-0.5,0.5,-0.42857142857142855,-0.2857142857142857,1.6666666666666667,-0.2857142857142857,-0.35555555555555557,-0.42857142857142855,0.7142857142857143,2.1666666666666665,-0.16666666666666666,0.2,-0.3333333333333333,-0.5,1.27734375,0.5,0.5714285714285714,-0.2857142857142857,1.0,-0.6,-0.16666666666666666,-0.2857142857142857,0.12,1.76,-0.25,1.3333333333333333,-0.3333333333333333,0.16666666666666666,0.9514563106796117,0.2857142857142857,3.4285714285714284,-0.5,1.5,1.0,-0.5,0.16666666666666666,0.8,-0.3333333333333333,0.3,0.2,0.5714285714285714,0.1,0.0,-0.3333333333333333,-0.5,-0.38095238095238093,-0.14285714285714285,2.2857142857142856,-0.2857142857142857,0.0,-0.3333333333333333,0.25,-0.14285714285714285,-0.3333333333333333,-0.42857142857142855,1.3333333333333333,0.16666666666666666,-0.14285714285714285,0.08333333333333333,0.14285714285714285,-0.2857142857142857,0.0,0.6666666666666666,-0.08333333333333333,0.5,1.0,-0.42857142857142855,-0.36363636363636365,0.8571428571428571,1.3333333333333333,0.0,-0.3333333333333333,-0.36363636363636365,0.7777777777777778,0.6666666666666666,0.5,0.2222222222222222,0.0,2.6666666666666665,-0.5,0.6666666666666666,-0.3333333333333333,0.8571428571428571,-0.09389671361502347,-0.3333333333333333,2.0,-0.3333333333333333
352,0.0,-0.3333333333333333,-0.42857142857142855,-0.16666666666666666,-0.5,-0.5714285714285714,0.2857142857142857,0.0,1.6666666666666667,-0.42857142857142855,-0.42857142857142855,0.16666666666666666,-0.3333333333333333,0.0,-0.3333333333333333,-0.2857142857142857,1.1428571428571428,0.6666666666666666,0.0,-0.35555555555555557,1.0,2.142857142857143,1.8333333333333333,0.5,-0.2,1.3333333333333333,2.1666666666666665,0.97265625,0.3333333333333333,0.2857142857142857,3.0,0.6666666666666666,-0.6,0.5,1.4285714285714286,0.6,-0.16,1.875,-0.16666666666666666,-0.3333333333333333,-0.5,0.7572815533980582,2.2857142857142856,5.428571428571429,-0.3333333333333333,-0.16666666666666666,1.1428571428571428,0.5,0.0,-0.6,4.5,-0.3,-0.4,-0.42857142857142855,0.0,0.08888888888888889,-0.16666666666666666,0.3333333333333333,0.38095238095238093,-0.14285714285714285,-0.42857142857142855,1.1428571428571428,1.0,1.5,0.125,0.0,0.0,-0.42857142857142855,0.8333333333333334,1.1666666666666667,1.4285714285714286,0.3333333333333333,1.0,-0.14285714285714285,-0.42857142857142855,-0.16666666666666666,-0.25,-0.16666666666666666,1.2857142857142858,-0.42857142857142855,-0.09090909090909091,0.8571428571428571,-0.3333333333333333,-0.16666666666666666,0.16666666666666666,-0.18181818181818182,-0.2222222222222222,0.0,0.3333333333333333,-0.3333333333333333,0.8,0.16666666666666666,-0.3333333333333333,-0.3333333333333333,-0.16666666666666666,-0.42857142857142855,0.018779342723004695,1.0,0.16666666666666666,-0.3333333333333333
353,1.1428571428571428,0.0,-0.42857142857142855,6.0,-0.3333333333333333,-0.5714285714285714,-0.2857142857142857,-0.4,0.6666666666666666,0.0,-0.42857142857142855,1.0,0.16666666666666666,-0.3333333333333333,-0.16666666666666666,-0.2857142857142857,0.0,0.16666666666666666,0.2857142857142857,0.35555555555555557,-0.42857142857142855,0.2857142857142857,1.0,0.0,2.0,0.5,-0.5,0.56640625,0.0,-0.14285714285714285,2.0,3.0,-0.2,-0.5,0.0,-0.12,-0.16,-0.125,0.0,-0.16666666666666666,0.8333333333333334,0.6601941747572816,0.14285714285714285,0.14285714285714285,3.1666666666666665,-0.3333333333333333,0.0,-0.16666666666666666,1.3333333333333333,-0.2,-0.16666666666666666,2.3,0.0,0.5714285714285714,0.1,-0.26666666666666666,2.8333333333333335,0.3333333333333333,0.5714285714285714,0.8571428571428571,-0.2857142857142857,0.2857142857142857,-0.2,0.0,-0.25,-0.2857142857142857,0.0,0.42857142857142855,0.0,0.0,2.4285714285714284,-0.25,1.2857142857142858,0.0,-0.42857142857142855,1.0,1.1666666666666667,-0.5,0.2857142857142857,2.0,-0.36363636363636365,0.8571428571428571,1.3333333333333333,-0.3333333333333333,0.5,0.7272727272727273,1.3333333333333333,1.1666666666666667,2.6666666666666665,-0.2222222222222222,2.4,-0.3333333333333333,0.0,1.5,2.3333333333333335,0.14285714285714285,0.0,-0.3333333333333333,-0.3333333333333333,0.16666666666666666
354,-0.42857142857142855,2.0,0.2857142857142857,-0.3333333333333333,0.0,-0.5714285714285714,0.0,-0.4,0.0,1.4285714285714286,0.2857142857142857,-0.5,0.0,1.3333333333333333,-0.5,0.14285714285714285,5.571428571428571,-0.3333333333333333,0.8571428571428571,1.1555555555555554,1.1428571428571428,0.14285714285714285,0.0,0.0,-0.2,2.0,-0.5,0.95703125,-0.3333333333333333,-0.2857142857142857,-0.2857142857142857,-0.3333333333333333,1.0,0.0,1.8571428571428572,0.16,0.0,2.125,0.6666666666666666,-0.16666666666666666,-0.5,0.7864077669902912,0.5714285714285714,-0.42857142857142855,-0.5,-0.3333333333333333,-0.42857142857142855,-0.16666666666666666,0.6666666666666666,-0.6,0.8333333333333334,0.3,0.6,-0.42857142857142855,-0.3,0.08888888888888889,0.0,2.5,0.5714285714285714,0.2857142857142857,-0.2857142857142857,0.8571428571428571,3.8,0.0,0.75,1.7142857142857142,0.0,-0.2857142857142857,-0.3333333333333333,-0.5,-0.2857142857142857,0.75,-0.2857142857142857,-0.14285714285714285,1.2857142857142858,-0.16666666666666666,0.08333333333333333,1.8333333333333333,-0.2857142857142857,1.2857142857142858,0.8181818181818182,0.0,4.166666666666667,-0.3333333333333333,-0.3333333333333333,-0.18181818181818182,0.0,-0.16666666666666666,-0.5,-0.3333333333333333,4.48,-0.16666666666666666,0.16666666666666666,0.5833333333333334,0.5,-0.42857142857142855,-0.03755868544600939,-0.5,0.5,0.16666666666666666
355,-0.42857142857142855,-0.5,0.5714285714285714,0.3333333333333333,-0.16666666666666666,0.5714285714285714,-0.42857142857142855,2.4,0.3333333333333333,0.2857142857142857,0.0,-0.16666666666666666,0.5,1.0,0.6666666666666666,-0.42857142857142855,-0.14285714285714285,2.6666666666666665,0.2857142857142857,-0.35555555555555557,-0.42857142857142855,-0.42857142857142855,-0.3333333333333333,0.3333333333333333,0.0,-0.5,-0.3333333333333333,1.45703125,-0.16666666666666666,1.0,0.42857142857142855,0.8333333333333334,0.4,0.3333333333333333,0.8571428571428571,0.16,-0.16,-0.125,-0.16666666666666666,1.1666666666666667,-0.5,1.5825242718446602,1.1428571428571428,0.0,0.16666666666666666,0.5,-0.14285714285714285,-0.3333333333333333,0.8333333333333334,2.4,-0.16666666666666666,-0.3,-0.6,2.0,0.4,-0.35555555555555557,0.3333333333333333,0.6666666666666666,-0.19047619047619047,-0.2857142857142857,-0.2857142857142857,-0.2857142857142857,3.2,0.0,-0.25,-0.2857142857142857,-0.3333333333333333,-0.42857142857142855,0.16666666666666666,-0.5,1.7142857142857142,0.9166666666666666,0.0,0.0,-0.14285714285714285,1.8333333333333333,0.3333333333333333,0.8333333333333334,-0.2857142857142857,3.142857142857143,0.2727272727272727,0.0,-0.3333333333333333,1.1666666666666667,1.3333333333333333,-0.2727272727272727,0.0,1.8333333333333333,-0.16666666666666666,-0.3333333333333333,0.16,0.3333333333333333,0.0,-0.08333333333333333,1.1666666666666667,-0.42857142857142855,-0.056338028169014086,0.5,-0.3333333333333333,-0.3333333333333333
356,0.42857142857142855,-0.3333333333333333,1.0,2.0,-0.3333333333333333,0.0,-0.2857142857142857,-0.2,0.3333333333333333,-0.2857142857142857,0.14285714285714285,-0.16666666666666666,-0.16666666666666666,-0.5,-0.16666666666666666,-0.42857142857142855,-0.2857142857142857,-0.16666666666666666,0.0,0.08888888888888889,-0.2857142857142857,0.42857142857142855,0.16666666666666666,-0.3333333333333333,0.0,-0.5,1.0,0.59765625,-0.16666666666666666,1.0,-0.2857142857142857,0.8333333333333334,0.4,1.6666666666666667,1.2857142857142858,-0.16,0.0,-0.25,0.6666666666666666,1.5,-0.5,0.9514563106796117,0.42857142857142855,-0.42857142857142855,0.16666666666666666,2.8333333333333335,-0.42857142857142855,0.8333333333333334,-0.3333333333333333,2.4,-0.3333333333333333,-0.3,-0.6,1.8571428571428572,-0.1,-0.17777777777777778,-0.3333333333333333,-0.16666666666666666,0.7619047619047619,0.2857142857142857,-0.2857142857142857,0.0,-0.4,1.0,-0.375,2.142857142857143,-0.16666666666666666,0.5714285714285714,-0.3333333333333333,-0.3333333333333333,0.42857142857142855,0.16666666666666666,0.14285714285714285,0.8571428571428571,-0.42857142857142855,-0.3333333333333333,-0.16666666666666666,0.3333333333333333,-0.2857142857142857,0.14285714285714285,0.0,-0.2857142857142857,0.16666666666666666,0.5,-0.16666666666666666,-0.36363636363636365,-0.3333333333333333,0.0,-0.16666666666666666,-0.2222222222222222,2.24,-0.3333333333333333,0.0,-0.25,-0.16666666666666666,0.42857142857142855,0.018779342723004695,-0.5,0.6666666666666666,0.0
357,0.7142857142857143,-0.16666666666666666,-0.2857142857142857,-0.16666666666666666,0.3333333333333333,0.19047619047619047,0.42857142857142855,-0.4,1.1666666666666667,-0.42857142857142855,-0.2857142857142857,-0.16666666666666666,1.1666666666666667,-0.3333333333333333,-0.3333333333333333,1.1428571428571428,0.2857142857142857,3.5,-0.2857142857142857,0.4444444444444444,2.857142857142857,0.5714285714285714,-0.16666666666666666,4.666666666666667,-0.2,0.0,0.6666666666666666,0.62109375,-0.3333333333333333,-0.2857142857142857,-0.2857142857142857,0.0,-0.6,0.6666666666666666,-0.2857142857142857,0.2,0.8,0.875,0.6666666666666666,0.3333333333333333,-0.5,0.7766990291262136,0.8571428571428571,-0.2857142857142857,-0.5,0.0,0.0,0.16666666666666666,0.8333333333333334,-0.6,-0.3333333333333333,-0.3,0.0,-0.42857142857142855,-0.2,0.17777777777777778,0.5,0.6666666666666666,0.19047619047619047,0.0,1.1428571428571428,-0.2857142857142857,-0.6,-0.5,0.125,-0.2857142857142857,0.8333333333333334,0.0,0.16666666666666666,0.3333333333333333,0.5714285714285714,-0.25,-0.2857142857142857,-0.2857142857142857,-0.2857142857142857,-0.3333333333333333,-0.08333333333333333,1.6666666666666667,-0.2857142857142857,-0.2857142857142857,-0.36363636363636365,-0.14285714285714285,3.0,0.5,1.0,-0.2727272727272727,-0.1111111111111111,0.0,-0.5,0.7777777777777778,-0.32,-0.3333333333333333,-0.5,-0.3333333333333333,-0.16666666666666666,-0.42857142857142855,0.07511737089201878,-0.5,0.3333333333333333,-0.3333333333333333
358,0.8571428571428571,0.3333333333333333,0.7142857142857143,0.16666666666666666,-0.16666666666666666,0.38095238095238093,0.0,-0.4,0.0,1.2857142857142858,0.0,3.0,3.1666666666666665,-0.3333333333333333,2.8333333333333335,0.2857142857142857,0.0,0.16666666666666666,0.7142857142857143,-0.26666666666666666,-0.42857142857142855,-0.42857142857142855,0.6666666666666666,0.5,-0.2,1.6666666666666667,-0.3333333333333333,1.23046875,0.0,1.4285714285714286,-0.14285714285714285,0.8333333333333334,-0.4,-0.5,0.0,-0.16,2.56,1.625,-0.5,-0.16666666666666666,0.16666666666666666,0.7572815533980582,0.0,0.14285714285714285,-0.3333333333333333,0.8333333333333334,2.7142857142857144,0.3333333333333333,-0.16666666666666666,1.2,-0.3333333333333333,-0.3,1.4,-0.42857142857142855,-0.3,-0.35555555555555557,2.8333333333333335,0.6666666666666666,0.0,0.2857142857142857,1.0,-0.42857142857142855,-0.4,-0.3333333333333333,-0.375,1.4285714285714286,0.5,0.2857142857142857,0.0,0.0,0.8571428571428571,-0.16666666666666666,0.5714285714285714,-0.2857142857142857,0.0,-0.3333333333333333,0.5,-0.5,0.42857142857142855,1.4285714285714286,0.2727272727272727,0.42857142857142855,-0.3333333333333333,-0.3333333333333333,-0.3333333333333333,-0.36363636363636365,-0.3333333333333333,-0.16666666666666666,1.3333333333333333,-0.2222222222222222,0.96,1.0,-0.5,-0.3333333333333333,-0.3333333333333333,0.42857142857142855,-0.03755868544600939,-0.16666666666666666,-0.3333333333333333,0.0
359,-0.42857142857142855,0.0,1.0,2.6666666666666665,-0.3333333333333333,-0.5714285714285714,1.1428571428571428,0.6,1.0,-0.2857142857142857,-0.2857142857142857,-0.3333333333333333,1.6666666666666667,0.3333333333333333,0.5,-0.42857142857142855,0.5714285714285714,1.5,-0.14285714285714285,0.5333333333333333,0.14285714285714285,1.1428571428571428,-0.16666666666666666,0.16666666666666666,-0.1,-0.5,0.0,0.58984375,-0.16666666666666666,-0.42857142857142855,0.5714285714285714,1.1666666666666667,0.0,-0.3333333333333333,0.8571428571428571,0.04,2.88,-0.125,-0.5,0.6666666666666666,2.5,1.3300970873786409,0.0,-0.42857142857142855,1.1666666666666667,4.166666666666667,-0.42857142857142855,-0.3333333333333333,3.0,-0.6,-0.3333333333333333,1.2,2.2,1.0,0.0,0.0,-0.3333333333333333,0.16666666666666666,-0.19047619047619047,0.2857142857142857,1.0,4.0,-0.6,-0.5,0.0,0.0,-0.3333333333333333,1.0,0.3333333333333333,0.0,0.14285714285714285,-0.25,1.0,-0.2857142857142857,-0.2857142857142857,0.3333333333333333,-0.25,0.16666666666666666,0.2857142857142857,0.2857142857142857,-0.2727272727272727,0.14285714285714285,0.6666666666666666,0.0,-0.16666666666666666,-0.18181818181818182,0.4444444444444444,-0.16666666666666666,0.5,-0.2222222222222222,2.56,0.16666666666666666,-0.3333333333333333,1.6666666666666667,1.1666666666666667,0.2857142857142857,0.11267605633802817,2.1666666666666665,-0.3333333333333333,-0.16666666666666666
360,-0.42857142857142855,4.666666666666667,0.0,0.8333333333333334,-0.3333333333333333,0.38095238095238093,0.2857142857142857,-0.4,0.0,-0.42857142857142855,-0.14285714285714285,1.3333333333333333,-0.16666666666666666,0.0,-0.5,0.42857142857142855,0.0,-0.3333333333333333,-0.2857142857142857,0.8888888888888888,0.7142857142857143,0.2857142857142857,0.3333333333333333,0.5,-0.2,0.6666666666666666,0.3333333333333333,1.53515625,1.6666666666666667,0.0,-0.14285714285714285,-0.5,1.4,0.5,1.5714285714285714,-0.08,0.0,-0.25,-0.16666666666666666,0.0,-0.5,0.8349514563106796,-0.14285714285714285,-0.42857142857142855,0.0,-0.16666666666666666,-0.2857142857142857,0.16666666666666666,0.5,-0.4,2.0,0.4,-0.6,0.2857142857142857,-0.3,-0.35555555555555557,1.0,0.16666666666666666,0.19047619047619047,3.5714285714285716,0.0,-0.42857142857142855,-0.2,-0.3333333333333333,1.125,0.42857142857142855,0.3333333333333333,0.0,0.5,-0.5,0.0,0.25,0.2857142857142857,0.0,0.8571428571428571,0.16666666666666666,0.75,3.5,0.7142857142857143,-0.42857142857142855,-0.36363636363636365,1.7142857142857142,0.0,0.16666666666666666,-0.3333333333333333,-0.36363636363636365,-0.3333333333333333,-0.16666666666666666,0.8333333333333334,-0.2222222222222222,-0.48,-0.3333333333333333,1.1666666666666667,0.9166666666666666,5.833333333333333,0.14285714285714285,-0.07511737089201878,1.8333333333333333,-0.3333333333333333,1.3333333333333333
361,0.8571428571428571,0.8333333333333334,-0.42857142857142855,0.8333333333333334,0.16666666666666666,-0.38095238095238093,0.2857142857142857,0.0,0.5,0.42857142857142855,0.0,-0.16666666666666666,1.1666666666666667,-0.16666666666666666,-0.3333333333333333,1.0,-0.2857142857142857,1.8333333333333333,1.7142857142857142,0.4444444444444444,0.0,-0.14285714285714285,-0.3333333333333333,-0.3333333333333333,-0.1,-0.3333333333333333,0.5,0.76171875,-0.5,0.5714285714285714,0.0,1.8333333333333333,-0.2,-0.5,-0.2857142857142857,0.36,1.44,-0.25,1.6666666666666667,2.6666666666666665,0.5,1.7864077669902914,-0.14285714285714285,-0.2857142857142857,0.6666666666666666,0.6666666666666666,-0.42857142857142855,2.1666666666666665,-0.3333333333333333,-0.4,0.3333333333333333,-0.3,-0.6,-0.14285714285714285,0.1,-0.35555555555555557,-0.3333333333333333,0.6666666666666666,-0.5714285714285714,2.4285714285714284,-0.42857142857142855,-0.2857142857142857,0.6,1.1666666666666667,-0.375,-0.2857142857142857,-0.16666666666666666,0.0,1.3333333333333333,6.333333333333333,-0.2857142857142857,-0.25,1.7142857142857142,-0.14285714285714285,0.0,0.0,0.5,-0.5,0.0,0.8571428571428571,0.7272727272727273,0.0,-0.3333333333333333,0.16666666666666666,0.0,0.9090909090909091,-0.3333333333333333,0.16666666666666666,-0.3333333333333333,-0.3333333333333333,-0.32,0.6666666666666666,0.16666666666666666,0.5,-0.3333333333333333,-0.42857142857142855,-0.056338028169014086,-0.3333333333333333,1.5,0.0
362,-0.14285714285714285,0.16666666666666666,-0.2857142857142857,0.0,-0.16666666666666666,1.9047619047619047,0.0,-0.4,1.3333333333333333,0.5714285714285714,-0.42857142857142855,-0.5,-0.3333333333333333,-0.16666666666666666,-0.5,-0.42857142857142855,-0.2857142857142857,0.3333333333333333,-0.14285714285714285,-0.26666666666666666,0.8571428571428571,-0.2857142857142857,-0.3333333333333333,1.3333333333333333,-0.3,0.6666666666666666,-0.16666666666666666,0.60546875,-0.5,0.2857142857142857,0.14285714285714285,1.8333333333333333,-0.2,-0.3333333333333333,0.5714285714285714,-0.08,-0.16,0.5,0.0,0.0,-0.3333333333333333,1.854368932038835,-0.2857142857142857,-0.42857142857142855,-0.3333333333333333,-0.3333333333333333,-0.2857142857142857,0.5,0.8333333333333334,-0.2,-0.16666666666666666,-0.3,-0.6,-0.42857142857142855,0.0,2.2222222222222223,0.3333333333333333,-0.3333333333333333,-0.5714285714285714,0.14285714285714285,0.2857142857142857,-0.42857142857142855,0.0,-0.3333333333333333,0.0,-0.14285714285714285,0.0,-0.42857142857142855,-0.16666666666666666,-0.5,-0.14285714285714285,2.4166666666666665,2.7142857142857144,0.42857142857142855,1.4285714285714286,0.6666666666666666,0.0,-0.5,-0.14285714285714285,0.7142857142857143,-0.2727272727272727,0.7142857142857143,0.16666666666666666,0.3333333333333333,-0.16666666666666666,-0.2727272727272727,0.7777777777777778,1.8333333333333333,-0.5,-0.3333333333333333,-0.48,-0.3333333333333333,0.0,0.16666666666666666,-0.16666666666666666,1.7142857142857142,-0.07511737089201878,-0.5,-0.3333333333333333,0.0
363,0.0,-0.16666666666666666,0.2857142857142857,2.1666666666666665,-0.5,1.3333333333333333,0.7142857142857143,-0.2,-0.3333333333333333,-0.2857142857142857,0.5714285714285714,-0.5,1.1666666666666667,-0.5,-0.16666666666666666,0.42857142857142855,0.2857142857142857,0.3333333333333333,2.2857142857142856,-0.26666666666666666,-0.42857142857142855,-0.42857142857142855,0.3333333333333333,3.1666666666666665,-0.2,-0.5,0.3333333333333333,0.70703125,0.16666666666666666,0.8571428571428571,0.14285714285714285,-0.3333333333333333,-0.6,-0.16666666666666666,0.5714285714285714,-0.16,1.6,0.5,0.3333333333333333,-0.3333333333333333,1.3333333333333333,0.9029126213592233,0.7142857142857143,0.14285714285714285,2.1666666666666665,0.16666666666666666,-0.2857142857142857,1.6666666666666667,-0.16666666666666666,-0.4,0.3333333333333333,0.2,-0.4,2.857142857142857,-0.3,0.0,-0.3333333333333333,0.5,0.5714285714285714,0.14285714285714285,-0.2857142857142857,-0.14285714285714285,0.6,-0.5,-0.25,-0.2857142857142857,-0.16666666666666666,-0.14285714285714285,-0.3333333333333333,-0.5,-0.2857142857142857,-0.25,-0.14285714285714285,2.857142857142857,-0.42857142857142855,-0.3333333333333333,-0.3333333333333333,0.0,-0.14285714285714285,-0.14285714285714285,0.5454545454545454,1.4285714285714286,1.3333333333333333,-0.16666666666666666,-0.3333333333333333,-0.36363636363636365,-0.3333333333333333,2.6666666666666665,1.8333333333333333,-0.3333333333333333,1.28,-0.3333333333333333,-0.16666666666666666,-0.3333333333333333,-0.3333333333333333,-0.14285714285714285,0.07511737089201878,6.833333333333333,-0.3333333333333333,0.16666666666666666
364,-0.42857142857142855,0.3333333333333333,-0.2857142857142857,2.5,0.16666666666666666,-0.5714285714285714,0.14285714285714285,-0.4,0.16666666666666666,1.0,-0.14285714285714285,0.16666666666666666,-0.3333333333333333,0.16666666666666666,-0.5,2.142857142857143,0.5714285714285714,0.0,0.14285714285714285,0.08888888888888889,0.2857142857142857,-0.14285714285714285,-0.3333333333333333,0.0,0.3,-0.5,-0.16666666666666666,0.84765625,0.0,-0.42857142857142855,1.7142857142857142,2.1666666666666665,1.0,-0.5,0.7142857142857143,0.76,0.64,-0.25,1.6666666666666667,1.0,0.5,0.6504854368932039,-0.2857142857142857,-0.14285714285714285,0.16666666666666666,-0.16666666666666666,0.8571428571428571,0.0,0.0,-0.4,0.0,0.3,-0.6,1.1428571428571428,-0.2,-0.26666666666666666,-0.3333333333333333,-0.16666666666666666,2.857142857142857,0.14285714285714285,-0.2857142857142857,0.7142857142857143,1.0,-0.5,0.0,2.4285714285714284,0.6666666666666666,-0.42857142857142855,-0.3333333333333333,1.8333333333333333,0.7142857142857143,-0.16666666666666666,-0.14285714285714285,1.4285714285714286,0.7142857142857143,-0.3333333333333333,-0.3333333333333333,0.8333333333333334,0.8571428571428571,1.0,-0.2727272727272727,-0.2857142857142857,0.0,-0.3333333333333333,0.0,1.0,-0.3333333333333333,2.6666666666666665,-0.5,-0.2222222222222222,-0.48,-0.3333333333333333,-0.3333333333333333,-0.3333333333333333,-0.3333333333333333,0.2857142857142857,0.7511737089201878,0.3333333333333333,1.5,-0.3333333333333333
365,-0.14285714285714285,0.5,-0.42857142857142855,0.3333333333333333,1.6666666666666667,-0.38095238095238093,0.2857142857142857,-0.4,0.3333333333333333,0.42857142857142855,0.42857142857142855,0.16666666666666666,0.0,-0.5,0.8333333333333334,-0.14285714285714285,-0.2857142857142857,-0.16666666666666666,0.8571428571428571,0.17777777777777778,-0.2857142857142857,-0.42857142857142855,-0.16666666666666666,-0.16666666666666666,-0.1,-0.5,-0.16666666666666666,1.20703125,3.6666666666666665,-0.42857142857142855,2.4285714285714284,-0.5,-0.6,-0.3333333333333333,1.2857142857142858,0.0,-0.16,1.125,0.16666666666666666,-0.3333333333333333,3.0,0.7475728155339806,-0.14285714285714285,0.2857142857142857,-0.16666666666666666,0.6666666666666666,0.0,0.16666666666666666,-0.3333333333333333,0.2,0.16666666666666666,-0.3,0.2,-0.42857142857142855,-0.2,-0.26666666666666666,1.6666666666666667,-0.3333333333333333,0.38095238095238093,1.0,0.0,0.0,7.4,-0.5,0.375,-0.2857142857142857,-0.3333333333333333,0.14285714285714285,-0.3333333333333333,0.3333333333333333,-0.2857142857142857,-0.16666666666666666,-0.2857142857142857,0.0,-0.42857142857142855,-0.16666666666666666,-0.3333333333333333,0.3333333333333333,0.0,0.0,-0.2727272727272727,-0.2857142857142857,-0.3333333333333333,-0.16666666666666666,1.0,-0.2727272727272727,0.5555555555555556,-0.3333333333333333,-0.3333333333333333,-0.3333333333333333,0.16,0.0,0.0,0.16666666666666666,-0.3333333333333333,0.42857142857142855,-0.07511737089201878,0.6666666666666666,0.0,-0.16666666666666666
366,-0.42857142857142855,0.16666666666666666,-0.14285714285714285,0.3333333333333333,0.0,0.5714285714285714,-0.42857142857142855,-0.4,0.8333333333333334,-0.2857142857142857,0.42857142857142855,2.1666666666666665,-0.3333333333333333,2.6666666666666665,-0.3333333333333333,-0.42857142857142855,0.14285714285714285,0.16666666666666666,0.5714285714285714,0.35555555555555557,1.0,0.2857142857142857,0.16666666666666666,0.6666666666666666,0.7,1.5,-0.3333333333333333,1.12890625,0.5,0.14285714285714285,1.8571428571428572,-0.3333333333333333,-0.2,-0.16666666666666666,0.2857142857142857,-0.04,0.16,4.125,-0.5,0.0,-0.3333333333333333,0.8640776699029126,0.14285714285714285,0.2857142857142857,-0.5,-0.16666666666666666,-0.42857142857142855,-0.16666666666666666,4.166666666666667,-0.6,-0.3333333333333333,1.1,1.6,1.0,-0.3,-0.08888888888888889,0.5,0.3333333333333333,-0.5714285714285714,1.2857142857142858,4.0,-0.2857142857142857,-0.4,-0.5,-0.125,-0.2857142857142857,-0.3333333333333333,1.8571428571428572,-0.3333333333333333,1.8333333333333333,1.2857142857142858,-0.25,-0.2857142857142857,1.5714285714285714,-0.42857142857142855,-0.3333333333333333,1.5,2.0,1.1428571428571428,0.14285714285714285,0.45454545454545453,1.1428571428571428,0.16666666666666666,0.3333333333333333,1.8333333333333333,-0.2727272727272727,-0.3333333333333333,0.8333333333333334,0.3333333333333333,-0.2222222222222222,0.8,1.6666666666666667,0.0,-0.3333333333333333,-0.16666666666666666,-0.42857142857142855,-0.09389671361502347,2.8333333333333335,-0.3333333333333333,-0.3333333333333333
367,1.2857142857142858,0.0,-0.42857142857142855,0.3333333333333333,-0.5,-0.5714285714285714,-0.42857142857142855,-0.4,-0.3333333333333333,-0.14285714285714285,-0.2857142857142857,1.1666666666666667,0.0,0.16666666666666666,1.8333333333333333,0.0,-0.14285714285714285,0.16666666666666666,0.2857142857142857,-0.35555555555555557,0.0,0.7142857142857143,-0.3333333333333333,-0.16666666666666666,0.2,0.0,0.0,1.16796875,-0.16666666666666666,-0.42857142857142855,0.14285714285714285,0.0,-0.6,-0.5,-0.14285714285714285,-0.08,1.44,-0.125,-0.3333333333333333,0.0,-0.5,0.9029126213592233,0.8571428571428571,2.2857142857142856,4.0,-0.3333333333333333,1.1428571428571428,0.16666666666666666,-0.3333333333333333,-0.6,-0.3333333333333333,0.6,-0.6,-0.42857142857142855,-0.2,-0.08888888888888889,0.0,-0.5,0.7619047619047619,0.2857142857142857,0.14285714285714285,0.0,0.0,-0.16666666666666666,1.375,-0.2857142857142857,-0.3333333333333333,6.428571428571429,2.5,0.3333333333333333,0.8571428571428571,0.9166666666666666,2.0,-0.2857142857142857,0.14285714285714285,1.3333333333333333,0.3333333333333333,-0.3333333333333333,-0.14285714285714285,-0.2857142857142857,-0.2727272727272727,1.1428571428571428,0.0,0.16666666666666666,3.0,-0.36363636363636365,1.2222222222222223,-0.3333333333333333,0.16666666666666666,-0.3333333333333333,1.12,-0.16666666666666666,4.0,-0.3333333333333333,-0.16666666666666666,0.5714285714285714,-0.09389671361502347,-0.16666666666666666,0.16666666666666666,-0.16666666666666666
368,0.14285714285714285,-0.3333333333333333,0.14285714285714285,-0.3333333333333333,-0.5,-0.5714285714285714,0.14285714285714285,-0.4,-0.3333333333333333,0.14285714285714285,-0.42857142857142855,-0.3333333333333333,-0.16666666666666666,-0.16666666666666666,-0.5,2.7142857142857144,3.4285714285714284,-0.3333333333333333,1.7142857142857142,-0.35555555555555557,-0.42857142857142855,6.142857142857143,-0.16666666666666666,0.16666666666666666,-0.2,0.0,0.3333333333333333,0.58203125,1.0,0.2857142857142857,0.42857142857142855,0.0,1.6,0.16666666666666666,0.7142857142857143,-0.12,0.0,-0.25,0.0,0.8333333333333334,-0.16666666666666666,1.4466019417475728,-0.2857142857142857,2.0,-0.3333333333333333,0.3333333333333333,1.0,1.6666666666666667,1.5,-0.6,-0.16666666666666666,-0.3,0.0,-0.42857142857142855,0.1,1.511111111111111,-0.3333333333333333,-0.3333333333333333,-0.38095238095238093,-0.2857142857142857,-0.42857142857142855,0.42857142857142855,-0.4,1.1666666666666667,-0.375,1.0,-0.3333333333333333,0.42857142857142855,-0.3333333333333333,1.1666666666666667,-0.2857142857142857,-0.25,-0.14285714285714285,0.14285714285714285,0.2857142857142857,-0.16666666666666666,0.5833333333333334,1.3333333333333333,0.42857142857142855,1.1428571428571428,0.0,0.42857142857142855,-0.3333333333333333,3.1666666666666665,0.16666666666666666,-0.2727272727272727,-0.2222222222222222,-0.3333333333333333,-0.5,4.111111111111111,-0.32,-0.3333333333333333,-0.16666666666666666,1.5833333333333333,0.8333333333333334,0.14285714285714285,-0.07511737089201878,-0.16666666666666666,0.5,-0.16666666666666666
369,0.2857142857142857,-0.5,0.0,-0.16666666666666666,1.0,-0.38095238095238093,1.1428571428571428,-0.2,2.5,0.14285714285714285,-0.42857142857142855,0.0,0.0,3.3333333333333335,0.16666666666666666,-0.42857142857142855,0.8571428571428571,-0.3333333333333333,-0.2857142857142857,0.17777777777777778,-0.42857142857142855,2.0,0.0,-0.3333333333333333,0.6,-0.5,-0.16666666666666666,1.12890625,1.1666666666666667,-0.42857142857142855,0.14285714285714285,-0.16666666666666666,-0.6,-0.3333333333333333,0.0,0.12,0.8,0.0,-0.5,0.0,0.0,1.3495145631067962,-0.2857142857142857,2.0,1.1666666666666667,-0.16666666666666666,-0.42857142857142855,-0.16666666666666666,-0.16666666666666666,-0.4,-0.3333333333333333,1.7,0.0,-0.2857142857142857,-0.3,-0.17777777777777778,-0.3333333333333333,0.8333333333333334,0.0,0.2857142857142857,0.14285714285714285,0.0,-0.6,-0.16666666666666666,0.875,2.857142857142857,-0.3333333333333333,0.14285714285714285,0.0,2.6666666666666665,-0.2857142857142857,-0.25,0.2857142857142857,-0.14285714285714285,0.0,1.5,-0.3333333333333333,-0.3333333333333333,-0.2857142857142857,0.7142857142857143,-0.2727272727272727,0.42857142857142855,-0.3333333333333333,-0.3333333333333333,1.8333333333333333,-0.36363636363636365,1.0,-0.3333333333333333,-0.3333333333333333,0.3333333333333333,0.32,-0.16666666666666666,1.5,-0.3333333333333333,0.0,0.42857142857142855,-0.056338028169014086,0.0,-0.16666666666666666,-0.3333333333333333
370,1.0,-0.16666666666666666,0.7142857142857143,0.5,1.5,-0.19047619047619047,0.42857142857142855,1.0,0.0,2.4285714285714284,1.2857142857142858,-0.3333333333333333,0.8333333333333334,-0.3333333333333333,0.0,-0.14285714285714285,-0.14285714285714285,-0.16666666666666666,0.14285714285714285,-0.26666666666666666,0.0,1.2857142857142858,-0.16666666666666666,-0.3333333333333333,0.1,-0.5,0.16666666666666666,0.44140625,-0.5,0.5714285714285714,-0.2857142857142857,0.16666666666666666,-0.4,-0.3333333333333333,0.0,0.0,0.16,-0.25,-0.5,1.8333333333333333,2.3333333333333335,1.2815533980582525,0.2857142857142857,2.4285714285714284,-0.5,-0.16666666666666666,0.0,-0.16666666666666666,0.5,-0.6,0.6666666666666666,-0.1,-0.4,0.14285714285714285,-0.3,0.26666666666666666,-0.3333333333333333,-0.16666666666666666,-0.5714285714285714,0.8571428571428571,-0.14285714285714285,0.2857142857142857,-0.6,-0.3333333333333333,-0.375,0.7142857142857143,0.16666666666666666,-0.14285714285714285,0.3333333333333333,-0.16666666666666666,-0.14285714285714285,1.25,2.5714285714285716,2.857142857142857,0.0,-0.3333333333333333,0.16666666666666666,0.3333333333333333,0.14285714285714285,1.8571428571428572,0.5454545454545454,1.0,0.3333333333333333,-0.3333333333333333,0.16666666666666666,-0.18181818181818182,0.0,0.0,0.0,-0.2222222222222222,-0.32,-0.16666666666666666,-0.5,0.3333333333333333,0.0,0.7142857142857143,-0.018779342723004695,-0.5,-0.16666666666666666,0.6666666666666666
371,-0.42857142857142855,0.6666666666666666,0.7142857142857143,-0.16666666666666666,-0.3333333333333333,-0.38095238095238093,-0.42857142857142855,0.2,-0.16666666666666666,-0.42857142857142855,0.42857142857142855,0.5,-0.16666666666666666,-0.5,2.1666666666666665,-0.2857142857142857,0.7142857142857143,-0.3333333333333333,-0.2857142857142857,-0.35555555555555557,1.7142857142857142,-0.42857142857142855,0.3333333333333333,-0.16666666666666666,0.3,0.0,0.3333333333333333,1.06640625,1.5,-0.2857142857142857,0.42857142857142855,-0.16666666666666666,-0.4,0.3333333333333333,3.5714285714285716,-0.12,0.0,-0.25,-0.3333333333333333,-0.3333333333333333,0.16666666666666666,1.4660194174757282,-0.2857142857142857,0.42857142857142855,4.333333333333333,1.8333333333333333,1.1428571428571428,-0.16666666666666666,0.0,-0.4,-0.16666666666666666,0.2,0.2,-0.14285714285714285,-0.1,0.0,-0.16666666666666666,0.8333333333333334,-0.19047619047619047,2.142857142857143,0.0,0.8571428571428571,0.8,0.16666666666666666,0.375,-0.2857142857142857,0.16666666666666666,-0.42857142857142855,1.3333333333333333,0.0,-0.2857142857142857,-0.16666666666666666,-0.2857142857142857,-0.14285714285714285,-0.42857142857142855,-0.3333333333333333,-0.16666666666666666,0.3333333333333333,0.2857142857142857,-0.42857142857142855,-0.36363636363636365,0.2857142857142857,1.5,0.16666666666666666,-0.3333333333333333,-0.36363636363636365,0.7777777777777778,-0.3333333333333333,0.8333333333333334,-0.3333333333333333,-0.32,-0.3333333333333333,-0.16666666666666666,-0.08333333333333333,0.0,-0.2857142857142857,-0.09389671361502347,1.1666666666666667,0.0,-0.3333333333333333
372,-0.42857142857142855,-0.16666666666666666,1.2857142857142858,0.5,0.5,0.19047619047619047,0.42857142857142855,-0.2,0.6666666666666666,-0.2857142857142857,0.8571428571428571,-0.5,0.16666666666666666,0.3333333333333333,-0.3333333333333333,0.42857142857142855,-0.2857142857142857,1.1666666666666667,1.1428571428571428,0.26666666666666666,-0.42857142857142855,-0.14285714285714285,-0.3333333333333333,-0.16666666666666666,0.1,0.0,-0.5,1.34765625,-0.3333333333333333,-0.42857142857142855,-0.2857142857142857,-0.3333333333333333,1.0,-0.3333333333333333,-0.2857142857142857,-0.08,-0.32,-0.25,1.1666666666666667,4.833333333333333,0.8333333333333334,1.6601941747572815,-0.14285714285714285,-0.42857142857142855,2.8333333333333335,0.3333333333333333,-0.2857142857142857,-0.3333333333333333,0.6666666666666666,0.0,-0.3333333333333333,0.0,0.4,-0.14285714285714285,0.5,-0.08888888888888889,0.6666666666666666,-0.5,3.619047619047619,2.142857142857143,0.7142857142857143,-0.42857142857142855,-0.6,0.3333333333333333,0.25,0.14285714285714285,0.16666666666666666,-0.14285714285714285,3.6666666666666665,1.0,0.5714285714285714,-0.16666666666666666,-0.14285714285714285,-0.2857142857142857,0.14285714285714285,0.3333333333333333,-0.16666666666666666,0.16666666666666666,-0.2857142857142857,0.14285714285714285,0.2727272727272727,-0.14285714285714285,0.6666666666666666,-0.3333333333333333,-0.16666666666666666,-0.18181818181818182,0.6666666666666666,-0.16666666666666666,-0.5,-0.3333333333333333,-0.48,1.5,-0.3333333333333333,-0.16666666666666666,-0.16666666666666666,-0.42857142857142855,-0.09389671361502347,3.1666666666666665,1.0,0.6666666666666666
373,-0.42857142857142855,0.3333333333333333,-0.42857142857142855,1.3333333333333333,2.5,0.5714285714285714,0.8571428571428571,1.2,2.6666666666666665,-0.42857142857142855,-0.42857142857142855,0.16666666666666666,-0.3333333333333333,2.6666666666666665,-0.5,1.5714285714285714,-0.2857142857142857,1.6666666666666667,0.42857142857142855,0.08888888888888889,-0.42857142857142855,2.142857142857143,0.16666666666666666,-0.3333333333333333,0.5,-0.5,4.333333333333333,0.95703125,-0.5,-0.42857142857142855,-0.14285714285714285,0.5,3.6,0.6666666666666666,0.0,0.16,0.8,-0.25,0.5,-0.3333333333333333,0.8333333333333334,1.3398058252427185,0.0,-0.42857142857142855,-0.3333333333333333,0.5,-0.2857142857142857,0.16666666666666666,-0.16666666666666666,1.0,0.0,-0.2,1.2,-0.42857142857142855,-0.2,0.17777777777777778,1.3333333333333333,-0.5,-0.5714285714285714,-0.2857142857142857,-0.42857142857142855,-0.42857142857142855,0.4,-0.5,-0.375,-0.14285714285714285,-0.3333333333333333,0.14285714285714285,1.0,-0.5,1.0,-0.25,-0.2857142857142857,-0.2857142857142857,-0.42857142857142855,0.16666666666666666,-0.3333333333333333,-0.3333333333333333,2.7142857142857144,-0.42857142857142855,-0.18181818181818182,-0.2857142857142857,-0.3333333333333333,0.5,0.5,-0.36363636363636365,-0.2222222222222222,-0.3333333333333333,-0.5,2.6666666666666665,4.8,-0.16666666666666666,-0.3333333333333333,-0.16666666666666666,-0.16666666666666666,-0.2857142857142857,-0.018779342723004695,0.6666666666666666,-0.16666666666666666,0.5
374,-0.14285714285714285,-0.3333333333333333,2.142857142857143,0.0,-0.5,0.19047619047619047,3.4285714285714284,-0.4,0.16666666666666666,-0.42857142857142855,-0.42857142857142855,0.0,0.5,1.1666666666666667,0.16666666666666666,-0.2857142857142857,0.0,-0.3333333333333333,0.5714285714285714,-0.17777777777777778,0.14285714285714285,0.0,-0.3333333333333333,-0.16666666666666666,1.0,1.5,0.8333333333333334,0.92578125,-0.5,-0.42857142857142855,0.8571428571428571,-0.16666666666666666,-0.6,-0.3333333333333333,0.14285714285714285,-0.2,-0.32,-0.125,1.6666666666666667,1.1666666666666667,-0.5,0.8058252427184466,-0.2857142857142857,0.8571428571428571,-0.3333333333333333,0.0,-0.2857142857142857,0.3333333333333333,-0.16666666666666666,0.0,3.1666666666666665,0.2,0.0,1.4285714285714286,0.1,0.08888888888888889,0.0,3.1666666666666665,-0.19047619047619047,0.0,0.14285714285714285,-0.14285714285714285,-0.2,0.16666666666666666,2.125,1.4285714285714286,0.0,-0.14285714285714285,-0.16666666666666666,-0.3333333333333333,0.2857142857142857,-0.25,0.0,0.7142857142857143,0.5714285714285714,0.3333333333333333,-0.16666666666666666,0.16666666666666666,0.14285714285714285,-0.14285714285714285,-0.18181818181818182,1.4285714285714286,-0.16666666666666666,5.0,-0.3333333333333333,0.45454545454545453,0.3333333333333333,0.0,-0.5,0.7777777777777778,1.44,0.0,0.0,0.16666666666666666,-0.3333333333333333,-0.14285714285714285,0.07511737089201878,2.6666666666666665,-0.16666666666666666,0.8333333333333334
375,0.14285714285714285,0.8333333333333334,0.14285714285714285,-0.16666666666666666,1.6666666666666667,-0.38095238095238093,0.0,0.4,0.16666666666666666,1.8571428571428572,2.142857142857143,-0.5,1.1666666666666667,0.16666666666666666,0.16666666666666666,0.14285714285714285,0.14285714285714285,0.0,0.8571428571428571,-0.35555555555555557,0.0,2.4285714285714284,0.0,0.3333333333333333,-0.3,0.16666666666666666,0.0,1.38671875,-0.5,-0.42857142857142855,1.2857142857142858,-0.3333333333333333,1.0,-0.3333333333333333,1.8571428571428572,-0.2,-0.32,0.125,1.5,-0.3333333333333333,-0.3333333333333333,1.766990291262136,-0.2857142857142857,3.5714285714285716,0.0,0.16666666666666666,-0.42857142857142855,-0.16666666666666666,0.0,3.4,0.16666666666666666,-0.3,-0.4,3.4285714285714284,-0.2,-0.08888888888888889,1.1666666666666667,-0.16666666666666666,1.5238095238095237,-0.2857142857142857,-0.42857142857142855,-0.14285714285714285,-0.6,-0.5,-0.375,1.4285714285714286,2.3333333333333335,0.7142857142857143,-0.3333333333333333,0.0,-0.2857142857142857,1.3333333333333333,-0.2857142857142857,1.8571428571428572,-0.42857142857142855,0.3333333333333333,0.6666666666666666,0.6666666666666666,-0.14285714285714285,-0.2857142857142857,-0.18181818181818182,3.0,1.1666666666666667,-0.16666666666666666,-0.16666666666666666,1.6363636363636365,0.8888888888888888,1.0,-0.5,-0.2222222222222222,2.24,-0.3333333333333333,0.5,0.16666666666666666,-0.3333333333333333,2.0,-0.07511737089201878,0.16666666666666666,1.1666666666666667,3.1666666666666665
376,3.857142857142857,-0.3333333333333333,0.5714285714285714,0.8333333333333334,0.16666666666666666,2.0952380952380953,0.14285714285714285,0.0,-0.3333333333333333,0.14285714285714285,1.8571428571428572,1.3333333333333333,1.5,-0.5,-0.3333333333333333,0.14285714285714285,-0.14285714285714285,-0.3333333333333333,0.0,-0.35555555555555557,0.8571428571428571,-0.42857142857142855,0.3333333333333333,3.1666666666666665,0.0,-0.5,0.5,1.33984375,-0.3333333333333333,3.5714285714285716,-0.2857142857142857,3.0,-0.6,0.16666666666666666,0.0,-0.04,0.8,-0.25,-0.3333333333333333,1.0,-0.5,1.0097087378640777,-0.14285714285714285,-0.42857142857142855,-0.3333333333333333,-0.3333333333333333,0.7142857142857143,-0.5,-0.3333333333333333,0.4,-0.3333333333333333,-0.3,-0.2,-0.42857142857142855,1.2,0.0,0.0,0.5,0.9523809523809523,1.5714285714285714,1.2857142857142858,-0.42857142857142855,2.0,-0.5,0.5,-0.2857142857142857,-0.3333333333333333,-0.42857142857142855,0.16666666666666666,-0.5,1.4285714285714286,1.0833333333333333,-0.2857142857142857,-0.2857142857142857,3.7142857142857144,1.5,-0.16666666666666666,-0.3333333333333333,-0.14285714285714285,-0.42857142857142855,0.09090909090909091,-0.14285714285714285,-0.16666666666666666,0.16666666666666666,-0.3333333333333333,-0.09090909090909091,0.0,-0.3333333333333333,2.0,0.0,-0.48,0.8333333333333334,0.0,0.4166666666666667,-0.16666666666666666,0.14285714285714285,-0.09389671361502347,0.6666666666666666,0.6666666666666666,0.0
377,2.2857142857142856,0.3333333333333333,-0.2857142857142857,-0.16666666666666666,-0.5,-0.38095238095238093,1.2857142857142858,-0.4,0.16666666666666666,-0.42857142857142855,-0.2857142857142857,-0.5,0.5,7.0,-0.3333333333333333,0.2857142857142857,-0.14285714285714285,-0.16666666666666666,-0.2857142857142857,-0.35555555555555557,0.7142857142857143,-0.14285714285714285,-0.3333333333333333,0.0,-0.3,2.8333333333333335,-0.16666666666666666,1.00390625,-0.5,-0.2857142857142857,0.0,-0.16666666666666666,-0.4,0.16666666666666666,-0.14285714285714285,0.0,-0.16,-0.25,1.3333333333333333,1.3333333333333333,-0.5,1.0097087378640777,0.5714285714285714,-0.42857142857142855,-0.5,0.3333333333333333,-0.2857142857142857,-0.5,0.16666666666666666,-0.4,0.8333333333333334,0.5,-0.6,-0.14285714285714285,-0.3,-0.35555555555555557,1.0,-0.5,-0.38095238095238093,-0.14285714285714285,-0.14285714285714285,0.0,4.0,0.3333333333333333,-0.25,0.2857142857142857,0.16666666666666666,-0.2857142857142857,0.16666666666666666,-0.5,0.2857142857142857,0.16666666666666666,0.2857142857142857,0.8571428571428571,-0.14285714285714285,0.8333333333333334,0.25,0.0,-0.2857142857142857,-0.42857142857142855,-0.2727272727272727,0.2857142857142857,0.5,0.8333333333333334,0.3333333333333333,-0.36363636363636365,-0.3333333333333333,0.0,0.6666666666666666,-0.2222222222222222,0.64,-0.16666666666666666,-0.5,-0.25,0.5,0.0,0.056338028169014086,-0.5,-0.3333333333333333,0.0
378,-0.42857142857142855,-0.5,-0.14285714285714285,0.5,0.5,0.0,1.1428571428571428,2.4,-0.3333333333333333,-0.14285714285714285,1.2857142857142858,-0.16666666666666666,-0.16666666666666666,-0.5,-0.5,-0.42857142857142855,0.7142857142857143,-0.16666666666666666,-0.14285714285714285,-0.17777777777777778,0.2857142857142857,-0.42857142857142855,2.1666666666666665,-0.3333333333333333,-0.1,-0.5,0.16666666666666666,1.27734375,0.0,0.8571428571428571,0.42857142857142855,0.3333333333333333,0.2,0.5,0.5714285714285714,-0.08,0.8,0.375,0.3333333333333333,0.5,-0.3333333333333333,1.9611650485436893,0.5714285714285714,4.142857142857143,2.1666666666666665,0.5,-0.2857142857142857,-0.3333333333333333,0.0,0.0,-0.3333333333333333,0.0,0.0,-0.42857142857142855,0.6,-0.35555555555555557,2.1666666666666665,0.0,0.19047619047619047,0.0,-0.42857142857142855,-0.14285714285714285,0.4,-0.5,0.25,0.42857142857142855,2.6666666666666665,-0.2857142857142857,0.0,-0.3333333333333333,1.1428571428571428,1.0833333333333333,-0.2857142857142857,-0.2857142857142857,-0.42857142857142855,0.3333333333333333,0.5,-0.5,2.142857142857143,-0.42857142857142855,-0.09090909090909091,-0.2857142857142857,-0.3333333333333333,0.8333333333333334,0.0,-0.36363636363636365,-0.2222222222222222,0.6666666666666666,-0.16666666666666666,0.2222222222222222,0.16,-0.16666666666666666,1.0,0.4166666666666667,-0.3333333333333333,2.5714285714285716,0.16901408450704225,0.5,-0.3333333333333333,-0.3333333333333333
379,-0.42857142857142855,-0.16666666666666666,1.5714285714285714,-0.16666666666666666,0.6666666666666666,0.19047619047619047,-0.14285714285714285,3.2,-0.3333333333333333,-0.2857142857142857,-0.42857142857142855,0.5,-0.16666666666666666,-0.5,1.5,-0.42857142857142855,-0.2857142857142857,2.6666666666666665,0.0,-0.35555555555555557,1.0,-0.2857142857142857,-0.3333333333333333,1.0,1.3,-0.5,-0.5,1.18359375,0.0,0.14285714285714285,-0.2857142857142857,-0.5,-0.4,-0.5,-0.2857142857142857,0.2,-0.32,0.875,0.5,0.3333333333333333,-0.5,1.6699029126213591,-0.14285714285714285,-0.42857142857142855,-0.5,-0.3333333333333333,1.1428571428571428,1.0,-0.3333333333333333,0.4,2.0,-0.3,0.8,-0.14285714285714285,0.7,0.4444444444444444,-0.16666666666666666,0.5,-0.38095238095238093,0.42857142857142855,-0.42857142857142855,-0.14285714285714285,0.0,-0.5,-0.125,-0.2857142857142857,-0.3333333333333333,0.2857142857142857,4.166666666666667,-0.5,-0.2857142857142857,0.0,0.8571428571428571,0.0,1.4285714285714286,0.3333333333333333,0.16666666666666666,-0.5,0.5714285714285714,-0.2857142857142857,-0.2727272727272727,1.4285714285714286,-0.16666666666666666,-0.3333333333333333,-0.3333333333333333,-0.36363636363636365,0.7777777777777778,0.5,2.3333333333333335,-0.2222222222222222,0.0,1.5,-0.5,-0.16666666666666666,-0.16666666666666666,-0.42857142857142855,-0.018779342723004695,0.5,3.8333333333333335,0.6666666666666666
380,-0.42857142857142855,0.5,0.14285714285714285,-0.16666666666666666,-0.3333333333333333,0.38095238095238093,-0.42857142857142855,0.8,-0.3333333333333333,-0.42857142857142855,1.0,-0.5,-0.3333333333333333,0.5,-0.5,0.0,2.5714285714285716,-0.16666666666666666,-0.2857142857142857,-0.26666666666666666,-0.2857142857142857,0.14285714285714285,1.1666666666666667,1.6666666666666667,-0.1,-0.3333333333333333,0.3333333333333333,0.69140625,0.16666666666666666,-0.2857142857142857,-0.14285714285714285,0.0,0.4,0.0,0.42857142857142855,0.12,0.48,0.25,1.3333333333333333,0.16666666666666666,-0.3333333333333333,1.4854368932038835,-0.2857142857142857,0.0,1.0,-0.3333333333333333,0.2857142857142857,-0.5,2.3333333333333335,-0.6,-0.3333333333333333,1.1,1.0,-0.42857142857142855,0.3,-0.26666666666666666,0.5,1.0,0.19047619047619047,0.0,-0.14285714285714285,0.5714285714285714,-0.2,-0.3333333333333333,0.25,-0.2857142857142857,-0.3333333333333333,-0.42857142857142855,-0.3333333333333333,-0.16666666666666666,-0.14285714285714285,0.9166666666666666,-0.2857142857142857,0.8571428571428571,-0.2857142857142857,-0.16666666666666666,-0.3333333333333333,0.0,-0.14285714285714285,-0.14285714285714285,1.4545454545454546,0.7142857142857143,0.3333333333333333,0.16666666666666666,-0.3333333333333333,0.2727272727272727,1.6666666666666667,2.5,-0.3333333333333333,0.0,5.92,0.16666666666666666,4.0,-0.3333333333333333,2.3333333333333335,1.5714285714285714,-0.03755868544600939,1.5,0.16666666666666666,0.0
381,-0.42857142857142855,0.6666666666666666,3.0,-0.3333333333333333,2.1666666666666665,-0.5714285714285714,0.8571428571428571,-0.4,-0.3333333333333333,-0.14285714285714285,-0.42857142857142855,-0.3333333333333333,0.0,0.5,0.16666666666666666,1.0,2.142857142857143,0.5,-0.2857142857142857,0.08888888888888889,4.0,-0.42857142857142855,-0.16666666666666666,0.0,-0.1,-0.5,-0.16666666666666666,1.33203125,0.16666666666666666,-0.42857142857142855,0.7142857142857143,2.1666666666666665,0.6,1.5,0.0,0.08,0.0,-0.25,1.0,0.16666666666666666,-0.5,1.3980582524271845,-0.2857142857142857,-0.2857142857142857,0.6666666666666666,-0.3333333333333333,-0.42857142857142855,-0.16666666666666666,-0.16666666666666666,0.4,-0.16666666666666666,1.5,-0.2,-0.14285714285714285,-0.2,0.08888888888888889,-0.3333333333333333,0.0,0.0,0.0,0.8571428571428571,2.5714285714285716,-0.6,-0.5,0.875,-0.2857142857142857,1.6666666666666667,-0.42857142857142855,4.0,1.0,-0.14285714285714285,-0.16666666666666666,-0.14285714285714285,1.8571428571428572,0.2857142857142857,-0.3333333333333333,0.0,1.6666666666666667,-0.2857142857142857,0.14285714285714285,0.18181818181818182,1.2857142857142858,0.8333333333333334,0.6666666666666666,4.333333333333333,0.18181818181818182,1.4444444444444444,0.0,1.1666666666666667,0.0,0.16,0.3333333333333333,-0.5,0.0,-0.16666666666666666,0.0,-0.09389671361502347,0.0,-0.3333333333333333,0.16666666666666666
382,-0.42857142857142855,0.0,0.2857142857142857,-0.3333333333333333,0.6666666666666666,-0.19047619047619047,-0.2857142857142857,-0.4,0.16666666666666666,-0.2857142857142857,0.0,0.5,1.8333333333333333,-0.5,0.3333333333333333,0.7142857142857143,1.2857142857142858,0.5,0.42857142857142855,1.4222222222222223,1.5714285714285714,0.14285714285714285,-0.3333333333333333,2.3333333333333335,0.1,-0.5,-0.3333333333333333,1.15234375,-0.3333333333333333,0.7142857142857143,-0.2857142857142857,0.0,1.0,-0.3333333333333333,-0.14285714285714285,-0.2,0.96,-0.25,0.0,2.1666666666666665,1.0,1.5436893203883495,-0.2857142857142857,1.0,0.16666666666666666,0.6666666666666666,-0.2857142857142857,1.1666666666666667,-0.16666666666666666,4.0,0.0,0.2,-0.6,-0.14285714285714285,0.0,-0.17777777777777778,0.0,-0.3333333333333333,-0.38095238095238093,0.14285714285714285,0.5714285714285714,-0.42857142857142855,-0.6,-0.3333333333333333,-0.375,-0.14285714285714285,-0.16666666666666666,3.142857142857143,-0.3333333333333333,-0.16666666666666666,0.8571428571428571,-0.25,1.1428571428571428,0.0,-0.42857142857142855,1.1666666666666667,-0.08333333333333333,-0.3333333333333333,-0.2857142857142857,-0.2857142857142857,-0.18181818181818182,1.0,0.3333333333333333,-0.3333333333333333,0.3333333333333333,0.18181818181818182,0.2222222222222222,0.8333333333333334,-0.5,-0.1111111111111111,0.64,0.0,-0.3333333333333333,0.3333333333333333,-0.3333333333333333,1.5714285714285714,-0.056338028169014086,0.16666666666666666,-0.16666666666666666,-0.16666666666666666
383,0.5714285714285714,-0.5,2.142857142857143,-0.3333333333333333,1.3333333333333333,-0.5714285714285714,-0.42857142857142855,1.2,-0.16666666666666666,0.42857142857142855,0.5714285714285714,1.8333333333333333,-0.16666666666666666,-0.16666666666666666,-0.5,-0.2857142857142857,-0.14285714285714285,0.0,2.142857142857143,0.0,1.0,-0.42857142857142855,1.0,-0.3333333333333333,0.9,2.3333333333333335,0.5,1.22265625,0.0,0.2857142857142857,0.14285714285714285,-0.5,-0.6,-0.5,-0.2857142857142857,0.28,-0.32,0.875,-0.5,0.5,0.16666666666666666,1.9320388349514563,1.2857142857142858,-0.42857142857142855,-0.16666666666666666,0.5,-0.42857142857142855,-0.5,0.5,0.0,-0.3333333333333333,-0.3,1.8,0.0,-0.3,-0.35555555555555557,0.16666666666666666,-0.5,-0.5714285714285714,0.8571428571428571,-0.42857142857142855,0.2857142857142857,0.2,-0.16666666666666666,-0.25,2.0,3.1666666666666665,1.1428571428571428,0.16666666666666666,-0.3333333333333333,-0.14285714285714285,0.5833333333333334,2.142857142857143,-0.2857142857142857,-0.2857142857142857,-0.16666666666666666,0.16666666666666666,0.3333333333333333,-0.2857142857142857,-0.14285714285714285,0.18181818181818182,3.4285714285714284,-0.3333333333333333,-0.3333333333333333,-0.3333333333333333,0.18181818181818182,-0.3333333333333333,2.3333333333333335,2.5,-0.1111111111111111,-0.32,0.0,-0.5,-0.16666666666666666,1.5,-0.2857142857142857,-0.03755868544600939,-0.5,-0.3333333333333333,-0.3333333333333333
384,-0.42857142857142855,3.0,2.7142857142857144,-0.3333333333333333,0.16666666666666666,3.238095238095238,-0.42857142857142855,-0.2,0.16666666666666666,0.0,-0.42857142857142855,0.16666666666666666,0.3333333333333333,-0.16666666666666666,-0.5,-0.42857142857142855,-0.2857142857142857,0.16666666666666666,0.2857142857142857,0.08888888888888889,-0.42857142857142855,1.0,0.3333333333333333,0.16666666666666666,-0.1,0.8333333333333334,1.3333333333333333,1.09765625,0.0,-0.42857142857142855,-0.2857142857142857,-0.3333333333333333,0.6,0.16666666666666666,0.42857142857142855,-0.04,0.64,1.875,1.6666666666666667,-0.16666666666666666,-0.5,0.9029126213592233,-0.14285714285714285,0.14285714285714285,0.5,-0.16666666666666666,-0.42857142857142855,0.5,1.1666666666666667,-0.6,2.0,-0.3,0.4,0.2857142857142857,-0.3,0.08888888888888889,0.16666666666666666,-0.16666666666666666,1.9047619047619047,0.0,0.7142857142857143,0.2857142857142857,0.2,-0.5,-0.375,1.2857142857142858,0.5,-0.14285714285714285,-0.3333333333333333,-0.5,-0.2857142857142857,-0.25,-0.2857142857142857,0.2857142857142857,1.1428571428571428,-0.3333333333333333,-0.3333333333333333,1.0,0.42857142857142855,0.8571428571428571,-0.36363636363636365,-0.2857142857142857,0.0,-0.16666666666666666,-0.3333333333333333,-0.09090909090909091,-0.1111111111111111,-0.3333333333333333,3.5,-0.3333333333333333,0.96,1.3333333333333333,0.6666666666666666,0.0,-0.3333333333333333,-0.42857142857142855,0.26291079812206575,0.16666666666666666,-0.16666666666666666,-0.3333333333333333
385,0.0,0.8333333333333334,-0.2857142857142857,1.3333333333333333,-0.3333333333333333,0.5714285714285714,-0.42857142857142855,-0.4,0.16666666666666666,0.14285714285714285,-0.2857142857142857,1.8333333333333333,1.3333333333333333,-0.16666666666666666,0.5,0.8571428571428571,0.8571428571428571,-0.16666666666666666,1.0,0.0,0.0,-0.42857142857142855,-0.3333333333333333,1.0,0.3,-0.3333333333333333,2.3333333333333335,1.48828125,0.5,0.8571428571428571,1.1428571428571428,0.5,2.0,-0.3333333333333333,0.0,-0.08,-0.32,0.125,1.8333333333333333,0.3333333333333333,-0.3333333333333333,0.6504854368932039,0.2857142857142857,-0.2857142857142857,-0.3333333333333333,-0.3333333333333333,-0.2857142857142857,0.5,0.16666666666666666,1.2,0.3333333333333333,1.2,0.0,0.7142857142857143,0.0,0.6222222222222222,4.166666666666667,0.8333333333333334,-0.5714285714285714,-0.2857142857142857,2.4285714285714284,-0.42857142857142855,-0.2,-0.5,-0.375,-0.2857142857142857,1.3333333333333333,-0.2857142857142857,-0.16666666666666666,-0.5,2.142857142857143,-0.25,-0.2857142857142857,0.2857142857142857,-0.14285714285714285,-0.16666666666666666,-0.16666666666666666,-0.3333333333333333,0.42857142857142855,0.42857142857142855,-0.18181818181818182,1.1428571428571428,1.6666666666666667,-0.3333333333333333,-0.16666666666666666,-0.2727272727272727,0.1111111111111111,0.3333333333333333,-0.16666666666666666,-0.1111111111111111,0.64,2.8333333333333335,0.3333333333333333,-0.08333333333333333,0.6666666666666666,-0.2857142857142857,-0.056338028169014086,1.6666666666666667,0.16666666666666666,-0.3333333333333333
386,0.14285714285714285,0.16666666666666666,-0.14285714285714285,0.3333333333333333,0.6666666666666666,0.38095238095238093,1.5714285714285714,0.0,0.5,-0.42857142857142855,0.0,1.8333333333333333,7.0,-0.3333333333333333,0.0,0.42857142857142855,-0.14285714285714285,1.1666666666666667,-0.2857142857142857,-0.26666666666666666,-0.14285714285714285,1.1428571428571428,0.3333333333333333,0.3333333333333333,0.5,-0.3333333333333333,0.8333333333333334,0.44921875,1.0,-0.42857142857142855,-0.2857142857142857,-0.3333333333333333,1.0,-0.5,-0.14285714285714285,-0.2,0.32,0.875,-0.5,3.3333333333333335,-0.3333333333333333,1.7184466019417475,0.42857142857142855,0.0,-0.16666666666666666,-0.3333333333333333,0.14285714285714285,0.0,-0.3333333333333333,2.0,0.0,0.0,0.2,-0.42857142857142855,-0.2,0.26666666666666666,0.0,0.5,0.38095238095238093,2.4285714285714284,0.8571428571428571,1.1428571428571428,-0.6,1.3333333333333333,0.125,0.42857142857142855,1.8333333333333333,-0.14285714285714285,0.3333333333333333,0.6666666666666666,1.2857142857142858,-0.25,-0.2857142857142857,-0.14285714285714285,-0.42857142857142855,0.5,0.5833333333333334,1.0,0.14285714285714285,0.42857142857142855,0.09090909090909091,-0.2857142857142857,-0.3333333333333333,-0.16666666666666666,-0.3333333333333333,-0.18181818181818182,-0.1111111111111111,0.5,-0.5,0.1111111111111111,1.44,0.5,0.8333333333333334,-0.3333333333333333,-0.16666666666666666,0.14285714285714285,0.13145539906103287,-0.5,-0.3333333333333333,4.0
387,0.8571428571428571,-0.16666666666666666,-0.2857142857142857,0.5,0.8333333333333334,1.1428571428571428,0.0,1.4,0.8333333333333334,2.2857142857142856,-0.42857142857142855,0.5,-0.3333333333333333,0.0,0.0,-0.42857142857142855,-0.2857142857142857,2.0,-0.2857142857142857,-0.35555555555555557,-0.42857142857142855,0.42857142857142855,1.1666666666666667,2.1666666666666665,0.7,0.16666666666666666,0.16666666666666666,0.99609375,-0.5,-0.2857142857142857,-0.2857142857142857,0.16666666666666666,-0.4,-0.3333333333333333,-0.2857142857142857,-0.2,-0.32,-0.25,-0.16666666666666666,0.6666666666666666,0.0,1.4757281553398058,0.5714285714285714,0.0,-0.5,0.0,-0.42857142857142855,1.1666666666666667,-0.3333333333333333,-0.6,0.16666666666666666,1.8,-0.6,0.5714285714285714,-0.2,1.2444444444444445,-0.3333333333333333,0.16666666666666666,4.380952380952381,1.0,-0.42857142857142855,-0.42857142857142855,0.6,1.3333333333333333,0.375,-0.2857142857142857,1.3333333333333333,1.2857142857142858,3.1666666666666665,0.16666666666666666,-0.14285714285714285,0.9166666666666666,0.14285714285714285,-0.14285714285714285,-0.2857142857142857,-0.3333333333333333,0.08333333333333333,0.16666666666666666,-0.2857142857142857,-0.42857142857142855,0.09090909090909091,0.0,-0.3333333333333333,-0.16666666666666666,0.8333333333333334,-0.18181818181818182,0.2222222222222222,2.0,-0.5,0.0,-0.48,-0.16666666666666666,-0.3333333333333333,-0.25,0.5,-0.14285714285714285,-0.07511737089201878,-0.5,0.16666666666666666,0.3333333333333333
388,0.42857142857142855,-0.5,-0.2857142857142857,0.16666666666666666,-0.16666666666666666,-0.5714285714285714,1.2857142857142858,0.6,0.0,-0.42857142857142855,-0.42857142857142855,0.3333333333333333,-0.3333333333333333,-0.16666666666666666,0.3333333333333333,0.0,-0.14285714285714285,4.0,3.2857142857142856,-0.17777777777777778,0.5714285714285714,-0.14285714285714285,-0.16666666666666666,-0.16666666666666666,0.4,-0.5,-0.5,0.83984375,0.3333333333333333,0.5714285714285714,0.14285714285714285,-0.3333333333333333,0.6,1.0,-0.2857142857142857,-0.08,-0.32,-0.25,0.3333333333333333,0.0,0.16666666666666666,0.941747572815534,0.2857142857142857,1.2857142857142858,3.5,0.3333333333333333,0.0,-0.16666666666666666,1.0,-0.6,-0.3333333333333333,-0.3,2.6,1.2857142857142858,-0.3,-0.35555555555555557,1.8333333333333333,0.8333333333333334,1.5238095238095237,0.8571428571428571,0.14285714285714285,0.8571428571428571,0.2,-0.16666666666666666,1.0,-0.2857142857142857,1.5,0.0,1.1666666666666667,0.16666666666666666,3.2857142857142856,0.5833333333333334,1.0,-0.14285714285714285,-0.42857142857142855,0.16666666666666666,0.0,1.5,1.2857142857142858,-0.42857142857142855,-0.2727272727272727,0.14285714285714285,2.1666666666666665,-0.3333333333333333,0.8333333333333334,0.36363636363636365,0.1111111111111111,-0.16666666666666666,-0.5,0.2222222222222222,0.16,0.0,2.8333333333333335,1.25,0.0,-0.42857142857142855,-0.09389671361502347,1.0,1.6666666666666667,0.0
389,-0.2857142857142857,-0.16666666666666666,0.5714285714285714,2.1666666666666665,-0.5,-0.5714285714285714,-0.42857142857142855,0.4,-0.3333333333333333,-0.42857142857142855,-0.42857142857142855,1.0,1.0,-0.3333333333333333,0.0,-0.42857142857142855,-0.14285714285714285,0.8333333333333334,-0.2857142857142857,0.0,-0.42857142857142855,-0.42857142857142855,-0.3333333333333333,-0.3333333333333333,0.1,-0.3333333333333333,0.0,0.49609375,0.6666666666666666,-0.42857142857142855,0.0,-0.5,1.4,-0.5,2.0,-0.2,0.16,1.0,-0.16666666666666666,0.0,0.5,1.5242718446601942,0.0,1.1428571428571428,2.5,0.8333333333333334,0.0,0.0,-0.3333333333333333,-0.2,-0.16666666666666666,-0.2,2.2,-0.42857142857142855,0.7,1.1555555555555554,-0.3333333333333333,0.8333333333333334,-0.5714285714285714,-0.2857142857142857,0.14285714285714285,-0.42857142857142855,-0.6,-0.16666666666666666,0.125,0.5714285714285714,-0.3333333333333333,-0.42857142857142855,0.8333333333333334,-0.3333333333333333,0.0,0.08333333333333333,-0.2857142857142857,-0.14285714285714285,-0.2857142857142857,-0.16666666666666666,0.3333333333333333,0.8333333333333334,2.0,0.0,-0.36363636363636365,0.14285714285714285,0.0,1.6666666666666667,0.3333333333333333,1.2727272727272727,-0.3333333333333333,1.3333333333333333,0.3333333333333333,-0.3333333333333333,0.16,0.0,-0.3333333333333333,-0.3333333333333333,1.5,1.5714285714285714,-0.09389671361502347,-0.5,-0.3333333333333333,-0.3333333333333333
390,1.4285714285714286,-0.16666666666666666,-0.42857142857142855,-0.3333333333333333,-0.5,2.0952380952380953,-0.2857142857142857,0.0,1.5,0.7142857142857143,0.7142857142857143,-0.5,0.5,0.3333333333333333,-0.5,-0.42857142857142855,2.0,0.0,3.857142857142857,-0.08888888888888889,2.4285714285714284,-0.42857142857142855,0.16666666666666666,0.0,-0.1,1.5,0.0,1.30859375,2.3333333333333335,2.0,0.14285714285714285,0.0,3.2,-0.3333333333333333,-0.2857142857142857,-0.2,1.12,-0.125,4.166666666666667,-0.3333333333333333,0.3333333333333333,1.1553398058252426,-0.2857142857142857,0.0,-0.5,1.0,0.2857142857142857,0.0,1.0,3.6,1.3333333333333333,-0.3,-0.4,0.8571428571428571,0.1,0.17777777777777778,-0.3333333333333333,0.6666666666666666,-0.5714285714285714,0.0,0.7142857142857143,0.0,-0.6,-0.3333333333333333,-0.375,0.42857142857142855,0.0,-0.14285714285714285,0.16666666666666666,1.0,-0.2857142857142857,0.08333333333333333,0.2857142857142857,0.0,0.5714285714285714,1.6666666666666667,-0.3333333333333333,0.0,0.42857142857142855,-0.42857142857142855,-0.36363636363636365,0.14285714285714285,0.6666666666666666,0.16666666666666666,3.1666666666666665,0.2727272727272727,-0.1111111111111111,1.3333333333333333,-0.5,0.3333333333333333,2.24,2.5,-0.5,-0.08333333333333333,-0.3333333333333333,0.2857142857142857,-0.09389671361502347,-0.16666666666666666,-0.3333333333333333,1.1666666666666667
391,-0.14285714285714285,0.0,0.2857142857142857,1.1666666666666667,-0.16666666666666666,0.7619047619047619,0.2857142857142857,-0.2,-0.3333333333333333,-0.14285714285714285,0.5714285714285714,1.0,-0.16666666666666666,1.3333333333333333,1.0,0.0,-0.2857142857142857,-0.3333333333333333,-0.2857142857142857,-0.17777777777777778,-0.2857142857142857,-0.14285714285714285,-0.16666666666666666,1.0,-0.1,0.5,0.16666666666666666,1.12109375,-0.5,0.14285714285714285,-0.14285714285714285,-0.3333333333333333,0.8,-0.3333333333333333,-0.2857142857142857,0.0,0.96,0.875,1.3333333333333333,1.5,-0.16666666666666666,1.2718446601941749,-0.2857142857142857,-0.14285714285714285,-0.5,2.6666666666666665,-0.42857142857142855,-0.5,-0.3333333333333333,-0.4,-0.16666666666666666,-0.2,0.2,2.0,-0.1,-0.17777777777777778,0.3333333333333333,0.3333333333333333,-0.5714285714285714,0.0,-0.42857142857142855,0.42857142857142855,1.4,1.6666666666666667,0.875,1.5714285714285714,-0.3333333333333333,-0.14285714285714285,0.6666666666666666,0.5,0.42857142857142855,0.9166666666666666,0.0,-0.2857142857142857,0.42857142857142855,-0.3333333333333333,-0.3333333333333333,1.1666666666666667,0.42857142857142855,-0.14285714285714285,0.7272727272727273,-0.14285714285714285,-0.16666666666666666,-0.16666666666666666,0.6666666666666666,2.909090909090909,1.7777777777777777,0.16666666666666666,1.6666666666666667,0.0,-0.32,0.0,-0.5,-0.3333333333333333,0.8333333333333334,-0.2857142857142857,-0.09389671361502347,2.6666666666666665,0.16666666666666666,-0.16666666666666666
392,-0.42857142857142855,-0.16666666666666666,-0.42857142857142855,-0.3333333333333333,-0.5,-0.5714285714285714,-0.42857142857142855,1.4,-0.3333333333333333,1.1428571428571428,-0.42857142857142855,2.6666666666666665,0.16666666666666666,2.0,0.8333333333333334,-0.2857142857142857,1.0,-0.16666666666666666,0.0,0.08888888888888889,-0.2857142857142857,0.7142857142857143,-0.3333333333333333,0.16666666666666666,-0.3,0.0,-0.16666666666666666,1.21484375,-0.3333333333333333,-0.42857142857142855,1.0,0.3333333333333333,-0.6,3.0,0.2857142857142857,-0.16,0.8,-0.25,-0.16666666666666666,1.0,1.1666666666666667,1.3106796116504855,-0.2857142857142857,0.2857142857142857,-0.3333333333333333,0.16666666666666666,0.42857142857142855,0.5,0.16666666666666666,-0.6,4.0,0.9,0.2,-0.42857142857142855,-0.3,0.35555555555555557,0.0,-0.5,-0.5714285714285714,0.0,0.7142857142857143,-0.2857142857142857,-0.4,-0.5,0.875,0.42857142857142855,-0.3333333333333333,-0.2857142857142857,-0.16666666666666666,-0.3333333333333333,-0.2857142857142857,0.25,0.0,0.42857142857142855,0.5714285714285714,-0.3333333333333333,0.16666666666666666,0.16666666666666666,-0.14285714285714285,0.7142857142857143,-0.09090909090909091,-0.2857142857142857,0.8333333333333334,-0.16666666666666666,-0.3333333333333333,-0.36363636363636365,0.0,1.0,0.6666666666666666,-0.2222222222222222,-0.48,-0.3333333333333333,1.0,-0.16666666666666666,-0.3333333333333333,-0.42857142857142855,0.4131455399061033,-0.5,0.0,0.3333333333333333
393,0.42857142857142855,0.5,0.0,-0.3333333333333333,0.5,-0.38095238095238093,1.8571428571428572,-0.2,0.16666666666666666,0.8571428571428571,0.14285714285714285,-0.3333333333333333,-0.3333333333333333,4.0,-0.3333333333333333,-0.42857142857142855,1.1428571428571428,-0.16666666666666666,1.0,1.6888888888888889,-0.14285714285714285,0.2857142857142857,-0.3333333333333333,1.1666666666666667,-0.3,0.0,-0.3333333333333333,0.83203125,2.1666666666666665,0.42857142857142855,0.5714285714285714,-0.5,-0.6,-0.3333333333333333,0.8571428571428571,1.12,0.0,0.25,-0.3333333333333333,0.0,-0.5,1.5048543689320388,1.0,-0.14285714285714285,1.3333333333333333,0.5,1.7142857142857142,0.16666666666666666,-0.3333333333333333,-0.6,-0.16666666666666666,-0.2,0.2,2.4285714285714284,0.2,-0.35555555555555557,1.1666666666666667,-0.5,-0.19047619047619047,-0.2857142857142857,0.14285714285714285,-0.42857142857142855,-0.6,-0.3333333333333333,0.5,0.0,0.5,-0.42857142857142855,-0.3333333333333333,0.8333333333333334,0.14285714285714285,-0.08333333333333333,-0.14285714285714285,-0.14285714285714285,2.5714285714285716,0.16666666666666666,-0.3333333333333333,-0.16666666666666666,0.7142857142857143,0.0,-0.2727272727272727,1.5714285714285714,0.8333333333333334,1.6666666666666667,0.8333333333333334,-0.2727272727272727,-0.2222222222222222,-0.3333333333333333,-0.5,0.2222222222222222,0.32,-0.16666666666666666,-0.3333333333333333,0.3333333333333333,-0.3333333333333333,1.0,-0.07511737089201878,5.0,0.16666666666666666,4.833333333333333
394,0.42857142857142855,0.0,-0.42857142857142855,1.0,-0.3333333333333333,0.5714285714285714,3.0,1.2,-0.3333333333333333,2.4285714285714284,0.5714285714285714,-0.16666666666666666,1.6666666666666667,-0.16666666666666666,1.0,-0.14285714285714285,-0.2857142857142857,0.16666666666666666,0.0,-0.17777777777777778,-0.42857142857142855,-0.42857142857142855,-0.3333333333333333,0.3333333333333333,0.7,0.0,0.6666666666666666,0.73046875,-0.5,-0.42857142857142855,1.0,0.3333333333333333,-0.6,-0.16666666666666666,0.2857142857142857,-0.16,-0.16,0.625,-0.5,1.3333333333333333,0.6666666666666666,0.883495145631068,-0.2857142857142857,-0.2857142857142857,0.5,-0.16666666666666666,2.4285714285714284,1.0,-0.3333333333333333,-0.6,0.6666666666666666,1.5,-0.4,0.0,-0.3,-0.26666666666666666,0.16666666666666666,1.8333333333333333,0.19047619047619047,0.14285714285714285,-0.14285714285714285,-0.14285714285714285,0.0,3.3333333333333335,-0.25,-0.2857142857142857,-0.3333333333333333,0.2857142857142857,0.3333333333333333,-0.5,0.2857142857142857,-0.25,-0.2857142857142857,0.42857142857142855,-0.2857142857142857,-0.3333333333333333,-0.3333333333333333,0.0,-0.2857142857142857,-0.42857142857142855,-0.2727272727272727,1.2857142857142858,0.0,1.0,-0.16666666666666666,-0.36363636363636365,0.8888888888888888,0.16666666666666666,1.8333333333333333,-0.3333333333333333,0.32,2.8333333333333335,0.0,-0.16666666666666666,1.0,-0.42857142857142855,0.018779342723004695,1.5,-0.3333333333333333,0.6666666666666666
395,1.1428571428571428,0.16666666666666666,-0.2857142857142857,-0.3333333333333333,-0.5,0.38095238095238093,-0.14285714285714285,-0.4,0.3333333333333333,0.7142857142857143,-0.42857142857142855,0.16666666666666666,1.6666666666666667,2.6666666666666665,-0.5,0.8571428571428571,0.42857142857142855,0.5,-0.2857142857142857,-0.35555555555555557,0.0,1.1428571428571428,-0.16666666666666666,-0.3333333333333333,0.5,-0.5,2.5,0.94921875,-0.16666666666666666,-0.42857142857142855,-0.14285714285714285,0.8333333333333334,0.4,-0.5,0.42857142857142855,-0.2,-0.16,0.125,0.0,-0.16666666666666666,-0.16666666666666666,1.2233009708737863,0.2857142857142857,-0.2857142857142857,0.16666666666666666,2.6666666666666665,-0.42857142857142855,0.0,-0.3333333333333333,0.0,2.1666666666666665,0.4,-0.4,0.0,-0.3,-0.35555555555555557,2.0,-0.5,-0.38095238095238093,0.7142857142857143,0.8571428571428571,-0.14285714285714285,0.0,1.1666666666666667,0.125,-0.2857142857142857,0.8333333333333334,-0.2857142857142857,0.0,-0.3333333333333333,0.7142857142857143,0.4166666666666667,0.0,0.14285714285714285,1.8571428571428572,-0.3333333333333333,-0.25,-0.3333333333333333,-0.2857142857142857,-0.42857142857142855,-0.2727272727272727,-0.14285714285714285,1.0,0.3333333333333333,-0.3333333333333333,-0.36363636363636365,0.2222222222222222,-0.16666666666666666,-0.3333333333333333,0.1111111111111111,0.48,0.0,1.1666666666666667,-0.25,-0.3333333333333333,2.4285714285714284,-0.09389671361502347,0.0,2.6666666666666665,0.8333333333333334
396,-0.42857142857142855,-0.5,-0.2857142857142857,1.6666666666666667,-0.5,-0.38095238095238093,-0.42857142857142855,-0.4,0.5,0.7142857142857143,0.42857142857142855,0.8333333333333334,0.16666666666666666,-0.5,3.0,-0.42857142857142855,-0.2857142857142857,0.16666666666666666,0.7142857142857143,0.8888888888888888,-0.2857142857142857,0.5714285714285714,0.6666666666666666,-0.16666666666666666,-0.3,0.3333333333333333,0.6666666666666666,1.27734375,-0.16666666666666666,0.0,-0.2857142857142857,-0.16666666666666666,-0.2,-0.3333333333333333,0.0,-0.2,-0.32,-0.125,-0.5,-0.16666666666666666,0.0,0.8155339805825242,0.42857142857142855,0.42857142857142855,-0.16666666666666666,2.6666666666666665,-0.2857142857142857,-0.5,0.0,-0.2,-0.16666666666666666,-0.3,-0.6,-0.2857142857142857,-0.1,-0.26666666666666666,1.6666666666666667,-0.3333333333333333,-0.19047619047619047,1.5714285714285714,-0.42857142857142855,1.0,-0.2,0.3333333333333333,-0.375,0.5714285714285714,0.6666666666666666,1.2857142857142858,0.0,-0.5,-0.2857142857142857,-0.25,-0.14285714285714285,0.2857142857142857,-0.2857142857142857,0.5,-0.3333333333333333,-0.3333333333333333,-0.2857142857142857,0.42857142857142855,-0.18181818181818182,-0.2857142857142857,-0.3333333333333333,-0.3333333333333333,0.16666666666666666,0.5454545454545454,0.5555555555555556,-0.3333333333333333,-0.5,-0.2222222222222222,0.16,-0.3333333333333333,-0.5,0.08333333333333333,-0.3333333333333333,-0.14285714285714285,-0.018779342723004695,1.1666666666666667,0.3333333333333333,-0.3333333333333333
397,-0.42857142857142855,-0.5,-0.2857142857142857,-0.16666666666666666,0.6666666666666666,-0.19047619047619047,0.0,0.2,1.5,1.4285714285714286,-0.42857142857142855,1.3333333333333333,2.1666666666666665,2.8333333333333335,-0.16666666666666666,0.42857142857142855,-0.14285714285714285,1.3333333333333333,-0.14285714285714285,-0.17777777777777778,-0.14285714285714285,0.5714285714285714,0.16666666666666666,0.3333333333333333,-0.3,2.0,0.0,1.06640625,1.1666666666666667,-0.14285714285714285,-0.2857142857142857,0.5,-0.6,-0.3333333333333333,1.0,-0.16,0.16,0.125,0.3333333333333333,-0.16666666666666666,-0.3333333333333333,1.5436893203883495,-0.2857142857142857,0.5714285714285714,-0.3333333333333333,0.16666666666666666,-0.42857142857142855,1.3333333333333333,1.5,-0.4,-0.3333333333333333,0.2,2.4,0.7142857142857143,-0.3,-0.08888888888888889,0.0,1.0,1.5238095238095237,-0.2857142857142857,0.42857142857142855,0.7142857142857143,0.8,1.8333333333333333,4.375,0.7142857142857143,0.0,2.5714285714285716,0.6666666666666666,-0.3333333333333333,0.0,0.4166666666666667,-0.2857142857142857,-0.14285714285714285,1.1428571428571428,0.16666666666666666,0.0,-0.3333333333333333,-0.2857142857142857,0.2857142857142857,0.5454545454545454,0.8571428571428571,-0.3333333333333333,-0.16666666666666666,0.16666666666666666,-0.09090909090909091,1.1111111111111112,1.8333333333333333,0.3333333333333333,0.0,-0.32,2.1666666666666665,-0.3333333333333333,0.16666666666666666,0.3333333333333333,0.0,-0.018779342723004695,-0.5,-0.3333333333333333,0.0
398,-0.2857142857142857,-0.5,0.42857142857142855,1.0,1.3333333333333333,0.7619047619047619,1.8571428571428572,-0.2,-0.3333333333333333,0.0,-0.42857142857142855,0.16666666666666666,-0.16666666666666666,-0.3333333333333333,-0.16666666666666666,0.0,-0.14285714285714285,-0.3333333333333333,-0.2857142857142857,-0.35555555555555557,2.5714285714285716,-0.42857142857142855,0.0,1.1666666666666667,0.8,-0.3333333333333333,-0.5,0.80078125,-0.16666666666666666,-0.14285714285714285,-0.2857142857142857,0.0,-0.2,0.3333333333333333,-0.2857142857142857,0.12,0.8,-0.125,0.0,-0.16666666666666666,0.3333333333333333,1.1941747572815533,0.0,0.42857142857142855,-0.16666666666666666,-0.3333333333333333,-0.2857142857142857,0.0,-0.16666666666666666,-0.4,0.0,-0.1,0.0,-0.42857142857142855,0.2,-0.08888888888888889,-0.3333333333333333,0.0,2.857142857142857,0.14285714285714285,-0.2857142857142857,0.2857142857142857,3.0,0.16666666666666666,0.5,0.14285714285714285,0.5,-0.42857142857142855,-0.16666666666666666,0.0,-0.14285714285714285,0.25,-0.2857142857142857,-0.14285714285714285,1.4285714285714286,0.5,0.16666666666666666,-0.5,0.0,4.428571428571429,0.45454545454545453,-0.2857142857142857,0.3333333333333333,0.0,-0.3333333333333333,0.09090909090909091,-0.2222222222222222,-0.16666666666666666,-0.16666666666666666,0.8888888888888888,0.0,-0.3333333333333333,0.6666666666666666,0.0,0.0,-0.42857142857142855,0.3192488262910798,-0.3333333333333333,-0.3333333333333333,-0.16666666666666666
399,1.8571428571428572,1.6666666666666667,2.857142857142857,0.3333333333333333,1.0,0.19047619047619047,0.0,0.6,0.8333333333333334,0.0,-0.42857142857142855,2.1666666666666665,1.1666666666666667,-0.5,3.8333333333333335,1.4285714285714286,0.7142857142857143,0.8333333333333334,2.142857142857143,-0.35555555555555557,-0.42857142857142855,-0.2857142857142857,-0.3333333333333333,0.0,0.0,1.6666666666666667,1.8333333333333333,0.79296875,-0.3333333333333333,-0.42857142857142855,0.0,0.3333333333333333,-0.6,-0.3333333333333333,1.8571428571428572,-0.12,0.96,0.625,-0.5,2.6666666666666665,3.1666666666666665,1.0970873786407767,0.2857142857142857,0.0,-0.16666666666666666,0.16666666666666666,-0.42857142857142855,-0.16666666666666666,0.16666666666666666,0.0,-0.3333333333333333,-0.3,4.2,-0.14285714285714285,-0.2,0.0,0.6666666666666666,-0.5,-0.19047619047619047,0.5714285714285714,0.8571428571428571,-0.42857142857142855,-0.6,-0.5,1.25,0.8571428571428571,1.5,-0.42857142857142855,0.8333333333333334,-0.5,0.0,1.5,1.0,1.4285714285714286,0.0,0.16666666666666666,-0.3333333333333333,-0.3333333333333333,-0.14285714285714285,-0.42857142857142855,-0.2727272727272727,0.7142857142857143,-0.16666666666666666,-0.16666666666666666,0.0,-0.09090909090909091,-0.1111111111111111,-0.3333333333333333,-0.5,-0.2222222222222222,-0.48,1.1666666666666667,0.0,0.08333333333333333,0.3333333333333333,0.14285714285714285,0.0,0.16666666666666666,-0.3333333333333333,-0.3333333333333333
400,2.142857142857143,-0.16666666666666666,-0.42857142857142855,-0.3333333333333333,0.16666666666666666,-0.5714285714285714,0.0,2.2,-0.3333333333333333,0.14285714285714285,0.42857142857142855,-0.16666666666666666,-0.3333333333333333,-0.16666666666666666,-0.5,0.0,0.0,-0.3333333333333333,1.8571428571428572,-0.35555555555555557,-0.2857142857142857,0.14285714285714285,0.0,1.1666666666666667,-0.1,1.1666666666666667,0.0,1.16015625,0.5,0.14285714285714285,0.2857142857142857,1.1666666666666667,0.6,1.6666666666666667,0.14285714285714285,0.04,-0.32,0.0,-0.3333333333333333,0.3333333333333333,0.8333333333333334,1.174757281553398,-0.2857142857142857,0.14285714285714285,3.8333333333333335,0.6666666666666666,2.142857142857143,-0.5,0.3333333333333333,-0.4,0.16666666666666666,-0.3,-0.2,-0.14285714285714285,-0.3,-0.17777777777777778,-0.3333333333333333,-0.16666666666666666,0.38095238095238093,-0.2857142857142857,-0.2857142857142857,-0.42857142857142855,7.0,-0.5,1.0,-0.2857142857142857,0.0,-0.42857142857142855,0.3333333333333333,1.0,0.5714285714285714,0.0,-0.2857142857142857,-0.2857142857142857,-0.42857142857142855,-0.3333333333333333,0.3333333333333333,-0.5,-0.14285714285714285,1.0,0.7272727272727273,-0.14285714285714285,-0.3333333333333333,0.0,1.0,0.0,-0.2222222222222222,-0.16666666666666666,0.5,-0.1111111111111111,-0.48,0.0,-0.3333333333333333,-0.16666666666666666,0.6666666666666666,1.0,-0.09389671361502347,0.3333333333333333,0.5,-0.3333333333333333
401,-0.42857142857142855,-0.5,0.2857142857142857,-0.16666666666666666,0.5,0.0,2.5714285714285716,-0.4,-0.16666666666666666,-0.42857142857142855,1.2857142857142858,0.0,-0.16666666666666666,0.0,-0.16666666666666666,-0.2857142857142857,1.0,-0.16666666666666666,0.42857142857142855,0.4444444444444444,0.14285714285714285,1.2857142857142858,0.0,-0.16666666666666666,0.6,0.0,-0.5,0.72265625,-0.3333333333333333,-0.14285714285714285,0.2857142857142857,0.5,1.8,2.3333333333333335,-0.2857142857142857,-0.2,2.56,-0.25,1.1666666666666667,-0.3333333333333333,0.5,1.5339805825242718,1.0,-0.42857142857142855,-0.5,-0.16666666666666666,-0.42857142857142855,0.3333333333333333,-0.3333333333333333,-0.6,0.8333333333333334,0.0,-0.2,0.0,4.2,-0.35555555555555557,0.5,-0.3333333333333333,-0.19047619047619047,-0.14285714285714285,-0.42857142857142855,-0.42857142857142855,-0.6,-0.16666666666666666,0.0,-0.14285714285714285,0.0,0.2857142857142857,0.0,-0.16666666666666666,0.2857142857142857,-0.25,1.0,3.2857142857142856,1.0,0.5,0.5833333333333334,-0.5,0.42857142857142855,1.2857142857142858,0.0,0.0,0.6666666666666666,-0.3333333333333333,0.0,-0.36363636363636365,-0.2222222222222222,-0.3333333333333333,-0.5,1.2222222222222223,-0.48,-0.3333333333333333,2.5,-0.3333333333333333,-0.3333333333333333,-0.42857142857142855,-0.056338028169014086,0.8333333333333334,-0.16666666666666666,-0.3333333333333333
402,-0.14285714285714285,-0.3333333333333333,1.5714285714285714,-0.3333333333333333,-0.3333333333333333,-0.38095238095238093,-0.14285714285714285,1.2,-0.16666666666666666,0.14285714285714285,0.0,0.0,-0.3333333333333333,0.3333333333333333,2.6666666666666665,0.5714285714285714,2.142857142857143,0.0,-0.14285714285714285,-0.26666666666666666,2.4285714285714284,1.1428571428571428,1.5,-0.3333333333333333,-0.3,0.0,-0.3333333333333333,1.36328125,0.0,1.2857142857142858,1.0,-0.5,-0.4,-0.5,-0.2857142857142857,-0.12,1.6,0.375,-0.3333333333333333,0.0,1.6666666666666667,1.9223300970873787,-0.14285714285714285,0.2857142857142857,2.8333333333333335,0.8333333333333334,-0.42857142857142855,-0.5,-0.16666666666666666,-0.6,-0.16666666666666666,-0.2,0.0,0.5714285714285714,0.4,-0.26666666666666666,2.1666666666666665,-0.3333333333333333,-0.19047619047619047,1.1428571428571428,-0.42857142857142855,-0.14285714285714285,0.0,-0.5,-0.375,0.7142857142857143,-0.3333333333333333,0.2857142857142857,-0.3333333333333333,-0.5,-0.2857142857142857,0.3333333333333333,0.2857142857142857,1.1428571428571428,0.7142857142857143,-0.3333333333333333,-0.3333333333333333,-0.5,0.0,-0.42857142857142855,-0.36363636363636365,-0.14285714285714285,-0.3333333333333333,1.1666666666666667,0.3333333333333333,0.7272727272727273,1.0,1.8333333333333333,-0.5,0.2222222222222222,2.4,0.0,0.6666666666666666,-0.3333333333333333,2.3333333333333335,-0.2857142857142857,-0.09389671361502347,-0.5,-0.3333333333333333,0.16666666666666666
403,-0.2857142857142857,0.3333333333333333,0.14285714285714285,-0.3333333333333333,2.3333333333333335,-0.5714285714285714,-0.2857142857142857,0.8,0.5,0.0,-0.2857142857142857,0.6666666666666666,1.3333333333333333,-0.5,-0.5,-0.42857142857142855,-0.2857142857142857,0.16666666666666666,-0.2857142857142857,-0.08888888888888889,0.5714285714285714,-0.42857142857142855,-0.3333333333333333,0.8333333333333334,0.4,-0.16666666666666666,0.3333333333333333,0.80078125,-0.5,-0.42857142857142855,-0.2857142857142857,2.0,0.4,-0.3333333333333333,-0.2857142857142857,-0.08,5.76,0.625,-0.5,0.0,-0.16666666666666666,0.6213592233009708,-0.14285714285714285,0.0,0.0,0.16666666666666666,-0.2857142857142857,-0.5,-0.3333333333333333,1.0,-0.16666666666666666,-0.1,-0.4,0.5714285714285714,0.8,0.08888888888888889,2.0,-0.5,-0.38095238095238093,1.0,0.0,0.5714285714285714,-0.2,-0.3333333333333333,0.625,-0.2857142857142857,0.3333333333333333,-0.14285714285714285,1.1666666666666667,-0.5,-0.14285714285714285,-0.16666666666666666,-0.14285714285714285,0.42857142857142855,-0.2857142857142857,0.0,-0.08333333333333333,0.16666666666666666,-0.2857142857142857,-0.2857142857142857,0.2727272727272727,0.7142857142857143,0.8333333333333334,-0.3333333333333333,1.3333333333333333,1.2727272727272727,-0.3333333333333333,-0.3333333333333333,0.5,-0.2222222222222222,-0.32,0.8333333333333334,0.3333333333333333,-0.25,2.0,-0.42857142857142855,-0.09389671361502347,-0.3333333333333333,1.1666666666666667,0.5
404,0.0,1.3333333333333333,-0.2857142857142857,-0.3333333333333333,-0.5,0.0,-0.42857142857142855,-0.4,0.8333333333333334,0.5714285714285714,3.857142857142857,1.0,3.0,0.16666666666666666,0.6666666666666666,-0.42857142857142855,0.0,0.16666666666666666,1.5714285714285714,1.6,0.2857142857142857,-0.42857142857142855,1.6666666666666667,-0.16666666666666666,-0.1,0.0,0.8333333333333334,1.01953125,1.1666666666666667,0.0,1.8571428571428572,-0.16666666666666666,2.2,-0.16666666666666666,1.0,-0.2,-0.32,-0.25,-0.16666666666666666,-0.16666666666666666,0.8333333333333334,0.7378640776699029,-0.14285714285714285,0.14285714285714285,-0.5,-0.3333333333333333,-0.42857142857142855,0.5,0.6666666666666666,2.0,0.6666666666666666,-0.1,1.4,1.0,0.6,-0.35555555555555557,1.1666666666666667,0.3333333333333333,0.19047619047619047,-0.14285714285714285,0.2857142857142857,0.2857142857142857,-0.6,-0.5,-0.125,-0.2857142857142857,0.3333333333333333,0.7142857142857143,-0.3333333333333333,1.3333333333333333,1.1428571428571428,1.5833333333333333,0.42857142857142855,-0.2857142857142857,-0.42857142857142855,2.6666666666666665,-0.08333333333333333,-0.5,0.2857142857142857,-0.42857142857142855,-0.09090909090909091,2.142857142857143,-0.3333333333333333,1.0,-0.3333333333333333,-0.36363636363636365,-0.1111111111111111,1.5,-0.5,0.3333333333333333,0.0,1.3333333333333333,2.3333333333333335,1.4166666666666667,1.0,-0.2857142857142857,0.3192488262910798,0.16666666666666666,-0.3333333333333333,-0.16666666666666666
405,-0.14285714285714285,0.3333333333333333,0.14285714285714285,-0.16666666666666666,-0.16666666666666666,0.7619047619047619,-0.14285714285714285,2.6,0.0,-0.14285714285714285,-0.14285714285714285,0.16666666666666666,1.6666666666666667,0.8333333333333334,0.16666666666666666,-0.42857142857142855,0.2857142857142857,-0.3333333333333333,-0.2857142857142857,0.17777777777777778,-0.42857142857142855,0.5714285714285714,0.0,0.0,-0.2,-0.5,0.3333333333333333,0.73046875,1.1666666666666667,0.0,-0.2857142857142857,-0.16666666666666666,-0.4,1.1666666666666667,-0.14285714285714285,0.24,1.6,0.875,0.5,-0.16666666666666666,-0.16666666666666666,1.1553398058252426,-0.2857142857142857,-0.2857142857142857,-0.5,0.0,1.8571428571428572,0.6666666666666666,1.1666666666666667,0.6,0.5,-0.3,-0.2,0.14285714285714285,0.0,0.08888888888888889,0.6666666666666666,-0.5,3.4285714285714284,1.0,0.2857142857142857,1.8571428571428572,-0.4,0.16666666666666666,-0.25,0.0,-0.16666666666666666,0.0,2.8333333333333335,-0.5,1.0,1.0,0.2857142857142857,-0.2857142857142857,0.0,1.1666666666666667,-0.3333333333333333,-0.3333333333333333,0.2857142857142857,0.42857142857142855,0.2727272727272727,-0.2857142857142857,-0.16666666666666666,0.5,0.6666666666666666,-0.36363636363636365,-0.3333333333333333,0.0,0.3333333333333333,-0.2222222222222222,-0.32,-0.3333333333333333,0.16666666666666666,0.0,0.0,-0.14285714285714285,-0.09389671361502347,-0.5,-0.16666666666666666,-0.3333333333333333
406,1.0,-0.3333333333333333,-0.42857142857142855,-0.3333333333333333,0.0,0.7619047619047619,-0.42857142857142855,0.0,-0.3333333333333333,-0.42857142857142855,0.5714285714285714,0.0,0.0,0.8333333333333334,-0.5,0.5714285714285714,0.2857142857142857,0.0,1.0,0.0,2.142857142857143,0.2857142857142857,0.8333333333333334,0.0,0.8,1.1666666666666667,-0.3333333333333333,0.47265625,1.0,-0.14285714285714285,1.5714285714285714,0.16666666666666666,-0.2,-0.5,-0.14285714285714285,-0.16,-0.16,1.0,0.6666666666666666,-0.16666666666666666,1.3333333333333333,1.1359223300970873,0.14285714285714285,0.7142857142857143,1.1666666666666667,2.5,-0.14285714285714285,1.3333333333333333,-0.16666666666666666,0.0,0.16666666666666666,0.7,0.8,1.2857142857142858,0.3,0.6222222222222222,0.16666666666666666,1.0,0.38095238095238093,-0.14285714285714285,1.2857142857142858,-0.2857142857142857,0.0,0.16666666666666666,0.0,-0.2857142857142857,3.5,-0.42857142857142855,-0.16666666666666666,-0.3333333333333333,0.0,0.08333333333333333,-0.2857142857142857,-0.2857142857142857,-0.2857142857142857,0.3333333333333333,-0.3333333333333333,1.3333333333333333,-0.2857142857142857,-0.42857142857142855,0.0,1.7142857142857142,0.0,-0.16666666666666666,1.3333333333333333,-0.2727272727272727,0.7777777777777778,0.16666666666666666,-0.16666666666666666,-0.2222222222222222,0.16,1.0,1.8333333333333333,-0.25,0.6666666666666666,3.0,-0.09389671361502347,-0.3333333333333333,-0.3333333333333333,0.8333333333333334
407,0.14285714285714285,0.6666666666666666,-0.42857142857142855,-0.3333333333333333,-0.16666666666666666,0.38095238095238093,-0.2857142857142857,2.4,4.833333333333333,-0.42857142857142855,4.285714285714286,-0.5,-0.16666666666666666,1.8333333333333333,3.3333333333333335,-0.14285714285714285,0.0,0.0,-0.14285714285714285,-0.08888888888888889,0.2857142857142857,-0.42857142857142855,-0.3333333333333333,-0.3333333333333333,0.7,-0.5,-0.3333333333333333,1.13671875,0.16666666666666666,0.5714285714285714,-0.2857142857142857,-0.3333333333333333,-0.2,1.1666666666666667,0.0,0.04,0.16,-0.25,-0.3333333333333333,-0.3333333333333333,0.0,0.912621359223301,-0.2857142857142857,-0.14285714285714285,0.0,-0.16666666666666666,-0.42857142857142855,-0.3333333333333333,-0.3333333333333333,-0.4,0.0,-0.2,0.0,-0.14285714285714285,2.0,0.0,-0.3333333333333333,-0.3333333333333333,-0.38095238095238093,-0.14285714285714285,-0.42857142857142855,2.7142857142857144,0.8,0.16666666666666666,-0.125,-0.2857142857142857,3.1666666666666665,-0.2857142857142857,1.8333333333333333,-0.5,0.7142857142857143,-0.25,-0.2857142857142857,-0.2857142857142857,-0.42857142857142855,0.16666666666666666,0.3333333333333333,-0.3333333333333333,-0.2857142857142857,2.7142857142857144,0.2727272727272727,0.2857142857142857,-0.16666666666666666,0.5,-0.16666666666666666,2.1818181818181817,-0.3333333333333333,0.0,1.3333333333333333,1.0,0.0,-0.16666666666666666,1.3333333333333333,0.08333333333333333,-0.16666666666666666,-0.2857142857142857,-0.09389671361502347,1.0,0.16666666666666666,-0.3333333333333333
408,0.2857142857142857,0.16666666666666666,1.0,1.6666666666666667,-0.5,0.38095238095238093,-0.2857142857142857,0.0,0.3333333333333333,0.42857142857142855,0.0,0.16666666666666666,2.8333333333333335,-0.5,-0.5,-0.42857142857142855,-0.2857142857142857,-0.3333333333333333,0.42857142857142855,-0.35555555555555557,0.8571428571428571,-0.2857142857142857,-0.3333333333333333,0.8333333333333334,0.6,4.666666666666667,-0.3333333333333333,1.39453125,0.3333333333333333,0.42857142857142855,0.14285714285714285,-0.5,0.0,-0.5,0.14285714285714285,-0.2,1.44,-0.25,0.3333333333333333,1.1666666666666667,-0.3333333333333333,1.4466019417475728,0.0,-0.2857142857142857,0.0,-0.16666666666666666,0.0,0.5,0.16666666666666666,-0.2,1.0,0.7,2.2,0.2857142857142857,0.3,0.26666666666666666,0.0,0.16666666666666666,0.9523809523809523,-0.14285714285714285,-0.42857142857142855,-0.2857142857142857,0.2,0.3333333333333333,0.0,2.2857142857142856,-0.16666666666666666,-0.2857142857142857,-0.3333333333333333,0.0,-0.14285714285714285,0.25,-0.2857142857142857,-0.14285714285714285,-0.42857142857142855,-0.16666666666666666,0.0,0.0,0.0,0.2857142857142857,0.45454545454545453,-0.2857142857142857,-0.3333333333333333,-0.16666666666666666,0.0,0.18181818181818182,-0.2222222222222222,0.0,0.8333333333333334,-0.3333333333333333,0.32,0.0,1.0,-0.3333333333333333,0.16666666666666666,1.0,-0.07511737089201878,-0.16666666666666666,2.5,0.5
409,-0.42857142857142855,1.1666666666666667,-0.2857142857142857,-0.3333333333333333,0.0,1.9047619047619047,3.5714285714285716,0.4,0.0,0.8571428571428571,-0.42857142857142855,2.3333333333333335,0.16666666666666666,-0.3333333333333333,-0.5,-0.42857142857142855,0.7142857142857143,0.16666666666666666,0.0,-0.26666666666666666,2.2857142857142856,0.2857142857142857,-0.3333333333333333,0.16666666666666666,0.4,-0.5,-0.5,0.61328125,0.8333333333333334,-0.42857142857142855,-0.14285714285714285,0.0,3.2,1.6666666666666667,1.4285714285714286,0.2,0.16,-0.125,1.0,2.1666666666666665,0.8333333333333334,1.5631067961165048,0.0,1.2857142857142858,-0.5,0.6666666666666666,-0.2857142857142857,-0.5,1.8333333333333333,-0.4,0.0,-0.2,0.4,0.0,0.0,1.6,1.0,-0.5,1.3333333333333333,1.0,-0.14285714285714285,-0.14285714285714285,0.2,1.0,1.375,-0.14285714285714285,-0.3333333333333333,-0.14285714285714285,3.6666666666666665,0.6666666666666666,-0.14285714285714285,-0.25,1.1428571428571428,1.5714285714285714,2.5714285714285716,-0.16666666666666666,-0.3333333333333333,-0.5,-0.2857142857142857,1.5714285714285714,0.18181818181818182,-0.2857142857142857,-0.3333333333333333,-0.3333333333333333,-0.3333333333333333,-0.18181818181818182,1.0,0.5,-0.3333333333333333,0.3333333333333333,0.0,-0.3333333333333333,0.6666666666666666,-0.25,-0.3333333333333333,0.0,-0.09389671361502347,0.5,0.5,2.6666666666666665
410,0.2857142857142857,1.3333333333333333,0.0,-0.16666666666666666,0.0,-0.38095238095238093,-0.2857142857142857,0.0,1.0,2.2857142857142856,-0.42857142857142855,0.5,3.1666666666666665,-0.16666666666666666,-0.5,-0.42857142857142855,0.5714285714285714,-0.16666666666666666,0.0,-0.26666666666666666,0.42857142857142855,-0.14285714285714285,-0.16666666666666666,1.1666666666666667,0.1,-0.16666666666666666,0.16666666666666666,0.87109375,-0.5,1.2857142857142858,1.0,0.8333333333333334,-0.6,-0.16666666666666666,0.2857142857142857,-0.04,-0.16,-0.25,-0.3333333333333333,1.3333333333333333,0.16666666666666666,0.6601941747572816,-0.2857142857142857,0.8571428571428571,1.5,-0.3333333333333333,-0.42857142857142855,-0.5,0.3333333333333333,0.0,0.0,0.2,-0.6,1.1428571428571428,-0.2,0.7111111111111111,-0.3333333333333333,-0.5,-0.38095238095238093,0.8571428571428571,-0.42857142857142855,-0.2857142857142857,-0.2,-0.5,-0.375,-0.2857142857142857,0.8333333333333334,-0.2857142857142857,-0.3333333333333333,0.3333333333333333,-0.2857142857142857,-0.16666666666666666,0.0,1.8571428571428572,1.1428571428571428,1.3333333333333333,0.25,-0.3333333333333333,1.5714285714285714,0.14285714285714285,0.2727272727272727,0.14285714285714285,0.16666666666666666,-0.16666666666666666,1.6666666666666667,1.2727272727272727,-0.1111111111111111,0.3333333333333333,-0.3333333333333333,0.7777777777777778,-0.48,-0.16666666666666666,0.6666666666666666,-0.3333333333333333,-0.3333333333333333,-0.42857142857142855,-0.018779342723004695,-0.5,-0.3333333333333333,1.0
411,-0.14285714285714285,1.6666666666666667,1.8571428571428572,0.0,1.5,0.19047619047619047,1.1428571428571428,0.0,0.5,-0.42857142857142855,-0.42857142857142855,0.3333333333333333,1.0,-0.5,2.5,0.7142857142857143,1.0,-0.16666666666666666,0.14285714285714285,-0.35555555555555557,0.2857142857142857,0.2857142857142857,1.0,3.8333333333333335,-0.3,-0.5,-0.3333333333333333,1.26171875,-0.5,-0.42857142857142855,3.142857142857143,1.1666666666666667,-0.6,0.16666666666666666,-0.2857142857142857,0.16,0.16,0.75,0.6666666666666666,-0.16666666666666666,1.6666666666666667,0.6990291262135923,-0.2857142857142857,-0.42857142857142855,-0.5,1.5,-0.42857142857142855,-0.3333333333333333,1.5,0.2,0.5,-0.3,-0.6,-0.2857142857142857,0.1,-0.08888888888888889,2.0,1.1666666666666667,1.5238095238095237,1.5714285714285714,-0.42857142857142855,-0.42857142857142855,-0.2,1.0,-0.25,1.1428571428571428,0.3333333333333333,0.2857142857142857,0.16666666666666666,0.5,-0.2857142857142857,-0.08333333333333333,-0.2857142857142857,0.0,1.0,0.16666666666666666,0.75,1.8333333333333333,-0.14285714285714285,-0.14285714285714285,-0.36363636363636365,-0.14285714285714285,0.16666666666666666,-0.3333333333333333,0.16666666666666666,-0.36363636363636365,-0.1111111111111111,0.8333333333333334,2.3333333333333335,-0.3333333333333333,-0.32,0.0,0.16666666666666666,-0.3333333333333333,0.5,0.14285714285714285,-0.056338028169014086,-0.5,-0.3333333333333333,-0.16666666666666666
412,3.5714285714285716,-0.16666666666666666,-0.42857142857142855,0.8333333333333334,2.8333333333333335,-0.5714285714285714,0.14285714285714285,-0.4,4.166666666666667,-0.14285714285714285,1.0,-0.16666666666666666,0.16666666666666666,1.3333333333333333,-0.16666666666666666,-0.14285714285714285,-0.2857142857142857,0.3333333333333333,-0.2857142857142857,-0.35555555555555557,0.2857142857142857,1.1428571428571428,0.5,-0.3333333333333333,0.1,0.3333333333333333,1.3333333333333333,1.33203125,-0.3333333333333333,-0.42857142857142855,1.8571428571428572,-0.3333333333333333,-0.6,0.5,-0.2857142857142857,-0.04,0.64,-0.125,1.8333333333333333,0.6666666666666666,0.0,1.4757281553398058,-0.2857142857142857,0.0,-0.16666666666666666,-0.3333333333333333,-0.42857142857142855,-0.16666666666666666,-0.3333333333333333,-0.6,-0.16666666666666666,-0.2,-0.6,0.14285714285714285,-0.2,0.26666666666666666,-0.3333333333333333,0.5,-0.5714285714285714,2.857142857142857,0.14285714285714285,-0.2857142857142857,-0.6,0.6666666666666666,0.0,-0.2857142857142857,6.666666666666667,-0.14285714285714285,-0.16666666666666666,-0.5,0.2857142857142857,-0.16666666666666666,0.2857142857142857,0.0,1.7142857142857142,1.0,-0.3333333333333333,0.6666666666666666,0.42857142857142855,0.8571428571428571,-0.09090909090909091,-0.2857142857142857,-0.16666666666666666,0.8333333333333334,0.0,-0.09090909090909091,0.2222222222222222,0.3333333333333333,-0.5,0.0,-0.48,-0.16666666666666666,-0.5,1.3333333333333333,-0.16666666666666666,-0.14285714285714285,-0.09389671361502347,0.3333333333333333,-0.16666666666666666,1.0
413,-0.14285714285714285,2.0,-0.2857142857142857,0.3333333333333333,1.3333333333333333,-0.38095238095238093,-0.42857142857142855,0.0,-0.3333333333333333,-0.42857142857142855,-0.42857142857142855,-0.16666666666666666,0.0,2.6666666666666665,0.16666666666666666,0.2857142857142857,0.42857142857142855,-0.3333333333333333,0.42857142857142855,-0.35555555555555557,-0.14285714285714285,-0.14285714285714285,-0.3333333333333333,0.16666666666666666,0.3,2.1666666666666665,1.6666666666666667,0.90234375,-0.16666666666666666,0.2857142857142857,-0.2857142857142857,-0.16666666666666666,-0.6,-0.5,1.7142857142857142,-0.2,0.8,-0.25,0.0,-0.3333333333333333,0.3333333333333333,0.8932038834951457,0.7142857142857143,0.0,0.6666666666666666,-0.3333333333333333,-0.42857142857142855,1.1666666666666667,-0.3333333333333333,2.4,1.5,-0.3,-0.4,1.1428571428571428,-0.1,0.17777777777777778,-0.3333333333333333,0.16666666666666666,-0.5714285714285714,1.1428571428571428,2.4285714285714284,0.7142857142857143,-0.2,0.5,0.25,0.2857142857142857,5.666666666666667,0.14285714285714285,-0.16666666666666666,1.1666666666666667,2.2857142857142856,0.0,1.2857142857142858,0.14285714285714285,0.2857142857142857,3.1666666666666665,-0.3333333333333333,-0.5,0.5714285714285714,1.1428571428571428,-0.2727272727272727,-0.2857142857142857,-0.3333333333333333,-0.16666666666666666,-0.16666666666666666,-0.2727272727272727,2.4444444444444446,0.6666666666666666,0.0,1.3333333333333333,-0.48,-0.3333333333333333,0.0,0.08333333333333333,-0.16666666666666666,1.0,-0.018779342723004695,-0.5,2.3333333333333335,0.6666666666666666
414,-0.2857142857142857,1.6666666666666667,0.14285714285714285,-0.3333333333333333,0.5,0.19047619047619047,-0.14285714285714285,0.8,0.16666666666666666,-0.2857142857142857,-0.42857142857142855,-0.16666666666666666,0.16666666666666666,0.8333333333333334,-0.5,-0.2857142857142857,0.42857142857142855,0.3333333333333333,-0.2857142857142857,0.4444444444444444,0.7142857142857143,-0.2857142857142857,-0.3333333333333333,0.16666666666666666,-0.2,0.16666666666666666,-0.16666666666666666,1.41796875,-0.16666666666666666,5.857142857142857,-0.14285714285714285,-0.5,-0.2,0.8333333333333334,-0.14285714285714285,1.08,-0.32,1.0,-0.3333333333333333,3.5,-0.5,0.9805825242718447,-0.14285714285714285,0.7142857142857143,0.5,-0.3333333333333333,1.0,0.6666666666666666,-0.3333333333333333,-0.6,1.1666666666666667,-0.3,0.2,5.142857142857143,1.0,-0.35555555555555557,-0.16666666666666666,1.5,0.19047619047619047,1.1428571428571428,2.5714285714285716,-0.42857142857142855,-0.2,-0.5,0.875,-0.14285714285714285,-0.3333333333333333,0.5714285714285714,3.1666666666666665,0.5,1.8571428571428572,0.0,1.7142857142857142,-0.14285714285714285,0.5714285714285714,-0.16666666666666666,-0.3333333333333333,1.6666666666666667,-0.14285714285714285,-0.14285714285714285,-0.18181818181818182,3.142857142857143,-0.3333333333333333,-0.3333333333333333,1.8333333333333333,1.2727272727272727,0.2222222222222222,0.16666666666666666,0.0,0.4444444444444444,-0.32,-0.3333333333333333,1.8333333333333333,-0.3333333333333333,0.3333333333333333,1.1428571428571428,0.056338028169014086,0.16666666666666666,-0.3333333333333333,0.0
415,0.14285714285714285,0.16666666666666666,1.4285714285714286,0.0,-0.5,0.0,0.2857142857142857,-0.4,2.0,0.2857142857142857,0.14285714285714285,0.8333333333333334,-0.3333333333333333,0.0,-0.16666666666666666,0.42857142857142855,0.14285714285714285,0.5,2.4285714285714284,-0.08888888888888889,0.0,-0.42857142857142855,-0.3333333333333333,1.0,0.7,-0.5,1.1666666666666667,1.23046875,1.5,2.0,-0.2857142857142857,0.8333333333333334,0.0,0.0,0.7142857142857143,0.08,2.72,1.0,3.6666666666666665,0.3333333333333333,0.0,1.4271844660194175,0.2857142857142857,-0.42857142857142855,-0.5,0.0,0.0,0.6666666666666666,-0.3333333333333333,-0.6,1.1666666666666667,0.5,-0.6,0.7142857142857143,-0.3,0.8888888888888888,-0.3333333333333333,-0.3333333333333333,-0.5714285714285714,-0.14285714285714285,0.14285714285714285,-0.42857142857142855,2.4,0.3333333333333333,-0.25,-0.2857142857142857,-0.16666666666666666,-0.42857142857142855,2.3333333333333335,0.8333333333333334,-0.2857142857142857,-0.25,0.14285714285714285,0.5714285714285714,-0.42857142857142855,4.5,-0.16666666666666666,-0.5,0.5714285714285714,-0.42857142857142855,-0.36363636363636365,1.2857142857142858,-0.16666666666666666,-0.3333333333333333,-0.3333333333333333,0.18181818181818182,0.8888888888888888,-0.16666666666666666,-0.16666666666666666,0.1111111111111111,0.64,0.6666666666666666,-0.16666666666666666,0.0,0.16666666666666666,0.14285714285714285,-0.07511737089201878,-0.5,1.3333333333333333,-0.3333333333333333
416,0.0,1.3333333333333333,0.14285714285714285,-0.16666666666666666,-0.5,-0.5714285714285714,2.4285714285714284,2.2,1.0,-0.2857142857142857,0.0,5.166666666666667,1.8333333333333333,0.16666666666666666,2.5,-0.2857142857142857,0.42857142857142855,-0.3333333333333333,0.14285714285714285,-0.35555555555555557,1.7142857142857142,0.0,-0.3333333333333333,-0.3333333333333333,-0.3,0.8333333333333334,-0.5,1.01953125,0.5,-0.2857142857142857,0.2857142857142857,-0.16666666666666666,-0.4,-0.5,-0.14285714285714285,-0.16,0.0,-0.125,-0.5,-0.16666666666666666,-0.3333333333333333,1.087378640776699,1.8571428571428572,0.42857142857142855,0.6666666666666666,1.8333333333333333,0.7142857142857143,1.8333333333333333,-0.3333333333333333,0.0,0.16666666666666666,-0.2,1.0,-0.42857142857142855,0.7,-0.08888888888888889,-0.16666666666666666,-0.3333333333333333,-0.5714285714285714,0.42857142857142855,0.2857142857142857,0.42857142857142855,-0.4,-0.5,0.125,-0.2857142857142857,0.8333333333333334,1.7142857142857142,-0.3333333333333333,-0.5,0.5714285714285714,0.75,2.857142857142857,1.1428571428571428,0.42857142857142855,-0.16666666666666666,-0.3333333333333333,0.3333333333333333,-0.2857142857142857,-0.42857142857142855,-0.2727272727272727,-0.2857142857142857,3.0,-0.16666666666666666,0.5,-0.36363636363636365,1.1111111111111112,-0.16666666666666666,2.3333333333333335,0.2222222222222222,1.92,4.5,1.3333333333333333,-0.3333333333333333,-0.3333333333333333,0.42857142857142855,0.018779342723004695,-0.3333333333333333,0.0,-0.3333333333333333
417,-0.42857142857142855,0.6666666666666666,0.14285714285714285,-0.16666666666666666,2.0,0.0,0.42857142857142855,4.4,-0.16666666666666666,2.7142857142857144,-0.42857142857142855,-0.16666666666666666,-0.3333333333333333,-0.3333333333333333,-0.5,-0.42857142857142855,-0.2857142857142857,0.3333333333333333,-0.2857142857142857,-0.26666666666666666,0.5714285714285714,-0.42857142857142855,2.8333333333333335,0.0,-0.3,-0.5,0.3333333333333333,1.17578125,0.3333333333333333,0.14285714285714285,-0.2857142857142857,-0.5,-0.6,0.0,0.0,-0.12,0.16,-0.25,0.16666666666666666,1.1666666666666667,0.3333333333333333,1.766990291262136,0.7142857142857143,-0.14285714285714285,-0.5,1.5,-0.42857142857142855,-0.5,0.3333333333333333,4.0,0.0,-0.1,1.6,0.14285714285714285,1.0,-0.26666666666666666,-0.3333333333333333,0.16666666666666666,1.5238095238095237,0.2857142857142857,0.42857142857142855,3.5714285714285716,1.2,-0.3333333333333333,-0.125,-0.2857142857142857,-0.3333333333333333,-0.2857142857142857,0.5,-0.5,-0.2857142857142857,0.0,1.4285714285714286,0.2857142857142857,-0.42857142857142855,0.6666666666666666,1.8333333333333333,0.5,-0.14285714285714285,-0.14285714285714285,-0.18181818181818182,0.0,-0.3333333333333333,0.6666666666666666,2.5,-0.09090909090909091,2.0,-0.3333333333333333,1.3333333333333333,-0.3333333333333333,1.28,0.0,0.0,-0.16666666666666666,0.5,0.5714285714285714,-0.09389671361502347,0.5,-0.16666666666666666,0.16666666666666666
418,0.14285714285714285,1.0,-0.42857142857142855,0.8333333333333334,0.0,0.5714285714285714,-0.2857142857142857,0.6,0.3333333333333333,-0.2857142857142857,0.42857142857142855,-0.5,-0.3333333333333333,-0.16666666666666666,-0.3333333333333333,-0.2857142857142857,-0.14285714285714285,2.8333333333333335,0.5714285714285714,1.0666666666666667,0.5714285714285714,-0.2857142857142857,-0.3333333333333333,0.5,0.4,2.5,0.0,1.11328125,-0.3333333333333333,-0.2857142857142857,0.0,-0.5,-0.2,0.5,0.0,-0.04,1.6,-0.25,-0.16666666666666666,-0.16666666666666666,-0.5,0.9223300970873787,0.5714285714285714,-0.42857142857142855,1.3333333333333333,0.3333333333333333,-0.2857142857142857,0.16666666666666666,-0.3333333333333333,0.0,-0.3333333333333333,0.1,1.0,-0.14285714285714285,-0.3,0.17777777777777778,1.8333333333333333,-0.3333333333333333,0.7619047619047619,1.0,1.2857142857142858,-0.14285714285714285,0.4,1.5,-0.375,-0.14285714285714285,0.16666666666666666,-0.42857142857142855,-0.3333333333333333,0.3333333333333333,-0.2857142857142857,-0.25,2.142857142857143,-0.14285714285714285,2.4285714285714284,-0.16666666666666666,0.08333333333333333,-0.3333333333333333,1.4285714285714286,-0.42857142857142855,0.0,-0.2857142857142857,-0.3333333333333333,0.5,-0.16666666666666666,0.09090909090909091,0.4444444444444444,0.3333333333333333,1.6666666666666667,1.8888888888888888,-0.48,-0.3333333333333333,-0.3333333333333333,2.0,0.5,0.42857142857142855,-0.018779342723004695,-0.5,-0.3333333333333333,0.0
419,1.4285714285714286,0.0,-0.2857142857142857,1.3333333333333333,-0.5,-0.5714285714285714,-0.42857142857142855,-0.4,0.16666666666666666,1.4285714285714286,3.4285714285714284,-0.3333333333333333,0.0,1.0,-0.5,1.2857142857142858,1.0,0.5,0.14285714285714285,1.3333333333333333,-0.2857142857142857,-0.42857142857142855,1.0,1.6666666666666667,-0.2,0.3333333333333333,-0.16666666666666666,0.71484375,1.0,-0.14285714285714285,0.42857142857142855,-0.5,-0.6,-0.16666666666666666,0.14285714285714285,-0.2,-0.32,0.25,-0.5,0.6666666666666666,-0.3333333333333333,1.4660194174757282,-0.2857142857142857,-0.14285714285714285,-0.3333333333333333,0.0,-0.42857142857142855,-0.3333333333333333,0.0,-0.6,0.5,-0.3,0.6,-0.2857142857142857,1.9,-0.26666666666666666,-0.3333333333333333,-0.16666666666666666,0.0,-0.2857142857142857,2.7142857142857144,-0.42857142857142855,-0.6,1.6666666666666667,-0.125,0.42857142857142855,-0.3333333333333333,0.14285714285714285,-0.16666666666666666,0.0,-0.2857142857142857,-0.16666666666666666,-0.2857142857142857,2.7142857142857144,-0.14285714285714285,-0.3333333333333333,-0.25,-0.5,-0.14285714285714285,1.2857142857142858,0.0,-0.2857142857142857,0.16666666666666666,0.0,0.5,-0.2727272727272727,2.2222222222222223,-0.3333333333333333,0.8333333333333334,0.1111111111111111,-0.16,0.6666666666666666,-0.5,0.08333333333333333,0.3333333333333333,0.2857142857142857,0.39436619718309857,-0.5,0.0,0.6666666666666666
420,2.0,1.1666666666666667,0.0,-0.16666666666666666,1.5,0.0,-0.42857142857142855,8.0,0.5,-0.42857142857142855,-0.2857142857142857,-0.16666666666666666,2.8333333333333335,0.3333333333333333,0.0,-0.42857142857142855,0.5714285714285714,-0.3333333333333333,0.42857142857142855,-0.17777777777777778,-0.2857142857142857,0.8571428571428571,3.6666666666666665,-0.3333333333333333,-0.3,0.8333333333333334,0.6666666666666666,1.40234375,2.0,0.7142857142857143,-0.2857142857142857,0.3333333333333333,1.4,-0.5,0.0,0.8,-0.16,-0.125,0.5,1.0,-0.16666666666666666,0.8446601941747572,-0.2857142857142857,1.2857142857142858,-0.5,0.5,1.0,0.5,6.166666666666667,-0.2,-0.3333333333333333,-0.3,0.8,-0.42857142857142855,0.8,0.08888888888888889,1.6666666666666667,2.3333333333333335,-0.5714285714285714,0.14285714285714285,-0.42857142857142855,-0.42857142857142855,-0.6,1.1666666666666667,0.625,0.0,0.0,-0.2857142857142857,0.5,-0.5,0.2857142857142857,-0.25,-0.2857142857142857,1.0,0.14285714285714285,0.0,-0.3333333333333333,-0.3333333333333333,-0.14285714285714285,0.5714285714285714,0.45454545454545453,1.8571428571428572,-0.16666666666666666,4.5,0.5,0.45454545454545453,0.3333333333333333,-0.3333333333333333,0.3333333333333333,-0.3333333333333333,0.8,-0.3333333333333333,-0.3333333333333333,0.75,-0.3333333333333333,1.4285714285714286,-0.056338028169014086,1.5,2.6666666666666665,-0.16666666666666666
421,0.2857142857142857,-0.5,-0.2857142857142857,-0.16666666666666666,-0.3333333333333333,0.9523809523809523,-0.14285714285714285,0.2,5.166666666666667,0.7142857142857143,-0.42857142857142855,0.0,-0.3333333333333333,-0.5,-0.5,-0.2857142857142857,-0.2857142857142857,0.3333333333333333,-0.2857142857142857,0.9777777777777777,0.0,0.2857142857142857,-0.16666666666666666,-0.3333333333333333,2.1,0.5,1.3333333333333333,0.83984375,-0.5,-0.42857142857142855,-0.2857142857142857,2.1666666666666665,0.0,0.16666666666666666,0.0,0.0,0.8,0.5,-0.5,0.16666666666666666,0.0,0.7961165048543689,0.42857142857142855,-0.42857142857142855,-0.3333333333333333,0.16666666666666666,0.5714285714285714,-0.3333333333333333,1.1666666666666667,-0.6,-0.3333333333333333,-0.2,-0.6,0.5714285714285714,-0.1,0.6222222222222222,0.3333333333333333,0.5,-0.19047619047619047,-0.2857142857142857,2.2857142857142856,0.42857142857142855,-0.6,0.0,1.25,-0.2857142857142857,0.0,0.2857142857142857,0.16666666666666666,-0.5,2.0,-0.08333333333333333,0.0,1.1428571428571428,-0.42857142857142855,-0.16666666666666666,0.16666666666666666,-0.5,-0.14285714285714285,-0.42857142857142855,-0.36363636363636365,-0.14285714285714285,0.5,1.6666666666666667,0.6666666666666666,-0.09090909090909091,-0.2222222222222222,2.8333333333333335,1.0,-0.3333333333333333,0.48,2.6666666666666665,-0.5,0.5833333333333334,-0.3333333333333333,0.14285714285714285,-0.056338028169014086,0.16666666666666666,0.8333333333333334,-0.3333333333333333
422,-0.2857142857142857,-0.5,0.2857142857142857,0.16666666666666666,-0.3333333333333333,-0.5714285714285714,0.2857142857142857,-0.2,-0.3333333333333333,-0.42857142857142855,-0.42857142857142855,2.1666666666666665,0.16666666666666666,2.6666666666666665,0.0,-0.14285714285714285,-0.2857142857142857,-0.3333333333333333,0.5714285714285714,-0.17777777777777778,-0.2857142857142857,1.1428571428571428,-0.3333333333333333,0.0,0.4,-0.16666666666666666,0.3333333333333333,0.50390625,0.5,-0.42857142857142855,0.14285714285714285,1.6666666666666667,-0.2,0.0,-0.2857142857142857,-0.04,2.72,0.625,0.3333333333333333,-0.3333333333333333,-0.16666666666666666,1.0485436893203883,0.8571428571428571,-0.14285714285714285,0.16666666666666666,-0.16666666666666666,0.5714285714285714,-0.5,0.5,2.6,-0.16666666666666666,0.0,-0.4,-0.2857142857142857,2.9,-0.35555555555555557,-0.16666666666666666,-0.5,-0.5714285714285714,1.2857142857142858,0.5714285714285714,0.8571428571428571,-0.4,-0.5,1.125,0.42857142857142855,0.16666666666666666,0.42857142857142855,0.8333333333333334,0.0,-0.2857142857142857,-0.25,0.0,2.142857142857143,-0.14285714285714285,1.0,0.4166666666666667,0.16666666666666666,2.0,0.14285714285714285,0.2727272727272727,0.14285714285714285,-0.16666666666666666,3.8333333333333335,-0.3333333333333333,-0.18181818181818182,-0.3333333333333333,0.6666666666666666,0.0,0.3333333333333333,2.56,1.1666666666666667,0.3333333333333333,0.75,-0.3333333333333333,-0.2857142857142857,0.056338028169014086,0.5,-0.16666666666666666,-0.16666666666666666
423,0.2857142857142857,0.5,-0.2857142857142857,-0.16666666666666666,0.3333333333333333,0.7619047619047619,-0.2857142857142857,1.4,-0.3333333333333333,0.42857142857142855,-0.14285714285714285,-0.3333333333333333,0.0,0.0,2.1666666666666665,0.14285714285714285,-0.14285714285714285,-0.3333333333333333,0.0,0.0,-0.42857142857142855,-0.14285714285714285,0.3333333333333333,1.1666666666666667,1.1,0.16666666666666666,-0.16666666666666666,1.12890625,-0.3333333333333333,1.7142857142857142,0.8571428571428571,-0.5,-0.4,0.0,-0.14285714285714285,-0.08,0.0,-0.25,0.6666666666666666,1.8333333333333333,0.3333333333333333,0.970873786407767,0.5714285714285714,-0.14285714285714285,0.16666666666666666,-0.16666666666666666,-0.42857142857142855,-0.5,0.8333333333333334,0.6,0.5,0.0,1.2,-0.2857142857142857,-0.2,-0.08888888888888889,-0.3333333333333333,0.16666666666666666,0.38095238095238093,0.0,1.1428571428571428,-0.42857142857142855,3.4,-0.5,0.875,-0.2857142857142857,1.6666666666666667,-0.2857142857142857,0.5,-0.16666666666666666,-0.2857142857142857,-0.25,-0.2857142857142857,-0.14285714285714285,1.4285714285714286,-0.3333333333333333,-0.3333333333333333,-0.3333333333333333,-0.2857142857142857,-0.42857142857142855,0.09090909090909091,-0.2857142857142857,-0.16666666666666666,-0.3333333333333333,4.333333333333333,-0.2727272727272727,-0.3333333333333333,2.1666666666666665,-0.5,0.2222222222222222,-0.48,0.3333333333333333,-0.3333333333333333,-0.3333333333333333,1.0,0.8571428571428571,0.22535211267605634,-0.5,1.6666666666666667,-0.3333333333333333
424,0.14285714285714285,0.8333333333333334,-0.42857142857142855,0.6666666666666666,-0.3333333333333333,0.38095238095238093,0.0,-0.4,-0.3333333333333333,1.8571428571428572,1.0,-0.3333333333333333,-0.16666666666666666,-0.5,-0.3333333333333333,0.14285714285714285,0.2857142857142857,1.0,-0.2857142857142857,-0.35555555555555557,-0.2857142857142857,0.7142857142857143,-0.3333333333333333,0.3333333333333333,-0.3,0.0,1.0,0.92578125,0.0,1.7142857142857142,0.0,0.0,1.4,-0.5,-0.14285714285714285,-0.08,0.48,-0.125,0.8333333333333334,-0.3333333333333333,-0.5,0.7281553398058253,-0.2857142857142857,0.2857142857142857,0.5,0.8333333333333334,1.1428571428571428,-0.16666666666666666,0.16666666666666666,-0.6,0.5,-0.2,-0.4,-0.42857142857142855,1.0,-0.35555555555555557,-0.3333333333333333,-0.5,-0.5714285714285714,-0.2857142857142857,0.7142857142857143,0.42857142857142855,0.2,0.5,0.125,-0.2857142857142857,0.0,0.14285714285714285,-0.3333333333333333,-0.16666666666666666,0.7142857142857143,0.08333333333333333,-0.2857142857142857,-0.2857142857142857,-0.42857142857142855,1.5,0.3333333333333333,-0.16666666666666666,0.0,0.8571428571428571,-0.36363636363636365,0.5714285714285714,1.0,-0.16666666666666666,-0.3333333333333333,-0.2727272727272727,-0.3333333333333333,-0.3333333333333333,-0.16666666666666666,1.5555555555555556,1.92,-0.16666666666666666,-0.16666666666666666,-0.25,1.3333333333333333,0.2857142857142857,0.056338028169014086,0.6666666666666666,-0.3333333333333333,-0.3333333333333333
425,-0.42857142857142855,0.8333333333333334,-0.42857142857142855,-0.3333333333333333,-0.5,2.857142857142857,-0.42857142857142855,-0.2,1.5,-0.2857142857142857,0.14285714285714285,0.8333333333333334,0.5,0.5,1.6666666666666667,-0.42857142857142855,0.2857142857142857,-0.3333333333333333,0.7142857142857143,2.488888888888889,0.0,-0.42857142857142855,0.5,-0.3333333333333333,-0.3,-0.3333333333333333,0.8333333333333334,1.41015625,-0.5,1.5714285714285714,0.0,1.1666666666666667,-0.2,0.3333333333333333,0.14285714285714285,0.08,-0.32,0.75,-0.5,-0.16666666666666666,3.1666666666666665,1.7475728155339805,-0.2857142857142857,-0.42857142857142855,-0.3333333333333333,-0.3333333333333333,-0.42857142857142855,-0.3333333333333333,0.8333333333333334,0.0,0.0,-0.3,-0.6,0.2857142857142857,0.0,0.5333333333333333,2.1666666666666665,0.3333333333333333,0.5714285714285714,-0.2857142857142857,1.0,-0.14285714285714285,-0.6,0.16666666666666666,-0.125,-0.2857142857142857,-0.16666666666666666,0.0,1.3333333333333333,1.0,2.5714285714285716,0.0,-0.2857142857142857,0.14285714285714285,2.142857142857143,0.0,1.0,0.8333333333333334,-0.14285714285714285,0.7142857142857143,-0.18181818181818182,0.42857142857142855,0.6666666666666666,-0.16666666666666666,0.16666666666666666,-0.09090909090909091,0.8888888888888888,2.3333333333333335,-0.3333333333333333,-0.3333333333333333,0.16,0.16666666666666666,0.0,0.0,-0.16666666666666666,-0.2857142857142857,-0.07511737089201878,-0.3333333333333333,0.0,1.1666666666666667
426,0.7142857142857143,1.5,0.42857142857142855,-0.3333333333333333,0.0,1.1428571428571428,-0.2857142857142857,0.8,0.0,-0.42857142857142855,-0.14285714285714285,-0.16666666666666666,-0.3333333333333333,1.1666666666666667,1.8333333333333333,0.2857142857142857,-0.14285714285714285,0.3333333333333333,1.2857142857142858,0.0,-0.2857142857142857,-0.42857142857142855,1.5,0.0,-0.2,0.3333333333333333,-0.16666666666666666,0.52734375,1.8333333333333333,-0.14285714285714285,1.0,-0.5,0.0,-0.16666666666666666,0.0,0.28,-0.16,-0.25,-0.3333333333333333,3.8333333333333335,0.16666666666666666,1.3786407766990292,0.7142857142857143,-0.14285714285714285,-0.3333333333333333,2.8333333333333335,0.0,0.5,-0.16666666666666666,-0.4,0.3333333333333333,-0.3,-0.6,-0.42857142857142855,-0.2,-0.26666666666666666,-0.16666666666666666,-0.16666666666666666,-0.5714285714285714,-0.2857142857142857,-0.2857142857142857,0.0,-0.6,-0.5,-0.125,-0.2857142857142857,0.5,-0.14285714285714285,0.5,-0.5,-0.2857142857142857,2.5,0.0,1.0,-0.14285714285714285,0.6666666666666666,-0.3333333333333333,0.6666666666666666,1.1428571428571428,-0.2857142857142857,0.09090909090909091,0.0,-0.3333333333333333,1.3333333333333333,1.0,0.0,-0.3333333333333333,-0.16666666666666666,-0.3333333333333333,0.0,2.24,-0.16666666666666666,-0.5,0.5,0.0,0.2857142857142857,-0.03755868544600939,0.5,0.5,0.3333333333333333
427,0.42857142857142855,-0.16666666666666666,-0.42857142857142855,-0.16666666666666666,-0.5,5.142857142857143,0.2857142857142857,-0.2,-0.3333333333333333,0.42857142857142855,0.14285714285714285,0.5,0.6666666666666666,-0.5,-0.3333333333333333,0.5714285714285714,-0.14285714285714285,0.8333333333333334,2.0,0.35555555555555557,-0.42857142857142855,0.0,-0.3333333333333333,0.3333333333333333,0.0,-0.5,-0.5,0.76171875,0.8333333333333334,-0.2857142857142857,-0.2857142857142857,0.16666666666666666,0.0,-0.5,-0.2857142857142857,0.52,-0.16,3.25,-0.3333333333333333,0.3333333333333333,-0.3333333333333333,1.6019417475728155,0.14285714285714285,1.2857142857142858,0.5,1.1666666666666667,1.4285714285714286,0.3333333333333333,2.8333333333333335,-0.6,1.1666666666666667,0.1,-0.2,-0.42857142857142855,-0.3,0.4444444444444444,-0.16666666666666666,-0.3333333333333333,-0.5714285714285714,-0.2857142857142857,-0.42857142857142855,-0.42857142857142855,-0.2,0.16666666666666666,1.375,-0.2857142857142857,-0.16666666666666666,-0.2857142857142857,0.6666666666666666,0.3333333333333333,0.8571428571428571,0.0,1.2857142857142858,0.5714285714285714,0.8571428571428571,-0.3333333333333333,0.0,0.8333333333333334,0.0,0.0,-0.36363636363636365,-0.2857142857142857,0.16666666666666666,5.5,0.3333333333333333,1.6363636363636365,0.7777777777777778,-0.16666666666666666,0.6666666666666666,-0.1111111111111111,0.32,0.16666666666666666,1.1666666666666667,-0.3333333333333333,-0.3333333333333333,-0.42857142857142855,-0.07511737089201878,1.1666666666666667,0.8333333333333334,-0.3333333333333333
428,1.7142857142857142,-0.5,1.0,0.3333333333333333,0.5,-0.19047619047619047,-0.42857142857142855,-0.4,0.8333333333333334,0.2857142857142857,-0.14285714285714285,1.6666666666666667,0.0,-0.16666666666666666,-0.5,0.42857142857142855,0.7142857142857143,0.6666666666666666,0.5714285714285714,0.0,1.2857142857142858,0.2857142857142857,-0.3333333333333333,0.5,-0.3,1.5,0.3333333333333333,1.71484375,0.16666666666666666,0.0,-0.14285714285714285,0.0,0.8,-0.5,0.0,-0.08,0.64,-0.125,-0.5,-0.3333333333333333,1.5,1.3495145631067962,-0.14285714285714285,-0.42857142857142855,-0.5,3.1666666666666665,-0.2857142857142857,2.6666666666666665,0.6666666666666666,0.2,-0.3333333333333333,0.9,0.2,0.5714285714285714,-0.3,0.9777777777777777,0.0,-0.5,4.0,-0.2857142857142857,-0.2857142857142857,-0.14285714285714285,0.8,-0.5,-0.125,1.5714285714285714,-0.3333333333333333,-0.2857142857142857,-0.3333333333333333,0.6666666666666666,-0.2857142857142857,0.08333333333333333,1.0,-0.2857142857142857,-0.42857142857142855,-0.3333333333333333,-0.08333333333333333,1.8333333333333333,0.14285714285714285,0.2857142857142857,-0.36363636363636365,0.0,-0.3333333333333333,0.3333333333333333,1.3333333333333333,-0.36363636363636365,-0.2222222222222222,1.6666666666666667,0.8333333333333334,0.1111111111111111,5.12,-0.3333333333333333,-0.3333333333333333,-0.3333333333333333,0.3333333333333333,0.7142857142857143,-0.056338028169014086,1.1666666666666667,0.3333333333333333,0.16666666666666666
429,-0.42857142857142855,-0.3333333333333333,0.14285714285714285,0.5,-0.3333333333333333,0.7619047619047619,0.0,1.0,0.0,0.14285714285714285,0.7142857142857143,2.6666666666666665,1.5,1.5,-0.5,1.0,0.0,0.6666666666666666,0.8571428571428571,1.2444444444444445,-0.42857142857142855,-0.42857142857142855,0.0,2.8333333333333335,-0.3,0.3333333333333333,2.0,1.39453125,-0.5,-0.2857142857142857,-0.14285714285714285,0.0,-0.6,1.8333333333333333,2.0,-0.2,-0.16,1.5,0.0,-0.3333333333333333,1.5,1.4174757281553398,-0.14285714285714285,0.7142857142857143,1.0,0.3333333333333333,-0.2857142857142857,2.5,0.0,-0.4,0.16666666666666666,0.5,0.8,0.7142857142857143,0.2,-0.08888888888888889,1.1666666666666667,-0.5,0.5714285714285714,0.42857142857142855,1.8571428571428572,-0.2857142857142857,-0.2,-0.3333333333333333,0.375,-0.2857142857142857,0.0,-0.42857142857142855,0.3333333333333333,-0.5,1.2857142857142858,-0.16666666666666666,-0.2857142857142857,0.0,2.0,-0.16666666666666666,-0.3333333333333333,-0.5,2.857142857142857,-0.42857142857142855,-0.2727272727272727,-0.14285714285714285,0.5,-0.16666666666666666,0.0,-0.09090909090909091,0.1111111111111111,1.1666666666666667,1.5,-0.3333333333333333,0.48,-0.3333333333333333,0.16666666666666666,-0.3333333333333333,-0.3333333333333333,0.42857142857142855,-0.09389671361502347,1.1666666666666667,0.3333333333333333,-0.16666666666666666
430,-0.42857142857142855,0.5,-0.42857142857142855,0.3333333333333333,1.8333333333333333,1.3333333333333333,-0.14285714285714285,-0.2,5.166666666666667,0.7142857142857143,-0.42857142857142855,-0.3333333333333333,0.0,-0.5,0.8333333333333334,-0.2857142857142857,-0.2857142857142857,-0.16666666666666666,0.7142857142857143,-0.35555555555555557,-0.42857142857142855,0.8571428571428571,0.5,-0.3333333333333333,0.5,-0.5,0.3333333333333333,1.11328125,-0.5,0.0,2.2857142857142856,-0.5,-0.4,-0.16666666666666666,0.14285714285714285,-0.2,1.28,1.0,-0.16666666666666666,0.16666666666666666,0.16666666666666666,0.6601941747572816,-0.14285714285714285,-0.2857142857142857,-0.3333333333333333,-0.16666666666666666,-0.42857142857142855,1.8333333333333333,-0.16666666666666666,1.2,-0.3333333333333333,0.8,1.6,0.5714285714285714,0.0,-0.26666666666666666,-0.3333333333333333,0.6666666666666666,-0.5714285714285714,-0.2857142857142857,1.0,1.5714285714285714,3.2,1.6666666666666667,1.125,-0.14285714285714285,0.0,-0.14285714285714285,0.16666666666666666,0.6666666666666666,1.7142857142857142,-0.25,-0.2857142857142857,-0.2857142857142857,0.5714285714285714,1.5,-0.08333333333333333,4.666666666666667,-0.2857142857142857,0.14285714285714285,-0.2727272727272727,-0.14285714285714285,-0.3333333333333333,-0.16666666666666666,-0.3333333333333333,0.9090909090909091,2.0,0.8333333333333334,0.3333333333333333,-0.2222222222222222,-0.16,3.8333333333333335,1.3333333333333333,0.25,-0.3333333333333333,1.0,-0.07511737089201878,-0.3333333333333333,-0.3333333333333333,-0.16666666666666666
431,-0.42857142857142855,0.5,-0.2857142857142857,0.6666666666666666,-0.3333333333333333,-0.5714285714285714,-0.42857142857142855,-0.4,0.0,-0.42857142857142855,-0.42857142857142855,1.8333333333333333,0.8333333333333334,0.8333333333333334,0.16666666666666666,-0.14285714285714285,0.7142857142857143,-0.3333333333333333,-0.14285714285714285,-0.35555555555555557,0.2857142857142857,0.0,-0.3333333333333333,0.3333333333333333,-0.3,-0.5,3.0,1.58203125,2.3333333333333335,2.7142857142857144,0.42857142857142855,-0.3333333333333333,0.0,0.6666666666666666,0.42857142857142855,-0.12,-0.16,-0.125,0.3333333333333333,-0.16666666666666666,-0.5,1.3495145631067962,0.0,-0.42857142857142855,0.0,-0.16666666666666666,-0.42857142857142855,-0.5,-0.16666666666666666,0.6,0.16666666666666666,0.5,0.8,0.14285714285714285,0.2,0.0,-0.3333333333333333,0.6666666666666666,0.38095238095238093,2.4285714285714284,1.7142857142857142,-0.2857142857142857,-0.2,1.8333333333333333,0.0,-0.14285714285714285,-0.16666666666666666,0.0,0.3333333333333333,-0.3333333333333333,-0.2857142857142857,-0.16666666666666666,1.0,-0.2857142857142857,-0.42857142857142855,0.16666666666666666,0.9166666666666666,-0.5,1.0,0.7142857142857143,-0.36363636363636365,1.7142857142857142,-0.3333333333333333,-0.3333333333333333,0.3333333333333333,1.0909090909090908,-0.2222222222222222,0.16666666666666666,-0.5,-0.1111111111111111,-0.32,0.0,1.1666666666666667,-0.25,3.1666666666666665,-0.42857142857142855,-0.09389671361502347,0.0,-0.3333333333333333,-0.16666666666666666
432,-0.42857142857142855,-0.3333333333333333,0.0,-0.3333333333333333,-0.16666666666666666,0.5714285714285714,0.8571428571428571,1.4,-0.3333333333333333,0.0,-0.2857142857142857,-0.5,6.166666666666667,-0.5,4.0,5.142857142857143,0.0,-0.3333333333333333,-0.2857142857142857,-0.08888888888888889,0.5714285714285714,-0.42857142857142855,0.5,0.6666666666666666,-0.3,-0.16666666666666666,-0.5,1.45703125,-0.16666666666666666,-0.42857142857142855,-0.14285714285714285,1.3333333333333333,0.0,-0.5,-0.2857142857142857,0.96,-0.32,-0.25,0.0,-0.3333333333333333,1.5,0.8252427184466019,-0.2857142857142857,-0.42857142857142855,0.8333333333333334,0.16666666666666666,0.14285714285714285,-0.3333333333333333,-0.16666666666666666,1.0,2.1666666666666665,0.8,-0.4,2.4285714285714284,-0.3,-0.35555555555555557,-0.3333333333333333,-0.5,0.38095238095238093,0.8571428571428571,-0.42857142857142855,-0.42857142857142855,0.0,0.3333333333333333,-0.375,0.2857142857142857,0.0,2.7142857142857144,-0.3333333333333333,0.0,-0.2857142857142857,-0.25,0.0,0.0,-0.42857142857142855,0.8333333333333334,1.0,-0.5,0.14285714285714285,-0.42857142857142855,-0.36363636363636365,-0.14285714285714285,1.1666666666666667,-0.3333333333333333,0.0,0.0,-0.1111111111111111,-0.3333333333333333,1.3333333333333333,0.6666666666666666,0.96,0.5,-0.5,-0.25,1.1666666666666667,-0.42857142857142855,-0.07511737089201878,0.8333333333333334,-0.16666666666666666,3.8333333333333335
433,-0.42857142857142855,0.0,1.7142857142857142,0.16666666666666666,1.1666666666666667,-0.5714285714285714,0.14285714285714285,4.4,1.0,-0.2857142857142857,-0.42857142857142855,-0.3333333333333333,0.5,-0.5,-0.5,-0.42857142857142855,1.1428571428571428,0.16666666666666666,0.2857142857142857,-0.35555555555555557,0.2857142857142857,0.2857142857142857,2.8333333333333335,1.8333333333333333,0.9,-0.3333333333333333,-0.5,0.78515625,3.6666666666666665,2.0,-0.2857142857142857,1.1666666666666667,-0.6,-0.5,0.0,-0.08,-0.32,2.25,0.6666666666666666,0.3333333333333333,0.5,1.203883495145631,0.7142857142857143,2.2857142857142856,-0.5,1.0,-0.42857142857142855,-0.5,0.16666666666666666,0.6,0.16666666666666666,-0.2,-0.6,3.7142857142857144,-0.1,-0.35555555555555557,-0.3333333333333333,-0.16666666666666666,0.38095238095238093,0.0,2.2857142857142856,-0.42857142857142855,-0.6,-0.3333333333333333,-0.375,-0.2857142857142857,0.6666666666666666,0.2857142857142857,-0.3333333333333333,0.0,-0.14285714285714285,-0.16666666666666666,0.42857142857142855,0.5714285714285714,0.7142857142857143,-0.16666666666666666,0.08333333333333333,0.0,-0.14285714285714285,0.2857142857142857,-0.18181818181818182,0.2857142857142857,0.3333333333333333,0.8333333333333334,-0.16666666666666666,0.18181818181818182,0.0,0.3333333333333333,0.6666666666666666,-0.2222222222222222,-0.48,-0.16666666666666666,0.16666666666666666,1.0833333333333333,0.0,0.8571428571428571,0.18779342723004694,0.0,-0.3333333333333333,3.8333333333333335
434,0.14285714285714285,0.16666666666666666,-0.42857142857142855,-0.16666666666666666,-0.16666666666666666,3.238095238095238,-0.42857142857142855,0.0,-0.3333333333333333,-0.2857142857142857,0.42857142857142855,0.16666666666666666,0.0,0.6666666666666666,1.3333333333333333,-0.42857142857142855,-0.2857142857142857,-0.16666666666666666,-0.2857142857142857,0.17777777777777778,0.2857142857142857,-0.42857142857142855,0.5,-0.3333333333333333,-0.2,-0.3333333333333333,-0.5,1.60546875,0.0,0.5714285714285714,-0.14285714285714285,-0.5,0.6,2.0,0.8571428571428571,-0.16,-0.16,-0.25,-0.5,-0.3333333333333333,0.8333333333333334,0.8349514563106796,-0.2857142857142857,0.7142857142857143,-0.16666666666666666,0.0,1.1428571428571428,3.6666666666666665,0.16666666666666666,0.8,-0.16666666666666666,1.0,0.6,2.142857142857143,-0.2,-0.35555555555555557,0.3333333333333333,0.3333333333333333,-0.38095238095238093,0.0,1.4285714285714286,0.0,0.0,-0.3333333333333333,1.875,0.14285714285714285,0.16666666666666666,0.2857142857142857,-0.3333333333333333,0.16666666666666666,0.8571428571428571,-0.25,0.42857142857142855,0.8571428571428571,-0.42857142857142855,0.16666666666666666,1.3333333333333333,-0.3333333333333333,0.0,-0.42857142857142855,0.09090909090909091,2.4285714285714284,0.16666666666666666,-0.3333333333333333,0.5,0.45454545454545453,1.2222222222222223,-0.3333333333333333,-0.16666666666666666,0.0,0.0,-0.3333333333333333,0.16666666666666666,-0.25,-0.3333333333333333,0.42857142857142855,0.39436619718309857,0.16666666666666666,-0.16666666666666666,-0.3333333333333333
435,0.2857142857142857,-0.5,0.2857142857142857,-0.16666666666666666,0.8333333333333334,-0.5714285714285714,-0.42857142857142855,0.2,-0.3333333333333333,0.14285714285714285,3.5714285714285716,6.5,0.3333333333333333,-0.5,-0.5,0.42857142857142855,0.0,-0.3333333333333333,-0.2857142857142857,-0.08888888888888889,0.42857142857142855,-0.42857142857142855,1.5,0.6666666666666666,-0.1,0.8333333333333334,-0.5,1.19140625,-0.3333333333333333,0.42857142857142855,0.14285714285714285,0.0,-0.2,-0.3333333333333333,1.4285714285714286,-0.2,-0.16,-0.25,0.5,0.8333333333333334,-0.5,0.7766990291262136,1.1428571428571428,0.42857142857142855,2.5,-0.16666666666666666,0.0,0.0,0.16666666666666666,-0.6,1.1666666666666667,0.8,0.0,-0.42857142857142855,-0.1,-0.17777777777777778,-0.3333333333333333,0.16666666666666666,-0.5714285714285714,-0.14285714285714285,-0.42857142857142855,2.0,0.6,0.0,-0.375,-0.14285714285714285,1.3333333333333333,-0.42857142857142855,1.3333333333333333,1.1666666666666667,-0.14285714285714285,-0.25,-0.2857142857142857,1.4285714285714286,0.7142857142857143,0.5,0.08333333333333333,1.5,1.0,-0.42857142857142855,-0.09090909090909091,-0.2857142857142857,0.0,1.0,0.0,-0.09090909090909091,2.0,-0.16666666666666666,-0.16666666666666666,-0.2222222222222222,0.32,-0.3333333333333333,-0.5,-0.08333333333333333,0.16666666666666666,-0.42857142857142855,0.03755868544600939,-0.5,2.3333333333333335,2.6666666666666665
436,0.5714285714285714,0.8333333333333334,0.7142857142857143,-0.16666666666666666,0.6666666666666666,-0.38095238095238093,-0.42857142857142855,0.8,0.6666666666666666,0.5714285714285714,-0.14285714285714285,-0.5,0.16666666666666666,0.8333333333333334,0.16666666666666666,0.7142857142857143,0.5714285714285714,0.6666666666666666,0.42857142857142855,1.6888888888888889,-0.42857142857142855,2.0,-0.3333333333333333,1.8333333333333333,0.0,-0.16666666666666666,1.5,0.60546875,0.8333333333333334,-0.42857142857142855,1.5714285714285714,-0.5,-0.2,-0.3333333333333333,0.2857142857142857,0.32,1.92,-0.25,-0.16666666666666666,-0.3333333333333333,0.5,1.0194174757281553,5.285714285714286,-0.42857142857142855,-0.3333333333333333,0.5,-0.42857142857142855,1.5,-0.3333333333333333,-0.6,1.6666666666666667,-0.3,-0.6,0.0,0.2,1.1555555555555554,2.6666666666666665,1.1666666666666667,0.38095238095238093,1.4285714285714286,-0.2857142857142857,-0.2857142857142857,1.0,-0.5,-0.375,0.0,-0.16666666666666666,-0.42857142857142855,-0.3333333333333333,0.6666666666666666,-0.2857142857142857,-0.25,-0.2857142857142857,-0.2857142857142857,-0.2857142857142857,-0.16666666666666666,0.0,-0.5,-0.2857142857142857,-0.14285714285714285,0.0,0.2857142857142857,1.5,-0.3333333333333333,0.16666666666666666,-0.36363636363636365,-0.3333333333333333,-0.3333333333333333,0.0,-0.2222222222222222,-0.48,0.3333333333333333,0.0,-0.3333333333333333,0.3333333333333333,-0.14285714285714285,-0.056338028169014086,-0.5,3.0,0.16666666666666666
437,0.42857142857142855,1.0,0.5714285714285714,0.16666666666666666,-0.5,1.3333333333333333,1.8571428571428572,-0.2,0.0,-0.42857142857142855,1.7142857142857142,-0.5,0.0,-0.5,0.6666666666666666,-0.42857142857142855,-0.2857142857142857,1.0,0.14285714285714285,-0.26666666666666666,-0.42857142857142855,-0.42857142857142855,-0.3333333333333333,0.3333333333333333,0.6,-0.3333333333333333,0.8333333333333334,0.93359375,0.5,-0.42857142857142855,-0.14285714285714285,1.6666666666666667,-0.6,-0.5,-0.2857142857142857,-0.16,1.28,0.5,-0.5,3.5,-0.5,0.6019417475728155,0.0,0.2857142857142857,2.1666666666666665,-0.3333333333333333,-0.42857142857142855,-0.3333333333333333,0.16666666666666666,2.0,1.1666666666666667,1.0,-0.6,-0.2857142857142857,-0.2,0.8,0.0,-0.3333333333333333,-0.19047619047619047,0.0,1.1428571428571428,-0.42857142857142855,0.2,0.16666666666666666,0.25,-0.2857142857142857,0.0,2.2857142857142856,2.8333333333333335,0.3333333333333333,-0.2857142857142857,0.4166666666666667,-0.14285714285714285,0.7142857142857143,0.0,0.0,1.3333333333333333,-0.5,0.14285714285714285,0.42857142857142855,-0.36363636363636365,-0.2857142857142857,1.3333333333333333,1.8333333333333333,1.1666666666666667,-0.18181818181818182,0.0,1.3333333333333333,0.0,0.6666666666666666,0.16,0.0,0.16666666666666666,-0.16666666666666666,0.6666666666666666,0.5714285714285714,0.11267605633802817,-0.16666666666666666,-0.3333333333333333,0.0
438,1.2857142857142858,-0.5,-0.42857142857142855,-0.3333333333333333,2.8333333333333335,-0.38095238095238093,-0.42857142857142855,0.2,-0.3333333333333333,0.5714285714285714,-0.2857142857142857,1.1666666666666667,-0.16666666666666666,-0.5,-0.3333333333333333,-0.14285714285714285,-0.2857142857142857,-0.3333333333333333,0.7142857142857143,-0.35555555555555557,0.5714285714285714,-0.42857142857142855,-0.3333333333333333,5.666666666666667,-0.3,-0.16666666666666666,0.8333333333333334,0.94921875,-0.5,-0.2857142857142857,-0.2857142857142857,2.8333333333333335,-0.2,-0.16666666666666666,-0.2857142857142857,0.2,-0.32,-0.25,0.3333333333333333,0.0,-0.5,1.145631067961165,-0.14285714285714285,0.2857142857142857,-0.5,0.16666666666666666,2.142857142857143,-0.16666666666666666,0.3333333333333333,0.0,6.0,-0.3,0.2,-0.42857142857142855,0.8,0.0,-0.3333333333333333,-0.5,-0.19047619047619047,1.0,0.7142857142857143,-0.14285714285714285,-0.2,-0.16666666666666666,0.625,1.1428571428571428,0.3333333333333333,0.0,-0.3333333333333333,2.0,-0.14285714285714285,-0.08333333333333333,-0.2857142857142857,1.4285714285714286,-0.42857142857142855,2.5,0.16666666666666666,-0.3333333333333333,0.42857142857142855,-0.14285714285714285,-0.09090909090909091,-0.2857142857142857,1.8333333333333333,3.1666666666666665,1.0,-0.36363636363636365,0.7777777777777778,-0.3333333333333333,-0.5,0.1111111111111111,0.32,3.6666666666666665,0.6666666666666666,1.5,1.3333333333333333,0.0,-0.09389671361502347,3.0,-0.3333333333333333,-0.16666666666666666
439,0.2857142857142857,0.6666666666666666,-0.2857142857142857,0.5,-0.3333333333333333,-0.38095238095238093,0.0,0.8,-0.3333333333333333,0.7142857142857143,-0.42857142857142855,-0.16666666666666666,-0.3333333333333333,0.3333333333333333,-0.5,-0.42857142857142855,0.2857142857142857,-0.16666666666666666,-0.14285714285714285,-0.35555555555555557,0.0,-0.42857142857142855,0.3333333333333333,0.0,-0.2,0.3333333333333333,-0.5,0.52734375,-0.5,0.42857142857142855,0.42857142857142855,-0.3333333333333333,2.6,0.3333333333333333,1.1428571428571428,-0.2,-0.16,-0.25,0.0,1.6666666666666667,0.3333333333333333,1.4466019417475728,-0.2857142857142857,-0.42857142857142855,-0.5,-0.3333333333333333,-0.42857142857142855,-0.5,0.6666666666666666,1.0,-0.3333333333333333,-0.1,-0.4,-0.2857142857142857,0.4,-0.08888888888888889,-0.3333333333333333,-0.5,-0.38095238095238093,0.7142857142857143,1.8571428571428572,-0.14285714285714285,-0.6,0.16666666666666666,0.25,-0.2857142857142857,1.8333333333333333,-0.2857142857142857,4.166666666666667,-0.5,1.4285714285714286,0.0,0.0,-0.2857142857142857,-0.42857142857142855,0.5,-0.3333333333333333,0.8333333333333334,0.8571428571428571,-0.42857142857142855,-0.18181818181818182,-0.2857142857142857,0.0,-0.16666666666666666,-0.3333333333333333,0.2727272727272727,-0.3333333333333333,1.0,0.16666666666666666,-0.1111111111111111,-0.48,0.16666666666666666,-0.16666666666666666,-0.16666666666666666,0.0,0.0,-0.07511737089201878,-0.5,0.16666666666666666,0.8333333333333334
440,0.0,0.16666666666666666,-0.2857142857142857,0.8333333333333334,-0.5,0.9523809523809523,0.14285714285714285,-0.2,-0.16666666666666666,0.42857142857142855,0.14285714285714285,2.0,0.16666666666666666,0.6666666666666666,-0.3333333333333333,0.7142857142857143,-0.2857142857142857,0.16666666666666666,0.14285714285714285,-0.17777777777777778,-0.42857142857142855,2.4285714285714284,-0.3333333333333333,0.3333333333333333,-0.3,-0.5,0.0,1.28515625,-0.16666666666666666,-0.2857142857142857,-0.2857142857142857,-0.3333333333333333,-0.6,0.5,-0.14285714285714285,-0.16,0.8,-0.25,-0.5,-0.3333333333333333,0.0,1.9223300970873787,0.0,0.14285714285714285,1.8333333333333333,0.3333333333333333,1.2857142857142858,-0.5,0.3333333333333333,0.0,0.16666666666666666,0.3,0.0,0.0,0.1,0.35555555555555557,-0.3333333333333333,0.6666666666666666,-0.5714285714285714,-0.14285714285714285,2.142857142857143,0.5714285714285714,-0.6,2.5,0.5,-0.2857142857142857,-0.16666666666666666,-0.14285714285714285,-0.16666666666666666,0.16666666666666666,1.0,0.0,-0.2857142857142857,-0.2857142857142857,2.142857142857143,1.0,0.16666666666666666,-0.5,0.8571428571428571,-0.42857142857142855,1.3636363636363635,-0.14285714285714285,-0.3333333333333333,-0.16666666666666666,1.1666666666666667,-0.2727272727272727,0.2222222222222222,-0.16666666666666666,0.16666666666666666,-0.3333333333333333,-0.48,-0.3333333333333333,-0.5,-0.25,2.0,-0.2857142857142857,-0.056338028169014086,0.5,-0.3333333333333333,0.0
441,-0.42857142857142855,-0.3333333333333333,-0.42857142857142855,4.166666666666667,0.0,0.0,0.0,0.2,1.0,-0.2857142857142857,0.42857142857142855,-0.5,3.0,-0.5,1.5,-0.42857142857142855,-0.14285714285714285,0.6666666666666666,2.2857142857142856,-0.17777777777777778,0.8571428571428571,1.2857142857142858,0.3333333333333333,0.5,0.0,0.5,-0.5,0.45703125,0.3333333333333333,-0.42857142857142855,4.714285714285714,-0.5,3.2,-0.3333333333333333,-0.2857142857142857,-0.2,0.32,0.75,1.3333333333333333,1.1666666666666667,0.0,1.2815533980582525,0.14285714285714285,1.5714285714285714,2.0,0.6666666666666666,-0.42857142857142855,-0.5,2.5,-0.6,-0.16666666666666666,2.4,1.0,1.0,-0.2,-0.17777777777777778,-0.16666666666666666,0.5,-0.5714285714285714,-0.14285714285714285,-0.2857142857142857,0.2857142857142857,0.6,-0.5,-0.375,0.2857142857142857,0.16666666666666666,-0.42857142857142855,1.5,1.5,1.4285714285714286,0.5,0.42857142857142855,-0.2857142857142857,0.2857142857142857,2.6666666666666665,1.0833333333333333,2.8333333333333335,0.8571428571428571,0.2857142857142857,-0.18181818181818182,0.5714285714285714,0.16666666666666666,0.0,2.5,-0.36363636363636365,-0.1111111111111111,-0.16666666666666666,-0.5,-0.1111111111111111,0.8,-0.16666666666666666,0.16666666666666666,-0.08333333333333333,0.0,-0.2857142857142857,-0.09389671361502347,1.5,0.16666666666666666,0.5
442,0.2857142857142857,0.16666666666666666,0.8571428571428571,3.1666666666666665,1.1666666666666667,-0.19047619047619047,1.8571428571428572,1.6,0.16666666666666666,0.42857142857142855,3.142857142857143,-0.5,-0.16666666666666666,3.6666666666666665,3.1666666666666665,1.2857142857142858,1.0,1.0,-0.2857142857142857,-0.35555555555555557,3.2857142857142856,-0.2857142857142857,-0.16666666666666666,-0.16666666666666666,-0.1,-0.5,1.0,1.04296875,-0.5,-0.14285714285714285,0.42857142857142855,1.8333333333333333,0.2,-0.3333333333333333,-0.2857142857142857,-0.2,0.64,3.0,-0.5,-0.3333333333333333,-0.5,0.8640776699029126,3.4285714285714284,0.14285714285714285,0.0,-0.3333333333333333,-0.14285714285714285,4.333333333333333,0.3333333333333333,0.6,-0.3333333333333333,-0.3,0.2,-0.42857142857142855,-0.3,0.0,0.5,0.3333333333333333,-0.19047619047619047,1.8571428571428572,0.14285714285714285,0.14285714285714285,0.4,-0.3333333333333333,0.25,6.142857142857143,-0.16666666666666666,0.14285714285714285,2.3333333333333335,3.1666666666666665,0.42857142857142855,-0.25,-0.2857142857142857,1.0,-0.42857142857142855,1.1666666666666667,0.0,-0.5,0.0,1.2857142857142858,0.2727272727272727,0.7142857142857143,-0.3333333333333333,0.16666666666666666,0.6666666666666666,-0.18181818181818182,-0.3333333333333333,3.3333333333333335,-0.16666666666666666,0.4444444444444444,0.16,1.6666666666666667,-0.16666666666666666,0.25,-0.3333333333333333,0.8571428571428571,-0.056338028169014086,0.16666666666666666,-0.3333333333333333,-0.3333333333333333
443,0.42857142857142855,-0.5,-0.42857142857142855,-0.3333333333333333,-0.3333333333333333,-0.5714285714285714,-0.14285714285714285,1.0,0.16666666666666666,-0.14285714285714285,-0.42857142857142855,1.3333333333333333,-0.16666666666666666,1.3333333333333333,-0.5,0.14285714285714285,-0.14285714285714285,1.8333333333333333,-0.2857142857142857,-0.26666666666666666,-0.42857142857142855,1.1428571428571428,3.5,-0.16666666666666666,-0.2,-0.5,2.3333333333333335,0.86328125,1.1666666666666667,0.2857142857142857,1.2857142857142858,-0.5,1.2,-0.5,0.2857142857142857,0.2,-0.32,0.75,-0.3333333333333333,1.5,1.8333333333333333,0.8252427184466019,0.0,0.14285714285714285,0.3333333333333333,1.5,0.42857142857142855,-0.5,0.8333333333333334,0.8,0.0,0.6,-0.4,-0.42857142857142855,-0.2,0.8,1.1666666666666667,0.8333333333333334,-0.5714285714285714,0.0,2.857142857142857,0.5714285714285714,-0.4,-0.5,3.375,0.0,-0.3333333333333333,2.2857142857142856,0.5,0.6666666666666666,0.42857142857142855,0.0,0.42857142857142855,1.0,-0.14285714285714285,-0.3333333333333333,-0.3333333333333333,-0.3333333333333333,-0.2857142857142857,0.42857142857142855,-0.36363636363636365,-0.2857142857142857,-0.16666666666666666,0.16666666666666666,1.0,0.0,0.2222222222222222,1.3333333333333333,-0.5,-0.2222222222222222,0.32,0.5,0.0,0.08333333333333333,2.0,2.5714285714285716,0.0,-0.16666666666666666,-0.3333333333333333,1.0
444,0.2857142857142857,0.5,-0.2857142857142857,-0.3333333333333333,-0.3333333333333333,-0.19047619047619047,-0.42857142857142855,1.4,-0.3333333333333333,0.5714285714285714,-0.42857142857142855,2.1666666666666665,-0.16666666666666666,-0.3333333333333333,-0.5,-0.42857142857142855,1.5714285714285714,4.0,0.14285714285714285,-0.08888888888888889,-0.42857142857142855,0.0,0.6666666666666666,-0.16666666666666666,-0.3,-0.5,-0.5,0.89453125,0.3333333333333333,-0.2857142857142857,0.14285714285714285,0.8333333333333334,0.4,0.16666666666666666,2.142857142857143,-0.12,-0.32,-0.25,-0.5,0.0,0.8333333333333334,0.912621359223301,0.5714285714285714,0.2857142857142857,-0.5,-0.3333333333333333,0.2857142857142857,-0.16666666666666666,-0.3333333333333333,0.4,0.8333333333333334,2.3,0.2,-0.42857142857142855,-0.3,-0.26666666666666666,-0.16666666666666666,0.8333333333333334,0.9523809523809523,-0.2857142857142857,-0.2857142857142857,0.2857142857142857,0.4,0.16666666666666666,0.125,-0.2857142857142857,-0.16666666666666666,-0.42857142857142855,0.8333333333333334,-0.5,0.14285714285714285,0.0,0.8571428571428571,0.2857142857142857,0.42857142857142855,0.16666666666666666,-0.25,-0.3333333333333333,-0.2857142857142857,-0.14285714285714285,-0.2727272727272727,-0.2857142857142857,-0.3333333333333333,0.0,2.3333333333333335,-0.18181818181818182,-0.3333333333333333,0.16666666666666666,2.6666666666666665,0.2222222222222222,-0.16,-0.16666666666666666,1.5,1.75,1.1666666666666667,-0.2857142857142857,0.09389671361502347,0.5,2.6666666666666665,0.3333333333333333
445,0.5714285714285714,1.5,-0.14285714285714285,-0.3333333333333333,-0.5,-0.5714285714285714,-0.42857142857142855,-0.4,1.0,-0.14285714285714285,-0.42857142857142855,0.3333333333333333,0.8333333333333334,1.3333333333333333,1.3333333333333333,1.0,-0.2857142857142857,-0.3333333333333333,1.8571428571428572,-0.26666666666666666,1.5714285714285714,-0.42857142857142855,0.0,0.3333333333333333,0.3,-0.5,1.8333333333333333,1.33984375,-0.5,0.7142857142857143,-0.14285714285714285,2.1666666666666665,0.4,-0.5,1.1428571428571428,0.0,0.32,-0.25,-0.16666666666666666,0.0,0.3333333333333333,0.9029126213592233,0.14285714285714285,0.5714285714285714,-0.3333333333333333,0.5,-0.42857142857142855,0.3333333333333333,1.5,0.0,0.5,-0.3,-0.4,-0.42857142857142855,0.4,-0.35555555555555557,-0.16666666666666666,-0.3333333333333333,0.38095238095238093,-0.14285714285714285,-0.42857142857142855,-0.2857142857142857,-0.6,-0.3333333333333333,-0.375,0.0,5.833333333333333,1.4285714285714286,0.5,2.6666666666666665,2.2857142857142856,-0.25,-0.14285714285714285,-0.2857142857142857,2.4285714285714284,-0.3333333333333333,-0.3333333333333333,-0.5,-0.2857142857142857,1.5714285714285714,0.5454545454545454,-0.2857142857142857,-0.3333333333333333,0.8333333333333334,-0.3333333333333333,0.8181818181818182,0.1111111111111111,0.5,-0.5,0.3333333333333333,0.0,1.3333333333333333,-0.3333333333333333,0.4166666666666667,-0.3333333333333333,-0.42857142857142855,-0.018779342723004695,0.0,-0.3333333333333333,0.0
446,0.5714285714285714,1.1666666666666667,-0.2857142857142857,2.1666666666666665,-0.5,-0.19047619047619047,2.7142857142857144,-0.4,1.5,-0.2857142857142857,-0.42857142857142855,2.3333333333333335,-0.16666666666666666,-0.3333333333333333,2.5,0.0,0.8571428571428571,0.0,-0.2857142857142857,-0.26666666666666666,-0.42857142857142855,0.2857142857142857,-0.3333333333333333,0.5,0.2,-0.5,1.5,1.23828125,0.6666666666666666,0.2857142857142857,0.0,2.8333333333333335,-0.4,0.16666666666666666,2.4285714285714284,-0.08,2.72,1.5,1.3333333333333333,-0.3333333333333333,-0.3333333333333333,1.145631067961165,-0.14285714285714285,0.7142857142857143,0.6666666666666666,-0.3333333333333333,-0.2857142857142857,-0.3333333333333333,0.6666666666666666,0.4,-0.3333333333333333,-0.2,-0.2,0.2857142857142857,-0.3,-0.35555555555555557,0.6666666666666666,-0.3333333333333333,0.0,-0.14285714285714285,-0.2857142857142857,0.14285714285714285,1.2,0.3333333333333333,0.0,-0.2857142857142857,0.3333333333333333,2.857142857142857,2.0,-0.16666666666666666,-0.2857142857142857,0.4166666666666667,0.5714285714285714,1.7142857142857142,-0.42857142857142855,0.6666666666666666,0.75,-0.3333333333333333,0.0,0.0,-0.2727272727272727,-0.14285714285714285,-0.3333333333333333,-0.16666666666666666,0.0,-0.18181818181818182,0.1111111111111111,0.5,1.0,-0.2222222222222222,-0.48,0.0,-0.3333333333333333,-0.08333333333333333,1.8333333333333333,-0.42857142857142855,-0.09389671361502347,-0.3333333333333333,-0.16666666666666666,0.16666666666666666
447,0.42857142857142855,-0.3333333333333333,-0.2857142857142857,0.5,0.6666666666666666,1.3333333333333333,1.2857142857142858,0.6,3.1666666666666665,-0.42857142857142855,-0.42857142857142855,0.8333333333333334,0.3333333333333333,1.8333333333333333,2.1666666666666665,-0.42857142857142855,0.0,-0.3333333333333333,2.2857142857142856,-0.17777777777777778,-0.42857142857142855,1.0,-0.3333333333333333,0.16666666666666666,0.0,-0.5,1.6666666666666667,1.37890625,-0.5,-0.42857142857142855,-0.14285714285714285,0.0,-0.4,0.16666666666666666,0.42857142857142855,-0.2,-0.32,0.5,0.5,1.5,-0.3333333333333333,1.0388349514563107,0.2857142857142857,-0.42857142857142855,0.16666666666666666,1.1666666666666667,-0.42857142857142855,1.1666666666666667,-0.16666666666666666,0.6,0.8333333333333334,-0.2,2.0,-0.2857142857142857,0.4,-0.17777777777777778,0.16666666666666666,3.0,1.5238095238095237,0.14285714285714285,-0.42857142857142855,-0.42857142857142855,0.0,-0.16666666666666666,0.25,0.2857142857142857,1.0,3.7142857142857144,-0.16666666666666666,-0.16666666666666666,-0.14285714285714285,-0.08333333333333333,-0.14285714285714285,-0.14285714285714285,-0.42857142857142855,0.0,-0.3333333333333333,0.8333333333333334,3.7142857142857144,-0.2857142857142857,-0.2727272727272727,0.0,-0.3333333333333333,-0.3333333333333333,-0.3333333333333333,0.36363636363636365,-0.2222222222222222,1.5,-0.5,-0.2222222222222222,-0.48,-0.3333333333333333,1.5,1.0833333333333333,0.6666666666666666,-0.14285714285714285,-0.09389671361502347,1.1666666666666667,0.3333333333333333,-0.16666666666666666
448,0.14285714285714285,2.3333333333333335,-0.42857142857142855,-0.3333333333333333,-0.16666666666666666,0.19047619047619047,0.8571428571428571,-0.4,0.5,0.5714285714285714,-0.42857142857142855,2.8333333333333335,-0.3333333333333333,0.0,0.16666666666666666,-0.42857142857142855,-0.14285714285714285,-0.3333333333333333,-0.2857142857142857,0.5333333333333333,1.8571428571428572,-0.14285714285714285,0.0,1.6666666666666667,-0.2,0.0,0.3333333333333333,0.50390625,-0.3333333333333333,0.14285714285714285,1.1428571428571428,0.16666666666666666,-0.2,-0.5,-0.2857142857142857,-0.16,1.76,0.375,2.1666666666666665,0.0,-0.5,1.0194174757281553,0.42857142857142855,0.5714285714285714,-0.3333333333333333,-0.3333333333333333,0.2857142857142857,-0.3333333333333333,-0.3333333333333333,1.0,-0.3333333333333333,0.5,-0.2,0.14285714285714285,-0.2,-0.35555555555555557,0.3333333333333333,0.0,0.19047619047619047,0.42857142857142855,1.2857142857142858,-0.14285714285714285,0.8,-0.5,-0.375,0.14285714285714285,0.3333333333333333,0.0,-0.3333333333333333,1.3333333333333333,0.42857142857142855,0.16666666666666666,2.142857142857143,-0.2857142857142857,0.5714285714285714,1.5,-0.08333333333333333,0.3333333333333333,-0.2857142857142857,0.42857142857142855,-0.36363636363636365,2.5714285714285716,0.16666666666666666,-0.3333333333333333,2.0,0.18181818181818182,0.2222222222222222,0.16666666666666666,-0.3333333333333333,-0.1111111111111111,0.0,-0.3333333333333333,1.3333333333333333,-0.3333333333333333,-0.3333333333333333,-0.14285714285714285,-0.09389671361502347,-0.5,0.3333333333333333,1.1666666666666667
449,0.2857142857142857,0.6666666666666666,0.14285714285714285,-0.3333333333333333,1.1666666666666667,1.9047619047619047,0.14285714285714285,0.0,-0.3333333333333333,-0.2857142857142857,0.14285714285714285,-0.5,1.5,1.3333333333333333,-0.5,-0.14285714285714285,4.0,-0.16666666666666666,0.42857142857142855,0.8888888888888888,-0.42857142857142855,0.0,-0.16666666666666666,-0.16666666666666666,-0.3,-0.3333333333333333,-0.16666666666666666,1.10546875,-0.5,-0.42857142857142855,-0.14285714285714285,-0.5,1.4,0.6666666666666666,-0.2857142857142857,-0.08,1.76,0.0,-0.5,0.3333333333333333,-0.5,1.7475728155339805,-0.14285714285714285,0.0,-0.3333333333333333,-0.16666666666666666,0.0,-0.5,-0.3333333333333333,0.2,2.5,-0.3,1.0,2.142857142857143,0.1,-0.08888888888888889,-0.3333333333333333,-0.3333333333333333,0.0,-0.2857142857142857,-0.42857142857142855,-0.2857142857142857,0.8,-0.5,2.0,3.5714285714285716,0.8333333333333334,0.5714285714285714,-0.3333333333333333,-0.3333333333333333,0.2857142857142857,0.6666666666666666,0.5714285714285714,0.2857142857142857,-0.42857142857142855,-0.3333333333333333,-0.25,1.1666666666666667,0.14285714285714285,-0.2857142857142857,-0.2727272727272727,-0.2857142857142857,0.5,-0.16666666666666666,-0.3333333333333333,-0.36363636363636365,-0.2222222222222222,0.3333333333333333,0.3333333333333333,0.0,-0.48,-0.16666666666666666,-0.5,-0.3333333333333333,-0.16666666666666666,0.2857142857142857,0.09389671361502347,1.6666666666666667,2.0,0.3333333333333333
450,-0.14285714285714285,-0.5,-0.2857142857142857,-0.16666666666666666,-0.16666666666666666,-0.19047619047619047,1.2857142857142858,0.2,-0.3333333333333333,0.7142857142857143,0.14285714285714285,-0.5,0.16666666666666666,1.5,-0.5,0.8571428571428571,-0.2857142857142857,-0.16666666666666666,3.857142857142857,-0.08888888888888889,0.5714285714285714,-0.14285714285714285,-0.3333333333333333,0.0,-0.3,-0.3333333333333333,0.8333333333333334,1.32421875,8.333333333333334,0.0,0.2857142857142857,-0.5,0.0,0.5,-0.14285714285714285,-0.04,-0.32,-0.25,-0.3333333333333333,0.16666666666666666,-0.5,1.7475728155339805,-0.2857142857142857,-0.2857142857142857,0.3333333333333333,-0.3333333333333333,0.2857142857142857,-0.5,1.3333333333333333,0.0,-0.16666666666666666,0.0,0.0,0.14285714285714285,-0.3,-0.35555555555555557,-0.3333333333333333,-0.5,-0.38095238095238093,-0.2857142857142857,0.5714285714285714,0.5714285714285714,-0.4,0.0,-0.125,1.2857142857142858,0.8333333333333334,0.42857142857142855,-0.16666666666666666,0.16666666666666666,0.8571428571428571,-0.16666666666666666,0.14285714285714285,0.2857142857142857,-0.42857142857142855,0.6666666666666666,-0.08333333333333333,-0.16666666666666666,-0.2857142857142857,-0.42857142857142855,-0.09090909090909091,0.0,0.16666666666666666,0.0,-0.3333333333333333,0.6363636363636364,-0.2222222222222222,0.0,0.3333333333333333,-0.3333333333333333,0.16,1.6666666666666667,-0.5,0.4166666666666667,1.0,-0.42857142857142855,-0.03755868544600939,-0.16666666666666666,-0.3333333333333333,0.8333333333333334
451,-0.42857142857142855,0.3333333333333333,0.5714285714285714,-0.3333333333333333,-0.5,-0.5714285714285714,1.1428571428571428,0.4,0.8333333333333334,-0.42857142857142855,2.142857142857143,-0.16666666666666666,0.0,-0.16666666666666666,1.1666666666666667,-0.42857142857142855,0.2857142857142857,2.1666666666666665,0.2857142857142857,-0.26666666666666666,-0.42857142857142855,-0.2857142857142857,0.5,-0.3333333333333333,-0.2,0.5,-0.5,0.62109375,1.3333333333333333,0.14285714285714285,-0.2857142857142857,2.6666666666666665,-0.2,0.6666666666666666,-0.2857142857142857,-0.08,1.12,0.0,1.5,-0.3333333333333333,1.5,0.7766990291262136,-0.2857142857142857,1.1428571428571428,1.6666666666666667,-0.3333333333333333,1.1428571428571428,1.3333333333333333,-0.16666666666666666,0.2,-0.16666666666666666,-0.2,-0.6,-0.14285714285714285,-0.3,1.1555555555555554,3.1666666666666665,-0.3333333333333333,-0.5714285714285714,0.2857142857142857,0.0,-0.42857142857142855,0.4,-0.5,-0.375,0.14285714285714285,1.0,1.1428571428571428,-0.3333333333333333,-0.5,-0.2857142857142857,-0.25,-0.2857142857142857,0.14285714285714285,-0.14285714285714285,0.0,-0.16666666666666666,0.16666666666666666,4.571428571428571,0.14285714285714285,0.45454545454545453,0.5714285714285714,-0.3333333333333333,5.166666666666667,-0.3333333333333333,-0.36363636363636365,-0.3333333333333333,-0.16666666666666666,0.0,-0.1111111111111111,0.8,0.0,0.16666666666666666,-0.3333333333333333,0.5,-0.42857142857142855,0.03755868544600939,0.5,0.16666666666666666,0.16666666666666666
452,0.0,-0.5,-0.42857142857142855,3.5,0.6666666666666666,-0.5714285714285714,-0.42857142857142855,-0.4,1.1666666666666667,-0.14285714285714285,-0.14285714285714285,-0.5,-0.3333333333333333,-0.5,-0.5,1.0,-0.2857142857142857,0.16666666666666666,1.0,0.0,0.14285714285714285,-0.42857142857142855,0.8333333333333334,-0.3333333333333333,-0.3,2.5,-0.5,1.11328125,-0.5,-0.42857142857142855,0.42857142857142855,-0.5,0.6,0.16666666666666666,0.7142857142857143,-0.2,0.48,-0.25,0.16666666666666666,3.0,-0.5,1.029126213592233,-0.14285714285714285,0.42857142857142855,-0.16666666666666666,1.3333333333333333,1.0,-0.5,-0.3333333333333333,0.4,0.0,0.1,2.0,0.0,-0.3,0.0,0.5,2.0,-0.38095238095238093,-0.14285714285714285,0.14285714285714285,1.1428571428571428,2.8,-0.5,-0.375,0.0,0.0,0.0,1.5,0.0,-0.2857142857142857,-0.16666666666666666,0.5714285714285714,-0.2857142857142857,0.14285714285714285,2.1666666666666665,-0.16666666666666666,0.0,-0.2857142857142857,0.8571428571428571,-0.2727272727272727,2.4285714285714284,0.16666666666666666,1.6666666666666667,0.3333333333333333,1.6363636363636365,1.4444444444444444,-0.3333333333333333,-0.3333333333333333,-0.2222222222222222,0.32,-0.3333333333333333,0.16666666666666666,-0.25,1.6666666666666667,-0.42857142857142855,-0.056338028169014086,0.3333333333333333,0.0,0.6666666666666666
453,0.8571428571428571,-0.5,0.14285714285714285,-0.16666666666666666,0.5,4.0,-0.42857142857142855,-0.4,2.6666666666666665,0.42857142857142855,-0.2857142857142857,2.6666666666666665,0.0,-0.16666666666666666,1.8333333333333333,0.0,1.4285714285714286,0.6666666666666666,-0.2857142857142857,-0.26666666666666666,-0.42857142857142855,-0.2857142857142857,0.16666666666666666,-0.16666666666666666,-0.1,-0.16666666666666666,0.5,0.95703125,0.3333333333333333,-0.42857142857142855,1.4285714285714286,0.0,2.6,-0.3333333333333333,0.2857142857142857,0.08,1.92,0.625,-0.3333333333333333,1.3333333333333333,0.16666666666666666,1.2524271844660195,-0.2857142857142857,0.7142857142857143,0.6666666666666666,1.6666666666666667,1.4285714285714286,-0.5,1.5,0.4,0.8333333333333334,-0.1,0.2,-0.42857142857142855,0.5,-0.26666666666666666,-0.3333333333333333,-0.5,1.1428571428571428,-0.2857142857142857,0.0,0.8571428571428571,-0.6,-0.5,0.375,-0.14285714285714285,-0.3333333333333333,-0.42857142857142855,-0.3333333333333333,-0.16666666666666666,0.2857142857142857,1.9166666666666667,0.0,0.2857142857142857,0.14285714285714285,0.5,-0.3333333333333333,1.6666666666666667,0.42857142857142855,2.0,0.7272727272727273,1.7142857142857142,0.5,0.5,-0.3333333333333333,-0.2727272727272727,-0.2222222222222222,0.3333333333333333,0.0,-0.1111111111111111,-0.32,1.0,0.0,0.16666666666666666,0.3333333333333333,0.42857142857142855,-0.03755868544600939,0.16666666666666666,0.6666666666666666,0.0
454,-0.42857142857142855,1.1666666666666667,-0.2857142857142857,2.1666666666666665,2.0,0.0,1.2857142857142858,-0.4,-0.16666666666666666,-0.42857142857142855,0.14285714285714285,0.0,-0.16666666666666666,1.3333333333333333,1.3333333333333333,0.42857142857142855,0.14285714285714285,-0.16666666666666666,0.14285714285714285,-0.26666666666666666,-0.42857142857142855,-0.2857142857142857,-0.3333333333333333,-0.3333333333333333,0.4,1.5,-0.16666666666666666,0.94921875,-0.3333333333333333,-0.14285714285714285,-0.2857142857142857,0.0,-0.2,0.3333333333333333,-0.2857142857142857,-0.2,0.0,0.625,0.0,-0.16666666666666666,0.16666666666666666,1.3689320388349515,0.14285714285714285,-0.14285714285714285,-0.3333333333333333,-0.3333333333333333,-0.14285714285714285,-0.3333333333333333,0.5,2.6,0.16666666666666666,-0.2,-0.6,0.2857142857142857,-0.1,0.08888888888888889,0.16666666666666666,-0.16666666666666666,-0.5714285714285714,-0.2857142857142857,-0.42857142857142855,-0.14285714285714285,4.2,-0.5,-0.375,0.0,-0.3333333333333333,0.8571428571428571,0.16666666666666666,1.5,-0.2857142857142857,-0.25,0.14285714285714285,-0.2857142857142857,0.14285714285714285,-0.3333333333333333,0.5833333333333334,0.3333333333333333,0.5714285714285714,3.7142857142857144,-0.09090909090909091,-0.2857142857142857,-0.16666666666666666,5.0,0.3333333333333333,-0.36363636363636365,-0.3333333333333333,2.1666666666666665,1.8333333333333333,-0.3333333333333333,-0.32,0.16666666666666666,-0.16666666666666666,-0.3333333333333333,0.0,-0.2857142857142857,0.018779342723004695,3.5,-0.16666666666666666,-0.16666666666666666
455,0.42857142857142855,-0.16666666666666666,0.8571428571428571,0.0,0.8333333333333334,-0.5714285714285714,1.1428571428571428,0.8,1.0,0.5714285714285714,0.5714285714285714,-0.3333333333333333,0.16666666666666666,1.0,0.8333333333333334,0.7142857142857143,2.142857142857143,-0.3333333333333333,0.42857142857142855,-0.08888888888888889,0.14285714285714285,-0.14285714285714285,0.0,-0.16666666666666666,0.3,0.3333333333333333,-0.5,1.07421875,-0.16666666666666666,-0.42857142857142855,-0.14285714285714285,2.1666666666666665,1.2,0.5,0.14285714285714285,0.64,0.64,0.375,-0.16666666666666666,-0.3333333333333333,0.8333333333333334,1.6019417475728155,1.4285714285714286,-0.42857142857142855,-0.16666666666666666,2.6666666666666665,-0.42857142857142855,0.8333333333333334,1.1666666666666667,0.2,1.5,0.3,-0.6,-0.2857142857142857,0.0,0.0,-0.3333333333333333,0.16666666666666666,-0.19047619047619047,-0.2857142857142857,-0.42857142857142855,0.5714285714285714,-0.6,1.3333333333333333,0.125,0.42857142857142855,0.16666666666666666,0.5714285714285714,0.3333333333333333,0.5,1.0,0.08333333333333333,-0.14285714285714285,-0.2857142857142857,-0.42857142857142855,0.0,0.08333333333333333,-0.5,0.14285714285714285,0.42857142857142855,-0.36363636363636365,5.428571428571429,-0.3333333333333333,-0.3333333333333333,0.0,-0.2727272727272727,0.0,0.16666666666666666,0.0,0.0,-0.16,0.3333333333333333,-0.5,0.3333333333333333,-0.3333333333333333,-0.42857142857142855,-0.056338028169014086,0.3333333333333333,0.3333333333333333,0.16666666666666666
456,-0.42857142857142855,2.6666666666666665,0.14285714285714285,0.0,0.8333333333333334,0.5714285714285714,-0.42857142857142855,0.0,0.0,-0.2857142857142857,0.7142857142857143,0.6666666666666666,-0.16666666666666666,1.3333333333333333,-0.16666666666666666,-0.14285714285714285,0.2857142857142857,-0.3333333333333333,-0.2857142857142857,-0.26666666666666666,-0.42857142857142855,-0.42857142857142855,4.166666666666667,-0.16666666666666666,-0.3,-0.16666666666666666,-0.5,0.61328125,0.3333333333333333,-0.2857142857142857,1.7142857142857142,1.3333333333333333,-0.6,-0.5,-0.2857142857142857,-0.08,-0.16,2.75,-0.3333333333333333,0.6666666666666666,0.3333333333333333,0.7572815533980582,0.5714285714285714,1.7142857142857142,-0.16666666666666666,1.3333333333333333,-0.2857142857142857,-0.3333333333333333,0.16666666666666666,-0.2,0.8333333333333334,-0.3,4.4,-0.42857142857142855,0.2,0.17777777777777778,0.0,0.0,0.0,-0.14285714285714285,0.5714285714285714,3.2857142857142856,0.0,0.5,-0.375,1.7142857142857142,4.0,-0.2857142857142857,0.16666666666666666,0.5,-0.2857142857142857,-0.08333333333333333,-0.14285714285714285,0.7142857142857143,1.0,-0.3333333333333333,0.4166666666666667,0.16666666666666666,-0.14285714285714285,0.5714285714285714,-0.18181818181818182,-0.14285714285714285,-0.3333333333333333,-0.16666666666666666,-0.16666666666666666,0.0,-0.2222222222222222,0.3333333333333333,-0.5,-0.2222222222222222,0.8,0.0,3.5,-0.3333333333333333,0.3333333333333333,-0.2857142857142857,0.03755868544600939,-0.16666666666666666,2.1666666666666665,-0.16666666666666666
457,0.8571428571428571,-0.5,1.2857142857142858,-0.16666666666666666,-0.16666666666666666,-0.38095238095238093,-0.2857142857142857,-0.2,-0.3333333333333333,0.14285714285714285,2.4285714285714284,-0.3333333333333333,-0.3333333333333333,-0.5,0.16666666666666666,-0.42857142857142855,-0.2857142857142857,0.6666666666666666,-0.2857142857142857,-0.35555555555555557,0.2857142857142857,0.2857142857142857,-0.3333333333333333,2.6666666666666665,0.3,0.16666666666666666,0.16666666666666666,1.26171875,0.3333333333333333,-0.42857142857142855,0.42857142857142855,5.333333333333333,-0.6,-0.5,2.2857142857142856,-0.2,-0.16,0.0,-0.16666666666666666,-0.16666666666666666,-0.5,1.766990291262136,0.5714285714285714,0.2857142857142857,0.5,-0.16666666666666666,2.2857142857142856,-0.5,0.0,-0.6,-0.16666666666666666,0.4,1.4,0.2857142857142857,-0.3,-0.26666666666666666,-0.3333333333333333,0.5,-0.19047619047619047,1.1428571428571428,1.7142857142857142,-0.42857142857142855,2.0,-0.16666666666666666,-0.125,0.2857142857142857,2.0,0.42857142857142855,0.3333333333333333,-0.3333333333333333,0.7142857142857143,-0.25,0.42857142857142855,0.0,-0.42857142857142855,0.16666666666666666,0.0,0.5,0.42857142857142855,0.8571428571428571,0.09090909090909091,1.8571428571428572,0.5,1.1666666666666667,-0.3333333333333333,0.6363636363636364,0.1111111111111111,0.3333333333333333,0.3333333333333333,-0.1111111111111111,-0.48,0.3333333333333333,0.16666666666666666,0.16666666666666666,0.16666666666666666,0.8571428571428571,-0.018779342723004695,0.6666666666666666,0.16666666666666666,-0.3333333333333333
458,3.0,-0.16666666666666666,0.0,-0.3333333333333333,-0.5,-0.38095238095238093,-0.42857142857142855,0.6,1.0,-0.42857142857142855,-0.2857142857142857,-0.3333333333333333,-0.3333333333333333,-0.5,1.3333333333333333,0.2857142857142857,-0.2857142857142857,-0.3333333333333333,0.0,0.35555555555555557,0.7142857142857143,-0.14285714285714285,-0.3333333333333333,-0.3333333333333333,-0.1,1.5,0.16666666666666666,1.34765625,-0.3333333333333333,0.2857142857142857,0.8571428571428571,0.16666666666666666,1.0,-0.5,-0.14285714285714285,0.04,1.12,-0.125,1.0,1.3333333333333333,0.16666666666666666,1.3398058252427185,-0.2857142857142857,-0.2857142857142857,-0.3333333333333333,2.1666666666666665,3.142857142857143,0.3333333333333333,0.3333333333333333,1.0,-0.16666666666666666,0.2,2.4,0.5714285714285714,0.2,-0.35555555555555557,-0.16666666666666666,0.0,0.7619047619047619,0.0,-0.2857142857142857,-0.42857142857142855,-0.6,-0.5,-0.25,-0.2857142857142857,-0.3333333333333333,-0.42857142857142855,0.6666666666666666,-0.16666666666666666,0.42857142857142855,-0.16666666666666666,-0.14285714285714285,2.2857142857142856,-0.2857142857142857,-0.3333333333333333,-0.3333333333333333,-0.5,0.2857142857142857,-0.14285714285714285,0.5454545454545454,0.2857142857142857,0.0,0.16666666666666666,0.0,-0.36363636363636365,0.3333333333333333,-0.3333333333333333,1.1666666666666667,-0.3333333333333333,0.48,1.0,0.6666666666666666,0.16666666666666666,-0.16666666666666666,2.2857142857142856,-0.09389671361502347,-0.5,2.5,-0.3333333333333333
459,-0.42857142857142855,0.16666666666666666,1.7142857142857142,0.0,1.5,-0.5714285714285714,0.2857142857142857,-0.4,-0.3333333333333333,0.0,-0.14285714285714285,2.3333333333333335,2.3333333333333335,0.16666666666666666,-0.5,-0.14285714285714285,-0.2857142857142857,0.6666666666666666,0.0,-0.17777777777777778,0.5714285714285714,0.0,-0.3333333333333333,0.5,0.0,0.0,0.0,1.08984375,-0.5,-0.42857142857142855,-0.14285714285714285,-0.5,0.0,2.3333333333333335,0.42857142857142855,-0.16,1.76,0.0,-0.5,-0.16666666666666666,0.6666666666666666,0.9805825242718447,0.2857142857142857,-0.42857142857142855,-0.5,0.0,-0.42857142857142855,0.0,-0.16666666666666666,-0.6,2.3333333333333335,1.5,-0.6,0.2857142857142857,0.1,1.7777777777777777,-0.16666666666666666,0.16666666666666666,2.0952380952380953,-0.2857142857142857,2.857142857142857,-0.42857142857142855,0.2,-0.3333333333333333,-0.25,0.5714285714285714,-0.3333333333333333,-0.2857142857142857,-0.3333333333333333,1.0,1.8571428571428572,-0.25,1.2857142857142858,0.14285714285714285,-0.42857142857142855,-0.3333333333333333,-0.3333333333333333,4.166666666666667,-0.14285714285714285,0.14285714285714285,0.0,1.0,-0.3333333333333333,1.1666666666666667,3.0,0.0,0.1111111111111111,0.3333333333333333,0.8333333333333334,1.5555555555555556,2.88,0.0,-0.3333333333333333,1.0833333333333333,6.166666666666667,-0.42857142857142855,-0.09389671361502347,-0.5,-0.16666666666666666,-0.3333333333333333
460,0.2857142857142857,2.3333333333333335,-0.2857142857142857,-0.16666666666666666,0.8333333333333334,-0.38095238095238093,0.42857142857142855,-0.4,2.0,-0.14285714285714285,-0.42857142857142855,-0.16666666666666666,0.5,-0.5,1.8333333333333333,1.0,-0.14285714285714285,3.0,-0.2857142857142857,-0.26666666666666666,-0.2857142857142857,-0.14285714285714285,0.16666666666666666,0.6666666666666666,0.3,-0.5,-0.5,1.07421875,-0.5,-0.2857142857142857,0.14285714285714285,0.6666666666666666,-0.6,-0.5,0.14285714285714285,0.4,-0.32,0.875,-0.16666666666666666,-0.16666666666666666,-0.5,1.174757281553398,1.1428571428571428,0.0,-0.5,2.1666666666666665,0.2857142857142857,-0.5,-0.3333333333333333,2.0,-0.16666666666666666,0.8,0.6,-0.42857142857142855,-0.2,1.0666666666666667,-0.16666666666666666,1.1666666666666667,-0.19047619047619047,0.0,0.42857142857142855,-0.14285714285714285,-0.4,2.3333333333333335,0.75,0.2857142857142857,0.0,0.42857142857142855,0.5,-0.5,-0.2857142857142857,0.16666666666666666,-0.2857142857142857,0.42857142857142855,2.4285714285714284,-0.16666666666666666,-0.3333333333333333,-0.5,0.14285714285714285,0.0,0.36363636363636365,0.0,-0.3333333333333333,-0.3333333333333333,1.1666666666666667,-0.2727272727272727,-0.1111111111111111,-0.16666666666666666,0.6666666666666666,-0.3333333333333333,3.84,0.16666666666666666,-0.5,-0.3333333333333333,0.3333333333333333,0.42857142857142855,-0.09389671361502347,0.16666666666666666,-0.16666666666666666,0.8333333333333334
461,-0.2857142857142857,-0.5,-0.42857142857142855,-0.3333333333333333,-0.5,0.5714285714285714,-0.42857142857142855,0.4,1.1666666666666667,-0.42857142857142855,-0.2857142857142857,0.3333333333333333,2.5,0.0,-0.5,-0.14285714285714285,2.5714285714285716,0.16666666666666666,2.5714285714285716,0.0,2.4285714285714284,-0.42857142857142855,0.6666666666666666,0.16666666666666666,0.3,-0.5,0.0,1.35546875,0.16666666666666666,-0.42857142857142855,-0.2857142857142857,-0.5,-0.4,1.5,0.42857142857142855,0.16,-0.32,0.5,-0.5,0.5,-0.16666666666666666,1.3495145631067962,-0.14285714285714285,0.0,-0.5,-0.3333333333333333,0.7142857142857143,-0.5,0.0,0.4,0.3333333333333333,-0.3,-0.2,0.7142857142857143,-0.3,0.08888888888888889,4.666666666666667,0.16666666666666666,0.7619047619047619,-0.2857142857142857,-0.42857142857142855,0.7142857142857143,-0.6,-0.3333333333333333,1.5,-0.2857142857142857,0.8333333333333334,0.14285714285714285,-0.3333333333333333,-0.16666666666666666,-0.2857142857142857,0.3333333333333333,1.7142857142857142,-0.14285714285714285,-0.42857142857142855,0.0,-0.16666666666666666,-0.5,0.42857142857142855,0.2857142857142857,-0.36363636363636365,0.7142857142857143,0.16666666666666666,0.3333333333333333,-0.16666666666666666,-0.36363636363636365,-0.3333333333333333,-0.3333333333333333,-0.5,-0.1111111111111111,1.76,-0.3333333333333333,-0.5,-0.08333333333333333,0.16666666666666666,0.2857142857142857,0.13145539906103287,2.1666666666666665,0.6666666666666666,-0.3333333333333333
462,-0.14285714285714285,0.8333333333333334,0.0,1.5,1.5,0.38095238095238093,0.42857142857142855,-0.2,-0.3333333333333333,1.0,-0.42857142857142855,0.3333333333333333,3.8333333333333335,0.0,-0.3333333333333333,0.2857142857142857,-0.2857142857142857,-0.3333333333333333,0.2857142857142857,2.2222222222222223,-0.42857142857142855,0.5714285714285714,-0.3333333333333333,0.16666666666666666,-0.1,0.6666666666666666,0.0,1.20703125,0.3333333333333333,-0.42857142857142855,-0.2857142857142857,-0.5,0.4,2.5,0.2857142857142857,-0.08,1.6,1.5,-0.5,0.6666666666666666,-0.3333333333333333,1.941747572815534,-0.2857142857142857,-0.42857142857142855,-0.16666666666666666,1.8333333333333333,1.0,0.5,0.16666666666666666,1.4,-0.3333333333333333,1.2,0.0,1.2857142857142858,0.7,0.0,0.0,-0.16666666666666666,0.5714285714285714,1.7142857142857142,-0.14285714285714285,0.8571428571428571,-0.2,1.5,0.5,-0.2857142857142857,4.5,-0.14285714285714285,-0.3333333333333333,-0.5,0.0,-0.16666666666666666,0.2857142857142857,-0.2857142857142857,0.0,-0.16666666666666666,-0.3333333333333333,-0.3333333333333333,2.857142857142857,0.0,-0.09090909090909091,0.0,-0.3333333333333333,-0.3333333333333333,-0.16666666666666666,0.36363636363636365,0.2222222222222222,1.8333333333333333,0.5,0.6666666666666666,0.48,-0.16666666666666666,1.0,-0.25,0.0,0.14285714285714285,-0.09389671361502347,-0.5,-0.3333333333333333,-0.3333333333333333
463,-0.14285714285714285,0.8333333333333334,-0.2857142857142857,-0.3333333333333333,-0.3333333333333333,-0.5714285714285714,2.0,0.4,0.5,0.0,0.7142857142857143,-0.3333333333333333,2.8333333333333335,0.16666666666666666,0.16666666666666666,-0.42857142857142855,0.14285714285714285,-0.3333333333333333,0.14285714285714285,-0.17777777777777778,-0.42857142857142855,1.7142857142857142,-0.3333333333333333,-0.16666666666666666,0.0,0.3333333333333333,1.3333333333333333,1.11328125,-0.3333333333333333,-0.2857142857142857,0.7142857142857143,0.3333333333333333,0.6,0.0,0.42857142857142855,0.44,1.12,0.375,-0.16666666666666666,-0.3333333333333333,0.0,1.4077669902912622,1.5714285714285714,0.2857142857142857,0.6666666666666666,0.0,-0.42857142857142855,-0.5,0.16666666666666666,-0.2,0.0,-0.3,0.4,0.2857142857142857,-0.3,-0.17777777777777778,0.3333333333333333,0.3333333333333333,-0.5714285714285714,0.5714285714285714,0.14285714285714285,0.2857142857142857,-0.6,0.5,-0.125,0.14285714285714285,2.1666666666666665,-0.14285714285714285,-0.16666666666666666,3.6666666666666665,0.7142857142857143,-0.08333333333333333,0.8571428571428571,0.14285714285714285,-0.14285714285714285,0.0,-0.3333333333333333,-0.5,2.4285714285714284,-0.2857142857142857,1.6363636363636365,2.142857142857143,-0.3333333333333333,1.6666666666666667,-0.16666666666666666,0.2727272727272727,-0.2222222222222222,-0.3333333333333333,1.1666666666666667,0.0,2.24,0.5,-0.3333333333333333,-0.16666666666666666,0.0,1.2857142857142858,-0.03755868544600939,-0.3333333333333333,0.8333333333333334,5.5
464,-0.14285714285714285,0.3333333333333333,-0.42857142857142855,-0.3333333333333333,0.6666666666666666,-0.38095238095238093,0.42857142857142855,-0.4,0.16666666666666666,1.5714285714285714,0.8571428571428571,0.0,0.6666666666666666,1.1666666666666667,1.1666666666666667,0.5714285714285714,0.5714285714285714,0.3333333333333333,-0.2857142857142857,0.8,-0.14285714285714285,0.2857142857142857,-0.3333333333333333,-0.3333333333333333,0.0,0.5,-0.3333333333333333,1.18359375,0.3333333333333333,0.0,0.7142857142857143,-0.5,4.6,0.6666666666666666,-0.14285714285714285,0.24,1.12,0.875,0.6666666666666666,-0.16666666666666666,0.0,1.3786407766990292,2.142857142857143,-0.42857142857142855,0.3333333333333333,0.6666666666666666,-0.42857142857142855,-0.3333333333333333,0.16666666666666666,-0.6,0.5,-0.3,-0.6,1.1428571428571428,-0.3,0.26666666666666666,0.16666666666666666,0.6666666666666666,-0.19047619047619047,1.2857142857142858,0.7142857142857143,-0.42857142857142855,0.2,0.5,0.0,0.14285714285714285,0.16666666666666666,-0.2857142857142857,1.6666666666666667,0.3333333333333333,0.0,-0.16666666666666666,-0.14285714285714285,1.4285714285714286,-0.42857142857142855,-0.3333333333333333,0.0,0.8333333333333334,1.4285714285714286,-0.42857142857142855,0.0,0.2857142857142857,3.1666666666666665,0.8333333333333334,-0.3333333333333333,-0.18181818181818182,-0.2222222222222222,4.5,1.0,-0.1111111111111111,4.96,-0.16666666666666666,1.1666666666666667,0.0,0.6666666666666666,0.8571428571428571,0.24413145539906103,2.1666666666666665,-0.16666666666666666,0.0
465,0.7142857142857143,0.0,0.0,0.8333333333333334,0.16666666666666666,0.19047619047619047,-0.2857142857142857,0.0,0.0,-0.42857142857142855,1.4285714285714286,0.16666666666666666,0.8333333333333334,4.5,0.5,-0.42857142857142855,1.2857142857142858,-0.16666666666666666,-0.2857142857142857,-0.35555555555555557,-0.2857142857142857,3.0,0.5,5.166666666666667,0.0,-0.5,-0.5,0.42578125,0.3333333333333333,0.0,-0.2857142857142857,0.6666666666666666,-0.6,-0.3333333333333333,3.4285714285714284,0.04,0.96,-0.25,-0.3333333333333333,0.16666666666666666,1.3333333333333333,0.6699029126213593,-0.2857142857142857,-0.42857142857142855,-0.16666666666666666,-0.16666666666666666,0.0,0.16666666666666666,3.0,-0.6,-0.3333333333333333,-0.3,0.6,0.5714285714285714,-0.3,0.8888888888888888,0.0,-0.3333333333333333,-0.38095238095238093,-0.2857142857142857,0.0,1.4285714285714286,-0.2,-0.3333333333333333,1.375,0.7142857142857143,0.16666666666666666,0.14285714285714285,-0.16666666666666666,0.3333333333333333,0.2857142857142857,1.8333333333333333,0.2857142857142857,-0.2857142857142857,-0.42857142857142855,-0.3333333333333333,0.0,-0.16666666666666666,-0.2857142857142857,0.7142857142857143,-0.36363636363636365,3.142857142857143,0.0,2.8333333333333335,2.5,1.3636363636363635,0.5555555555555556,2.0,-0.3333333333333333,0.1111111111111111,1.12,-0.3333333333333333,0.3333333333333333,0.08333333333333333,0.5,0.2857142857142857,-0.07511737089201878,2.3333333333333335,0.16666666666666666,-0.3333333333333333
466,-0.42857142857142855,0.6666666666666666,-0.42857142857142855,-0.3333333333333333,0.16666666666666666,2.2857142857142856,-0.2857142857142857,-0.2,0.5,0.0,1.0,0.5,1.1666666666666667,2.6666666666666665,-0.3333333333333333,0.0,1.1428571428571428,0.0,-0.14285714285714285,-0.26666666666666666,0.7142857142857143,0.14285714285714285,2.3333333333333335,2.3333333333333335,0.0,-0.5,-0.5,0.80078125,0.5,1.8571428571428572,-0.2857142857142857,0.6666666666666666,0.2,2.1666666666666665,1.8571428571428572,-0.08,-0.16,0.25,0.6666666666666666,5.833333333333333,-0.3333333333333333,1.2427184466019416,0.14285714285714285,0.14285714285714285,1.5,0.0,1.8571428571428572,3.0,-0.3333333333333333,-0.6,1.0,0.3,0.4,1.1428571428571428,0.1,0.0,-0.16666666666666666,-0.5,-0.38095238095238093,-0.14285714285714285,0.0,0.0,0.0,-0.16666666666666666,-0.375,-0.14285714285714285,-0.16666666666666666,-0.42857142857142855,-0.3333333333333333,-0.3333333333333333,1.0,-0.16666666666666666,-0.14285714285714285,1.2857142857142858,-0.14285714285714285,0.8333333333333334,0.4166666666666667,-0.5,3.2857142857142856,0.7142857142857143,-0.36363636363636365,2.2857142857142856,1.1666666666666667,2.1666666666666665,0.0,-0.2727272727272727,-0.2222222222222222,-0.16666666666666666,1.3333333333333333,0.5555555555555556,1.6,-0.3333333333333333,0.8333333333333334,-0.3333333333333333,0.8333333333333334,-0.42857142857142855,-0.07511737089201878,-0.5,1.0,1.0
467,-0.42857142857142855,-0.5,-0.42857142857142855,0.5,-0.3333333333333333,-0.38095238095238093,-0.42857142857142855,0.2,2.8333333333333335,-0.42857142857142855,1.1428571428571428,0.16666666666666666,-0.3333333333333333,0.3333333333333333,-0.5,0.2857142857142857,1.2857142857142858,-0.3333333333333333,0.5714285714285714,0.8888888888888888,-0.2857142857142857,0.14285714285714285,3.0,0.5,0.1,-0.16666666666666666,-0.5,1.09765625,0.8333333333333334,-0.2857142857142857,-0.14285714285714285,0.3333333333333333,0.0,3.1666666666666665,0.7142857142857143,-0.04,0.32,-0.25,0.3333333333333333,3.5,0.16666666666666666,0.941747572815534,0.0,-0.42857142857142855,0.5,0.0,-0.42857142857142855,0.0,0.6666666666666666,-0.6,0.0,1.0,-0.6,0.42857142857142855,0.4,-0.35555555555555557,-0.3333333333333333,-0.3333333333333333,-0.5714285714285714,0.14285714285714285,0.5714285714285714,-0.42857142857142855,0.0,-0.5,-0.25,-0.2857142857142857,-0.3333333333333333,-0.14285714285714285,1.0,-0.5,-0.14285714285714285,0.0,1.1428571428571428,-0.2857142857142857,-0.42857142857142855,0.6666666666666666,0.08333333333333333,-0.16666666666666666,0.14285714285714285,-0.42857142857142855,-0.36363636363636365,0.2857142857142857,-0.3333333333333333,1.5,-0.3333333333333333,1.0909090909090908,1.3333333333333333,0.8333333333333334,1.5,-0.2222222222222222,1.6,-0.16666666666666666,-0.5,-0.25,-0.3333333333333333,1.4285714285714286,-0.09389671361502347,-0.5,0.6666666666666666,-0.3333333333333333
468,0.7142857142857143,-0.3333333333333333,0.14285714285714285,-0.3333333333333333,3.6666666666666665,0.38095238095238093,-0.42857142857142855,-0.4,-0.16666666666666666,-0.42857142857142855,0.0,0.0,1.5,-0.5,0.5,0.5714285714285714,1.5714285714285714,-0.3333333333333333,0.2857142857142857,0.0,-0.14285714285714285,-0.14285714285714285,1.6666666666666667,0.3333333333333333,1.0,0.5,2.5,0.80859375,0.0,-0.42857142857142855,-0.14285714285714285,0.0,4.4,1.5,0.2857142857142857,0.2,-0.16,1.25,1.6666666666666667,-0.3333333333333333,0.16666666666666666,1.145631067961165,0.0,-0.42857142857142855,-0.3333333333333333,1.0,1.7142857142857142,3.6666666666666665,1.3333333333333333,0.0,-0.3333333333333333,0.3,-0.4,-0.14285714285714285,0.7,0.0,-0.3333333333333333,-0.5,-0.5714285714285714,-0.14285714285714285,-0.42857142857142855,-0.2857142857142857,0.6,0.6666666666666666,0.875,4.142857142857143,0.6666666666666666,-0.2857142857142857,0.3333333333333333,1.5,-0.2857142857142857,0.16666666666666666,-0.14285714285714285,-0.2857142857142857,0.14285714285714285,-0.3333333333333333,-0.3333333333333333,2.1666666666666665,0.0,1.5714285714285714,0.45454545454545453,0.14285714285714285,-0.16666666666666666,-0.3333333333333333,-0.3333333333333333,0.18181818181818182,1.2222222222222223,0.5,-0.5,0.5555555555555556,-0.32,0.5,2.3333333333333335,-0.3333333333333333,-0.3333333333333333,-0.42857142857142855,0.056338028169014086,-0.3333333333333333,-0.3333333333333333,-0.16666666666666666
469,-0.42857142857142855,0.16666666666666666,-0.42857142857142855,-0.16666666666666666,-0.3333333333333333,-0.38095238095238093,0.42857142857142855,2.0,3.5,-0.14285714285714285,-0.42857142857142855,0.16666666666666666,0.5,-0.5,1.3333333333333333,1.5714285714285714,-0.2857142857142857,-0.16666666666666666,-0.2857142857142857,0.6222222222222222,0.0,-0.42857142857142855,-0.3333333333333333,0.16666666666666666,-0.1,0.0,-0.5,0.64453125,-0.5,-0.14285714285714285,-0.2857142857142857,1.1666666666666667,-0.2,1.6666666666666667,-0.14285714285714285,-0.12,-0.32,-0.25,-0.16666666666666666,0.16666666666666666,0.0,1.8349514563106797,2.2857142857142856,0.8571428571428571,-0.16666666666666666,0.3333333333333333,-0.42857142857142855,0.16666666666666666,2.1666666666666665,-0.2,-0.16666666666666666,-0.2,-0.6,3.4285714285714284,0.0,-0.35555555555555557,2.3333333333333335,-0.5,2.0952380952380953,1.0,-0.42857142857142855,0.8571428571428571,-0.4,-0.16666666666666666,0.875,0.2857142857142857,-0.3333333333333333,0.42857142857142855,-0.16666666666666666,2.0,0.14285714285714285,-0.16666666666666666,-0.14285714285714285,0.14285714285714285,1.1428571428571428,-0.3333333333333333,-0.08333333333333333,0.0,-0.2857142857142857,-0.14285714285714285,-0.2727272727272727,2.7142857142857144,-0.16666666666666666,2.3333333333333335,-0.3333333333333333,0.18181818181818182,-0.2222222222222222,0.6666666666666666,0.3333333333333333,-0.2222222222222222,0.0,1.6666666666666667,-0.5,-0.16666666666666666,2.5,0.7142857142857143,-0.056338028169014086,4.833333333333333,1.1666666666666667,0.16666666666666666
470,0.42857142857142855,4.666666666666667,-0.2857142857142857,0.0,-0.5,0.9523809523809523,0.0,1.8,-0.3333333333333333,-0.42857142857142855,-0.42857142857142855,0.0,2.8333333333333335,0.0,2.6666666666666665,0.42857142857142855,1.5714285714285714,0.16666666666666666,0.2857142857142857,0.8,-0.42857142857142855,-0.14285714285714285,1.1666666666666667,-0.16666666666666666,-0.2,-0.5,0.3333333333333333,1.27734375,0.8333333333333334,-0.2857142857142857,0.0,-0.5,-0.2,0.0,0.2857142857142857,-0.2,1.12,0.0,0.3333333333333333,-0.3333333333333333,-0.16666666666666666,1.0,0.14285714285714285,0.0,0.5,-0.3333333333333333,0.0,-0.16666666666666666,-0.16666666666666666,0.2,-0.16666666666666666,0.7,1.8,-0.42857142857142855,-0.2,-0.26666666666666666,-0.16666666666666666,3.8333333333333335,1.7142857142857142,0.42857142857142855,-0.2857142857142857,0.0,-0.4,0.6666666666666666,0.25,1.0,0.3333333333333333,0.2857142857142857,0.0,-0.5,0.0,0.16666666666666666,0.7142857142857143,-0.2857142857142857,0.0,2.6666666666666665,-0.25,1.1666666666666667,-0.2857142857142857,0.0,-0.36363636363636365,2.5714285714285716,0.5,-0.16666666666666666,-0.3333333333333333,0.45454545454545453,-0.3333333333333333,1.0,0.0,0.5555555555555556,-0.48,0.0,1.1666666666666667,0.08333333333333333,0.5,-0.42857142857142855,-0.09389671361502347,-0.5,-0.3333333333333333,1.0
471,3.142857142857143,-0.5,0.14285714285714285,0.3333333333333333,0.16666666666666666,0.9523809523809523,0.0,-0.4,-0.16666666666666666,-0.2857142857142857,0.42857142857142855,-0.5,0.0,0.5,-0.16666666666666666,0.7142857142857143,0.5714285714285714,1.0,-0.14285714285714285,-0.08888888888888889,2.7142857142857144,-0.14285714285714285,1.0,3.3333333333333335,0.4,0.5,0.5,0.69921875,0.6666666666666666,-0.42857142857142855,0.5714285714285714,-0.16666666666666666,-0.4,1.5,0.0,-0.16,0.16,0.875,0.6666666666666666,1.8333333333333333,0.6666666666666666,0.970873786407767,0.0,0.42857142857142855,-0.3333333333333333,1.1666666666666667,0.14285714285714285,0.5,-0.16666666666666666,1.2,-0.3333333333333333,-0.3,-0.4,0.14285714285714285,0.5,-0.08888888888888889,1.3333333333333333,0.5,0.5714285714285714,1.0,-0.42857142857142855,0.14285714285714285,-0.6,0.3333333333333333,0.0,1.2857142857142858,-0.16666666666666666,0.5714285714285714,0.16666666666666666,0.3333333333333333,0.14285714285714285,0.25,2.7142857142857144,0.0,1.1428571428571428,1.1666666666666667,0.8333333333333334,-0.3333333333333333,3.7142857142857144,-0.42857142857142855,-0.09090909090909091,2.0,-0.3333333333333333,-0.3333333333333333,0.8333333333333334,0.09090909090909091,-0.3333333333333333,-0.3333333333333333,-0.3333333333333333,0.3333333333333333,-0.48,0.8333333333333334,-0.16666666666666666,0.4166666666666667,0.0,0.14285714285714285,-0.09389671361502347,-0.5,0.6666666666666666,0.0
472,-0.14285714285714285,-0.5,0.0,-0.3333333333333333,1.3333333333333333,-0.5714285714285714,-0.42857142857142855,2.2,0.5,0.5714285714285714,0.5714285714285714,1.0,0.8333333333333334,-0.5,0.3333333333333333,-0.42857142857142855,0.2857142857142857,-0.3333333333333333,0.42857142857142855,-0.17777777777777778,0.5714285714285714,1.1428571428571428,0.5,0.8333333333333334,0.0,1.0,4.833333333333333,1.23828125,0.5,-0.2857142857142857,0.7142857142857143,-0.3333333333333333,0.8,0.3333333333333333,1.0,0.2,1.12,2.875,-0.5,0.16666666666666666,-0.16666666666666666,0.7572815533980582,1.2857142857142858,0.0,2.1666666666666665,-0.16666666666666666,-0.14285714285714285,-0.3333333333333333,0.0,-0.4,0.3333333333333333,1.9,-0.6,-0.42857142857142855,-0.3,-0.35555555555555557,-0.3333333333333333,0.3333333333333333,0.38095238095238093,1.5714285714285714,-0.42857142857142855,0.42857142857142855,-0.4,-0.5,2.375,0.14285714285714285,0.8333333333333334,3.4285714285714284,0.0,1.5,0.14285714285714285,1.3333333333333333,0.7142857142857143,0.5714285714285714,0.42857142857142855,0.0,0.08333333333333333,1.0,-0.2857142857142857,-0.2857142857142857,0.0,-0.14285714285714285,-0.3333333333333333,1.5,-0.3333333333333333,-0.2727272727272727,2.0,-0.16666666666666666,1.5,-0.1111111111111111,-0.48,0.0,-0.3333333333333333,-0.3333333333333333,0.5,0.0,-0.03755868544600939,-0.5,-0.3333333333333333,0.16666666666666666
473,1.0,-0.16666666666666666,0.8571428571428571,-0.16666666666666666,-0.16666666666666666,-0.5714285714285714,-0.2857142857142857,-0.4,-0.16666666666666666,-0.2857142857142857,0.5714285714285714,1.0,0.0,2.6666666666666665,0.5,-0.42857142857142855,0.7142857142857143,0.6666666666666666,3.0,0.35555555555555557,0.42857142857142855,0.8571428571428571,1.5,1.8333333333333333,1.0,-0.16666666666666666,0.5,1.41796875,0.0,-0.14285714285714285,0.2857142857142857,1.3333333333333333,0.4,1.1666666666666667,0.0,-0.04,0.0,0.5,0.5,-0.3333333333333333,1.0,0.7669902912621359,-0.2857142857142857,-0.42857142857142855,0.5,-0.16666666666666666,-0.14285714285714285,0.5,-0.16666666666666666,-0.2,0.3333333333333333,-0.1,-0.6,-0.42857142857142855,2.3,0.26666666666666666,0.3333333333333333,-0.5,1.1428571428571428,3.142857142857143,-0.2857142857142857,0.14285714285714285,0.0,0.0,-0.125,-0.14285714285714285,-0.16666666666666666,2.5714285714285716,-0.3333333333333333,0.8333333333333334,1.5714285714285714,-0.08333333333333333,-0.2857142857142857,1.5714285714285714,0.0,-0.16666666666666666,0.9166666666666666,-0.5,1.1428571428571428,0.5714285714285714,0.09090909090909091,2.2857142857142856,0.0,1.0,2.1666666666666665,0.0,1.0,0.8333333333333334,0.6666666666666666,-0.3333333333333333,-0.48,0.5,-0.3333333333333333,-0.16666666666666666,-0.16666666666666666,-0.42857142857142855,0.056338028169014086,1.5,-0.3333333333333333,2.8333333333333335
474,0.42857142857142855,-0.16666666666666666,-0.2857142857142857,-0.3333333333333333,0.16666666666666666,0.7619047619047619,-0.42857142857142855,0.2,-0.16666666666666666,-0.42857142857142855,0.2857142857142857,-0.5,0.0,0.16666666666666666,-0.5,0.7142857142857143,0.14285714285714285,0.16666666666666666,-0.2857142857142857,1.3333333333333333,-0.2857142857142857,0.42857142857142855,0.8333333333333334,-0.16666666666666666,-0.3,-0.16666666666666666,-0.3333333333333333,0.70703125,0.3333333333333333,0.0,-0.2857142857142857,1.0,-0.4,0.16666666666666666,-0.2857142857142857,0.36,-0.16,0.0,-0.5,0.0,-0.5,1.6990291262135921,0.5714285714285714,0.8571428571428571,0.8333333333333334,0.6666666666666666,-0.2857142857142857,1.3333333333333333,1.0,1.0,0.6666666666666666,0.6,0.4,0.8571428571428571,0.2,-0.26666666666666666,-0.3333333333333333,3.8333333333333335,0.38095238095238093,0.8571428571428571,-0.42857142857142855,0.0,-0.6,2.0,-0.375,0.14285714285714285,0.16666666666666666,0.5714285714285714,2.6666666666666665,-0.3333333333333333,0.2857142857142857,-0.16666666666666666,-0.2857142857142857,0.7142857142857143,-0.42857142857142855,0.0,-0.16666666666666666,-0.5,0.2857142857142857,-0.42857142857142855,0.7272727272727273,1.0,0.8333333333333334,-0.3333333333333333,-0.3333333333333333,-0.36363636363636365,-0.3333333333333333,-0.16666666666666666,0.0,-0.2222222222222222,0.32,0.8333333333333334,2.3333333333333335,-0.16666666666666666,0.3333333333333333,-0.42857142857142855,0.26291079812206575,-0.5,0.3333333333333333,-0.3333333333333333
475,0.0,2.0,-0.2857142857142857,0.0,-0.5,-0.5714285714285714,-0.14285714285714285,0.6,0.8333333333333334,0.8571428571428571,0.0,-0.5,1.1666666666666667,-0.5,0.5,0.5714285714285714,2.2857142857142856,-0.3333333333333333,-0.2857142857142857,-0.35555555555555557,-0.42857142857142855,1.2857142857142858,1.0,-0.3333333333333333,-0.3,-0.3333333333333333,3.1666666666666665,0.73828125,-0.3333333333333333,0.2857142857142857,0.0,1.6666666666666667,0.0,-0.3333333333333333,0.0,-0.04,0.0,-0.125,2.1666666666666665,0.0,-0.3333333333333333,0.8543689320388349,-0.14285714285714285,-0.42857142857142855,0.8333333333333334,-0.3333333333333333,-0.42857142857142855,3.1666666666666665,-0.16666666666666666,2.0,0.0,-0.3,0.8,-0.42857142857142855,0.1,-0.35555555555555557,-0.3333333333333333,0.16666666666666666,-0.5714285714285714,0.14285714285714285,0.42857142857142855,-0.42857142857142855,1.8,0.16666666666666666,-0.375,0.2857142857142857,0.8333333333333334,-0.2857142857142857,0.8333333333333334,-0.16666666666666666,-0.2857142857142857,-0.08333333333333333,0.14285714285714285,2.4285714285714284,2.5714285714285716,0.6666666666666666,-0.3333333333333333,-0.5,0.0,-0.2857142857142857,-0.36363636363636365,-0.2857142857142857,0.5,0.5,0.5,0.09090909090909091,-0.2222222222222222,2.6666666666666665,-0.16666666666666666,1.4444444444444444,-0.48,1.8333333333333333,1.5,-0.3333333333333333,0.5,1.1428571428571428,0.09389671361502347,-0.16666666666666666,2.0,5.0
476,0.42857142857142855,-0.3333333333333333,0.42857142857142855,-0.16666666666666666,1.0,-0.5714285714285714,0.14285714285714285,0.4,-0.16666666666666666,0.2857142857142857,0.5714285714285714,0.0,0.16666666666666666,-0.16666666666666666,-0.3333333333333333,0.2857142857142857,0.0,-0.3333333333333333,-0.2857142857142857,0.8888888888888888,2.7142857142857144,-0.42857142857142855,0.0,0.0,0.1,-0.5,-0.16666666666666666,1.30078125,-0.5,0.14285714285714285,1.0,2.3333333333333335,-0.2,0.3333333333333333,0.2857142857142857,0.08,0.0,-0.25,-0.3333333333333333,-0.16666666666666666,-0.16666666666666666,0.7378640776699029,0.2857142857142857,-0.14285714285714285,0.3333333333333333,0.5,-0.42857142857142855,-0.16666666666666666,1.0,0.4,0.6666666666666666,0.3,-0.4,1.4285714285714286,-0.2,-0.08888888888888889,-0.3333333333333333,1.0,0.19047619047619047,0.14285714285714285,-0.42857142857142855,-0.14285714285714285,0.4,-0.3333333333333333,-0.375,0.0,-0.3333333333333333,-0.42857142857142855,0.0,-0.3333333333333333,0.7142857142857143,0.6666666666666666,0.0,0.42857142857142855,2.4285714285714284,0.6666666666666666,0.4166666666666667,-0.3333333333333333,1.0,-0.42857142857142855,-0.36363636363636365,0.42857142857142855,-0.3333333333333333,0.6666666666666666,0.3333333333333333,1.0,1.8888888888888888,-0.3333333333333333,1.3333333333333333,-0.3333333333333333,0.0,-0.3333333333333333,0.16666666666666666,0.0,0.0,1.0,0.056338028169014086,-0.5,0.8333333333333334,3.5
477,-0.42857142857142855,0.16666666666666666,1.2857142857142858,0.3333333333333333,-0.5,0.5714285714285714,1.5714285714285714,-0.4,1.3333333333333333,0.7142857142857143,0.0,-0.5,-0.16666666666666666,0.3333333333333333,2.6666666666666665,0.0,-0.2857142857142857,0.16666666666666666,-0.14285714285714285,0.0,-0.42857142857142855,0.5714285714285714,0.16666666666666666,0.0,0.0,0.0,0.8333333333333334,1.03515625,3.0,0.5714285714285714,1.2857142857142858,-0.5,-0.4,0.5,0.5714285714285714,0.32,0.0,1.125,-0.3333333333333333,-0.3333333333333333,-0.16666666666666666,1.3592233009708738,-0.14285714285714285,-0.42857142857142855,4.0,-0.3333333333333333,2.2857142857142856,0.0,1.5,0.4,-0.16666666666666666,1.4,1.4,-0.42857142857142855,-0.1,1.6888888888888889,0.16666666666666666,-0.5,-0.19047619047619047,-0.2857142857142857,-0.2857142857142857,-0.42857142857142855,1.4,-0.16666666666666666,-0.375,0.8571428571428571,-0.3333333333333333,-0.42857142857142855,-0.16666666666666666,2.0,1.1428571428571428,-0.08333333333333333,0.2857142857142857,0.0,-0.14285714285714285,0.3333333333333333,-0.08333333333333333,-0.16666666666666666,0.0,-0.2857142857142857,0.09090909090909091,0.0,3.1666666666666665,0.6666666666666666,-0.3333333333333333,0.2727272727272727,0.2222222222222222,0.3333333333333333,0.0,-0.1111111111111111,0.48,3.5,1.1666666666666667,0.08333333333333333,1.1666666666666667,-0.2857142857142857,-0.09389671361502347,-0.5,0.0,0.0
478,0.5714285714285714,2.6666666666666665,-0.14285714285714285,2.1666666666666665,0.3333333333333333,0.19047619047619047,2.142857142857143,0.6,-0.16666666666666666,2.4285714285714284,0.42857142857142855,0.5,0.8333333333333334,0.16666666666666666,-0.5,0.0,-0.2857142857142857,0.16666666666666666,0.0,-0.35555555555555557,0.42857142857142855,-0.2857142857142857,-0.16666666666666666,-0.16666666666666666,0.5,1.3333333333333333,-0.3333333333333333,0.93359375,-0.16666666666666666,-0.42857142857142855,0.0,1.6666666666666667,0.0,-0.16666666666666666,1.1428571428571428,-0.16,0.48,-0.25,0.3333333333333333,2.0,0.0,1.6990291262135921,-0.2857142857142857,0.2857142857142857,-0.5,1.6666666666666667,2.2857142857142856,0.0,-0.3333333333333333,2.4,-0.3333333333333333,1.9,0.6,1.0,0.6,-0.35555555555555557,0.6666666666666666,-0.3333333333333333,-0.38095238095238093,-0.2857142857142857,0.5714285714285714,2.142857142857143,-0.4,-0.16666666666666666,0.875,0.0,0.0,-0.2857142857142857,0.5,-0.3333333333333333,-0.2857142857142857,0.5833333333333334,-0.14285714285714285,0.2857142857142857,1.0,1.3333333333333333,1.0833333333333333,-0.3333333333333333,3.5714285714285716,0.42857142857142855,-0.18181818181818182,-0.2857142857142857,2.5,-0.3333333333333333,-0.3333333333333333,1.5454545454545454,-0.2222222222222222,0.0,1.5,0.0,-0.48,-0.3333333333333333,0.0,3.1666666666666665,0.3333333333333333,-0.42857142857142855,-0.07511737089201878,1.1666666666666667,-0.16666666666666666,0.6666666666666666
479,0.42857142857142855,-0.16666666666666666,-0.42857142857142855,1.3333333333333333,2.1666666666666665,1.7142857142857142,1.0,-0.4,-0.16666666666666666,1.5714285714285714,1.0,1.1666666666666667,-0.16666666666666666,-0.3333333333333333,0.5,-0.42857142857142855,1.0,-0.3333333333333333,0.0,0.17777777777777778,-0.42857142857142855,0.2857142857142857,0.0,3.8333333333333335,-0.2,0.16666666666666666,-0.5,0.57421875,0.16666666666666666,0.0,0.2857142857142857,-0.5,-0.4,-0.16666666666666666,0.14285714285714285,0.44,4.64,-0.125,-0.3333333333333333,0.5,-0.5,1.029126213592233,-0.2857142857142857,0.2857142857142857,-0.3333333333333333,-0.3333333333333333,-0.14285714285714285,-0.3333333333333333,0.0,-0.6,0.0,0.0,0.4,-0.14285714285714285,1.1,0.08888888888888889,1.8333333333333333,0.8333333333333334,1.7142857142857142,1.7142857142857142,0.0,-0.2857142857142857,0.4,-0.5,0.5,0.5714285714285714,0.0,-0.2857142857142857,0.0,0.5,1.2857142857142858,-0.25,1.4285714285714286,-0.14285714285714285,0.14285714285714285,-0.3333333333333333,0.08333333333333333,-0.5,0.7142857142857143,0.7142857142857143,0.0,1.4285714285714286,0.8333333333333334,-0.3333333333333333,4.0,0.09090909090909091,-0.3333333333333333,1.1666666666666667,-0.3333333333333333,0.5555555555555556,-0.48,-0.3333333333333333,-0.5,-0.25,-0.3333333333333333,-0.42857142857142855,0.056338028169014086,-0.3333333333333333,0.0,0.0
480,-0.42857142857142855,3.1666666666666665,-0.42857142857142855,0.16666666666666666,-0.16666666666666666,-0.5714285714285714,-0.14285714285714285,0.0,0.16666666666666666,-0.2857142857142857,-0.2857142857142857,1.0,-0.3333333333333333,2.0,-0.3333333333333333,-0.42857142857142855,0.7142857142857143,-0.3333333333333333,0.0,-0.26666666666666666,0.5714285714285714,-0.2857142857142857,0.0,0.8333333333333334,-0.1,-0.3333333333333333,-0.3333333333333333,1.13671875,-0.5,2.2857142857142856,-0.2857142857142857,-0.5,-0.2,0.5,0.0,-0.16,1.76,-0.125,2.6666666666666665,-0.16666666666666666,-0.16666666666666666,0.6310679611650486,-0.2857142857142857,-0.42857142857142855,-0.16666666666666666,-0.3333333333333333,-0.42857142857142855,2.6666666666666665,-0.16666666666666666,0.2,-0.3333333333333333,1.0,-0.6,0.14285714285714285,0.4,0.35555555555555557,0.5,-0.5,-0.5714285714285714,0.5714285714285714,0.14285714285714285,-0.2857142857142857,-0.4,-0.5,0.625,2.5714285714285716,-0.3333333333333333,-0.2857142857142857,0.16666666666666666,4.333333333333333,1.2857142857142858,-0.08333333333333333,-0.14285714285714285,-0.14285714285714285,1.8571428571428572,0.3333333333333333,2.0,1.6666666666666667,0.7142857142857143,-0.14285714285714285,-0.18181818181818182,0.0,-0.16666666666666666,0.0,1.5,0.2727272727272727,2.888888888888889,0.3333333333333333,0.6666666666666666,-0.3333333333333333,-0.48,-0.3333333333333333,0.3333333333333333,-0.3333333333333333,-0.3333333333333333,-0.42857142857142855,-0.09389671361502347,-0.5,-0.16666666666666666,0.16666666666666666
481,0.7142857142857143,0.0,-0.42857142857142855,1.1666666666666667,-0.5,-0.38095238095238093,-0.42857142857142855,3.2,0.3333333333333333,0.8571428571428571,-0.42857142857142855,0.16666666666666666,0.3333333333333333,0.6666666666666666,-0.16666666666666666,-0.2857142857142857,-0.2857142857142857,-0.3333333333333333,0.5714285714285714,-0.35555555555555557,1.4285714285714286,-0.42857142857142855,1.6666666666666667,-0.3333333333333333,-0.3,-0.16666666666666666,-0.3333333333333333,0.57421875,1.3333333333333333,-0.2857142857142857,0.14285714285714285,1.1666666666666667,-0.4,0.0,0.2857142857142857,-0.2,-0.32,-0.25,0.5,0.5,-0.5,1.4757281553398058,0.14285714285714285,0.0,0.0,-0.3333333333333333,0.0,-0.16666666666666666,0.16666666666666666,0.0,0.6666666666666666,-0.1,0.2,0.14285714285714285,0.0,-0.35555555555555557,-0.16666666666666666,-0.5,4.190476190476191,0.0,-0.2857142857142857,-0.2857142857142857,0.0,1.8333333333333333,0.75,1.4285714285714286,0.5,-0.42857142857142855,-0.3333333333333333,0.16666666666666666,-0.2857142857142857,-0.25,0.7142857142857143,1.0,0.0,2.0,-0.16666666666666666,0.8333333333333334,-0.2857142857142857,-0.42857142857142855,0.45454545454545453,0.42857142857142855,1.6666666666666667,-0.16666666666666666,0.3333333333333333,0.09090909090909091,0.5555555555555556,0.16666666666666666,0.8333333333333334,-0.2222222222222222,0.48,-0.3333333333333333,3.1666666666666665,-0.25,0.3333333333333333,2.4285714285714284,-0.056338028169014086,0.0,0.3333333333333333,1.1666666666666667
482,0.0,0.0,0.0,-0.3333333333333333,0.0,1.7142857142857142,0.5714285714285714,1.6,0.16666666666666666,1.5714285714285714,2.2857142857142856,-0.5,0.0,-0.3333333333333333,0.0,0.14285714285714285,-0.2857142857142857,0.0,0.14285714285714285,-0.26666666666666666,0.0,-0.42857142857142855,0.3333333333333333,0.0,-0.3,0.16666666666666666,-0.3333333333333333,0.71484375,1.0,2.7142857142857144,-0.2857142857142857,0.0,-0.4,-0.16666666666666666,0.14285714285714285,0.36,-0.16,0.375,-0.5,0.3333333333333333,-0.16666666666666666,1.6990291262135921,2.4285714285714284,0.14285714285714285,1.6666666666666667,0.3333333333333333,-0.42857142857142855,-0.3333333333333333,2.0,-0.4,0.5,0.3,-0.4,-0.42857142857142855,-0.2,0.17777777777777778,1.0,-0.3333333333333333,0.0,1.4285714285714286,-0.2857142857142857,1.4285714285714286,-0.4,1.8333333333333333,-0.375,1.1428571428571428,-0.3333333333333333,-0.2857142857142857,-0.3333333333333333,0.8333333333333334,0.5714285714285714,-0.08333333333333333,0.42857142857142855,0.7142857142857143,-0.42857142857142855,2.3333333333333335,0.16666666666666666,0.6666666666666666,-0.2857142857142857,3.4285714285714284,0.45454545454545453,0.14285714285714285,0.0,1.3333333333333333,0.8333333333333334,-0.18181818181818182,-0.1111111111111111,1.5,-0.3333333333333333,2.5555555555555554,-0.48,0.0,0.16666666666666666,-0.3333333333333333,2.1666666666666665,-0.42857142857142855,-0.09389671361502347,-0.3333333333333333,-0.3333333333333333,-0.3333333333333333
483,0.14285714285714285,-0.16666666666666666,-0.42857142857142855,0.6666666666666666,-0.16666666666666666,0.0,0.2857142857142857,0.0,0.16666666666666666,0.7142857142857143,-0.42857142857142855,0.0,-0.16666666666666666,1.3333333333333333,0.0,0.2857142857142857,-0.14285714285714285,0.16666666666666666,0.8571428571428571,0.35555555555555557,0.8571428571428571,0.0,1.1666666666666667,-0.3333333333333333,0.9,-0.5,1.5,1.41015625,-0.5,0.42857142857142855,2.2857142857142856,0.8333333333333334,0.2,3.0,-0.2857142857142857,-0.16,-0.32,0.0,0.16666666666666666,2.3333333333333335,-0.16666666666666666,1.116504854368932,0.42857142857142855,2.7142857142857144,1.5,-0.3333333333333333,0.0,-0.5,0.16666666666666666,2.2,-0.16666666666666666,-0.1,-0.6,3.4285714285714284,0.4,-0.26666666666666666,3.3333333333333335,0.0,-0.38095238095238093,3.142857142857143,0.8571428571428571,2.0,-0.6,-0.3333333333333333,1.0,-0.14285714285714285,0.0,-0.42857142857142855,0.16666666666666666,-0.5,-0.2857142857142857,0.9166666666666666,0.0,0.7142857142857143,-0.42857142857142855,0.6666666666666666,0.16666666666666666,2.1666666666666665,0.8571428571428571,-0.42857142857142855,0.0,-0.2857142857142857,0.6666666666666666,-0.3333333333333333,0.8333333333333334,-0.2727272727272727,0.0,1.3333333333333333,-0.5,-0.3333333333333333,-0.32,-0.16666666666666666,-0.3333333333333333,0.4166666666666667,-0.16666666666666666,1.2857142857142858,-0.09389671361502347,-0.5,1.8333333333333333,-0.16666666666666666
484,0.42857142857142855,0.3333333333333333,0.2857142857142857,0.6666666666666666,-0.3333333333333333,0.0,-0.42857142857142855,-0.2,0.16666666666666666,-0.14285714285714285,2.5714285714285716,-0.5,-0.16666666666666666,0.0,-0.5,-0.42857142857142855,0.5714285714285714,0.16666666666666666,0.2857142857142857,-0.35555555555555557,0.14285714285714285,-0.42857142857142855,0.16666666666666666,0.16666666666666666,0.3,-0.5,-0.5,0.83203125,-0.5,-0.42857142857142855,-0.2857142857142857,0.5,0.0,2.0,0.0,0.2,-0.16,0.0,0.16666666666666666,-0.3333333333333333,-0.5,1.4271844660194175,0.2857142857142857,-0.14285714285714285,0.6666666666666666,-0.16666666666666666,-0.2857142857142857,4.0,0.16666666666666666,-0.6,1.1666666666666667,-0.3,0.0,-0.42857142857142855,0.0,-0.26666666666666666,-0.16666666666666666,2.0,1.7142857142857142,3.0,-0.42857142857142855,-0.42857142857142855,0.0,-0.5,0.125,2.5714285714285716,0.16666666666666666,-0.14285714285714285,2.3333333333333335,-0.5,-0.2857142857142857,1.4166666666666667,0.5714285714285714,0.5714285714285714,1.7142857142857142,-0.3333333333333333,0.08333333333333333,-0.16666666666666666,0.14285714285714285,-0.42857142857142855,-0.36363636363636365,-0.2857142857142857,-0.3333333333333333,-0.16666666666666666,-0.3333333333333333,-0.09090909090909091,0.4444444444444444,0.6666666666666666,-0.3333333333333333,0.5555555555555556,-0.32,3.1666666666666665,0.0,-0.3333333333333333,3.1666666666666665,-0.42857142857142855,0.018779342723004695,0.16666666666666666,1.8333333333333333,0.5
485,0.0,-0.3333333333333333,-0.42857142857142855,-0.3333333333333333,1.0,3.8095238095238093,-0.2857142857142857,-0.4,1.6666666666666667,-0.42857142857142855,-0.14285714285714285,-0.3333333333333333,-0.16666666666666666,2.1666666666666665,-0.5,-0.2857142857142857,-0.14285714285714285,-0.3333333333333333,0.7142857142857143,1.1555555555555554,-0.42857142857142855,-0.2857142857142857,-0.16666666666666666,-0.3333333333333333,0.0,-0.3333333333333333,0.0,1.45703125,-0.16666666666666666,-0.42857142857142855,-0.2857142857142857,0.0,0.6,-0.5,0.0,-0.12,0.0,-0.25,1.3333333333333333,1.6666666666666667,2.8333333333333335,1.058252427184466,0.7142857142857143,-0.42857142857142855,0.0,-0.3333333333333333,-0.2857142857142857,0.0,0.16666666666666666,1.4,-0.16666666666666666,0.0,5.2,-0.2857142857142857,-0.3,-0.26666666666666666,2.5,-0.16666666666666666,0.19047619047619047,-0.2857142857142857,0.42857142857142855,1.7142857142857142,-0.6,0.8333333333333334,0.375,1.2857142857142858,-0.3333333333333333,2.4285714285714284,1.8333333333333333,-0.5,-0.2857142857142857,2.25,-0.2857142857142857,-0.2857142857142857,-0.14285714285714285,-0.3333333333333333,-0.16666666666666666,0.5,0.5714285714285714,-0.42857142857142855,-0.18181818181818182,-0.2857142857142857,1.0,0.8333333333333334,-0.3333333333333333,0.5454545454545454,0.0,0.6666666666666666,0.8333333333333334,-0.3333333333333333,0.8,1.1666666666666667,0.8333333333333334,-0.3333333333333333,1.0,-0.42857142857142855,-0.07511737089201878,2.3333333333333335,0.3333333333333333,-0.3333333333333333
486,0.2857142857142857,1.6666666666666667,1.2857142857142858,0.16666666666666666,0.16666666666666666,0.5714285714285714,-0.2857142857142857,-0.4,0.5,1.1428571428571428,0.14285714285714285,3.1666666666666665,3.1666666666666665,0.0,-0.5,-0.2857142857142857,-0.2857142857142857,0.3333333333333333,-0.14285714285714285,-0.35555555555555557,-0.14285714285714285,1.5714285714285714,0.3333333333333333,0.16666666666666666,-0.2,-0.5,1.0,1.33203125,1.5,-0.2857142857142857,-0.2857142857142857,0.8333333333333334,-0.6,-0.3333333333333333,-0.14285714285714285,0.0,-0.32,1.125,0.0,0.5,1.3333333333333333,1.6699029126213591,-0.14285714285714285,0.42857142857142855,-0.5,-0.3333333333333333,-0.42857142857142855,1.0,-0.3333333333333333,1.8,-0.3333333333333333,-0.2,2.2,0.42857142857142855,-0.3,-0.26666666666666666,2.6666666666666665,-0.5,0.38095238095238093,0.8571428571428571,0.8571428571428571,1.4285714285714286,-0.6,-0.5,0.75,-0.2857142857142857,-0.3333333333333333,2.4285714285714284,0.3333333333333333,0.0,0.0,-0.08333333333333333,-0.14285714285714285,2.7142857142857144,2.4285714285714284,-0.3333333333333333,-0.3333333333333333,-0.16666666666666666,0.5714285714285714,-0.42857142857142855,0.18181818181818182,1.0,0.16666666666666666,1.5,2.3333333333333335,-0.18181818181818182,0.2222222222222222,1.1666666666666667,-0.5,-0.3333333333333333,0.48,-0.16666666666666666,1.5,0.9166666666666666,-0.3333333333333333,0.14285714285714285,-0.07511737089201878,-0.5,0.3333333333333333,1.0
487,-0.14285714285714285,-0.3333333333333333,-0.42857142857142855,-0.3333333333333333,0.0,-0.19047619047619047,1.0,-0.4,-0.3333333333333333,-0.2857142857142857,1.7142857142857142,-0.16666666666666666,0.3333333333333333,0.6666666666666666,-0.5,-0.2857142857142857,-0.2857142857142857,0.0,-0.2857142857142857,-0.26666666666666666,-0.42857142857142855,0.0,-0.3333333333333333,0.0,-0.3,-0.5,4.833333333333333,1.13671875,-0.3333333333333333,-0.14285714285714285,1.2857142857142858,0.5,-0.4,0.8333333333333334,0.2857142857142857,-0.04,-0.32,0.125,3.3333333333333335,0.3333333333333333,-0.16666666666666666,1.766990291262136,-0.14285714285714285,-0.42857142857142855,0.0,-0.16666666666666666,0.42857142857142855,0.16666666666666666,0.0,0.0,-0.3333333333333333,-0.2,0.8,0.42857142857142855,0.0,1.3333333333333333,-0.16666666666666666,1.1666666666666667,0.7619047619047619,1.4285714285714286,0.14285714285714285,0.2857142857142857,0.2,0.0,1.125,0.0,-0.3333333333333333,0.42857142857142855,2.8333333333333335,0.16666666666666666,0.8571428571428571,-0.25,1.1428571428571428,0.2857142857142857,0.14285714285714285,1.6666666666666667,-0.25,-0.5,-0.2857142857142857,0.5714285714285714,-0.36363636363636365,2.0,0.5,-0.3333333333333333,1.3333333333333333,-0.18181818181818182,-0.3333333333333333,-0.3333333333333333,-0.5,1.0,-0.48,1.1666666666666667,-0.3333333333333333,0.08333333333333333,-0.3333333333333333,0.0,0.22535211267605634,0.6666666666666666,0.0,-0.16666666666666666
488,0.42857142857142855,0.3333333333333333,0.7142857142857143,1.3333333333333333,-0.5,3.0476190476190474,0.7142857142857143,-0.2,0.16666666666666666,0.2857142857142857,-0.42857142857142855,1.0,1.0,-0.3333333333333333,-0.5,0.0,-0.2857142857142857,-0.3333333333333333,1.2857142857142858,0.0,0.42857142857142855,-0.42857142857142855,0.16666666666666666,0.8333333333333334,0.2,-0.16666666666666666,1.3333333333333333,1.01171875,-0.5,0.2857142857142857,0.0,1.8333333333333333,1.4,0.0,0.0,-0.16,0.64,0.125,-0.16666666666666666,0.5,1.5,1.3300970873786409,-0.14285714285714285,1.5714285714285714,-0.16666666666666666,-0.3333333333333333,-0.42857142857142855,0.5,0.0,-0.6,0.5,0.3,-0.2,0.0,0.0,-0.26666666666666666,2.0,-0.16666666666666666,1.5238095238095237,0.14285714285714285,0.2857142857142857,0.2857142857142857,0.8,0.5,0.0,-0.2857142857142857,0.3333333333333333,-0.2857142857142857,0.0,0.0,0.8571428571428571,0.08333333333333333,-0.2857142857142857,-0.2857142857142857,-0.42857142857142855,0.3333333333333333,-0.25,0.8333333333333334,0.2857142857142857,0.2857142857142857,-0.18181818181818182,-0.2857142857142857,-0.3333333333333333,0.6666666666666666,-0.3333333333333333,-0.2727272727272727,0.7777777777777778,0.5,-0.16666666666666666,0.0,-0.48,0.16666666666666666,-0.5,-0.25,-0.3333333333333333,0.8571428571428571,-0.09389671361502347,-0.3333333333333333,-0.16666666666666666,0.3333333333333333
489,0.0,0.5,-0.14285714285714285,0.0,2.3333333333333335,-0.5714285714285714,0.5714285714285714,-0.2,-0.16666666666666666,-0.42857142857142855,3.142857142857143,-0.5,0.6666666666666666,-0.5,-0.16666666666666666,0.0,0.42857142857142855,-0.16666666666666666,-0.2857142857142857,-0.08888888888888889,1.1428571428571428,-0.2857142857142857,2.0,-0.16666666666666666,0.1,1.3333333333333333,-0.16666666666666666,1.12109375,3.6666666666666665,-0.2857142857142857,0.14285714285714285,-0.16666666666666666,0.4,-0.5,0.14285714285714285,0.0,1.76,0.625,0.0,-0.16666666666666666,2.1666666666666665,1.2621359223300972,-0.14285714285714285,0.14285714285714285,-0.5,1.0,1.0,-0.5,-0.16666666666666666,2.6,0.0,-0.1,-0.4,-0.2857142857142857,-0.2,-0.08888888888888889,-0.16666666666666666,1.1666666666666667,-0.5714285714285714,1.1428571428571428,-0.2857142857142857,0.0,-0.6,-0.3333333333333333,1.25,-0.2857142857142857,-0.3333333333333333,0.14285714285714285,-0.3333333333333333,0.8333333333333334,0.7142857142857143,-0.25,-0.14285714285714285,-0.14285714285714285,1.4285714285714286,-0.16666666666666666,-0.3333333333333333,0.5,-0.14285714285714285,0.14285714285714285,-0.36363636363636365,0.42857142857142855,0.16666666666666666,0.8333333333333334,0.6666666666666666,-0.36363636363636365,-0.3333333333333333,0.16666666666666666,0.0,-0.2222222222222222,-0.48,0.8333333333333334,-0.16666666666666666,0.08333333333333333,-0.3333333333333333,0.2857142857142857,-0.09389671361502347,0.16666666666666666,-0.16666666666666666,0.6666666666666666
490,0.5714285714285714,0.16666666666666666,-0.42857142857142855,0.0,-0.16666666666666666,0.38095238095238093,-0.14285714285714285,0.0,0.5,-0.2857142857142857,-0.2857142857142857,-0.5,2.0,0.3333333333333333,1.1666666666666667,0.14285714285714285,-0.2857142857142857,0.16666666666666666,-0.2857142857142857,-0.35555555555555557,-0.2857142857142857,-0.42857142857142855,1.8333333333333333,-0.3333333333333333,0.0,0.5,-0.5,1.06640625,-0.16666666666666666,0.0,0.5714285714285714,2.5,1.0,1.1666666666666667,-0.2857142857142857,0.12,0.48,0.0,0.3333333333333333,0.16666666666666666,1.6666666666666667,1.7572815533980584,0.0,-0.42857142857142855,0.16666666666666666,-0.16666666666666666,-0.14285714285714285,-0.5,-0.3333333333333333,0.4,-0.16666666666666666,1.0,1.0,-0.2857142857142857,-0.2,0.7111111111111111,-0.16666666666666666,0.5,0.7619047619047619,-0.2857142857142857,-0.42857142857142855,-0.2857142857142857,-0.6,0.5,-0.375,-0.2857142857142857,-0.3333333333333333,0.5714285714285714,0.16666666666666666,-0.5,-0.2857142857142857,0.4166666666666667,-0.14285714285714285,-0.14285714285714285,2.142857142857143,-0.3333333333333333,-0.16666666666666666,8.166666666666666,-0.2857142857142857,1.1428571428571428,1.1818181818181819,3.142857142857143,-0.16666666666666666,0.3333333333333333,-0.3333333333333333,-0.36363636363636365,-0.2222222222222222,-0.3333333333333333,-0.16666666666666666,0.0,1.6,1.0,-0.3333333333333333,-0.08333333333333333,-0.3333333333333333,0.2857142857142857,-0.056338028169014086,-0.16666666666666666,2.5,2.0
491,-0.14285714285714285,0.5,0.2857142857142857,1.1666666666666667,2.1666666666666665,0.5714285714285714,2.4285714285714284,0.4,1.1666666666666667,-0.14285714285714285,1.0,0.16666666666666666,0.16666666666666666,1.6666666666666667,0.16666666666666666,2.2857142857142856,0.0,-0.3333333333333333,4.285714285714286,0.7111111111111111,-0.2857142857142857,0.7142857142857143,0.3333333333333333,-0.3333333333333333,0.8,0.16666666666666666,0.0,0.96484375,0.6666666666666666,-0.14285714285714285,0.8571428571428571,-0.3333333333333333,-0.6,0.0,-0.2857142857142857,-0.16,0.16,-0.125,1.0,0.16666666666666666,-0.16666666666666666,0.8349514563106796,0.8571428571428571,-0.14285714285714285,-0.16666666666666666,1.3333333333333333,0.0,0.3333333333333333,0.0,-0.6,0.6666666666666666,-0.3,0.4,1.8571428571428572,-0.2,0.8888888888888888,0.5,0.6666666666666666,0.0,1.1428571428571428,-0.42857142857142855,0.7142857142857143,-0.6,-0.3333333333333333,0.0,0.14285714285714285,1.0,-0.42857142857142855,1.8333333333333333,-0.16666666666666666,0.42857142857142855,-0.16666666666666666,-0.2857142857142857,0.42857142857142855,0.2857142857142857,0.16666666666666666,0.3333333333333333,1.1666666666666667,1.8571428571428572,-0.2857142857142857,-0.2727272727272727,-0.14285714285714285,-0.16666666666666666,-0.3333333333333333,-0.3333333333333333,0.45454545454545453,0.4444444444444444,1.0,0.0,-0.2222222222222222,-0.16,-0.3333333333333333,1.1666666666666667,1.5,0.16666666666666666,0.14285714285714285,-0.09389671361502347,0.0,0.8333333333333334,0.16666666666666666
492,-0.2857142857142857,4.333333333333333,1.0,0.16666666666666666,1.0,-0.5714285714285714,0.2857142857142857,-0.4,-0.3333333333333333,-0.2857142857142857,0.5714285714285714,-0.5,0.16666666666666666,-0.16666666666666666,-0.3333333333333333,1.1428571428571428,-0.14285714285714285,1.6666666666666667,0.14285714285714285,0.08888888888888889,0.14285714285714285,1.2857142857142858,0.16666666666666666,0.16666666666666666,-0.3,0.5,3.5,0.89453125,-0.3333333333333333,0.42857142857142855,-0.2857142857142857,-0.5,-0.6,1.3333333333333333,0.2857142857142857,0.16,0.64,2.0,0.5,-0.16666666666666666,-0.5,0.6990291262135923,-0.2857142857142857,-0.42857142857142855,0.0,-0.3333333333333333,-0.42857142857142855,-0.5,-0.3333333333333333,-0.2,-0.3333333333333333,-0.1,-0.2,-0.42857142857142855,-0.3,-0.17777777777777778,-0.3333333333333333,0.6666666666666666,-0.5714285714285714,0.14285714285714285,-0.2857142857142857,-0.2857142857142857,0.4,0.0,-0.375,0.8571428571428571,-0.3333333333333333,-0.2857142857142857,-0.3333333333333333,0.6666666666666666,0.14285714285714285,-0.16666666666666666,0.8571428571428571,4.428571428571429,0.5714285714285714,-0.3333333333333333,-0.25,1.3333333333333333,0.14285714285714285,0.42857142857142855,-0.18181818181818182,1.0,-0.3333333333333333,0.0,0.0,1.0909090909090908,0.1111111111111111,1.3333333333333333,0.3333333333333333,-0.3333333333333333,-0.16,-0.3333333333333333,-0.16666666666666666,0.8333333333333334,-0.3333333333333333,1.5714285714285714,-0.09389671361502347,-0.5,-0.16666666666666666,0.0
493,0.42857142857142855,0.8333333333333334,0.42857142857142855,0.5,0.0,0.19047619047619047,-0.42857142857142855,-0.2,-0.3333333333333333,-0.2857142857142857,-0.2857142857142857,5.0,-0.3333333333333333,-0.16666666666666666,0.3333333333333333,-0.14285714285714285,0.42857142857142855,0.3333333333333333,0.5714285714285714,0.08888888888888889,0.2857142857142857,-0.14285714285714285,0.6666666666666666,0.3333333333333333,-0.2,-0.5,1.6666666666666667,0.56640625,-0.5,0.0,0.8571428571428571,0.8333333333333334,-0.6,-0.5,2.142857142857143,-0.2,0.0,0.125,0.5,1.1666666666666667,-0.5,0.883495145631068,-0.2857142857142857,-0.42857142857142855,0.0,-0.16666666666666666,1.7142857142857142,0.16666666666666666,-0.3333333333333333,-0.6,1.1666666666666667,0.3,2.2,-0.42857142857142855,0.5,0.9777777777777777,0.3333333333333333,-0.5,1.7142857142857142,-0.14285714285714285,-0.42857142857142855,-0.14285714285714285,0.4,-0.5,-0.375,-0.2857142857142857,-0.3333333333333333,0.14285714285714285,1.0,-0.5,0.42857142857142855,0.3333333333333333,1.0,1.2857142857142858,-0.2857142857142857,0.0,-0.08333333333333333,-0.3333333333333333,1.1428571428571428,0.2857142857142857,-0.36363636363636365,1.7142857142857142,-0.16666666666666666,1.0,1.3333333333333333,-0.2727272727272727,0.1111111111111111,0.8333333333333334,0.5,0.6666666666666666,-0.48,-0.3333333333333333,-0.16666666666666666,0.08333333333333333,-0.16666666666666666,1.4285714285714286,0.18779342723004694,-0.16666666666666666,1.1666666666666667,0.5
494,0.5714285714285714,-0.16666666666666666,-0.42857142857142855,-0.16666666666666666,0.5,-0.38095238095238093,0.7142857142857143,0.8,-0.3333333333333333,0.7142857142857143,-0.2857142857142857,0.0,0.3333333333333333,0.5,1.3333333333333333,0.42857142857142855,-0.2857142857142857,0.0,-0.2857142857142857,-0.08888888888888889,-0.14285714285714285,-0.2857142857142857,-0.16666666666666666,0.0,2.2,-0.5,0.5,0.76953125,0.0,0.5714285714285714,-0.2857142857142857,0.16666666666666666,-0.6,1.0,0.2857142857142857,0.52,2.72,-0.125,3.8333333333333335,-0.3333333333333333,-0.3333333333333333,1.1359223300970873,-0.2857142857142857,0.0,-0.5,-0.16666666666666666,-0.14285714285714285,0.0,1.0,0.4,2.0,0.2,-0.2,0.5714285714285714,-0.3,-0.35555555555555557,-0.3333333333333333,0.0,-0.5714285714285714,0.14285714285714285,0.0,-0.42857142857142855,3.0,-0.5,0.125,0.0,-0.16666666666666666,-0.42857142857142855,0.0,3.5,0.0,0.0,1.0,-0.2857142857142857,0.2857142857142857,0.5,-0.3333333333333333,-0.5,1.1428571428571428,0.2857142857142857,0.2727272727272727,0.0,1.3333333333333333,0.0,0.0,-0.36363636363636365,-0.3333333333333333,2.5,0.16666666666666666,-0.1111111111111111,4.48,-0.3333333333333333,1.0,0.08333333333333333,3.3333333333333335,1.0,0.0,0.8333333333333334,0.0,0.16666666666666666
495,-0.2857142857142857,-0.5,-0.42857142857142855,1.0,1.0,1.7142857142857142,0.8571428571428571,-0.4,0.16666666666666666,-0.42857142857142855,0.2857142857142857,0.5,3.0,0.0,-0.5,0.5714285714285714,1.0,0.16666666666666666,0.42857142857142855,0.9777777777777777,3.142857142857143,0.5714285714285714,-0.3333333333333333,-0.3333333333333333,0.4,0.3333333333333333,-0.3333333333333333,0.64453125,0.16666666666666666,-0.14285714285714285,1.0,-0.16666666666666666,-0.6,-0.16666666666666666,2.7142857142857144,0.4,0.64,-0.25,2.1666666666666665,0.16666666666666666,-0.5,0.8058252427184466,0.14285714285714285,-0.2857142857142857,-0.3333333333333333,-0.16666666666666666,-0.2857142857142857,-0.3333333333333333,-0.16666666666666666,-0.4,-0.16666666666666666,-0.3,-0.6,3.2857142857142856,0.1,-0.26666666666666666,-0.3333333333333333,7.166666666666667,0.7619047619047619,-0.2857142857142857,-0.42857142857142855,1.5714285714285714,-0.4,-0.3333333333333333,-0.375,1.0,0.5,-0.2857142857142857,0.16666666666666666,-0.3333333333333333,-0.2857142857142857,1.5,-0.14285714285714285,-0.2857142857142857,-0.42857142857142855,0.16666666666666666,0.16666666666666666,-0.3333333333333333,-0.2857142857142857,-0.42857142857142855,0.09090909090909091,0.14285714285714285,0.6666666666666666,-0.16666666666666666,0.6666666666666666,-0.2727272727272727,0.1111111111111111,-0.3333333333333333,-0.5,0.8888888888888888,-0.48,3.0,0.16666666666666666,-0.3333333333333333,-0.16666666666666666,4.428571428571429,0.18779342723004694,-0.16666666666666666,-0.16666666666666666,-0.16666666666666666
496,0.42857142857142855,2.0,1.1428571428571428,-0.16666666666666666,0.0,-0.38095238095238093,0.5714285714285714,1.0,-0.3333333333333333,0.7142857142857143,0.42857142857142855,-0.3333333333333333,-0.3333333333333333,-0.16666666666666666,0.16666666666666666,-0.14285714285714285,0.14285714285714285,1.3333333333333333,-0.2857142857142857,-0.17777777777777778,-0.14285714285714285,3.0,0.5,-0.16666666666666666,-0.3,0.0,-0.5,1.32421875,-0.3333333333333333,0.7142857142857143,0.2857142857142857,-0.5,-0.6,0.5,0.0,0.4,-0.32,0.5,0.16666666666666666,-0.3333333333333333,-0.5,1.0970873786407767,1.7142857142857142,0.5714285714285714,2.6666666666666665,-0.3333333333333333,0.8571428571428571,1.5,-0.16666666666666666,-0.2,-0.3333333333333333,-0.3,1.0,0.14285714285714285,-0.2,-0.26666666666666666,-0.3333333333333333,-0.5,-0.5714285714285714,-0.14285714285714285,0.42857142857142855,0.14285714285714285,0.0,1.1666666666666667,-0.375,0.0,-0.3333333333333333,-0.2857142857142857,0.3333333333333333,0.0,0.0,-0.25,0.14285714285714285,-0.2857142857142857,0.14285714285714285,0.8333333333333334,-0.3333333333333333,-0.16666666666666666,1.0,0.7142857142857143,-0.2727272727272727,-0.2857142857142857,0.8333333333333334,0.5,0.6666666666666666,-0.36363636363636365,0.8888888888888888,-0.16666666666666666,1.1666666666666667,1.4444444444444444,-0.48,-0.16666666666666666,-0.16666666666666666,-0.08333333333333333,0.0,1.4285714285714286,-0.09389671361502347,3.1666666666666665,-0.16666666666666666,-0.3333333333333333
497,1.4285714285714286,1.0,-0.42857142857142855,-0.3333333333333333,-0.5,-0.5714285714285714,0.14285714285714285,-0.4,-0.3333333333333333,-0.2857142857142857,-0.2857142857142857,0.6666666666666666,0.16666666666666666,1.5,0.6666666666666666,-0.42857142857142855,0.2857142857142857,-0.16666666666666666,0.14285714285714285,-0.26666666666666666,0.14285714285714285,0.14285714285714285,-0.3333333333333333,-0.3333333333333333,0.0,-0.5,0.3333333333333333,1.10546875,0.5,-0.14285714285714285,-0.14285714285714285,-0.5,0.8,0.3333333333333333,-0.14285714285714285,-0.16,-0.32,0.25,0.5,1.6666666666666667,-0.5,0.7572815533980582,-0.14285714285714285,-0.2857142857142857,0.6666666666666666,1.6666666666666667,0.0,-0.5,-0.16666666666666666,-0.6,-0.16666666666666666,0.7,0.6,2.5714285714285716,-0.3,0.6222222222222222,0.3333333333333333,0.5,1.7142857142857142,1.2857142857142858,0.2857142857142857,-0.2857142857142857,-0.6,-0.3333333333333333,1.0,1.8571428571428572,-0.3333333333333333,2.857142857142857,1.0,-0.3333333333333333,-0.2857142857142857,1.8333333333333333,-0.14285714285714285,-0.14285714285714285,0.0,-0.3333333333333333,0.4166666666666667,-0.3333333333333333,3.857142857142857,-0.2857142857142857,0.0,0.0,-0.3333333333333333,2.3333333333333335,0.6666666666666666,-0.36363636363636365,0.2222222222222222,0.16666666666666666,-0.5,-0.2222222222222222,-0.48,-0.3333333333333333,-0.5,0.25,1.3333333333333333,-0.42857142857142855,-0.09389671361502347,0.5,-0.16666666666666666,3.0
498,0.5714285714285714,1.1666666666666667,-0.42857142857142855,0.3333333333333333,-0.5,1.1428571428571428,0.7142857142857143,1.0,0.0,-0.14285714285714285,1.2857142857142858,-0.3333333333333333,-0.16666666666666666,-0.5,-0.5,0.0,-0.14285714285714285,3.1666666666666665,1.0,1.2444444444444445,-0.42857142857142855,1.4285714285714286,0.5,2.3333333333333335,0.3,1.6666666666666667,-0.5,0.81640625,1.3333333333333333,0.7142857142857143,0.0,2.8333333333333335,-0.2,-0.5,2.0,-0.2,-0.16,0.0,-0.16666666666666666,0.5,0.8333333333333334,0.6213592233009708,-0.14285714285714285,-0.2857142857142857,-0.3333333333333333,-0.3333333333333333,0.14285714285714285,1.6666666666666667,-0.3333333333333333,1.6,0.0,0.2,-0.4,0.7142857142857143,0.9,-0.35555555555555557,-0.3333333333333333,-0.3333333333333333,1.3333333333333333,-0.2857142857142857,0.2857142857142857,-0.14285714285714285,0.6,0.0,-0.125,0.2857142857142857,1.6666666666666667,-0.14285714285714285,2.0,1.5,0.7142857142857143,-0.08333333333333333,1.5714285714285714,-0.14285714285714285,-0.14285714285714285,-0.3333333333333333,-0.3333333333333333,-0.5,-0.14285714285714285,2.2857142857142856,1.0909090909090908,-0.14285714285714285,1.0,1.6666666666666667,0.3333333333333333,-0.36363636363636365,0.2222222222222222,0.8333333333333334,0.16666666666666666,0.0,-0.32,-0.3333333333333333,0.3333333333333333,-0.3333333333333333,-0.16666666666666666,-0.14285714285714285,0.0,2.6666666666666665,2.1666666666666665,0.0
499,0.8571428571428571,0.8333333333333334,-0.2857142857142857,1.0,3.0,-0.5714285714285714,-0.42857142857142855,-0.4,0.16666666666666666,0.14285714285714285,0.42857142857142855,-0.5,1.6666666666666667,0.3333333333333333,0.0,-0.14285714285714285,-0.2857142857142857,0.5,-0.2857142857142857,-0.35555555555555557,-0.42857142857142855,-0.42857142857142855,0.5,-0.3333333333333333,-0.2,0.5,0.16666666666666666,0.61328125,-0.5,0.14285714285714285,0.14285714285714285,-0.5,0.2,-0.5,2.2857142857142856,0.16,-0.32,-0.25,-0.5,0.16666666666666666,-0.3333333333333333,0.9514563106796117,1.5714285714285714,0.2857142857142857,-0.5,-0.3333333333333333,2.857142857142857,-0.5,0.16666666666666666,0.6,0.3333333333333333,-0.2,-0.4,0.0,-0.3,0.08888888888888889,0.0,1.3333333333333333,-0.38095238095238093,-0.2857142857142857,0.0,1.5714285714285714,1.0,1.3333333333333333,-0.25,1.0,0.16666666666666666,0.42857142857142855,0.0,-0.5,-0.14285714285714285,-0.25,0.2857142857142857,-0.2857142857142857,-0.2857142857142857,0.16666666666666666,0.0,0.6666666666666666,-0.2857142857142857,-0.42857142857142855,0.2727272727272727,0.5714285714285714,-0.3333333333333333,1.5,-0.3333333333333333,-0.36363636363636365,-0.1111111111111111,0.16666666666666666,-0.5,-0.2222222222222222,0.8,0.6666666666666666,0.16666666666666666,0.08333333333333333,0.3333333333333333,-0.14285714285714285,-0.056338028169014086,-0.5,0.5,0.16666666666666666
