,0,1,2,3,4,5,6,7,8,9,10,11,12,13,14,15,16,17,18,19,20,21,22,23,24,25,26,27,28,29,30,31,32,33,34,35,36,37,38,39,40,41,42,43,44,45,46,47,48,49,50,51,52,53,54,55,56,57,58,59,60,61,62,63,64,65,66,67,68,69,70,71,72,73,74,75,76,77,78,79,80,81,82,83,84,85,86,87,88,89,90,91,92,93,94,95,96,97,98,99
0,-0.8063196457836549,-0.053745023381621064,0.8284035333971115,-0.7877327479076812,1.1040128290924938,7.429627680936793,-0.3228347059976028,-0.08088285657059825,0.27455074431756427,-0.8233018060869453,-0.6305669835503189,-0.7909527058006495,-0.7655788985032485,8.256162684886842,-0.6397809538724032,0.7330719272491538,-0.09749375094738805,0.14450028150478078,-0.4409925773875039,-0.21460953150135004,-0.7861516052445882,0.7778360861100132,-0.7263612153261089,9.34244555621827,-0.49683216161022736,-0.2784240289678567,-0.6395345852979323,-0.8855771709020147,-0.5032105831331162,2.0243364015542906,-0.4460932048108154,0.054801713896511846,-0.8367844447846362,-0.399172839356806,2.662826459666534,-0.6083407630364898,0.18374577263928613,-0.7942265277101938,0.20475093532534022,0.47303319967934343,-0.08337282888189856,-0.7235584996740864,-0.7647308197458192,-0.2547661774872668,3.206595389839628,-0.7449192187227722,1.940736686108951,0.0706894952995333,2.5587146002698,-0.08759285848708705,9.212479267856361,-0.1002725840366557,0.4714309166990422,2.945262152416473,-0.4994178390410515,-0.5042402823351707,0.3255615896008807,-0.31746745475674265,1.9112355597398305,-0.7896813877285809,0.1905674388613155,-0.10934106549231254,1.2662259571716858,-0.4268793263687002,0.1541596887210709,-0.43422009770282693,-0.7079958569601353,-0.22184343053345984,0.4045552028006457,2.0080400922112953,-0.401656953739004,-0.44121268737243435,-0.8168938541717079,-0.7828964292834533,1.4912360926609949,-0.8034837618459576,-0.3187644561084113,0.6506472931572577,0.03897782648477095,-0.614566844670148,-0.5050475573515606,0.018255034659132002,-0.572948771484678,-0.802071915303832,1.3510732981821243,-0.4996015208334049,-0.42282488369800897,0.6783138812201307,-0.3128568761550302,-0.49144906299492275,-0.160988179770409,-0.1522637686718625,-0.7983841068005183,-0.4933186807241469,-0.39819585622137077,-0.36348815065888285,-0.5560006561233092,-0.27524518837844714,0.07823193148730186,-0.0851754765064221
1,-0.8063196457836549,-0.2465177040904484,0.645855377073376,-0.5970907469619694,-0.17119690708133672,4.543775017919977,-0.3228347059976028,-0.25009385358021813,-0.7473502891225012,1.3528263157287692,1.1516110275117335,-0.7909527058006495,-0.4524586946164393,4.8388390865771855,-0.6397809538724032,-0.13549670693230806,3.951250059160087,-0.6022711991400812,2.9300417181389333,0.07980632477450969,-0.7861516052445882,-0.6284565565155632,-0.3864635946774852,6.464791314808798,-0.2717326396241695,-0.2419810932390796,0.5226518365830454,-0.871516819528618,-0.00694768063497396,-0.5910853058801933,-0.6208946173542383,-0.44995091409767635,-0.8367844447846362,-0.2807239256010772,-0.8370146259494141,-0.4047347732881248,-0.4609762366213671,0.5126044516566408,-0.5000715614916658,-0.6077738064425378,-0.7990194287265212,-0.769623511749598,-0.7647308197458192,-0.2921767762372326,3.24814236301713,-0.7449192187227722,3.31349473110202,-0.3444333797816186,-0.03896519695842335,-0.8427037075136988,9.80727930510673,-0.2095615039676156,-0.27687212568039,-0.4576981623339291,-0.4405982128977116,-0.48438830271567584,0.5017312809433487,2.4027677926548625,-0.8522629361245863,1.949889775250017,-0.28585115829197316,-0.3851762458462796,-0.7640668656583823,0.2539489453517148,-0.1738396489833351,-0.14122408035948897,0.424538649146114,0.0937641400650992,-0.7627516478195191,-0.2642893993230743,-0.21774809213689597,-0.0014150012509994302,-0.8168938541717079,-0.6075949448939653,0.06284903072517607,-0.4119224743966605,-0.44505782223694196,1.4721716532043005,-0.6052837683048317,0.10981651774162475,-0.3100635571386193,-0.768599907544836,-0.572948771484678,-0.802071915303832,-0.36634257134016923,-0.4996015208334049,-0.16737244067117898,0.5230933134352038,-0.13570122714312183,-0.37124138350166813,-0.7813665218529099,-0.31198100853745253,-0.7983841068005183,-0.4933186807241469,-0.22184693849711443,-0.15548348647640342,-0.457825142976168,-0.60213971139323,-0.25325930362838367,0.07314325305941816
2,-0.29077000014193183,-0.130854095665152,-0.6319817171927721,-0.2158067450705457,-0.808801775168252,8.391578568609066,-0.14699880948474722,-0.5885158475994579,-0.7473502891225012,-0.2792697756330167,-0.468550800726496,0.2972290828401812,-0.7655788985032485,3.2896523886768083,0.17418972535457292,-0.2726391228556968,-0.745292760564584,-0.41557832897886565,-0.74745024061718,-0.31274815025996994,-0.020518955025861915,-0.7847112945850717,1.652922129214257,8.10110451090438,-0.47807386811138924,-0.35130990042541077,-0.8055612169952149,-0.7730943599148414,-0.8340525181318775,-0.7545491625948485,-0.4460932048108154,-0.44995091409767635,0.4332700030671533,-0.2807239256010772,0.636602673257301,-0.523504933974671,-0.6221567389365305,0.1858967068149322,-0.8524828099001687,1.7339747068215383,-0.7990194287265212,-0.7849785157747685,-0.2759808284297865,-0.2921767762372326,5.5747728609572595,-0.08860272645601257,3.656684242350287,0.0706894952995333,-0.7811594247379158,-0.8427037075136988,4.77851535380815,-0.2915281939158355,0.0972793955093261,-0.4576981623339291,-0.4994178390410515,-0.047644751086787764,0.6779009722858166,-0.7975089690058494,0.9900693944516917,-0.10478859698393139,-0.6034635563941656,-0.3851762458462796,-0.5948757970892099,-0.7672934622289077,0.48215902642547687,0.8842619803421939,-0.7079958569601353,-0.39399301449631025,-0.7627516478195191,-0.7886731281386982,-0.5855658153411121,-0.4985776029534911,-0.4222591420114625,-0.7828964292834533,0.2413974134671534,-0.8034837618459576,-0.48715561094645216,-0.828096554927419,-0.7663491670022323,0.3995698627063339,-0.5050475573515606,-0.768599907544836,-0.7472032640286799,-0.802071915303832,0.04820608682038438,-0.4996015208334049,-0.29509866218459396,-0.5634506610592848,-0.8443238231907555,-0.471414449746047,-0.160988179770409,-0.3652200884926492,-0.4653077168128177,-0.5137172368242192,-0.39819585622137077,-0.20748465252202328,-0.4741877285006915,-0.7655869729006214,-0.750496156301912,4.506067680902945
3,-0.6344697639030806,-0.3621813125157448,-0.8145298735165075,2.45318126816942,-0.808801775168252,5.265238183674181,-0.3228347059976028,4.487814062689138,-0.5770334502158236,-0.6419577959356357,-0.14451843507885012,-0.7909527058006495,-0.4524586946164393,6.570283043054078,-0.6397809538724032,-0.31835326149682636,-0.421393255755986,-0.22888545881765018,0.018693917457010226,-0.4697699402737618,0.7451136951928643,-0.6284565565155632,1.652922129214257,5.674847013245413,-0.4405572811137129,-0.2784240289678567,0.8547050999776103,-0.8855771709020147,-0.6686315506324968,-0.10069373573622757,0.2531124453628765,-0.44995091409767635,-0.6553480950915234,-0.2807239256010772,2.8470286220673735,-0.591373597224126,-0.7833372412516937,-0.3041649104476308,-0.8524828099001687,-0.7879083074628513,-0.7990194287265212,-0.7849785157747685,-0.2759808284297865,0.007108013762493475,8.1091382247849,0.7317928888774371,0.9111681523641495,-0.10722030830667466,-0.22451375390329645,-0.8427037075136988,4.832588084467275,-0.37349488386405544,-0.651023646870106,-0.6278461780714493,-0.3817785867543717,-0.38512840461820125,-0.555286867111459,0.6426155737414709,-0.11533000389407506,-0.6184581900424185,-0.7622697554452618,-0.21967513763389934,0.4202706143258241,2.807054964303271,-0.665838655539944,0.44476795432718697,-0.7079958569601353,-0.39399301449631025,-0.09571916175085349,-0.2642893993230743,-0.401656953739004,-0.3456044947373398,0.9589623505493964,-0.4322934605044773,-0.8298928829847106,0.3712001005019336,-0.40296003352743176,0.6506472931572577,-0.7663491670022323,-0.17993682722308435,-0.44655235728767817,0.9624809653038936,-0.572948771484678,-0.802071915303832,-0.30712133446009016,-0.460588439400217,-0.29509866218459396,0.36787274565027683,0.7500770179164202,-0.4513798364971712,-0.4711773508116594,-0.3652200884926492,-0.631845911806668,-0.4729201246240747,-0.5745447739456271,-0.20748465252202328,-0.6214509982214033,0.5419911191585098,-0.25325930362838367,0.7064181713227792
4,-0.4626198820225062,-0.32362677637397935,-0.08433724822156573,-0.7877327479076812,-0.4899993411247944,8.632066290527133,-0.07666445087960501,1.2728051195063608,-0.40671661130914605,0.9901382954261501,0.01749774774497282,-0.7909527058006495,5.4968251792329355,6.934797560207109,0.17418972535457292,-0.18121084557343764,0.7122550110741069,-0.7889640693012967,-0.74745024061718,-0.48939766402548573,-0.7861516052445882,-0.7847112945850717,0.9731268879170097,4.4335059679315245,-0.4405572811137129,-0.35130990042541077,0.024571941491197763,-0.7590340085414449,1.316420059360072,-0.5910853058801933,-0.7956960298976613,-0.0894133226732562,-0.6553480950915234,-0.2807239256010772,1.1892091604598192,-0.6083407630364898,-0.7833372412516937,1.3293738137609126,-0.6762771856959172,-0.7879083074628513,0.8111854209238797,-0.7542685077244274,2.0048524643783665,-0.3669979737371641,3.7467060411471578,-0.41676097258939243,-0.11840038138065227,0.24859929890574126,0.14658335998644975,-0.6539259952570459,7.860661001378248,-0.018305894088435783,1.0326581984836163,-0.6278461780714493,-0.4798112969932716,-0.38512840461820125,-0.026777793084055153,1.2826709260736133,0.06890322916355274,-0.7896813877285809,-0.6034635563941656,-0.026590511386122433,-0.5948757970892099,-0.2566722584385965,-0.8298383243921471,-0.43422009770282693,-0.7079958569601353,-0.39399301449631025,-0.5959935263023527,-0.43908397559494894,-0.5855658153411121,-0.4603343258994532,-0.6195764980915852,-0.7828964292834533,0.06284903072517607,0.17541945677728507,-0.17142219562512556,-0.828096554927419,-0.444218369607431,-0.3248134997054389,-0.3295619571599134,-0.13911595378166158,-0.2244397863966744,2.2801856584512867,0.3443122712207798,-0.3630557358172471,-0.21846292927654498,-0.40823009327435783,2.1673222100116876,-0.471414449746047,-0.7813665218529099,-0.31198100853745253,-0.7983841068005183,-0.411724456323858,-0.5745447739456271,-0.10348232043078355,-0.5723632416478327,-0.27524518837844714,-0.5847505387440692,-0.7184503947697831
5,-0.8063196457836549,-0.16940863180691748,-0.08433724822156573,1.4999712634408606,-0.6494005581465232,7.369505750457277,0.5915119558692461,0.08832814043902161,-0.40671661130914605,-0.8233018060869453,2.933789038573786,-0.6354981645662451,1.5828226306478206,8.575112887395743,-0.3141926821816127,0.18450226355559893,0.38835550626550897,1.6380432427945049,-0.594221409002342,-0.5090253877772097,-0.4798985451570976,2.6528929429441153,-0.04656597402886146,6.577640500746424,-0.49683216161022736,0.08600532831991381,-0.14145469020608475,-0.8855771709020147,3.1360507018532595,0.38969783440773814,-0.7956960298976613,0.7758768967453521,-0.8367844447846362,-0.04382609808961965,-0.6528124635485747,-0.5744064314117623,-0.2997957343062038,0.1858967068149322,-0.6762771856959172,0.6531677006996569,-0.7990194287265212,-0.7542685077244274,2.6565191194664104,-0.1799449799873353,6.987369948992337,-0.7449192187227722,-0.2899951370047859,-0.2851301119128826,1.8165203724903074,-0.46514828300039296,9.969497497084104,-0.3188504238985755,1.2197339590784744,-0.4576981623339291,-0.42099167084993167,-0.40498038423769617,-0.37911717576899107,-0.47748129283977825,-0.8522629361245863,-0.27601179467009374,-0.7622697554452618,-0.30242569174008943,0.9278438200333411,3.1474691001634785,-0.3378393178355381,1.6167520237005388,-0.7079958569601353,-0.25053502786060156,3.2394432685924746,-0.6138785518668235,2.724793693496833,-0.38384777179137763,-0.8168938541717079,1.846625836558866,-0.8298928829847106,0.3712001005019336,-0.3398133504631664,0.8149521651666662,1.1664356173665755,-0.614566844670148,-0.48554915733026643,-0.2964869422224552,-0.3986942789406762,1.0815299353242962,-0.36634257134016923,-0.2655230322342772,-0.192917684973862,-0.2530095254894309,-0.49001252516693866,-0.4513798364971712,0.45939016231209184,0.22040979101451422,-0.7983841068005183,-0.5137172368242192,-0.5745447739456271,-0.311486984613263,-0.40873738640259744,-0.7655869729006214,-0.750496156301912,-0.7184503947697831
6,-0.8063196457836549,-0.09229955952338653,1.9236924713395243,1.6906132643865726,-0.011795690059607908,4.062799574083841,-0.3228347059976028,0.2575391374486415,-0.7473502891225012,0.44610626497222144,-0.7925831663741418,-0.4800436233318407,0.17378171315717916,8.256162684886842,0.49977799704536335,-0.044068429650048924,-0.745292760564584,0.3311931516659963,-0.4409925773875039,-0.4697699402737618,-0.3267720151133524,1.2466003003185386,-0.7263612153261089,4.038533817149832,-0.4030406941160366,0.26822000696379905,0.5226518365830454,-0.8293357654084281,-0.5032105831331162,2.6781918284129116,-0.4460932048108154,0.12690923218139588,0.2518336533740405,-0.04382609808961965,-0.46861030114773533,-0.591373597224126,-0.4609762366213671,-0.7942265277101938,-0.8524828099001687,0.6531677006996569,0.09553882107925708,-0.6621384835734042,2.9823524470104323,-0.03030258498747228,5.117756156004734,-0.7449192187227722,-0.2899951370047859,-0.4037366476503546,1.8165203724903074,-0.46514828300039296,4.6162971618307775,-0.4281393438295354,1.0326581984836163,-0.28755014659640904,-0.4994178390410515,-0.4645363230961809,-0.731456558453927,-0.47748129283977825,-0.29956323695170284,-0.10478859698393139,0.5081798369635079,-0.16450810156310594,-0.7640668656583823,-0.7672934622289077,0.1541596887210709,-0.43422009770282693,-0.7079958569601353,-0.25053502786060156,-0.2624772832680199,-0.43908397559494894,-0.7694746769432201,-0.47945596442647215,-0.027624429851217113,-0.7828964292834533,-0.6513445002427333,0.3712001005019336,-0.5082045053012073,-0.828096554927419,-0.7663491670022323,-0.46969017218779346,-0.48554915733026643,-0.768599907544836,-0.572948771484678,0.2253472759478742,0.16664856058054256,-0.460588439400217,-0.29509866218459396,0.5230933134352038,-0.667168174178847,-0.41131060999941965,2.4756197740802195,-0.31198100853745253,1.8662270131010865,-0.5137172368242192,-0.7508936916698834,-0.311486984613263,-0.6214509982214033,-0.27524518837844714,-0.41900492118622645,-0.7184503947697831
7,0.56847940926094,-0.2850722402322139,-0.6319817171927721,-0.7877327479076812,2.060420131222867,9.954748761076507,-0.0414972715770339,-0.5885158475994579,-0.40671661130914605,-0.8233018060869453,-0.14451843507885012,-0.16913454086303198,-0.4524586946164393,8.0283411116662,-0.8025750897177983,-0.2726391228556968,0.38835550626550897,-0.042192588656434694,0.018693917457010226,-0.4305144927703138,2.2763789956303166,-0.7847112945850717,0.633229267268386,5.336299455432535,0.12219152385143173,-0.2784240289678567,-0.3074813219033673,-0.7168529544212549,4.1285765068495435,0.06277012097842767,-0.4460932048108154,-0.44995091409767635,-0.8367844447846362,-0.16227501184534843,0.636602673257301,-0.48957060234994354,-0.2997957343062038,-0.14081103802677644,-0.8524828099001687,1.013436702740284,0.09553882107925708,-0.7389135036992569,1.3531858092903228,-0.06771318373743804,5.533225887779757,-0.7449192187227722,1.2543576636124167,-0.4037366476503546,-0.7811594247379158,0.4787402782828718,3.5889152793074115,-0.4281393438295354,0.6585066772939002,1.4139300107787918,-0.3229589606110318,-0.444684343476686,0.1493918982584128,-0.7975089690058494,-0.11533000389407506,-0.27601179467009374,0.9845984341167966,-0.35759272781088286,-0.08730259138169293,-0.597086394298804,0.48215902642547687,-0.43422009770282693,0.10095736168718561,-0.39399301449631025,1.7386201749379768,-0.7886731281386982,-0.5855658153411121,-0.47945596442647215,-0.8168938541717079,-0.7828964292834533,0.41994579620913075,-0.21614183067201198,-0.48715561094645216,-0.4994868109086019,-0.7663491670022323,1.4137065700828155,-0.34906035718120754,-0.768599907544836,-0.7472032640286799,-0.6308353834285477,-0.011015150059694707,-0.460588439400217,0.11362524665833398,1.1439755845749116,-0.3128568761550302,-0.4513798364971712,1.8552414319977186,-0.3652200884926492,-0.7983841068005183,-0.5137172368242192,-0.04549802077285813,-0.36348815065888285,-0.6214509982214033,-0.43869244988583855,-0.41900492118622645,1.4980118191519805
8,-0.8063196457836549,-0.09229955952338653,-0.8145298735165075,-0.7877327479076812,-0.6494005581465232,4.904506600797079,-0.28766752669503165,-0.5885158475994579,1.4667686166643072,-0.6419577959356357,0.5035462962164416,-0.32458908209743637,0.4869019170439884,7.208183448071881,-0.8025750897177983,-0.31835326149682636,1.360054020691303,-0.7889640693012967,-0.74745024061718,-0.5090253877772097,-0.3267720151133524,-0.7847112945850717,-0.7263612153261089,10.358088229656905,-0.3842824006171984,-0.35130990042541077,-0.6395345852979323,-0.871516819528618,-0.8340525181318775,-0.5910853058801933,0.07831103281945356,-0.30573587752790826,-0.8367844447846362,-0.04382609808961965,-0.8370146259494141,-0.591373597224126,-0.2997957343062038,-0.7942265277101938,0.20475093532534022,-0.7879083074628513,-0.6201077787653655,-0.7849785157747685,-0.7647308197458192,-0.1051237824874038,4.286816692454688,0.07547639661067736,-0.2899951370047859,0.42650910251194923,0.3321319169313229,1.2338511273094837,4.6703698924899015,-0.018305894088435783,-0.651023646870106,-0.7979941938089693,-0.146500082181012,-0.36527642499870633,0.8540706636282845,-0.15745361667370703,-0.8522629361245863,0.4088809960745557,-0.7622697554452618,-0.05417402942151913,-0.7640668656583823,-0.0864651905084927,-0.1738396489833351,0.151771936983849,-0.7079958569601353,-0.33660981984202676,-0.7627516478195191,0.2600943294925495,-0.7694746769432201,-0.32648285621032086,0.564327638389151,0.7948169302219383,-0.11569935201680126,-0.6077031181213091,-0.46610671659169706,0.3220375491384407,1.8106972121561782,-0.7594435171525026,-0.4660507573089723,-0.2964869422224552,0.12406919869132926,-0.4595988515532633,-0.18867886069993195,-0.48009498011681095,-0.320643906487277,-0.5634506610592848,0.21861007088069498,-0.41131060999941965,1.3899576754358431,-0.3652200884926492,-0.7983841068005183,-0.37092734412371353,-0.5745447739456271,0.0005200116604561876,-0.5887258271723562,0.21509659614372706,-0.41900492118622645,1.6563305487178208
9,-0.8063196457836549,6.616189729143804,-0.6319817171927721,-0.7877327479076812,-0.808801775168252,-0.14573555948234926,4.037895527521215,-0.5885158475994579,4.532471716984504,0.44610626497222144,-0.7925831663741418,-0.6354981645662451,1.2697024267610113,-0.264364153565235,-0.6397809538724032,-0.044068429650048924,-0.745292760564584,-0.7889640693012967,-0.74745024061718,-0.48939766402548573,1.0513667552803547,2.3403834668050982,-0.3864635946774852,-0.249735248479967,-0.34676581361952213,6.354190273669566,-0.6395345852979323,-0.8855771709020147,0.9855781243613103,-0.2641575924508828,-0.6208946173542383,-0.0894133226732562,-0.11103904601218505,-0.2807239256010772,-0.28440813874689597,-0.6083407630364898,0.9896482842151026,-0.7942265277101938,3.376452171001867,-0.6077738064425378,-0.6201077787653655,-0.7849785157747685,-0.7647308197458192,7.040300578756056,-0.11716246436055651,-0.2526818495227025,-0.6331846482530531,-0.10722030830667466,0.703229030821069,-0.8427037075136988,-0.1961758668313037,-0.37349488386405544,-0.08979636508553193,0.39304191635367136,-0.4994178390410515,-0.2461645472817369,-0.731456558453927,7.20318293514593,-0.8522629361245863,-0.44723499235625613,0.9845984341167966,0.05616004272006767,0.25107954575665176,1.7858125567226486,-0.8298383243921471,2.495740075730553,0.10095736168718561,-0.39399301449631025,0.4045552028006457,-0.43908397559494894,-0.7694746769432201,-0.4603343258994532,-0.4222591420114625,-0.4322934605044773,-0.8298928829847106,2.9163484689223647,-0.5082045053012073,-0.4994868109086019,-0.7663491670022323,-0.614566844670148,-0.4075555572450899,-0.768599907544836,-0.7472032640286799,-0.4595988515532633,0.7588609293813334,-0.38256227653384106,-0.39727963939532596,-0.7186712288442116,0.5729213689045117,-0.49144906299492275,2.4756197740802195,0.06069255114892419,0.03430686816873323,-0.3097316758234968,1.3652933210211924,-0.36348815065888285,-0.5887258271723562,-0.11179792687105575,-0.750496156301912,-0.7184503947697831
10,0.05292976361921688,2.7221815788254924,0.4633072207496406,0.9280452606037252,-0.808801775168252,-0.3862232814004173,5.972090389162625,-0.419304850589838,-0.7473502891225012,1.1714823055774597,0.5035462962164416,-0.6354981645662451,0.8000221209307976,0.14571467823192377,-0.47698681802700793,-0.31835326149682636,2.169802782712798,-0.7889640693012967,1.3977534019905526,-0.31274815025996994,1.2044932853241,-0.15969234230703772,-0.556412405001797,-0.3625844344175933,-0.45931557461255107,2.2725814720465367,-0.8055612169952149,-0.8855771709020147,-0.8340525181318775,-0.7545491625948485,-0.4460932048108154,-0.3778433958127923,1.3404517515327172,0.1338472725439735,-0.8370146259494141,-0.5404720997870348,0.18374577263928613,1.3293738137609126,-0.32386593728741425,1.013436702740284,-0.7990194287265212,-0.7542685077244274,0.3756858266582572,7.077711177506021,-0.36644430342557033,-0.7449192187227722,-0.46158989262891953,-0.3444333797816186,-0.7811594247379158,-0.27637057074374,-0.1961758668313037,0.20027194577348403,-0.27687212568039,-0.6278461780714493,-0.3621720447065917,-0.2461645472817369,-0.731456558453927,-0.7975089690058494,0.6216029283364362,0.7513273914468804,-0.7622697554452618,-0.3851762458462796,-0.5948757970892099,-0.4268793263687002,-0.8298383243921471,-0.2877220890311579,-0.384414569501207,0.15114733471938266,0.4045552028006457,-0.7886731281386982,1.2535228006799686,-0.44121268737243435,-0.8168938541717079,-0.7828964292834533,-0.8298928829847106,-0.4119224743966605,-0.255617773044146,-0.6637916829180104,0.2000432251821716,0.2546931902239793,-0.427053957266384,0.3329970115407192,-0.7472032640286799,-0.802071915303832,-0.18867886069993195,-0.460588439400217,-0.42282488369800897,0.8335344490050577,0.04145442186878656,-0.471414449746047,-0.6262719363322846,-0.3652200884926492,-0.2987695218189674,-0.10574611482277449,-0.7508936916698834,-0.15548348647640342,-0.6050884126968797,0.5419911191585098,-0.08751368607054091,-0.7184503947697831
11,0.3966295273803656,5.266780964182013,-0.8145298735165075,3.406391272897979,-0.808801775168252,0.1548740929152358,3.615889375890361,-0.5885158475994579,-0.5770334502158236,0.08341824466960238,-0.468550800726496,-0.6354981645662451,-0.7655788985032485,-0.12767120963284875,0.011395589509177712,-0.2726391228556968,-0.25944350335168703,0.5178860218272118,-0.74745024061718,-0.4501422165220378,-0.7861516052445882,-0.15969234230703772,-0.7263612153261089,-0.249735248479967,-0.4405572811137129,5.333788073263809,-0.3074813219033673,-0.8574564681552214,1.1509990918606912,0.2262339776930829,-0.09649037972396941,-0.44995091409767635,-0.11103904601218505,0.8445407550783461,2.110219972464016,-0.591373597224126,-0.2997957343062038,-0.7942265277101938,0.028545311121088726,-0.4276393054222243,-0.6201077787653655,-0.7542685077244274,3.9598524296424977,4.421558666258453,-0.36644430342557033,-0.2526818495227025,-0.6331846482530531,-0.2851301119128826,0.14658335998644975,-0.6539259952570459,-0.3043213281495527,-0.4281393438295354,-0.838099407464964,1.0736339793037517,-0.4798112969932716,-0.40498038423769617,-0.37911717576899107,-0.31746745475674265,0.4373696952788083,-0.27601179467009374,-0.12704495924087694,-0.33000920977548615,0.9278438200333411,0.9347772170721298,-0.8298383243921471,-0.7272161150461649,-0.7079958569601353,-0.30791822251488504,-0.4292354047851863,-0.7886731281386982,-0.5855658153411121,-0.4985776029534911,-0.22494178593133982,-0.4322934605044773,-0.2942477347587786,-0.020361186947363465,-0.42400892788218686,-0.17087706688978485,-0.1220875722126297,-0.7594435171525026,-0.427053957266384,0.9624809653038936,-0.7472032640286799,0.5678203396984429,-0.18867886069993195,-0.4996015208334049,-0.371734395092643,0.2126521778653499,0.04145442186878656,-0.33117215700391656,-0.4711773508116594,-0.3652200884926492,5.530067302965794,-0.43212301242393025,-0.5745447739456271,0.20852467584293566,-0.5887258271723562,0.051649334636335656,0.07823193148730186,-0.7184503947697831
12,-0.29077000014193183,4.5727993136302345,-0.8145298735165075,1.8812552653322843,-0.6494005581465232,-0.32610135092090026,5.725920134044628,-0.419304850589838,-0.7473502891225012,-0.2792697756330167,-0.7925831663741418,-0.6354981645662451,0.3303418151005838,-0.1732355242769775,-0.3141926821816127,-0.31835326149682636,-0.25944350335168703,-0.22888545881765018,0.9380669071460385,-0.5090253877772097,-0.7861516052445882,-0.7847112945850717,-0.7263612153261089,-0.249735248479967,-0.4405572811137129,6.864391373872445,-0.8055612169952149,-0.8433961167818247,-0.6686315506324968,-0.7545491625948485,2.001126570797106,0.7758768967453521,0.4332700030671533,-0.16227501184534843,0.26819834845562224,-0.6083407630364898,-0.6221567389365305,0.1858967068149322,-0.6762771856959172,0.47303319967934343,-0.6201077787653655,-0.6467834795482337,-0.7647308197458192,2.4387969325102676,-0.36644430342557033,0.5677137658107472,-0.46158989262891953,0.24859929890574126,-0.7811594247379158,-0.8427037075136988,-0.35839405880867725,-0.26420596393309553,-0.651023646870106,-0.11740213085888894,-0.3033524185632518,-0.5042402823351707,-0.2029474844265231,0.002560221409328572,-0.8522629361245863,-0.7896813877285809,0.3493736379124117,-0.3851762458462796,0.08188847718747941,-0.597086394298804,-0.5018389866877411,-0.2877220890311579,-0.5462052132306712,-0.3653014171691685,-0.5959935263023527,-0.7886731281386982,-0.7694746769432201,-0.4985776029534911,-0.8168938541717079,-0.6075949448939653,0.2413974134671534,-0.8034837618459576,-0.2977155617536562,-0.828096554927419,0.8443048199717742,-0.7594435171525026,-0.4660507573089723,0.49036799998151276,0.2983236912353311,-0.28836231967797893,-0.30712133446009016,-0.4996015208334049,0.139170490961017,-0.40823009327435783,-0.8443238231907555,-0.471414449746047,-0.31608276529103424,-0.3652200884926492,-0.631845911806668,-0.24853600752328012,-0.22184693849711443,0.15652350979731577,-0.24511153115736226,0.051649334636335656,-0.750496156301912,6.247573706127189
13,-0.8063196457836549,2.6836270426837268,-0.8145298735165075,-0.7877327479076812,0.4664079610055785,-0.32610135092090026,3.510387837982648,0.5959611314678812,0.9558180999442746,-0.8233018060869453,0.3415301133926187,-0.32458908209743637,-0.7655788985032485,0.3279719368084388,-0.8025750897177983,-0.13549670693230806,-0.25944350335168703,0.8912717621496428,0.018693917457010226,-0.1360986364944541,-0.7861516052445882,-0.6284565565155632,0.633229267268386,0.14523690230172503,-0.49683216161022736,3.4387554153674023,0.024571941491197763,-0.8855771709020147,0.4893152218631682,-0.427621449165538,-0.09649037972396941,0.9921994516000042,-0.47391174539841063,-0.16227501184534843,1.7418156476623372,-0.591373597224126,0.9896482842151026,1.6560815586026212,-0.6762771856959172,0.11276419763871634,3.3159485203800587,-0.7082034956489158,0.3756858266582572,7.115121776255988,-0.36644430342557033,-0.7449192187227722,0.053194374243481356,0.1892960310370053,-0.22451375390329645,-0.6539259952570459,-0.0339576748539302,-0.018305894088435783,-0.463947886275248,0.5631899320911915,-0.4994178390410515,-0.34542444537921146,-0.37911717576899107,-0.31746745475674265,1.7270023266822028,-0.44723499235625613,-0.28585115829197316,-0.3851762458462796,-0.7640668656583823,-0.597086394298804,-0.8298383243921471,-0.7272161150461649,-0.5462052132306712,-0.2792266251877433,-0.7627516478195191,-0.7886731281386982,4.196064586313697,-0.4603343258994532,1.156279706629519,0.2689124770534745,0.06284903072517607,0.5669807442265821,-0.5082045053012073,-0.4994868109086019,-0.1220875722126297,1.1239532251181066,-0.4660507573089723,-0.6112289191040424,-0.7472032640286799,0.2253472759478742,-0.30712133446009016,-0.460588439400217,-0.42282488369800897,-0.40823009327435783,1.104388315940237,-0.41131060999941965,0.45939016231209184,-0.31198100853745253,-0.4653077168128177,-0.5137172368242192,-0.39819585622137077,-0.36348815065888285,-0.5232754850742621,-0.7655869729006214,0.07823193148730186,-0.24349420607226235
14,-0.11892011826135748,4.225808488354346,-0.6319817171927721,-0.2158067450705457,1.741617697179409,-0.2659794204413833,6.851269871726903,0.5959611314678812,0.6151844221309194,-0.6419577959356357,-0.468550800726496,-0.4800436233318407,-0.7655788985032485,-0.08210689498872,-0.47698681802700793,-0.31835326149682636,-0.745292760564584,-0.41557832897886565,-0.74745024061718,-0.4697699402737618,-0.020518955025861915,-0.7847112945850717,-0.556412405001797,-0.249735248479967,-0.29049093312300767,2.1632526648602055,-0.6395345852979323,-0.8433961167818247,0.8201571568619297,-0.2641575924508828,1.1271195080799914,-0.44995091409767635,1.703324450918943,-0.04382609808961965,0.45240051085646166,-0.5065377681623072,1.3120092888454293,-0.14081103802677644,-0.32386593728741425,-0.7879083074628513,0.2744504710404127,-0.631428475523063,-0.2759808284297865,2.251743938760439,0.007478455171950403,3.521137981011166,0.22478912986761498,0.36720583464321327,-0.22451375390329645,-0.08759285848708705,0.6149150930555639,-0.3188504238985755,0.8455824378887582,0.05274588487863117,-0.34256550265881175,-0.08734871032577758,-0.731456558453927,0.3225878975753998,0.2531364622211805,0.5801041937607181,1.461017031270085,-0.27484217370469277,-0.4256847285200376,-0.7672934622289077,4.582150747730552,0.44476795432718697,-0.22262392577174278,-0.2792266251877433,-0.5959935263023527,0.6096834820362987,-0.21774809213689597,-0.47945596442647215,1.9455491309500097,-0.7828964292834533,-0.11569935201680126,-0.6077031181213091,-0.48715561094645216,1.3078667811948919,-0.7663491670022323,1.1239532251181066,-0.4660507573089723,-0.768599907544836,0.2983236912353311,0.2253472759478742,-0.18867886069993195,-0.38256227653384106,-0.192917684973862,0.6783138812201307,0.3957657198926034,-0.471414449746047,-0.6262719363322846,0.48660519079049763,-0.631845911806668,-0.4933186807241469,-0.5745447739456271,0.36452817397979526,-0.35964962982902693,0.21509659614372706,0.4097231666029874,0.38978071219109867
15,-0.4626198820225062,6.037871687017323,-0.2668854045453012,1.8812552653322843,5.0890432546357145,0.2751179538742698,2.842211431233797,-0.5885158475994579,-0.7473502891225012,0.08341824466960238,0.17951393056879578,-0.013679999628627598,-0.29589859267303464,-0.3554927828534925,-0.47698681802700793,0.32164467947898767,0.38835550626550897,0.14450028150478078,-0.74745024061718,-0.5090253877772097,-0.7861516052445882,0.30907187190148777,-0.3864635946774852,0.3145106812081645,-0.2529743461253314,6.281304402212013,0.5226518365830454,-0.871516819528618,-0.8340525181318775,3.005119541842222,1.8263251582536832,-0.0894133226732562,0.07039730368092774,1.022214125711939,-0.6528124635485747,-0.6083407630364898,0.8284677818999393,-0.4675187828684851,-0.6762771856959172,-0.24750480440191075,1.3479203708073466,-0.6774934875985748,-0.7647308197458192,2.738081722509994,-0.1587094375380588,-0.5808400956560823,-0.6331846482530531,-0.16652357617541064,-0.03896519695842335,-0.8427037075136988,-0.35839405880867725,0.20027194577348403,-0.651023646870106,-0.4576981623339291,-0.3817785867543717,-0.32557246575971655,0.5017312809433487,0.002560221409328572,-0.4837964700093306,-0.10478859698393139,-0.6034635563941656,-0.27484217370469277,0.7586527514641688,0.4241560132818185,-0.8298383243921471,-0.7272161150461649,-0.5462052132306712,-0.30791822251488504,-0.7627516478195191,-0.7886731281386982,-0.7694746769432201,-0.3456044947373398,-0.8168938541717079,-0.7828964292834533,-0.8298928829847106,-0.8034837618459576,-0.40296003352743176,-0.17087706688978485,-0.6052837683048317,-0.614566844670148,-0.5050475573515606,-0.45385793066324875,-0.2244397863966744,-0.4595988515532633,-0.12945762381985287,-0.40206881725043503,-0.42282488369800897,1.2991961523598385,0.5729213689045117,-0.41131060999941965,-0.005893594249783797,-0.20550284862705917,-0.631845911806668,-0.3505287880236413,1.8943400741939616,-0.36348815065888285,-0.6214509982214033,-0.27524518837844714,-0.25325930362838367,0.2314619826252584
16,-0.8063196457836549,4.727017458197297,2.288788783986995,-0.7877327479076812,-0.33059812410306555,-0.3862232814004173,6.1479262856754815,-0.7577268446090778,-0.5770334502158236,-0.8233018060869453,0.6655624790402646,-0.6354981645662451,0.8000221209307976,-0.21879983892110627,-0.8025750897177983,-0.31835326149682636,1.036154515882705,-0.41557832897886565,-0.2877637457726659,-0.5090253877772097,3.807644296067769,2.6528929429441153,-0.04656597402886146,-0.249735248479967,-0.4405572811137129,7.155934859702661,2.1829181535558706,-0.8855771709020147,-0.5032105831331162,-0.10069373573622757,0.7775166829931455,-0.3778433958127923,-0.8367844447846362,-0.33994838247894155,0.26819834845562224,-0.6083407630364898,-0.7833372412516937,-0.6308726552893394,-0.5000715614916658,-0.24750480440191075,0.45336212100156836,-0.7849785157747685,-0.6018141559738084,5.880572017507117,-0.32489733024806805,-0.08860272645601257,-0.8047794038771868,-0.3444333797816186,-0.7811594247379158,0.6675179905395248,0.07418778646431881,-0.4281393438295354,-0.838099407464964,0.22289390061615127,-0.3229589606110318,-0.40498038423769617,-0.731456558453927,-0.31746745475674265,-0.29956323695170284,-0.7896813877285809,-0.28585115829197316,-0.3851762458462796,-0.08730259138169293,-0.0864651905084927,1.6301567083908979,0.7377639716705249,-0.384414569501207,-0.07838544389775119,-0.7627516478195191,-0.6138785518668235,-0.5855658153411121,-0.28823957915628307,-0.22494178593133982,-0.7828964292834533,-0.6513445002427333,-0.8034837618459576,-0.48715561094645216,-0.17087706688978485,-0.6052837683048317,-0.7594435171525026,-0.4660507573089723,-0.768599907544836,-0.3986942789406762,0.5678203396984429,-0.24790009758001105,-0.4996015208334049,-0.269553417881911,-0.5634506610592848,0.9272326669283286,-0.35120677025279234,-0.7813665218529099,-0.3652200884926492,-0.2987695218189674,-0.37092734412371353,-0.39819585622137077,0.26052584188855554,-0.3432870443045034,-0.27524518837844714,-0.750496156301912,-0.7184503947697831
17,-0.4626198820225062,2.606517970400196,0.8284035333971115,-0.7877327479076812,-0.011795690059607908,-0.32610135092090026,5.092910906598348,-0.7577268446090778,-0.06608293349579088,-0.8233018060869453,0.6655624790402646,-0.7909527058006495,-0.7655788985032485,-0.08210689498872,-0.1513985463362175,-0.31835326149682636,1.036154515882705,-0.22888545881765018,0.47838041230152434,-0.48939766402548573,-0.7861516052445882,-0.6284565565155632,3.012512611808752,-0.3625844344175933,-0.4217989876148748,6.4270761451271206,0.3566252048857628,-0.8855771709020147,0.4893152218631682,0.06277012097842767,-0.7956960298976613,0.12690923218139588,-0.47391174539841063,0.1338472725439735,-0.6528124635485747,-0.591373597224126,-0.6221567389365305,0.022542834394077883,0.20475093532534022,2.0942437088621655,-0.7990194287265212,-0.6928484916237453,-0.2759808284297865,5.992803813757015,-0.2418033838930634,1.0599511350108168,3.828278997974421,0.1892960310370053,-0.7811594247379158,0.1011848537695659,-0.0880304055130547,-0.4281393438295354,1.7809612408630484,-0.11740213085888894,-0.4994178390410515,-0.4645363230961809,-0.37911717576899107,-0.7975089690058494,0.2531364622211805,2.463559368308504,-0.12704495924087694,-0.19209161959850263,1.2662259571716858,1.445398420862441,0.1541596887210709,0.7377639716705249,-0.384414569501207,-0.19315183320631812,-0.09571916175085349,-0.08949482305119973,0.15006963106732016,-0.4029694103183965,-0.22494178593133982,-0.7828964292834533,-0.8298928829847106,1.5458839628498247,-0.5082045053012073,-0.6637916829180104,-0.7663491670022323,1.5585832425651702,-0.5050475573515606,-0.768599907544836,-0.7472032640286799,-0.28836231967797893,-0.36634257134016923,-0.460588439400217,-0.39727963939532596,-0.40823009327435783,1.2815439649521454,-0.37124138350166813,0.45939016231209184,0.22040979101451422,2.5323797930764878,-0.4933186807241469,-0.7508936916698834,-0.20748465252202328,-0.5560006561233092,-0.60213971139323,-0.750496156301912,-0.7184503947697831
18,3.3180775193501297,4.18725395221258,1.376048002368318,3.787675274789403,-0.17119690708133672,-0.20585748996186626,6.042424747767768,-0.25009385358021813,0.6151844221309194,0.2647622548209119,-0.7925831663741418,-0.7909527058006495,1.2697024267610113,-0.21879983892110627,-0.8025750897177983,-0.2726391228556968,-0.25944350335168703,2.9448933339230132,-0.74745024061718,-0.4501422165220378,-0.7861516052445882,-0.6284565565155632,-0.556412405001797,-0.02403687660471441,-0.45931557461255107,5.005801651704815,0.5226518365830454,-0.871516819528618,-0.6686315506324968,-0.7545491625948485,1.3019209206234144,-0.30573587752790826,-0.47391174539841063,-0.399172839356806,0.8208048356581404,-0.43866910491285227,1.3120092888454293,-0.7942265277101938,-0.32386593728741425,-0.6077738064425378,-0.7990194287265212,-0.7849785157747685,0.5386024904302681,6.179856807506844,-0.36644430342557033,1.5521885042108867,-0.46158989262891953,-0.047917040437938666,-0.4100623108481696,-0.8427037075136988,0.02011505580519431,-0.3188504238985755,-0.463947886275248,-0.11740213085888894,-0.08768045603767208,-0.444684343476686,0.1493918982584128,-0.6374951309228138,-0.11533000389407506,-0.7896813877285809,0.3493736379124117,-0.21967513763389934,0.5894616828949965,-0.7672934622289077,-0.665838655539944,-0.7272161150461649,-0.22262392577174278,-0.13576863855203467,-0.7627516478195191,0.08529975322067489,-0.7694746769432201,-0.4029694103183965,-0.4222591420114625,-0.6075949448939653,0.5984941789511081,0.9585420316758791,-0.3608622448179215,-0.6637916829180104,-0.444218369607431,1.4137065700828155,-0.48554915733026643,-0.768599907544836,1.518105139043344,1.2527664671995804,-0.36634257134016923,-0.460588439400217,-0.269553417881911,-0.7186712288442116,-0.3128568761550302,0.04948549472472314,0.1492009912708414,-0.04578560876146916,-0.7983841068005183,-0.3505287880236413,-0.7508936916698834,-0.311486984613263,-0.5560006561233092,-0.43869244988583855,-0.08751368607054091,1.6563305487178208
19,-0.11892011826135748,6.539080656860274,0.4633072207496406,-0.7877327479076812,-0.808801775168252,-0.3862232814004173,4.917075010085492,-0.7577268446090778,-0.06608293349579088,0.8087942852748405,-0.6305669835503189,2.1626835776530333,0.4869019170439884,-0.3554927828534925,-0.1513985463362175,0.27593054083785806,-0.25944350335168703,-0.7889640693012967,3.389728212983447,-0.3716313215151419,1.816999405499081,0.30907187190148777,-0.7263612153261089,-0.3625844344175933,-0.45931557461255107,3.329426608181071,-0.8055612169952149,-0.8152754140350315,0.8201571568619297,-0.7545491625948485,-0.4460932048108154,-0.16152084095814023,0.7961427024533789,0.015398358788244727,-0.6528124635485747,-0.6083407630364898,0.18374577263928613,-0.7942265277101938,2.1430128015721066,-0.7879083074628513,1.8846553206908134,-0.7235584996740864,1.3531858092903228,5.469055431257494,-0.36644430342557033,-0.7449192187227722,-0.11840038138065227,-0.3444333797816186,-0.4100623108481696,-0.27637057074374,-0.2502485974904282,-0.23688373395035558,1.7809612408630484,-0.4576981623339291,-0.28374587651547184,-0.2461645472817369,-0.555286867111459,0.002560221409328572,-0.8522629361245863,-0.7896813877285809,-0.7622697554452618,-0.35759272781088286,-0.25649365995086526,-0.2566722584385965,-0.3378393178355381,-0.580718106374496,-0.5462052132306712,-0.39399301449631025,-0.4292354047851863,-0.6138785518668235,0.8857050774757523,-0.4985776029534911,0.36701028230902827,-0.7828964292834533,0.06284903072517607,0.7627613879512306,-0.48715561094645216,1.4721716532043005,-0.7663491670022323,2.862473294906361,-0.44655235728767817,-0.768599907544836,3.6091590495713657,2.622658722201855,-0.30712133446009016,-0.48009498011681095,-0.116281952065813,-0.7186712288442116,0.3957657198926034,-0.49144906299492275,-0.7813665218529099,-0.3652200884926492,-0.7983841068005183,-0.411724456323858,-0.7508936916698834,0.15652350979731577,-0.6214509982214033,-0.27524518837844714,-0.750496156301912,-0.4018129356381026
20,-0.8063196457836549,7.1945077712702865,-0.8145298735165075,-0.7877327479076812,-0.808801775168252,-0.32610135092090026,3.756558093100646,-0.419304850589838,-0.23639977240246846,-0.8233018060869453,-0.6305669835503189,-0.4800436233318407,0.01722161121377456,-0.08210689498872,-0.47698681802700793,-0.18121084557343764,-0.09749375094738805,-0.7889640693012967,-0.594221409002342,-0.4697699402737618,-0.6330250752008428,-0.4722018184460547,2.162768560187193,-0.08046146957352757,-0.4030406941160366,3.2565407367235166,-0.8055612169952149,-0.7449736571680482,-0.5032105831331162,-0.2641575924508828,-0.27129179226739236,-0.0894133226732562,3.6991242975431833,-0.2807239256010772,-0.10020597634605656,-0.6083407630364898,-0.7833372412516937,3.6163280276528726,-0.6762771856959172,-0.4276393054222243,-0.08337282888189856,-0.7849785157747685,-0.4388974922017974,3.897810283758932,-0.36644430342557033,-0.7449192187227722,0.053194374243481356,-0.22582684404414663,2.3731660433249266,0.6675179905395248,-0.3043213281495527,-0.37349488386405544,-0.08979636508553193,-0.11740213085888894,-0.26413933446769183,-0.40498038423769617,-0.731456558453927,-0.31746745475674265,-0.4837964700093306,-0.7896813877285809,-0.7622697554452618,-0.30242569174008943,0.08188847718747941,-0.7672934622289077,-0.3378393178355381,-0.7272161150461649,-0.22262392577174278,-0.10707704122489292,0.07103895976631291,0.2600943294925495,-0.21774809213689597,-0.4603343258994532,-0.8168938541717079,0.6195154458324504,-0.47279611750075595,-0.4119224743966605,-0.46610671659169706,0.15773267712903216,-0.6052837683048317,-0.614566844670148,-0.5050475573515606,-0.768599907544836,-0.572948771484678,-0.802071915303832,-0.30712133446009016,-0.4996015208334049,-0.244008173579228,-0.7186712288442116,-0.13570122714312183,-0.31113754375504077,-0.6262719363322846,-0.3652200884926492,-0.4653077168128177,-0.4729201246240747,-0.22184693849711443,-0.20748465252202328,-0.4741877285006915,0.5419911191585098,0.5754687841608302,0.07314325305941816
21,-0.4626198820225062,6.65474426528557,-0.44943356086903663,0.35611925776658976,-0.4899993411247944,-0.32610135092090026,5.057743727295777,-0.419304850589838,-0.5770334502158236,-0.8233018060869453,2.771772855749963,-0.013679999628627598,-0.6090187965598439,-0.21879983892110627,0.49977799704536335,0.4130729567612468,-0.5833430081602851,-0.7889640693012967,-0.4409925773875039,-0.41088676901858984,-0.17364548506960717,0.30907187190148777,3.012512611808752,-0.3625844344175933,-0.34676581361952213,4.20405706567172,-0.4735079536006498,-0.8152754140350315,-0.17236864813435468,-0.2641575924508828,-0.7956960298976613,-0.3778433958127923,-0.6553480950915234,-0.33994838247894155,0.45240051085646166,-0.5744064314117623,-0.6221567389365305,-0.7942265277101938,1.0857790563465977,-0.24750480440191075,-0.4411961288042099,-0.7542685077244274,0.86443581797429,3.785578487509035,-0.32489733024806805,0.07547639661067736,-0.8047794038771868,-0.4037366476503546,2.3731660433249266,-0.8427037075136988,-0.2502485974904282,-0.4281393438295354,-0.838099407464964,-0.7979941938089693,-0.4602047549454916,-0.40498038423769617,2.263428194368028,-0.7975089690058494,-0.11533000389407506,-0.44723499235625613,0.3493736379124117,-0.16450810156310594,0.25107954575665176,-0.597086394298804,-0.8298383243921471,-0.2877220890311579,-0.7079958569601353,-0.39399301449631025,0.9048295673521449,-0.7886731281386982,-0.7694746769432201,-0.47945596442647215,-0.027624429851217113,-0.7828964292834533,1.8483328581449494,-0.8034837618459576,-0.19247108997988066,-0.4994868109086019,-0.7663491670022323,-0.7594435171525026,-0.48554915733026643,-0.768599907544836,0.2983236912353311,-0.28836231967797893,-0.0702363869397738,-0.460588439400217,-0.42282488369800897,-0.5634506610592848,1.104388315940237,-0.43134522324829544,-0.6262719363322846,-0.3652200884926492,-0.13223132682511707,-0.4933186807241469,-0.04549802077285813,-0.36348815065888285,-0.457825142976168,1.032332903680684,0.7412144017186729,-0.7184503947697831
22,-0.8063196457836549,5.1125628196149515,-0.8145298735165075,-0.5970907469619694,0.1476055269621209,-0.3862232814004173,3.0532145070492236,-0.419304850589838,-0.7473502891225012,-0.8233018060869453,-0.7925831663741418,-0.013679999628627598,-0.6090187965598439,0.6469221393173401,-0.3141926821816127,0.09307398627333979,-0.5833430081602851,-0.41557832897886565,-0.74745024061718,-0.5090253877772097,-0.4798985451570976,-0.3159470803765462,-0.556412405001797,-0.3625844344175933,-0.4217989876148748,3.8031847726551726,0.8547050999776103,-0.8855771709020147,-0.8340525181318775,-0.7545491625948485,-0.4460932048108154,-0.44995091409767635,-0.8367844447846362,-0.33994838247894155,0.45240051085646166,-0.5574392655993985,-0.1386152319910405,-0.7942265277101938,-0.8524828099001687,3.3551852160043603,-0.7990194287265212,-0.7082034956489158,-0.6018141559738084,2.9251347162598225,-0.36644430342557033,0.07547639661067736,0.7395733967400159,0.0706894952995333,-0.4100623108481696,-0.46514828300039296,-0.35839405880867725,0.28223863572170393,-0.27687212568039,3.625854215366553,-0.4798112969932716,-0.5042402823351707,0.1493918982584128,-0.7975089690058494,0.2531364622211805,0.4088809960745557,-0.7622697554452618,-0.30242569174008943,0.7586527514641688,-0.7672934622289077,-0.8298383243921471,-0.2877220890311579,-0.7079958569601353,-0.22184343053345984,-0.7627516478195191,-0.6138785518668235,-0.7694746769432201,-0.4985776029534911,2.5375011991903778,-0.7828964292834533,-0.6513445002427333,-0.8034837618459576,-0.5082045053012073,-0.6637916829180104,-0.1220875722126297,0.9790765526357521,-0.2905651571173251,0.018255034659132002,-0.05018529385267257,-0.802071915303832,-0.18867886069993195,-0.48009498011681095,-0.42282488369800897,2.3857401268543272,0.21861007088069498,-0.43134522324829544,0.9246739188739674,0.007453471193727517,-0.13223132682511707,-0.33013023192356905,-0.5745447739456271,-0.311486984613263,-0.5396380705987857,-0.27524518837844714,-0.41900492118622645,-0.5601316652039429
23,-0.11892011826135748,3.5318268378025675,0.09821090810216972,-0.7877327479076812,-0.4899993411247944,-0.025491698523315235,5.620418596136915,0.765172128477501,-0.06608293349579088,-0.6419577959356357,-0.30653461790267306,-0.7909527058006495,-0.4524586946164393,-0.3554927828534925,-0.8025750897177983,-0.18121084557343764,-0.421393255755986,-0.6022711991400812,-0.74745024061718,-0.4697699402737618,-0.6330250752008428,-0.0034376042375292245,-0.7263612153261089,-0.3625844344175933,-0.3655241071183603,3.8031847726551726,-0.3074813219033673,-0.7590340085414449,-0.17236864813435468,0.2262339776930829,0.9523180955365684,-0.0894133226732562,-0.6553480950915234,-0.2807239256010772,-0.6528124635485747,-0.031457125416122375,2.4402728050515723,1.6560815586026212,-0.6762771856959172,-0.4276393054222243,0.8111854209238797,-0.7849785157747685,0.21276916288624628,6.105035610006912,-0.2833503570705657,-0.41676097258939243,1.4259524192365503,0.24859929890574126,-0.4100623108481696,1.0450734150528307,0.5067696317373148,-0.4281393438295354,-0.838099407464964,0.5631899320911915,-0.4602047549454916,-0.4248323638571911,-0.026777793084055153,0.6426155737414709,-0.11533000389407506,-0.7896813877285809,-0.7622697554452618,-0.21967513763389934,-0.5948757970892099,-0.597086394298804,2.1221557149475068,-0.7272161150461649,0.10095736168718561,-0.19315183320631812,-0.09571916175085349,-0.6138785518668235,-0.5855658153411121,-0.24999630210224524,-0.8168938541717079,1.3207213833904021,-0.8298928829847106,-0.21614183067201198,-0.2766666673989011,-0.4994868109086019,-0.6052837683048317,2.4278432774592975,-0.2905651571173251,0.9624809653038936,-0.3986942789406762,0.3965838078231586,-0.18867886069993195,-0.40206881725043503,-0.42282488369800897,1.7648578557146193,-0.667168174178847,-0.49144906299492275,-0.31608276529103424,-0.20550284862705917,-0.4653077168128177,-0.4729201246240747,2.5997357450909866,-0.15548348647640342,-0.457825142976168,0.051649334636335656,-0.41900492118622645,-0.4018129356381026
24,-0.8063196457836549,4.11014487992905,1.376048002368318,1.8812552653322843,-0.808801775168252,-0.3862232814004173,5.092910906598348,-0.08088285657059825,-0.7473502891225012,-0.8233018060869453,-0.7925831663741418,-0.7909527058006495,0.01722161121377456,-0.3554927828534925,0.011395589509177712,-0.31835326149682636,-0.09749375094738805,-0.22888545881765018,-0.1345349141578278,-0.5090253877772097,3.9607708261115144,-0.4722018184460547,-0.7263612153261089,-0.30615984144878017,-0.4217989876148748,5.588888623365248,-0.14145469020608475,-0.8293357654084281,1.9781039293575946,0.06277012097842767,1.3019209206234144,0.9200919333151202,-0.47391174539841063,-0.2807239256010772,-0.8370146259494141,-0.48957060234994354,-0.2997957343062038,-0.7942265277101938,-0.5000715614916658,-0.7879083074628513,1.7057436707296578,-0.7235584996740864,1.5161024730623338,5.8057508200071855,0.007478455171950403,0.07547639661067736,1.940736686108951,-0.4037366476503546,-0.5956108677930426,-0.27637057074374,-0.2502485974904282,-0.4281393438295354,-0.838099407464964,-0.4576981623339291,-0.4405982128977116,-0.5042402823351707,-0.555286867111459,-0.47748129283977825,-0.11533000389407506,0.9225505891330428,-0.12704495924087694,-0.3851762458462796,-0.25649365995086526,-0.7672934622289077,-0.5018389866877411,1.7632500323722078,3.1749795925470052,-0.3653014171691685,0.7380714458349785,3.056807549842543,0.5178873542715363,-0.47945596442647215,0.7616449944692737,-0.4322934605044773,-0.11569935201680126,-0.4119224743966605,-0.40296003352743176,-0.6637916829180104,-0.7663491670022323,-0.3248134997054389,-0.271066757096031,-0.768599907544836,-0.3986942789406762,0.05411074407258983,-0.011015150059694707,-0.421575357967029,-0.42282488369800897,-0.7186712288442116,1.2815439649521454,-0.49144906299492275,-0.6262719363322846,0.11393163110412086,2.5323797930764878,-0.5137172368242192,-0.7508936916698834,-0.10348232043078355,-0.6214509982214033,-0.7655869729006214,-0.41900492118622645,-0.7184503947697831
25,0.05292976361921688,4.11014487992905,0.09821090810216972,-0.2158067450705457,-0.4899993411247944,-0.2659794204413833,6.605099616608905,0.08832814043902161,-0.23639977240246846,0.08341824466960238,-0.7925831663741418,0.6081381653089899,1.5828226306478206,0.4191005660966963,-0.6397809538724032,-0.31835326149682636,-0.5833430081602851,0.3311931516659963,-0.74745024061718,-0.4305144927703138,-0.6330250752008428,2.027873990666081,7.091284059592237,-0.3625844344175933,-0.49683216161022736,6.937277245329999,1.5188116267667404,-0.7590340085414449,0.3238942543637875,0.2262339776930829,0.07831103281945356,-0.44995091409767635,2.6105061993845067,-0.10305055496748404,-0.8370146259494141,-0.5574392655993985,-0.2997957343062038,0.1858967068149322,-0.32386593728741425,-0.7879083074628513,-0.7990194287265212,-0.769623511749598,-0.6018141559738084,2.887724117509857,1.2123406773195171,-0.5808400956560823,0.22478912986761498,-0.4037366476503546,-0.22451375390329645,-0.6539259952570459,-0.2502485974904282,-0.2915281939158355,-0.651023646870106,-0.6278461780714493,-0.3621720447065917,-0.48438830271567584,-0.555286867111459,-0.7975089690058494,-0.4837964700093306,-0.44723499235625613,0.03176123981021927,-0.3851762458462796,-0.08730259138169293,-0.7672934622289077,0.48215902642547687,-0.7272161150461649,-0.7079958569601353,-0.16446023587917638,1.5718620534208105,0.2600943294925495,1.2535228006799686,-0.4985776029534911,-0.8168938541717079,-0.08169049172550143,-0.47279611750075595,-0.8034837618459576,-0.5082045053012073,0.8149521651666662,-0.444218369607431,-0.7594435171525026,-0.4660507573089723,0.1756260230999256,-0.7472032640286799,1.4240029990748646,-0.36634257134016923,-0.48009498011681095,-0.21846292927654498,-0.7186712288442116,-0.13570122714312183,-0.49144906299492275,-0.7813665218529099,-0.25874192858225586,-0.2987695218189674,-0.5137172368242192,0.13085089695139818,-0.15548348647640342,-0.5069128995497386,0.21509659614372706,-0.08751368607054091,1.9729680078495013
26,1.2558789367832375,6.65474426528557,0.645855377073376,1.118687261549437,2.5386237822880533,-0.3862232814004173,4.741239113572637,-0.25009385358021813,-0.7473502891225012,-0.8233018060869453,-0.7925831663741418,-0.16913454086303198,1.426262528704416,-0.08210689498872,0.6625721328907586,-0.31835326149682636,-0.5833430081602851,-0.41557832897886565,4.1558723710576375,-0.3520035977634179,0.7451136951928643,-0.7847112945850717,-0.556412405001797,0.14523690230172503,-0.12166629163346428,4.386271744315605,-0.6395345852979323,-0.8012150626616348,0.8201571568619297,-0.7545491625948485,-0.6208946173542383,-0.23362835924302425,-0.8367844447846362,0.3115206431775666,-0.6528124635485747,-0.5574392655993985,-0.2997957343062038,-0.7942265277101938,-0.5000715614916658,1.5538402058012248,1.169008720846191,-0.7849785157747685,-0.11306416465777558,3.3366513025094457,-0.36644430342557033,6.4745621962115845,-0.46158989262891953,-0.4037366476503546,-0.7811594247379158,-0.6539259952570459,-0.35839405880867725,-0.34617265388131546,-0.838099407464964,-0.4576981623339291,-0.3817785867543717,-0.5042402823351707,-0.731456558453927,0.16257405949236417,0.2531364622211805,-0.44723499235625613,-0.4446573573430694,-0.21967513763389934,0.9278438200333411,-0.0864651905084927,-0.1738396489833351,-0.7272161150461649,0.2627480054166498,0.2946053213550913,-0.7627516478195191,-0.7886731281386982,1.2535228006799686,-0.1735097479941696,3.721405335671114,-0.7828964292834533,-0.2942477347587786,0.7627613879512306,-0.40296003352743176,-0.006572194880376346,-0.7663491670022323,0.2546931902239793,-0.4660507573089723,-0.13911595378166158,2.9121410793953584,1.9377125947007179,-0.36634257134016923,-0.4996015208334049,-0.42282488369800897,-0.5634506610592848,1.6358552629759622,-0.4513798364971712,1.5450522609564683,0.22040979101451422,-0.7983841068005183,-0.4729201246240747,-0.5745447739456271,-0.311486984613263,-0.5723632416478327,0.3785438576511185,-0.41900492118622645,-0.7184503947697831
27,1.084029054902663,-0.053745023381621064,-0.2668854045453012,-0.7877327479076812,-0.4899993411247944,-0.3862232814004173,-0.2525003473924606,-0.419304850589838,2.9996201668244056,0.8087942852748405,0.9895948446879105,-0.7909527058006495,-0.6090187965598439,-0.3554927828534925,-0.8025750897177983,8.59590377352344,-0.745292760564584,-0.042192588656434694,-0.74745024061718,-0.41088676901858984,0.28573410506162855,0.30907187190148777,-0.7263612153261089,-0.08046146957352757,-0.49683216161022736,-0.3148669646966337,-0.6395345852979323,-0.7027926030478582,-0.3377896156337354,0.5531616911223933,0.7775166829931455,6.183940768111654,-0.47391174539841063,5.819395132818954,1.5576134852614978,-0.43866910491285227,-0.6221567389365305,1.002666068919204,0.7333678079380946,0.29289869865902984,-0.2622844788430542,-0.7849785157747685,-0.2759808284297865,-0.21735557873730108,2.4587498726445864,0.07547639661067736,-0.46158989262891953,9.14408947921614,1.4454232586005615,-0.8427037075136988,-0.1421031361721792,-0.4281393438295354,-0.838099407464964,-0.7979941938089693,-0.4798112969932716,-0.5042402823351707,-0.026777793084055153,0.3225878975753998,0.06890322916355274,-0.7896813877285809,0.03176123981021927,-0.3851762458462796,0.5894616828949965,-0.0864651905084927,2.2861553837997097,0.44476795432718697,0.5863292928755782,-0.30791822251488504,-0.7627516478195191,-0.6138785518668235,-0.03383923053478791,-0.4985776029534911,0.7616449944692737,-0.7828964292834533,-0.8298928829847106,-0.4119224743966605,-0.38191113917267666,-0.17087706688978485,0.03897782648477095,-0.7594435171525026,-0.48554915733026643,0.018255034659132002,-0.7472032640286799,0.9102934034490118,4.13447143154584,-0.4996015208334049,4.200864335087614,-0.2530095254894309,-0.13570122714312183,-0.43134522324829544,-0.005893594249783797,11.453855661561011,-0.7983841068005183,-0.4933186807241469,-0.22184693849711443,8.528711243142114,-0.5396380705987857,-0.27524518837844714,-0.750496156301912,-0.4018129356381026
28,-0.4626198820225062,-0.2850722402322139,-0.8145298735165075,0.35611925776658976,-0.011795690059607908,-0.32610135092090026,-0.07666445087960501,1.103594122496741,-0.7473502891225012,0.44610626497222144,-0.7925831663741418,-0.6354981645662451,-0.29589859267303464,-0.12767120963284875,-0.8025750897177983,9.053045159934737,-0.5833430081602851,1.0779646323108583,-0.74745024061718,-0.5090253877772097,0.28573410506162855,-0.7847112945850717,-0.3864635946774852,-0.19331065551115387,-0.4030406941160366,0.013119456862359716,-0.4735079536006498,-0.8855771709020147,-0.17236864813435468,-0.7545491625948485,-0.27129179226739236,8.491381353227943,1.52188810122583,10.971922881193155,0.636602673257301,-0.5065377681623072,-0.7833372412516937,-0.7942265277101938,1.614395928959352,0.47303319967934343,-0.7990194287265212,-0.7389135036992569,-0.6018141559738084,-0.03030258498747228,7.2781987612348535,-0.5808400956560823,-0.2899951370047859,6.712655496597964,-0.22451375390329645,0.1011848537695659,-0.35839405880867725,-0.1002725840366557,-0.463947886275248,-0.7979941938089693,-0.4994178390410515,-0.1072006899452725,-0.2029474844265231,0.16257405949236417,-0.8522629361245863,-0.7896813877285809,0.5081798369635079,-0.33000920977548615,0.08188847718747941,-0.7672934622289077,0.8101583641298828,1.323756006357201,1.233491867793435,-0.2792266251877433,0.07103895976631291,-0.6138785518668235,-0.7694746769432201,-0.4603343258994532,-0.027624429851217113,1.4960228677798901,-0.11569935201680126,-0.8034837618459576,-0.2977155617536562,-0.828096554927419,-0.6052837683048317,-0.7594435171525026,-0.3880571572237958,-0.6112289191040424,0.4725781837793329,-0.802071915303832,12.01089593659636,-0.3240426543840591,1.927337592148827,-0.2530095254894309,-0.667168174178847,-0.37124138350166813,-0.31608276529103424,7.567402824831654,-0.631845911806668,0.26142789497852575,0.13085089695139818,9.152725235689552,-0.5887258271723562,-0.7655869729006214,-0.750496156301912,-0.7184503947697831
29,-0.8063196457836549,-0.09229955952338653,1.7411443150157888,1.118687261549437,0.6258091780273074,-0.3862232814004173,-0.28766752669503165,-0.7577268446090778,0.6151844221309194,-0.6419577959356357,1.6376595759832024,0.14177454160577677,-0.7655788985032485,-0.264364153565235,0.49977799704536335,7.224479614289553,-0.745292760564584,4.065050554890306,-0.2877637457726659,-0.273492702756522,-0.7861516052445882,2.027873990666081,-0.7263612153261089,-0.30615984144878017,-0.4405572811137129,-0.3148669646966337,-0.8055612169952149,-0.871516819528618,-0.5032105831331162,0.38969783440773814,-0.7956960298976613,5.679188140117466,-0.47391174539841063,7.714577752910614,-0.8370146259494141,-0.591373597224126,0.6672872795847761,-0.7942265277101938,-0.14766031308316277,0.29289869865902984,-0.7990194287265212,-0.6621384835734042,-0.7647308197458192,-0.2547661774872668,4.743833397407213,-0.7449192187227722,1.082762907988283,4.340524781848525,-0.03896519695842335,1.2338511273094837,-0.35839405880867725,-0.37349488386405544,-0.27687212568039,-0.4576981623339291,-0.4405982128977116,-0.4645363230961809,1.7349191203406242,-0.47748129283977825,-0.6680297030669584,-0.6184581900424185,0.6669860360146042,-0.35759272781088286,-0.7640668656583823,-0.7672934622289077,-0.009839980131132115,-0.7272161150461649,-0.5462052132306712,-0.19315183320631812,-0.7627516478195191,1.6584509396675462,0.5178873542715363,-0.4985776029534911,-0.027624429851217113,-0.7828964292834533,-0.8298928829847106,-0.6077031181213091,-0.40296003352743176,0.9792570371760747,-0.444218369607431,-0.0350601547407298,-0.4660507573089723,0.1756260230999256,-0.572948771484678,0.5678203396984429,4.371356379066158,-0.4996015208334049,3.587778471823222,-0.7186712288442116,-0.3128568761550302,-0.49144906299492275,-0.6262719363322846,6.236425825951738,-0.631845911806668,-0.10574611482277449,0.3071998146756545,5.304638948313682,-0.5232754850742621,-0.60213971139323,-0.5847505387440692,-0.5601316652039429
30,-0.4626198820225062,-0.32362677637397935,0.09821090810216972,-0.2158067450705457,-0.6494005581465232,-0.14573555948234926,-0.3228347059976028,-0.08088285657059825,-0.06608293349579088,3.347610427393174,-0.7925831663741418,-0.16913454086303198,-0.7655788985032485,-0.21879983892110627,-0.8025750897177983,5.3959140686443705,0.8742047634784059,0.3311931516659963,-0.74745024061718,-0.31274815025996994,-0.7861516052445882,-0.6284565565155632,0.2933316466197623,-0.3625844344175933,-0.49683216161022736,-0.3148669646966337,-0.8055612169952149,-0.8574564681552214,0.9855781243613103,-0.7545491625948485,0.2531124453628765,5.895510694972118,-0.8367844447846362,9.313638088612953,-0.46861030114773533,-0.48957060234994354,-0.6221567389365305,1.3293738137609126,0.20475093532534022,-0.7879083074628513,-0.6201077787653655,-0.7849785157747685,-0.6018141559738084,-0.06771318373743804,3.9544409070346696,-0.08860272645601257,-0.8047794038771868,8.728966604134987,2.3731660433249266,-0.8427037075136988,-0.1961758668313037,-0.37349488386405544,0.6585066772939002,-0.6278461780714493,-0.24453279241991188,-0.2660165269012318,-0.2029474844265231,-0.7975089690058494,-0.6680297030669584,-0.27601179467009374,0.5081798369635079,-0.33000920977548615,-0.7640668656583823,-0.2566722584385965,-0.3378393178355381,-0.43422009770282693,1.0717012240639707,-0.3653014171691685,0.5713133243178121,-0.7886731281386982,-0.5855658153411121,-0.24999630210224524,1.156279706629519,-0.4322934605044773,1.1341393271770401,-0.8034837618459576,-0.3398133504631664,-0.17087706688978485,-0.7663491670022323,0.3995698627063339,-0.44655235728767817,-0.2964869422224552,2.737886586851357,0.9102934034490118,5.0820112216271065,-0.2655230322342772,3.127964074374928,-0.7186712288442116,0.21861007088069498,-0.49144906299492275,-0.7813665218529099,7.354446505010867,-0.7983841068005183,-0.4933186807241469,-0.7508936916698834,3.692602800899467,-0.5723632416478327,-0.7655869729006214,-0.41900492118622645,-0.0851754765064221
31,0.22477964549979124,-0.053745023381621064,-0.44943356086903663,-0.4064487460162575,-0.17119690708133672,0.87633725866944,0.8025150316846728,-0.5885158475994579,-0.5770334502158236,-0.6419577959356357,1.1516110275117335,1.3854108714810116,3.3049837520252714,0.10015036358779503,-0.8025750897177983,8.915902744011348,-0.25944350335168703,0.14450028150478078,-0.2877637457726659,-0.5090253877772097,-0.3267720151133524,-0.7847112945850717,-0.7263612153261089,-0.19331065551115387,-0.4030406941160366,-0.35130990042541077,-0.8055612169952149,-0.8855771709020147,-0.5032105831331162,0.7166255478370486,-0.7956960298976613,8.563488871512828,0.2518336533740405,6.826210899742649,0.45240051085646166,-0.2180959493521236,-0.1386152319910405,-0.14081103802677644,0.5571621837338432,-0.4276393054222243,0.8111854209238797,-0.7849785157747685,-0.7647308197458192,-0.2921767762372326,6.6549941635723195,-0.08860272645601257,0.5679786411158823,10.923187515278219,-0.22451375390329645,0.28996256602621884,-0.2502485974904282,0.17294971579074406,-0.838099407464964,-0.7979941938089693,-0.28374587651547184,-0.444684343476686,-0.731456558453927,3.2028369830700405,0.2531364622211805,-0.7896813877285809,-0.28585115829197316,-0.33000920977548615,-0.5948757970892099,2.1262266925828563,-0.8298383243921471,1.6167520237005388,0.5863292928755782,-0.3653014171691685,-0.2624772832680199,2.3576292447550444,0.5178873542715363,-0.4603343258994532,0.564327638389151,-0.7828964292834533,-0.6513445002427333,-0.020361186947363465,-0.2766666673989011,-0.4994868109086019,-0.444218369607431,-0.614566844670148,-0.5050475573515606,-0.45385793066324875,-0.7472032640286799,-0.6308353834285477,5.259674932267344,-0.460588439400217,4.124228602179565,1.6096372879296925,-0.667168174178847,-0.41131060999941965,-0.7813665218529099,5.331361466713394,-0.13223132682511707,-0.5137172368242192,1.541642238745449,9.464732231963271,-0.6050884126968797,0.7054383806659013,-0.5847505387440692,-0.5601316652039429
32,-0.8063196457836549,-0.3621813125157448,-0.8145298735165075,-0.7877327479076812,-0.4899993411247944,-0.3862232814004173,-0.3580018853001739,-0.08088285657059825,-0.06608293349579088,0.44610626497222144,1.9616919416308483,-0.013679999628627598,-0.29589859267303464,-0.3554927828534925,1.9649252196539204,6.950194782442775,-0.5833430081602851,-0.7889640693012967,1.5509822336053907,-0.48939766402548573,0.28573410506162855,-0.7847112945850717,2.5026661808358166,-0.08046146957352757,-0.47807386811138924,-0.05976641459519438,-0.6395345852979323,-0.8012150626616348,-0.6686315506324968,-0.427621449165538,-0.4460932048108154,4.66968288412909,-0.6553480950915234,3.628090228337972,-0.6528124635485747,-0.5744064314117623,-0.7833372412516937,1.3293738137609126,0.38095655952959173,0.11276419763871634,0.45336212100156836,-0.7235584996740864,0.7015191542022791,0.38121400126215105,6.1979774586197935,-0.5808400956560823,0.39638388549174863,5.230073799879564,-0.7811594247379158,0.8562957027961777,-0.0880304055130547,-0.3188504238985755,-0.27687212568039,-0.11740213085888894,-0.4405982128977116,-0.2660165269012318,-0.731456558453927,0.002560221409328572,-0.29956323695170284,-0.27601179467009374,-0.4446573573430694,-0.35759272781088286,0.4202706143258241,-0.7672934622289077,-0.8298383243921471,-0.7272161150461649,-0.384414569501207,-0.39399301449631025,-0.4292354047851863,-0.6138785518668235,-0.5855658153411121,-0.4985776029534911,1.156279706629519,0.2689124770534745,-0.6513445002427333,-0.6077031181213091,-0.5082045053012073,-0.828096554927419,-0.6052837683048317,-0.0350601547407298,-0.34906035718120754,-0.768599907544836,2.0408686166753496,-0.6308353834285477,5.555781116667739,-0.4996015208334049,3.434507006007124,-0.2530095254894309,-0.13570122714312183,-0.1508606377640346,-0.005893594249783797,6.981772945324491,-0.13223132682511707,-0.4933186807241469,-0.5745447739456271,5.408641280404923,-0.6050884126968797,-0.11179792687105575,-0.5847505387440692,-0.7184503947697831
33,0.05292976361921688,-0.0151904872398556,-0.8145298735165075,-0.4064487460162575,0.30700674398384975,-0.3862232814004173,-0.21733316808988945,0.765172128477501,-0.40671661130914605,2.4408903766366263,-0.6305669835503189,1.3854108714810116,0.01722161121377456,-0.12767120963284875,-0.6397809538724032,7.087337198366164,1.522003773095602,-0.7889640693012967,1.0912957387608766,-0.31274815025996994,-0.7861516052445882,-0.6284565565155632,-0.7263612153261089,-0.3625844344175933,-0.4217989876148748,0.231777071235022,-0.4735079536006498,-0.8855771709020147,-0.5032105831331162,-0.2641575924508828,-0.7956960298976613,6.832908432675611,0.07039730368092774,3.924212512727294,-0.8370146259494141,-0.5744064314117623,-0.6221567389365305,-0.14081103802677644,0.38095655952959173,1.3737057047809111,1.169008720846191,-0.7235584996740864,0.3756858266582572,-0.32958737498719837,3.5389711752596464,0.7317928888774371,1.4259524192365503,4.399828049717261,-0.5956108677930426,-0.8427037075136988,-0.2502485974904282,-0.4008171138467954,0.0972793955093261,-0.7979941938089693,-0.4798112969932716,-0.48438830271567584,-0.2029474844265231,0.6426155737414709,-0.4837964700093306,0.06643460070223098,0.1905674388613155,-0.24725865566929606,-0.4256847285200376,-0.7672934622289077,1.6301567083908979,0.7377639716705249,1.8806544427112917,-0.39399301449631025,0.5713133243178121,1.308861787123797,0.15006963106732016,-0.4985776029534911,-0.8168938541717079,0.2689124770534745,-0.2942477347587786,1.937445250299122,-0.3398133504631664,-0.17087706688978485,-0.28315297091003033,-0.7594435171525026,-0.5050475573515606,-0.6112289191040424,1.1695961539553403,-0.802071915303832,11.714789752195964,-0.4996015208334049,3.945411892060784,-0.7186712288442116,0.9272326669283286,-0.43134522324829544,0.1492009912708414,7.567402824831654,-0.631845911806668,-0.4729201246240747,-0.5745447739456271,7.384685590138477,-0.37601221535355045,-0.7655869729006214,-0.41900492118622645,0.8647369008886194
34,1.4277288186638117,-0.3621813125157448,1.1934998460445825,-0.7877327479076812,-0.011795690059607908,-0.08561362900283224,-0.2525003473924606,0.4267501344582614,-0.06608293349579088,-0.09792576548170716,1.7996757588070253,0.7635927065433943,-0.6090187965598439,0.4191005660966963,-0.1513985463362175,6.950194782442775,-0.421393255755986,-0.7889640693012967,-0.4409925773875039,-0.3716313215151419,-0.7861516052445882,-0.7847112945850717,-0.7263612153261089,-0.1368860625423407,-0.4217989876148748,-0.35130990042541077,-0.8055612169952149,-0.871516819528618,-0.6686315506324968,1.0435532612663592,0.2531124453628765,9.645101645786086,1.703324450918943,8.0699244941778,0.08399618605478285,-0.591373597224126,-0.7833372412516937,-0.4675187828684851,-0.8524828099001687,0.47303319967934343,2.2424786206131246,-0.47787843527135765,2.6565191194664104,-0.2547661774872668,3.1235014434846233,-0.41676097258939243,0.5679786411158823,6.594048960860492,1.4454232586005615,-0.8427037075136988,-0.1961758668313037,-0.4281393438295354,-0.651023646870106,0.9034859635662317,-0.4994178390410515,-0.5042402823351707,0.1493918982584128,-0.31746745475674265,0.06890322916355274,0.4088809960745557,1.461017031270085,-0.3851762458462796,-0.7640668656583823,-0.2566722584385965,-0.8298383243921471,-0.43422009770282693,-0.22262392577174278,-0.39399301449631025,-0.7627516478195191,-0.6138785518668235,-0.5855658153411121,-0.26911794062926414,-0.027624429851217113,2.5478317741168177,-0.47279611750075595,-0.4119224743966605,-0.48715561094645216,2.4580008852607516,-0.444218369607431,-0.7594435171525026,-0.1345779569469721,-0.6112289191040424,4.480431512291375,-0.802071915303832,6.088772248588451,-0.4996015208334049,2.0806090579649252,-0.40823009327435783,-0.8443238231907555,-0.37124138350166813,-0.4711773508116594,5.065166066937412,-0.7983841068005183,-0.3505287880236413,-0.5745447739456271,8.372707745005254,-0.5069128995497386,-0.43869244988583855,0.9069600192765157,-0.7184503947697831
35,-0.8063196457836549,-0.2465177040904484,-0.2668854045453012,0.1654772568208779,-0.011795690059607908,-0.14573555948234926,-0.3580018853001739,-0.419304850589838,2.488669650104373,1.1714823055774597,-0.7925831663741418,-0.6354981645662451,-0.6090187965598439,-0.264364153565235,-0.47698681802700793,-0.31835326149682636,-0.745292760564584,-0.7889640693012967,1.0912957387608766,2.4547608987331113,-0.7861516052445882,-0.6284565565155632,0.633229267268386,-0.30615984144878017,2.0167791672340853,-0.2784240289678567,-0.8055612169952149,-0.8152754140350315,-0.8340525181318775,-0.7545491625948485,-0.7956960298976613,-0.30573587752790826,3.5176879478500704,0.4299695569332954,-0.10020597634605656,-0.591373597224126,1.4731897911605927,-0.6308726552893394,2.1430128015721066,1.9141092078418518,-0.4411961288042099,-0.769623511749598,-0.6018141559738084,-0.3669979737371641,-0.0756154911830542,-0.7449192187227722,-0.8047794038771868,-0.3444333797816186,-0.22451375390329645,-0.8427037075136988,-0.1421031361721792,-0.4281393438295354,-0.838099407464964,0.5631899320911915,3.3042513182282636,-0.48438830271567584,0.5017312809433487,-0.6374951309228138,1.9112355597398305,-0.6184581900424185,-0.6034635563941656,-0.3851762458462796,1.2662259571716858,-0.7672934622289077,2.1221557149475068,0.8842619803421939,-0.5462052132306712,0.03638094541081573,-0.4292354047851863,0.7844780583081733,3.460429139905265,1.1458833103701351,-0.6195764980915852,-0.6075949448939653,-0.8298928829847106,0.9585420316758791,2.4175918100097524,-0.828096554927419,1.8106972121561782,-0.7594435171525026,1.3862972447139699,0.8051099768630999,-0.7472032640286799,-0.6308353834285477,-0.30712133446009016,1.1974675215102712,-0.269553417881911,-0.5634506610592848,1.6358552629759622,-0.471414449746047,-0.31608276529103424,-0.1522637686718625,-0.631845911806668,2.3216820610858213,-0.39819585622137077,-0.36348815065888285,0.7857313568876194,-0.7655869729006214,-0.41900492118622645,-0.0851754765064221
36,-0.6344697639030806,-0.32362677637397935,1.010951689720847,-0.5970907469619694,0.30700674398384975,-0.32610135092090026,-0.2525003473924606,4.826236056708377,-0.5770334502158236,1.7155143360313883,0.01749774774497282,-0.7909527058006495,-0.7655788985032485,-0.3554927828534925,1.1509545404269443,0.0016457089910806458,-0.745292760564584,-0.6022711991400812,1.5509822336053907,3.122103506291727,1.2044932853241,-0.7847112945850717,-0.7263612153261089,-0.249735248479967,3.029727016171346,-0.13265228605274848,-0.8055612169952149,-0.7730943599148414,-0.00694768063497396,-0.427621449165538,-0.27129179226739236,-0.3778433958127923,-0.29247539570529785,-0.04382609808961965,-0.8370146259494141,-0.48957060234994354,-0.7833372412516937,1.002666068919204,-0.6762771856959172,-0.7879083074628513,0.9900970708850353,-0.7235584996740864,-0.4388974922017974,0.007108013762493475,-0.36644430342557033,-0.7449192187227722,1.5975471748606838,-0.047917040437938666,0.14658335998644975,0.1011848537695659,-0.35839405880867725,-0.4281393438295354,-0.08979636508553193,-0.7979941938089693,2.108252253313685,-0.5042402823351707,-0.731456558453927,0.6426155737414709,-0.29956323695170284,-0.7896813877285809,-0.28585115829197316,-0.24725865566929606,-0.5948757970892099,-0.7672934622289077,-0.009839980131132115,-0.43422009770282693,-0.7079958569601353,-0.39399301449631025,-0.09571916175085349,0.6096834820362987,-0.21774809213689597,3.1918986327611583,-0.8168938541717079,-0.08169049172550143,0.9555909444350628,-0.6077031181213091,1.9545161342051403,-0.828096554927419,-0.7663491670022323,-0.3248134997054389,1.8152620451824408,-0.45385793066324875,-0.2244397863966744,-0.802071915303832,-0.0702363869397738,1.0999348179273012,-0.39727963939532596,-0.5634506610592848,1.2815439649521454,-0.4513798364971712,-0.4711773508116594,-0.1522637686718625,-0.631845911806668,2.648058958686977,-0.7508936916698834,-0.36348815065888285,1.243883751574278,-0.60213971139323,-0.750496156301912,-0.5601316652039429
37,0.3966295273803656,-0.3621813125157448,-0.44943356086903663,-0.025164744124833896,4.4514383865488,-0.20585748996186626,0.239840162843535,-0.7577268446090778,0.27455074431756427,0.08341824466960238,-0.14451843507885012,-0.7909527058006495,-0.7655788985032485,-0.30992846820936376,-0.8025750897177983,-0.18121084557343764,-0.421393255755986,-0.6022711991400812,0.018693917457010226,2.866943097519315,0.28573410506162855,-0.7847112945850717,-0.04656597402886146,0.25808608823935136,2.1480872217259526,-0.20553815751030255,-0.3074813219033673,-0.8855771709020147,0.4893152218631682,0.2262339776930829,-0.7956960298976613,-0.44995091409767635,2.429069849691394,-0.10305055496748404,-0.10020597634605656,-0.6083407630364898,0.18374577263928613,-0.4675187828684851,1.966807177367855,-0.7879083074628513,-0.4411961288042099,-0.7849785157747685,-0.7647308197458192,-0.3669979737371641,-0.32489733024806805,-0.7449192187227722,-0.6331846482530531,-0.22582684404414663,-0.22451375390329645,-0.6539259952570459,-0.1421031361721792,-0.4281393438295354,-0.08979636508553193,-0.7979941938089693,2.7748746829382043,-0.3057204861402216,-0.731456558453927,0.4826017356584354,0.2531364622211805,-0.27601179467009374,-0.28585115829197316,-0.27484217370469277,-0.7640668656583823,-0.597086394298804,0.48215902642547687,3.5212261364322357,-0.7079958569601353,-0.39399301449631025,-0.4292354047851863,-0.43908397559494894,3.644338001507373,1.7768973817617593,0.16969292622890558,-0.6075949448939653,-0.6513445002427333,-0.020361186947363465,2.6280807535573034,1.636476525213709,4.70987438870939,0.3995698627063339,1.7372684450972642,-0.768599907544836,1.6923596315873457,0.2253472759478742,0.40353350810085886,3.245654296752639,-0.320643906487277,-0.7186712288442116,0.7500770179164202,-0.4513798364971712,-0.7813665218529099,-0.09902468871666582,0.03430686816873323,2.811247407487555,-0.7508936916698834,0.31252700793417537,1.3584218502459426,-0.60213971139323,1.2384512543922013,-0.4018129356381026
38,-0.29077000014193183,-0.16940863180691748,-0.8145298735165075,-0.7877327479076812,2.6980249993097822,-0.3862232814004173,-0.18216598878731835,-0.7577268446090778,-0.7473502891225012,0.08341824466960238,-0.7925831663741418,0.2972290828401812,1.8959428345346299,-0.30992846820936376,3.267278306417082,-0.31835326149682636,1.360054020691303,0.5178860218272118,-0.74745024061718,2.6706658600020754,-0.7861516052445882,1.5591097764575557,-0.7263612153261089,-0.19331065551115387,3.142276777164375,-0.2419810932390796,0.3566252048857628,-0.8855771709020147,0.3238942543637875,-0.7545491625948485,-0.27129179226739236,-0.44995091409767635,-0.29247539570529785,0.1338472725439735,0.8208048356581404,-0.6083407630364898,-0.7833372412516937,-0.7942265277101938,-0.8524828099001687,2.4545127109027924,-0.7990194287265212,-0.7389135036992569,-0.6018141559738084,-0.32958737498719837,-0.2418033838930634,1.388109381144197,-0.8047794038771868,-0.10722030830667466,-0.7811594247379158,0.8562957027961777,-0.2502485974904282,-0.2915281939158355,0.4714309166990422,0.9034859635662317,1.5592690759758456,-0.18660860842325214,2.08725850302556,-0.7975089690058494,0.9900693944516917,-0.6184581900424185,-0.12704495924087694,-0.3851762458462796,0.08188847718747941,-0.0864651905084927,1.3021573706864917,-0.14122408035948897,-0.7079958569601353,-0.39399301449631025,0.5713133243178121,-0.6138785518668235,2.724793693496833,1.9298704899779104,0.36701028230902827,-0.7828964292834533,1.4912360926609949,-0.6077031181213091,3.6384276825855486,-0.3351819388991934,-0.7663491670022323,-0.614566844670148,1.9322524453102057,1.2772229421854808,0.2983236912353311,-0.802071915303832,-0.011015150059694707,3.4407197039185786,-0.116281952065813,-0.5634506610592848,-0.8443238231907555,-0.1508606377640346,2.010336017518344,-0.09902468871666582,3.0319943780580387,2.2196892805854604,0.4835487323999108,-0.36348815065888285,2.143825955423072,-0.43869244988583855,-0.5847505387440692,-0.4018129356381026
39,0.05292976361921688,-0.2850722402322139,2.653885096634466,-0.4064487460162575,-0.33059812410306555,0.87633725866944,-0.0414972715770339,-0.7577268446090778,-0.7473502891225012,-0.4606137857843262,-0.6305669835503189,0.6081381653089899,0.01722161121377456,0.14571467823192377,0.8253662687361538,-0.2726391228556968,0.22640575386120995,0.14450028150478078,-0.74745024061718,2.827687650015867,0.28573410506162855,-0.4722018184460547,0.12338283629545041,0.03238771636409874,3.1797933641620513,-0.3148669646966337,-0.3074813219033673,-0.7730943599148414,1.316420059360072,-0.10069373573622757,1.8263251582536832,-0.16152084095814023,-0.6553480950915234,0.5484184706890242,1.5576134852614978,-0.5404720997870348,-0.6221567389365305,-0.4675187828684851,-0.14766031308316277,0.11276419763871634,-0.4411961288042099,-0.7849785157747685,0.7015191542022791,-0.03030258498747228,-0.36644430342557033,2.2085049964776466,0.7395733967400159,0.30790256677447725,-0.5956108677930426,-0.8427037075136988,-0.0880304055130547,-0.15491704400213566,-0.27687212568039,0.9034859635662317,2.6768419726993042,-0.5042402823351707,-0.555286867111459,-0.6374951309228138,-0.8522629361245863,-0.6184581900424185,-0.7622697554452618,-0.05417402942151913,0.9278438200333411,1.1049842850022336,-0.665838655539944,-0.580718106374496,-0.7079958569601353,-0.39399301449631025,-0.7627516478195191,0.08529975322067489,-0.401656953739004,2.4652763687344397,-0.8168938541717079,0.2689124770534745,-0.47279611750075595,-0.8034837618459576,3.259547584199957,-0.828096554927419,1.1664356173665755,0.3995698627063339,3.1021564465878537,-0.2964869422224552,-0.2244397863966744,-0.802071915303832,-0.011015150059694707,3.772330896100676,-0.34618915078996,0.6783138812201307,1.990166560999779,-0.4513798364971712,0.3042955767914666,-0.25874192858225586,-0.7983841068005183,2.1584936122852434,1.0125954855726798,-0.15548348647640342,1.620223218638319,0.3785438576511185,1.2384512543922013,-0.7184503947697831
40,-0.4626198820225062,0.29324580189426813,1.010951689720847,-0.5970907469619694,-0.011795690059607908,-0.20585748996186626,-0.11183163018217612,-0.5885158475994579,-0.06608293349579088,3.891642457847103,-0.7925831663741418,-0.32458908209743637,-0.7655788985032485,-0.30992846820936376,0.17418972535457292,-0.31835326149682636,-0.5833430081602851,1.0779646323108583,-0.4409925773875039,3.3576361913124146,-0.4798985451570976,-0.3159470803765462,-0.3864635946774852,0.03238771636409874,3.142276777164375,-0.13265228605274848,0.19059857318848028,-0.871516819528618,-0.6686315506324968,-0.2641575924508828,-0.7956960298976613,-0.44995091409767635,2.6105061993845067,-0.399172839356806,-0.28440813874689597,-0.591373597224126,-0.4609762366213671,0.022542834394077883,0.7333678079380946,-0.6077738064425378,-0.2622844788430542,-0.7082034956489158,0.5386024904302681,-0.21735557873730108,-0.1587094375380588,2.700742365677716,-0.6331846482530531,-0.2851301119128826,2.3731660433249266,-0.6539259952570459,-0.3043213281495527,-0.2095615039676156,1.0326581984836163,-0.4576981623339291,2.931727019320444,-0.2858685065207267,-0.555286867111459,-0.7975089690058494,0.8058361613940639,0.4088809960745557,-0.4446573573430694,-0.3851762458462796,-0.08730259138169293,-0.7672934622289077,0.31815935757327385,-0.580718106374496,-0.06083328204227859,-0.049693846570609455,-0.09571916175085349,-0.7886731281386982,-0.7694746769432201,3.038925524545007,-0.8168938541717079,-0.7828964292834533,-0.8298928829847106,0.9585420316758791,2.8175208027500998,-0.006572194880376346,-0.7663491670022323,-0.3248134997054389,2.478207645906441,0.6477389884223064,0.6468326763233347,0.3965838078231586,-0.24790009758001105,2.5629253716718496,-0.42282488369800897,-0.7186712288442116,0.04145442186878656,-0.49144906299492275,1.2348630899152178,-0.3652200884926492,-0.631845911806668,2.097297943985027,0.4835487323999108,-0.20748465252202328,2.0620130278004543,0.21509659614372706,-0.750496156301912,-0.7184503947697831
41,-0.8063196457836549,-0.32362677637397935,-0.2668854045453012,0.5467612587123015,-0.808801775168252,1.718044285382678,-0.3228347059976028,2.964915089602559,2.1480359722910176,0.2647622548209119,1.9616919416308483,-0.6354981645662451,-0.29589859267303464,-0.30992846820936376,-0.47698681802700793,-0.13549670693230806,-0.5833430081602851,1.2646575024720736,-0.4409925773875039,1.5911410536572563,-0.6330250752008428,-0.7847112945850717,-0.7263612153261089,-0.30615984144878017,1.0413479052945012,-0.13265228605274848,-0.6395345852979323,-0.871516819528618,-0.6686315506324968,-0.5910853058801933,-0.6208946173542383,-0.44995091409767635,-0.8367844447846362,-0.33994838247894155,1.1892091604598192,-0.5574392655993985,-0.7833372412516937,-0.4675187828684851,0.028545311121088726,-0.7879083074628513,-0.7990194287265212,-0.600718467472722,-0.7647308197458192,-0.2921767762372326,0.1321193747044573,1.0599511350108168,-0.46158989262891953,-0.4037366476503546,0.8887775877659422,-0.6539259952570459,-0.3043213281495527,-0.15491704400213566,0.8455824378887582,0.05274588487863117,0.8730401043035467,-0.444684343476686,1.5587494289981563,-0.7975089690058494,-0.8522629361245863,-0.7896813877285809,-0.4446573573430694,-0.33000920977548615,-0.7640668656583823,-0.7672934622289077,-0.665838655539944,0.7377639716705249,-0.7079958569601353,-0.3653014171691685,-0.09571916175085349,0.959272634580048,0.8857050774757523,1.4900728038564754,-0.8168938541717079,0.2689124770534745,-0.8298928829847106,1.7416646065744734,1.1967559374339565,-0.828096554927419,-0.28315297091003033,-0.614566844670148,3.4336292469498537,1.591964919067068,-0.2244397863966744,3.307604849702993,-0.36634257134016923,2.5044057495220677,-0.42282488369800897,-0.09778895770450395,-0.13570122714312183,-0.471414449746047,-0.7813665218529099,0.06069255114892419,0.5339214531502842,1.2609571438820653,-0.7508936916698834,0.7285363362991343,1.309334093672372,2.993700041769381,-0.41900492118622645,-0.24349420607226235
42,0.05292976361921688,-0.3621813125157448,-0.2668854045453012,-0.4064487460162575,-0.6494005581465232,-0.3862232814004173,-0.11183163018217612,-0.7577268446090778,-0.40671661130914605,-0.8233018060869453,-0.6305669835503189,-0.7909527058006495,0.8000221209307976,-0.3554927828534925,-0.47698681802700793,-0.08978256829117849,0.550305258669808,0.5178860218272118,-0.74745024061718,2.945453992526211,-0.4798985451570976,-0.7847112945850717,0.8031780775926979,0.37093527417697764,2.7108360266910974,-0.20553815751030255,-0.14145469020608475,-0.8574564681552214,-0.8340525181318775,-0.7545491625948485,0.2531124453628765,-0.30573587752790826,-0.6553480950915234,-0.33994838247894155,0.26819834845562224,-0.6083407630364898,-0.4609762366213671,-0.7942265277101938,1.2619846805508492,1.3737057047809111,-0.7990194287265212,-0.6160734714978925,-0.2759808284297865,-0.3669979737371641,-0.2833503570705657,1.0599511350108168,1.082762907988283,-0.16652357617541064,-0.7811594247379158,1.2338511273094837,-0.0339576748539302,-0.26420596393309553,1.2197339590784744,0.7333379478287115,0.8534335622557667,-0.2660165269012318,0.6779009722858166,1.9227262784057557,-0.8522629361245863,-0.44723499235625613,-0.6034635563941656,-0.3851762458462796,-0.4256847285200376,0.5943630812119223,-0.665838655539944,0.005273928312180023,-0.5462052132306712,-0.3653014171691685,0.07103895976631291,-0.7886731281386982,-0.401656953739004,2.235816706410213,1.9455491309500097,-0.6075949448939653,1.669784475402972,-0.6077031181213091,3.112205323716671,0.6506472931572577,1.0053702186691749,-0.7594435171525026,3.2971404468007948,0.1756260230999256,0.2983236912353311,-0.28836231967797893,0.2850910343407007,2.309340342356128,-0.192917684973862,-0.7186712288442116,0.5729213689045117,-0.49144906299492275,-0.6262719363322846,0.22040979101451422,0.5339214531502842,3.5659939831902276,-0.39819585622137077,-0.36348815065888285,1.3420592647214191,-0.27524518837844714,-0.25325930362838367,1.3396930895861403
43,-0.8063196457836549,-0.3621813125157448,-0.6319817171927721,-0.025164744124833896,-0.4899993411247944,0.4554837453128208,-0.3228347059976028,-0.7577268446090778,0.10423390541088669,1.3528263157287692,-0.7925831663741418,0.7635927065433943,-0.7655788985032485,0.28240762216431003,-0.8025750897177983,-0.22692498421456722,0.550305258669808,-0.22888545881765018,0.7848380755312004,0.904170722346917,-0.7861516052445882,-0.6284565565155632,0.12338283629545041,-0.3625844344175933,2.673319439693421,0.231777071235022,1.020731731674893,-0.871516819528618,-0.8340525181318775,-0.2641575924508828,-0.7956960298976613,-0.44995091409767635,-0.6553480950915234,-0.16227501184534843,0.08399618605478285,-0.6083407630364898,-0.6221567389365305,-0.7942265277101938,-0.8524828099001687,-0.7879083074628513,-0.08337282888189856,-0.21684336684345842,-0.7647308197458192,-0.3669979737371641,-0.36644430342557033,2.2085049964776466,0.7395733967400159,-0.10722030830667466,-0.5956108677930426,-0.8427037075136988,-0.35839405880867725,-0.3188504238985755,2.5292642832424805,0.39304191635367136,2.8336943090815443,-0.4248323638571911,1.0302403549707526,-0.7975089690058494,1.1743026275093196,-0.44723499235625613,1.6198232303211813,-0.24725865566929606,-0.7640668656583823,-0.0864651905084927,-0.665838655539944,0.44476795432718697,-0.7079958569601353,-0.39399301449631025,-0.7627516478195191,-0.2642893993230743,-0.7694746769432201,2.8859524163288555,-0.027624429851217113,-0.25699197611498936,-0.6513445002427333,-0.4119224743966605,2.2071028664622014,-0.3351819388991934,-0.7663491670022323,1.1239532251181066,1.3278020446500876,0.018255034659132002,-0.7472032640286799,-0.802071915303832,-0.30712133446009016,0.8073367071783917,0.06253475805296799,-0.7186712288442116,0.04145442186878656,-0.31113754375504077,-0.6262719363322846,-0.3652200884926492,-0.4653077168128177,1.4445441487827153,-0.5745447739456271,-0.36348815065888285,0.6384680871669077,-0.11179792687105575,0.24397754904514463,1.0230556304544598
44,-0.8063196457836549,-0.130854095665152,-0.8145298735165075,0.9280452606037252,0.30700674398384975,-0.14573555948234926,-0.0414972715770339,-0.419304850589838,-0.40671661130914605,3.347610427393174,-0.7925831663741418,-0.4800436233318407,-0.4524586946164393,-0.3554927828534925,-0.47698681802700793,-0.22692498421456722,1.036154515882705,3.50497194440666,-0.74745024061718,0.9630538936020889,-0.7861516052445882,-0.4722018184460547,0.46328045694407416,-0.3625844344175933,2.823385787684126,-0.3148669646966337,-0.6395345852979323,-0.8855771709020147,-0.8340525181318775,0.5531616911223933,-0.09649037972396941,0.5595543418907,-0.6553480950915234,-0.10305055496748404,-0.6528124635485747,-0.42170193910048853,3.5685363212577155,-0.4675187828684851,-0.8524828099001687,-0.6077738064425378,-0.6201077787653655,-0.7235584996740864,0.21276916288624628,0.19416100751232226,-0.36644430342557033,0.2395555196773673,0.39638388549174863,-0.22582684404414663,-0.4100623108481696,-0.8427037075136988,0.07418778646431881,-0.4281393438295354,3.4646430862167708,-0.6278461780714493,1.7749410385014255,-0.5042402823351707,0.1493918982584128,-0.7975089690058494,-0.11533000389407506,-0.44723499235625613,0.5081798369635079,-0.3851762458462796,-0.25649365995086526,0.08374187742161104,0.6461586952776799,-0.14122408035948897,1.7188637989818274,-0.39399301449631025,1.0715876888693112,-0.2642893993230743,-0.401656953739004,0.8208154554108137,-0.4222591420114625,1.4960228677798901,2.562526389112859,-0.4119224743966605,1.4493426696910177,-0.4994868109086019,-0.7663491670022323,-0.17993682722308435,2.7511852462045594,2.2214488728302424,-0.572948771484678,-0.6308353834285477,-0.0702363869397738,3.206641215319451,-0.42282488369800897,-0.7186712288442116,0.21861007088069498,-0.49144906299492275,-0.7813665218529099,0.48660519079049763,0.20084506316258355,1.6893268219835822,-0.7508936916698834,-0.36348815065888285,1.2602463370988015,-0.7655869729006214,-0.25325930362838367,-0.7184503947697831
45,-0.8063196457836549,-0.3621813125157448,0.4633072207496406,0.9280452606037252,-0.4899993411247944,-0.3862232814004173,-0.14699880948474722,1.2728051195063608,-0.40671661130914605,-0.6419577959356357,-0.6305669835503189,-0.7909527058006495,-0.7655788985032485,0.19127899287605252,0.8253662687361538,0.27593054083785806,-0.745292760564584,-0.042192588656434694,0.9380669071460385,2.847315373767591,-0.7861516052445882,-0.3159470803765462,-0.556412405001797,-0.08046146957352757,3.2735848316562417,-0.35130990042541077,-0.4735079536006498,-0.871516819528618,-0.5032105831331162,0.7166255478370486,-0.7956960298976613,-0.16152084095814023,0.2518336533740405,1.3775608669791255,0.08399618605478285,-0.38776760747576106,-0.2997957343062038,-0.14081103802677644,-0.5000715614916658,-0.7879083074628513,-0.7990194287265212,-0.6928484916237453,0.7015191542022791,-0.21735557873730108,-0.2418033838930634,-0.5808400956560823,2.7987104642296194,0.7823287097243652,2.5587146002698,-0.27637057074374,-0.35839405880867725,-0.4281393438295354,-0.27687212568039,-0.7979941938089693,1.8141541225969853,-0.4645363230961809,-0.555286867111459,-0.15745361667370703,-0.4837964700093306,-0.6184581900424185,-0.28585115829197316,-0.08175754745691584,1.7737991628792027,-0.2566722584385965,1.1381577018342888,1.323756006357201,0.2627480054166498,-0.39399301449631025,-0.2624772832680199,-0.6138785518668235,1.0696139390778605,2.2740599834642508,-0.4222591420114625,-0.7828964292834533,-0.2942477347587786,-0.6077031181213091,1.6808805075933237,-0.6637916829180104,-0.444218369607431,-0.0350601547407298,2.731686846183265,0.6477389884223064,2.563632094307355,-0.4595988515532633,0.2850910343407007,2.036248772323812,-0.371734395092643,-0.7186712288442116,-0.49001252516693866,-0.43134522324829544,-0.7813665218529099,0.5398442707456943,-0.7983841068005183,0.9345802462809095,-0.7508936916698834,-0.15548348647640342,1.3911470212949897,0.3785438576511185,-0.25325930362838367,-0.0851754765064221
46,2.2869782280666837,-0.3621813125157448,2.1062406276632597,-0.7877327479076812,-0.808801775168252,-0.14573555948234926,-0.3228347059976028,1.4420161165159806,0.6151844221309194,-0.8233018060869453,-0.7925831663741418,-0.6354981645662451,-0.6090187965598439,-0.3554927828534925,-0.8025750897177983,-0.18121084557343764,-0.745292760564584,-0.41557832897886565,1.2445245703757146,2.4547608987331113,-0.020518955025861915,-0.7847112945850717,0.46328045694407416,-0.3625844344175933,3.1235184836655367,-0.13265228605274848,-0.8055612169952149,-0.8152754140350315,-0.17236864813435468,0.2262339776930829,0.07831103281945356,-0.30573587752790826,0.6147063527602661,-0.04382609808961965,-0.28440813874689597,-0.5574392655993985,-0.7833372412516937,-0.7942265277101938,0.9095734321423462,0.47303319967934343,0.45336212100156836,-0.7849785157747685,2.0048524643783665,-0.3669979737371641,0.2983072674144665,-0.2526818495227025,-0.46158989262891953,-0.2851301119128826,-0.7811594247379158,4.065516811159278,-0.3043213281495527,-0.37349488386405544,-0.27687212568039,-0.4576981623339291,1.0494989827335666,-0.48438830271567584,-0.731456558453927,-0.7975089690058494,-0.8522629361245863,2.977228961366991,0.6669860360146042,-0.16450810156310594,0.25107954575665176,-0.4268793263687002,3.106153728060725,-0.43422009770282693,-0.22262392577174278,-0.07838544389775119,-0.5959935263023527,-0.6138785518668235,-0.7694746769432201,1.184126587424173,-0.4222591420114625,1.671324352169378,-0.2942477347587786,-0.020361186947363465,2.4386407043645075,-0.6637916829180104,0.2000432251821716,2.5727199499416518,1.561782844905617,2.8509328265934166,-0.7472032640286799,-0.802071915303832,-0.24790009758001105,1.2364806029434592,-0.34618915078996,1.6096372879296925,0.3957657198926034,-0.41131060999941965,-0.005893594249783797,-0.3652200884926492,2.0327652080949368,1.0977686950814873,-0.5745447739456271,0.20852467584293566,0.7202810147895253,-0.60213971139323,-0.750496156301912,2.447924196547022
47,-0.29077000014193183,0.1004731211854408,0.645855377073376,-0.5970907469619694,0.1476055269621209,-0.14573555948234926,-0.2525003473924606,-0.7577268446090778,-0.7473502891225012,0.08341824466960238,-0.6305669835503189,1.6963199539498204,-0.6090187965598439,-0.30992846820936376,-0.47698681802700793,-0.2726391228556968,0.22640575386120995,2.011428983116936,-0.74745024061718,2.8080599262641432,0.4388606351053738,-0.6284565565155632,0.12338283629545041,-0.3625844344175933,1.735404764751513,-0.35130990042541077,-0.8055612169952149,-0.8293357654084281,-0.17236864813435468,-0.427621449165538,0.07831103281945356,-0.23362835924302425,-0.29247539570529785,0.3115206431775666,-0.6528124635485747,-0.48957060234994354,-0.2997957343062038,0.1858967068149322,0.5571621837338432,-0.7879083074628513,-0.6201077787653655,-0.5392984513720398,0.04985249911423535,-0.32958737498719837,-0.0340685180055519,-0.7449192187227722,-0.8047794038771868,-0.16652357617541064,-0.7811594247379158,0.1011848537695659,0.18233324778256782,-0.15491704400213566,-0.838099407464964,-0.28755014659640904,3.539529822801623,0.11117108586917154,-0.731456558453927,0.4826017356584354,1.7270023266822028,0.9225505891330428,-0.12704495924087694,-0.33000920977548615,-0.5948757970892099,-0.7672934622289077,-0.665838655539944,-0.43422009770282693,-0.7079958569601353,-0.39399301449631025,-0.4292354047851863,0.959272634580048,-0.21774809213689597,1.3179780571133053,1.3535970627096416,-0.6075949448939653,2.3839780063708815,-0.21614183067201198,1.8703205567861196,-0.4994868109086019,-0.444218369607431,0.8341998801533975,1.990747645374088,-0.768599907544836,-0.7472032640286799,-0.802071915303832,-0.36634257134016923,1.1389478993604893,-0.42282488369800897,-0.2530095254894309,-0.49001252516693866,-0.49144906299492275,0.7695793333533423,-0.20550284862705917,0.8669978431379848,3.4436026465897944,0.8362465678484234,-0.311486984613263,2.5528905935361594,-0.7655869729006214,-0.750496156301912,-0.5601316652039429
48,-0.11892011826135748,-0.3621813125157448,-0.08433724822156573,3.597033273843691,0.6258091780273074,-0.32610135092090026,-0.3580018853001739,-0.5885158475994579,-0.23639977240246846,-0.8233018060869453,-0.6305669835503189,0.2972290828401812,-0.6090187965598439,0.14571467823192377,-0.1513985463362175,-0.22692498421456722,-0.745292760564584,-0.7889640693012967,1.5509822336053907,2.592154964995179,-0.3267720151133524,0.46532660997099623,-0.556412405001797,0.08881230933291188,1.9229876997398945,-0.20553815751030255,0.024571941491197763,-0.8574564681552214,0.15847328686440676,-0.2641575924508828,0.6027152704497225,-0.44995091409767635,0.7961427024533789,-0.399172839356806,0.45240051085646166,-0.6083407630364898,-0.7833372412516937,0.6759583240774952,-0.8524828099001687,3.8955887190653007,0.09553882107925708,-0.7542685077244274,-0.7647308197458192,-0.3669979737371641,-0.36644430342557033,-0.7449192187227722,-0.8047794038771868,-0.2851301119128826,-0.7811594247379158,-0.6539259952570459,0.23640597844169234,-0.34617265388131546,0.4714309166990422,-0.11740213085888894,1.6769083282625254,-0.32557246575971655,-0.555286867111459,2.0827401164887913,-0.6680297030669584,1.0937737868192052,1.302210832218989,-0.33000920977548615,-0.5948757970892099,-0.597086394298804,0.8101583641298828,-0.7272161150461649,-0.384414569501207,-0.22184343053345984,-0.4292354047851863,-0.6138785518668235,-0.7694746769432201,3.363993379504328,-0.4222591420114625,-0.7828964292834533,-0.6513445002427333,-0.8034837618459576,2.2492006551717116,-0.6637916829180104,-0.444218369607431,0.6893232076710429,1.0158276443093814,-0.768599907544836,3.7834135421153676,-0.6308353834285477,0.40353350810085886,1.6851310394251207,-0.014100974855081005,-0.40823009327435783,-0.49001252516693866,-0.471414449746047,-0.6262719363322846,-0.20550284862705917,3.1985325730518888,1.4241455926826432,-0.22184693849711443,-0.10348232043078355,1.5384102910157014,-0.7655869729006214,2.398670577297101,-0.0851754765064221
49,-0.8063196457836549,-0.053745023381621064,0.8284035333971115,-0.7877327479076812,-0.4899993411247944,-0.3862232814004173,-0.21733316808988945,-0.7577268446090778,-0.5770334502158236,0.08341824466960238,-0.6305669835503189,-0.7909527058006495,-0.7655788985032485,-0.30992846820936376,-0.6397809538724032,-0.044068429650048924,-0.25944350335168703,-0.22888545881765018,-0.74745024061718,1.865929186181392,-0.7861516052445882,2.6528929429441153,-0.556412405001797,-0.08046146957352757,1.4540303622689406,-0.35130990042541077,-0.6395345852979323,-0.8855771709020147,-0.8340525181318775,1.0435532612663592,1.4767223331668373,-0.23362835924302425,1.52188810122583,-0.399172839356806,0.8208048356581404,-0.523504933974671,-0.6221567389365305,0.022542834394077883,-0.8524828099001687,-0.4276393054222243,-0.08337282888189856,-0.7389135036992569,-0.4388974922017974,-0.1799449799873353,0.5475891064794803,-0.5808400956560823,0.39638388549174863,0.1892960310370053,1.8165203724903074,1.4226288395661366,-0.35839405880867725,-0.4281393438295354,-0.463947886275248,-0.6278461780714493,3.068972813654904,-0.38512840461820125,0.1493918982584128,0.8026294118245066,-0.6680297030669584,0.23765779838839335,-0.6034635563941656,0.16649411486165447,-0.7640668656583823,0.764570149142026,-0.8298383243921471,-0.580718106374496,-0.22262392577174278,-0.39399301449631025,-0.5959935263023527,1.8332455159394208,-0.21774809213689597,3.2875068253962527,-0.6195764980915852,-0.7828964292834533,-0.47279611750075595,-0.8034837618459576,2.9648630632333854,-0.4994868109086019,2.29389340824838,-0.0350601547407298,2.7901820462471476,-0.768599907544836,-0.7472032640286799,1.2527664671995804,0.9365246400215707,1.6071048765587448,-0.244008173579228,-0.7186712288442116,-0.8443238231907555,-0.49144906299492275,-0.7813665218529099,-0.3652200884926492,-0.7983841068005183,1.7301239341837267,0.13085089695139818,-0.36348815065888285,2.1929137119966424,-0.7655869729006214,0.4097231666029874,-0.0851754765064221
50,-0.8063196457836549,-0.130854095665152,-0.6319817171927721,-0.7877327479076812,0.4664079610055785,-0.08561362900283224,-0.3228347059976028,-0.7577268446090778,-0.7473502891225012,-0.09792576548170716,-0.14451843507885012,-0.7909527058006495,-0.6090187965598439,-0.1732355242769775,-0.8025750897177983,-0.08978256829117849,-0.745292760564584,-0.6022711991400812,0.47838041230152434,2.4351331749813876,-0.3267720151133524,-0.6284565565155632,-0.556412405001797,0.03238771636409874,2.466978211206201,-0.35130990042541077,-0.8055612169952149,-0.8855771709020147,-0.3377896156337354,-0.5910853058801933,-0.6208946173542383,0.12690923218139588,-0.47391174539841063,-0.16227501184534843,-0.8370146259494141,-0.6083407630364898,-0.7833372412516937,-0.7942265277101938,-0.8524828099001687,-0.7879083074628513,-0.2622844788430542,-0.5853634634475514,-0.2759808284297865,-0.14253438123736956,-0.32489733024806805,0.7317928888774371,-0.46158989262891953,-0.16652357617541064,-0.5956108677930426,-0.6539259952570459,-0.0880304055130547,-0.4281393438295354,-0.27687212568039,2.6049661209414325,1.7749410385014255,-0.18660860842325214,-0.731456558453927,-0.7975089690058494,0.2531364622211805,-0.7896813877285809,-0.12704495924087694,0.2768281870032413,3.296518780001754,-0.7672934622289077,0.1541596887210709,0.44476795432718697,0.5863292928755782,0.2659137240279496,1.405103931903644,-0.7886731281386982,-0.7694746769432201,1.2606131415322486,2.7348185552705004,-0.08169049172550143,0.06284903072517607,-0.4119224743966605,3.512134316457018,-0.4994868109086019,0.2000432251821716,-0.7594435171525026,1.8932556452676172,1.2772229421854808,0.6468326763233347,0.05411074407258983,-0.36634257134016923,1.5485852544089629,0.16471573526369998,-0.40823009327435783,2.6987891570474125,-0.49144906299492275,-0.005893594249783797,0.48660519079049763,-0.7983841068005183,1.3425513682823542,-0.5745447739456271,-0.15548348647640342,1.71839873178546,-0.60213971139323,-0.750496156301912,-0.7184503947697831
51,-0.8063196457836549,-0.2850722402322139,-0.44943356086903663,-0.7877327479076812,-0.808801775168252,0.1548740929152358,-0.3580018853001739,-0.419304850589838,-0.40671661130914605,0.2647622548209119,0.17951393056879578,-0.32458908209743637,0.3303418151005838,-0.21879983892110627,-0.6397809538724032,-0.18121084557343764,-0.421393255755986,-0.22888545881765018,0.17192274907184826,1.6303965011607042,-0.020518955025861915,-0.15969234230703772,1.1430756982413217,-0.30615984144878017,3.0860018966678604,0.04956239259113676,-0.6395345852979323,-0.871516819528618,-0.8340525181318775,-0.10069373573622757,-0.6208946173542383,-0.44995091409767635,-0.6553480950915234,-0.2214994687232128,-0.46861030114773533,-0.591373597224126,-0.4609762366213671,-0.4675187828684851,-0.8524828099001687,0.47303319967934343,-0.7990194287265212,-0.7849785157747685,1.027352481746301,-0.2547661774872668,-0.2833503570705657,-0.2526818495227025,-0.8047794038771868,0.01138622743079732,-0.5956108677930426,-0.6539259952570459,-0.1421031361721792,-0.018305894088435783,-0.651023646870106,-0.7979941938089693,1.8533672066925453,-0.4645363230961809,-0.555286867111459,0.4826017356584354,0.06890322916355274,-0.27601179467009374,-0.6034635563941656,-0.3851762458462796,-0.7640668656583823,-0.7672934622289077,-0.8298383243921471,0.8842619803421939,-0.5462052132306712,-0.39399301449631025,0.23779708128347932,-0.7886731281386982,-0.7694746769432201,3.2875068253962527,0.36701028230902827,-0.6075949448939653,-0.47279611750075595,-0.6077031181213091,1.5545871414647932,-0.17087706688978485,-0.7663491670022323,-0.7594435171525026,1.854258845225029,-0.768599907544836,-0.7472032640286799,-0.802071915303832,-0.24790009758001105,1.1974675215102712,-0.244008173579228,-0.7186712288442116,-0.8443238231907555,-0.25103370400841346,-0.7813665218529099,-0.25874192858225586,-0.7983841068005183,2.892841631887844,-0.04549802077285813,-0.15548348647640342,1.6038606331137955,-0.60213971139323,1.4041968719500442,-0.5601316652039429
52,-0.11892011826135748,1.0643365247295775,-0.2668854045453012,-0.2158067450705457,-0.808801775168252,-0.3862232814004173,-0.3580018853001739,0.4267501344582614,0.9558180999442746,-0.8233018060869453,1.1516110275117335,-0.4800436233318407,-0.7655788985032485,-0.1732355242769775,-0.6397809538724032,-0.31835326149682636,-0.745292760564584,0.5178860218272118,-0.594221409002342,2.6510381362503512,-0.6330250752008428,-0.4722018184460547,-0.2165147843531733,-0.19331065551115387,2.1480872217259526,-0.09620935032397142,-0.8055612169952149,-0.8293357654084281,-0.5032105831331162,-0.7545491625948485,0.07831103281945356,1.0643069698848882,-0.8367844447846362,-0.399172839356806,-0.6528124635485747,-0.6083407630364898,0.8284677818999393,1.8194354310234755,1.614395928959352,-0.24750480440191075,-0.7990194287265212,-0.7389135036992569,2.3306857919223885,-0.3669979737371641,-0.2418033838930634,0.4036346427440572,-0.8047794038771868,-0.2851301119128826,2.929811714159546,-0.8427037075136988,-0.35839405880867725,0.3368830956871839,1.7809612408630484,-0.7979941938089693,2.8336943090815443,-0.34542444537921146,1.3825797376556883,1.1226570879905777,-0.6680297030669584,-0.44723499235625613,-0.7622697554452618,-0.24725865566929606,0.25107954575665176,-0.4268793263687002,-0.8298383243921471,1.4702540150288699,-0.384414569501207,-0.2792266251877433,-0.2624772832680199,-0.08949482305119973,-0.7694746769432201,1.4135862497484,-0.027624429851217113,1.3207213833904021,-0.6513445002427333,1.1543226754005278,1.2388537261434667,-0.3351819388991934,0.5221740225769729,0.8341998801533975,2.458709245885147,-0.768599907544836,0.12406919869132926,0.3965838078231586,-0.36634257134016923,1.8216768244412784,-0.42282488369800897,5.800592618122719,0.3957657198926034,-0.41131060999941965,1.5450522609564683,1.1254741502528576,-0.2987695218189674,1.0569715828813429,-0.7508936916698834,0.0005200116604561876,1.0638953108045195,2.176463734232424,-0.750496156301912,-0.7184503947697831
53,-0.6344697639030806,-0.2850722402322139,0.645855377073376,-0.5970907469619694,0.944611612070765,-0.3862232814004173,-0.3228347059976028,0.2575391374486415,1.6370854555709848,1.7155143360313883,0.6655624790402646,0.9190472477777987,-0.6090187965598439,0.14571467823192377,-0.8025750897177983,-0.044068429650048924,-0.745292760564584,-0.22888545881765018,-0.594221409002342,3.514657981326206,-0.7861516052445882,-0.7847112945850717,-0.556412405001797,-0.30615984144878017,2.78586920068645,0.1588911997774679,-0.8055612169952149,-0.7449736571680482,-0.8340525181318775,6.274396676135327,-0.4460932048108154,-0.23362835924302425,-0.29247539570529785,-0.399172839356806,1.7418156476623372,-0.43866910491285227,0.18374577263928613,0.34925057923578656,-0.8524828099001687,-0.24750480440191075,-0.6201077787653655,-0.7542685077244274,-0.6018141559738084,-0.2547661774872668,-0.2002564107155611,-0.08860272645601257,-0.6331846482530531,-0.047917040437938666,0.8887775877659422,2.5552951131060544,0.45269690107819033,-0.4281393438295354,-0.27687212568039,-0.28755014659640904,2.088645711265905,-0.48438830271567584,1.7349191203406242,-0.7975089690058494,-0.11533000389407506,-0.44723499235625613,-0.7622697554452618,-0.30242569174008943,-0.5948757970892099,-0.2566722584385965,-0.3378393178355381,-0.580718106374496,-0.5462052132306712,-0.30791822251488504,-0.7627516478195191,-0.43908397559494894,-0.7694746769432201,3.038925524545007,-0.8168938541717079,-0.7828964292834533,0.2413974134671534,1.7416646065744734,3.5752809995212833,-0.828096554927419,0.03897782648477095,-0.7594435171525026,1.8152620451824408,-0.13911595378166158,3.7834135421153676,-0.802071915303832,-0.011015150059694707,2.250820720206346,-0.34618915078996,-0.5634506610592848,-0.8443238231907555,-0.41131060999941965,0.1492009912708414,-0.1522637686718625,-0.4653077168128177,2.015703719584738,-0.04549802077285813,-0.15548348647640342,2.2910892251437835,-0.43869244988583855,0.5754687841608302,0.7064181713227792
54,-0.11892011826135748,-0.3621813125157448,-0.8145298735165075,-0.5970907469619694,-0.808801775168252,-0.2659794204413833,-0.3580018853001739,-0.419304850589838,-0.5770334502158236,-0.6419577959356357,-0.6305669835503189,1.3854108714810116,0.3303418151005838,-0.30992846820936376,0.49977799704536335,0.4130729567612468,-0.5833430081602851,-0.6022711991400812,-0.74745024061718,3.612796600084826,-0.7861516052445882,-0.4722018184460547,-0.04656597402886146,-0.30615984144878017,1.266447427280559,0.19533413550624495,0.19059857318848028,-0.8293357654084281,-0.8340525181318775,-0.2641575924508828,-0.7956960298976613,0.487446823605816,0.6147063527602661,0.015398358788244727,-0.8370146259494141,-0.591373597224126,1.7955507957909194,1.002666068919204,-0.32386593728741425,-0.7879083074628513,0.9900970708850353,-0.33968339904482275,0.04985249911423535,-0.2921767762372326,-0.0756154911830542,0.5677137658107472,0.5679786411158823,-0.16652357617541064,-0.5956108677930426,1.0450734150528307,-0.35839405880867725,-0.4281393438295354,0.28435515610418416,-0.6278461780714493,1.0691055247813464,-0.5042402823351707,1.3825797376556883,-0.6374951309228138,-0.11533000389407506,-0.7896813877285809,-0.7622697554452618,-0.27484217370469277,0.7586527514641688,0.2539489453517148,-0.8298383243921471,3.5212261364322357,3.013188948817541,-0.3653014171691685,0.07103895976631291,-0.6138785518668235,-0.401656953739004,1.9872354055589672,-0.8168938541717079,-0.7828964292834533,1.4912360926609949,-0.6077031181213091,3.6173787882307935,0.15773267712903216,-0.7663491670022323,-0.7594435171525026,2.536702845970324,-0.13911595378166158,-0.7472032640286799,0.05411074407258983,-0.30712133446009016,1.6071048765587448,-0.116281952065813,0.2126521778653499,-0.8443238231907555,-0.29110293050616504,-0.6262719363322846,-0.1522637686718625,0.03430686816873323,1.2609571438820653,-0.39819585622137077,-0.36348815065888285,1.9474749291287894,-0.27524518837844714,-0.25325930362838367,-0.5601316652039429
55,-0.11892011826135748,-0.20796316794868294,-0.6319817171927721,-0.4064487460162575,-0.6494005581465232,-0.32610135092090026,-0.21733316808988945,-0.419304850589838,-0.40671661130914605,-0.8233018060869453,0.01749774774497282,-0.4800436233318407,-0.29589859267303464,-0.1732355242769775,-0.6397809538724032,0.04735984763221022,-0.09749375094738805,-0.7889640693012967,-0.4409925773875039,1.9248123574365639,-0.6330250752008428,-0.6284565565155632,-0.04656597402886146,-0.08046146957352757,0.9475564378003104,0.41399174987890724,-0.8055612169952149,-0.8574564681552214,-0.8340525181318775,-0.7545491625948485,-0.7956960298976613,-0.017305804388372183,3.3362515981569576,0.5484184706890242,-0.8370146259494141,-0.591373597224126,0.02256527032412281,-0.4675187828684851,-0.6762771856959172,-0.4276393054222243,-0.7990194287265212,-0.7849785157747685,0.04985249911423535,-0.2921767762372326,-0.1587094375380588,-0.5808400956560823,-0.2899951370047859,0.6044189061181572,-0.7811594247379158,-0.6539259952570459,0.07418778646431881,-0.12759481401939568,3.6517188468116286,0.05274588487863117,2.147465337409245,-0.48438830271567584,-0.731456558453927,-0.6374951309228138,-0.8522629361245863,-0.7896813877285809,-0.6034635563941656,-0.21967513763389934,-0.7640668656583823,0.2539489453517148,-0.8298383243921471,-0.580718106374496,-0.7079958569601353,-0.39399301449631025,2.0721364179723096,0.08529975322067489,-0.401656953739004,3.019803886017988,-0.4222591420114625,2.7231332585063055,-0.8298928829847106,0.5669807442265821,1.0704625713054259,4.265354477364245,-0.7663491670022323,-0.614566844670148,1.4837892448204406,0.8051099768630999,0.8210871688673366,-0.11712578780269454,-0.0702363869397738,3.5187458667849545,-0.39727963939532596,-0.5634506610592848,1.104388315940237,-0.33117215700391656,2.010336017518344,0.007453471193727517,0.20084506316258355,0.9549788023809818,0.4835487323999108,-0.25948581856764313,1.1620708239516606,-0.60213971139323,-0.750496156301912,-0.4018129356381026
56,0.7403292911415144,-0.20796316794868294,-0.6319817171927721,0.1654772568208779,-0.808801775168252,-0.20585748996186626,-0.21733316808988945,-0.7577268446090778,-0.7473502891225012,-0.8233018060869453,-0.7925831663741418,-0.7909527058006495,-0.7655788985032485,-0.3554927828534925,-0.8025750897177983,-0.31835326149682636,-0.09749375094738805,1.4513503726332893,-0.74745024061718,2.494016346236559,-0.7861516052445882,-0.7847112945850717,-0.2165147843531733,-0.3625844344175933,1.641613297257322,-0.35130990042541077,-0.8055612169952149,-0.8855771709020147,0.3238942543637875,-0.7545491625948485,2.700332220970798,-0.44995091409767635,-0.8367844447846362,0.3115206431775666,-0.46861030114773533,-0.5065377681623072,-0.7833372412516937,-0.4675187828684851,-0.8524828099001687,-0.0673703033815972,1.3479203708073466,-0.7235584996740864,0.86443581797429,-0.21735557873730108,-0.1587094375380588,0.895872011944127,1.5975471748606838,-0.4037366476503546,-0.7811594247379158,0.6675179905395248,-0.3043213281495527,-0.4281393438295354,-0.651023646870106,-0.7979941938089693,3.2650382341327036,-0.08734871032577758,-0.555286867111459,-0.6374951309228138,-0.11533000389407506,-0.7896813877285809,1.7786294293722775,-0.16450810156310594,0.25107954575665176,-0.0864651905084927,-0.1738396489833351,0.005273928312180023,0.10095736168718561,0.43806330799079995,0.23779708128347932,-0.6138785518668235,1.2535228006799686,1.2032482259511919,-0.6195764980915852,-0.08169049172550143,0.41994579620913075,-0.8034837618459576,2.522836281783528,-0.828096554927419,-0.7663491670022323,-0.614566844670148,3.199648446694324,-0.6112289191040424,4.654686004835377,0.05411074407258983,-0.30712133446009016,2.406873045939098,0.11362524665833398,-0.09778895770450395,-0.8443238231907555,-0.49144906299492275,-0.7813665218529099,-0.31198100853745253,-0.13223132682511707,3.137624305088711,-0.5745447739456271,0.5205316721166549,2.503802836962589,0.3785438576511185,-0.750496156301912,0.8647369008886194
57,-0.8063196457836549,-0.09229955952338653,1.7411443150157888,1.8812552653322843,1.2634140461142227,0.09475216243571878,0.09917144563325055,-0.7577268446090778,-0.7473502891225012,-0.09792576548170716,-0.6305669835503189,-0.4800436233318407,-0.4524586946164393,0.4191005660966963,0.988160404581549,0.0016457089910806458,0.22640575386120995,2.5715075936005825,-0.594221409002342,1.1789588548710526,-0.020518955025861915,-0.3159470803765462,0.12338283629545041,0.03238771636409874,1.9605042867375708,-0.09620935032397142,-0.4735079536006498,-0.871516819528618,-0.6686315506324968,-0.7545491625948485,-0.7956960298976613,-0.017305804388372183,-0.29247539570529785,0.015398358788244727,2.110219972464016,-0.6083407630364898,-0.6221567389365305,0.1858967068149322,-0.32386593728741425,-0.7879083074628513,-0.2622844788430542,-0.769623511749598,-0.7647308197458192,-0.2547661774872668,-0.0340685180055519,-0.7449192187227722,-0.2899951370047859,-0.2851301119128826,-0.7811594247379158,-0.6539259952570459,0.02011505580519431,-0.15491704400213566,-0.651023646870106,-0.28755014659640904,3.068972813654904,-0.5042402823351707,0.1493918982584128,0.9626432499075422,0.2531364622211805,3.833344949797803,0.03176123981021927,-0.33000920977548615,-0.25649365995086526,1.445398420862441,0.9741580329820858,-0.14122408035948897,0.424538649146114,-0.22184343053345984,-0.4292354047851863,1.1340672108519225,-0.7694746769432201,0.763450539829757,-0.8168938541717079,-0.6075949448939653,-0.8298928829847106,-0.8034837618459576,1.891369451140875,-0.3351819388991934,1.1664356173665755,0.3995698627063339,2.107738045501853,-0.45385793066324875,-0.7472032640286799,-0.6308353834285477,0.10742732370046347,1.5875983358421508,-0.192917684973862,-0.5634506610592848,0.9272326669283286,-0.4513798364971712,-0.160988179770409,1.6578649498048244,-0.631845911806668,2.7908488513874827,-0.39819585622137077,-0.36348815065888285,0.9493572121328546,-0.7655869729006214,0.4097231666029874,-0.7184503947697831
58,4.52102669251415,-0.3621813125157448,0.09821090810216972,-0.4064487460162575,-0.808801775168252,-0.14573555948234926,-0.28766752669503165,-0.7577268446090778,-0.7473502891225012,-0.8233018060869453,-0.6305669835503189,1.540865412715416,1.5828226306478206,0.4191005660966963,1.4765428121177346,0.13878812491446937,0.7122550110741069,-0.7889640693012967,-0.74745024061718,3.0043371637813827,0.13260757501788334,-0.6284565565155632,-0.7263612153261089,-0.30615984144878017,1.5665801232619696,-0.35130990042541077,-0.14145469020608475,-0.871516819528618,0.654736189362549,0.06277012097842767,-0.6208946173542383,-0.23362835924302425,-0.6553480950915234,0.19307172942183787,-0.8370146259494141,-0.6083407630364898,-0.7833372412516937,1.1660199413400583,0.5571621837338432,-0.0673703033815972,-0.4411961288042099,-0.7542685077244274,-0.7647308197458192,-0.32958737498719837,-0.32489733024806805,1.2240302580775069,-0.2899951370047859,-0.4037366476503546,-0.7811594247379158,-0.46514828300039296,-0.1961758668313037,-0.4281393438295354,4.400021889191061,-0.28755014659640904,2.7552681408904243,-0.5042402823351707,0.1493918982584128,-0.7975089690058494,0.06890322916355274,0.06643460070223098,-0.7622697554452618,-0.35759272781088286,1.7737991628792027,1.6156054887925448,-0.1738396489833351,0.005273928312180023,-0.5462052132306712,-0.22184343053345984,-0.5959935263023527,2.0080400922112953,-0.5855658153411121,2.80946586222078,-0.8168938541717079,2.021927320948354,-0.8298928829847106,-0.4119224743966605,1.1757070430792014,-0.6637916829180104,0.03897782648477095,1.268829897600461,2.9851660464600887,-0.2964869422224552,-0.3986942789406762,-0.6308353834285477,-0.36634257134016923,2.816510400987571,-0.39727963939532596,-0.7186712288442116,0.5729213689045117,-0.29110293050616504,0.614484747832717,-0.1522637686718625,-0.4653077168128177,1.2201600316819208,0.13085089695139818,-0.15548348647640342,0.5566551595442901,-0.7655869729006214,-0.41900492118622645,0.07314325305941816
59,-0.6344697639030806,-0.32362677637397935,-0.8145298735165075,0.35611925776658976,-0.808801775168252,-0.025491698523315235,0.48601041796153277,-0.25009385358021813,-0.7473502891225012,-0.8233018060869453,-0.30653461790267306,1.6963199539498204,-0.7655788985032485,-0.30992846820936376,-0.3141926821816127,-0.31835326149682636,0.06445600145691095,-0.6022711991400812,0.3251515806866863,1.3752360923882925,2.429505525674062,-0.0034376042375292245,2.3327173705115047,-0.3625844344175933,1.5665801232619696,0.1588911997774679,-0.8055612169952149,-0.871516819528618,0.15847328686440676,1.5339448314103248,0.4279138579062995,-0.30573587752790826,-0.47391174539841063,0.7853162982004817,-0.8370146259494141,-0.591373597224126,-0.7833372412516937,-0.4675187828684851,-0.14766031308316277,-0.6077738064425378,-0.7990194287265212,-0.769623511749598,1.3531858092903228,-0.3669979737371641,-0.2418033838930634,1.388109381144197,-0.46158989262891953,-0.4037366476503546,2.187617486380054,0.1011848537695659,-0.3043213281495527,-0.3188504238985755,-0.838099407464964,-0.4576981623339291,1.382810197545826,-0.4645363230961809,-0.731456558453927,2.0827401164887913,-0.6680297030669584,-0.6184581900424185,-0.6034635563941656,-0.30242569174008943,-0.08730259138169293,-0.7672934622289077,0.6461586952776799,0.151771936983849,-0.22262392577174278,-0.39399301449631025,2.4056526610066427,-0.6138785518668235,0.15006963106732016,2.6373711154776096,-0.8168938541717079,-0.6075949448939653,-0.2942477347587786,-0.6077031181213091,1.3440981979172422,0.3220375491384407,0.03897782648477095,-0.3248134997054389,1.2693068445862052,0.1756260230999256,0.12406919869132926,-0.28836231967797893,-0.12945762381985287,1.1194413586438954,-0.39727963939532596,-0.7186712288442116,-0.667168174178847,-0.33117215700391656,-0.160988179770409,-0.3652200884926492,-0.7983841068005183,1.2609571438820653,-0.7508936916698834,0.26052584188855554,2.503802836962589,-0.43869244988583855,-0.750496156301912,-0.5601316652039429
60,-0.8063196457836549,-0.32362677637397935,-0.8145298735165075,0.7374032596580133,-0.6494005581465232,-0.3862232814004173,-0.3228347059976028,-0.419304850589838,0.44486758322424186,-0.09792576548170716,-0.468550800726496,-0.7909527058006495,0.3303418151005838,0.19127899287605252,-0.8025750897177983,-0.22692498421456722,-0.421393255755986,-0.6022711991400812,-0.594221409002342,3.2594975725537947,-0.6330250752008428,0.30907187190148777,-0.3864635946774852,-0.30615984144878017,2.0355374607329235,-0.2419810932390796,0.19059857318848028,-0.871516819528618,-0.8340525181318775,-0.7545491625948485,0.7775166829931455,-0.23362835924302425,2.429069849691394,-0.33994838247894155,1.3734113228606586,-0.6083407630364898,-0.6221567389365305,-0.7942265277101938,-0.6762771856959172,0.29289869865902984,-0.7990194287265212,-0.5853634634475514,-0.7647308197458192,-0.32958737498719837,-0.1587094375380588,-0.08860272645601257,-0.6331846482530531,-0.4037366476503546,-0.4100623108481696,-0.8427037075136988,-0.2502485974904282,-0.4008171138467954,0.4714309166990422,0.7333379478287115,2.049432627170345,-0.4248323638571911,0.1493918982584128,0.9626432499075422,0.8058361613940639,0.5801041937607181,-0.7622697554452618,0.19407763289705118,-0.5948757970892099,3.3176761680935822,-0.665838655539944,-0.580718106374496,0.2627480054166498,-0.39399301449631025,-0.5959935263023527,-0.43908397559494894,-0.7694746769432201,1.375342972694362,0.16969292622890558,0.6195154458324504,-0.11569935201680126,-0.020361186947363465,3.4068898446832425,0.9792570371760747,1.0053702186691749,-0.7594435171525026,3.043661246523971,0.1756260230999256,0.2983236912353311,0.2253472759478742,1.2326308244219661,2.406873045939098,-0.244008173579228,-0.2530095254894309,-0.8443238231907555,-0.4513798364971712,-0.4711773508116594,-0.25874192858225586,-0.7983841068005183,3.0152329684882773,-0.39819585622137077,0.20852467584293566,0.9493572121328546,1.3592274266954667,-0.41900492118622645,-0.0851754765064221
61,-0.29077000014193183,-0.2850722402322139,-0.8145298735165075,-0.025164744124833896,-0.4899993411247944,-0.08561362900283224,-0.3580018853001739,-0.25009385358021813,-0.5770334502158236,-0.4606137857843262,-0.30653461790267306,-0.4800436233318407,0.17378171315717916,-0.264364153565235,1.4765428121177346,0.4130729567612468,-0.25944350335168703,-0.22888545881765018,1.2445245703757146,2.533271793740007,-0.3267720151133524,-0.0034376042375292245,0.46328045694407416,-0.30615984144878017,3.4611677666446234,-0.05976641459519438,0.8547050999776103,-0.8855771709020147,-0.8340525181318775,0.2262339776930829,-0.6208946173542383,-0.44995091409767635,-0.29247539570529785,-0.16227501184534843,-0.46861030114773533,-0.3368661100386698,2.601453307366736,-0.6308726552893394,1.7906015531636035,-0.7879083074628513,0.09553882107925708,-0.769623511749598,-0.7647308197458192,0.15675040876235652,-0.1587094375380588,-0.41676097258939243,-0.8047794038771868,0.42650910251194923,-0.4100623108481696,-0.8427037075136988,-0.35839405880867725,-0.4281393438295354,-0.838099407464964,-0.7979941938089693,1.382810197545826,-0.16675662880375725,-0.731456558453927,-0.47748129283977825,1.9112355597398305,-0.27601179467009374,1.461017031270085,-0.27484217370469277,2.450563437155892,-0.7672934622289077,-0.8298383243921471,1.0307599890138628,-0.5462052132306712,-0.13576863855203467,-0.5959935263023527,-0.43908397559494894,-0.401656953739004,1.9872354055589672,0.7616449944692737,-0.08169049172550143,-0.8298928829847106,-0.21614183067201198,1.5966849301743034,-0.3351819388991934,-0.1220875722126297,-0.3248134997054389,2.458709245885147,-0.768599907544836,-0.3986942789406762,2.451422190326571,-0.30712133446009016,2.875030023137353,-0.141827196368496,-0.5634506610592848,-0.8443238231907555,-0.43134522324829544,-0.7813665218529099,-0.31198100853745253,-0.7983841068005183,1.5057398170829321,-0.5745447739456271,-0.311486984613263,2.3892647382909247,-0.7655869729006214,0.24397754904514463,-0.4018129356381026
62,-0.4626198820225062,-0.20796316794868294,-0.6319817171927721,-0.025164744124833896,0.30700674398384975,-0.32610135092090026,-0.28766752669503165,-0.5885158475994579,0.785501261037597,0.08341824466960238,0.01749774774497282,-0.16913454086303198,-0.4524586946164393,-0.12767120963284875,-0.47698681802700793,0.0016457089910806458,0.38835550626550897,-0.6022711991400812,-0.1345349141578278,1.7481628436710481,-0.4798985451570976,-0.3159470803765462,0.46328045694407416,-0.30615984144878017,0.9850730247979868,-0.3148669646966337,-0.6395345852979323,-0.8574564681552214,1.316420059360072,0.7166255478370486,0.7775166829931455,-0.44995091409767635,0.6147063527602661,-0.399172839356806,-0.8370146259494141,-0.5574392655993985,0.5061067772696127,2.146143175865184,0.028545311121088726,-0.6077738064425378,0.45336212100156836,-0.7849785157747685,1.1902691455183119,0.15675040876235652,-0.2002564107155611,-0.7449192187227722,0.22478912986761498,-0.4037366476503546,-0.5956108677930426,-0.8427037075136988,-0.1961758668313037,-0.4281393438295354,2.3421885226476227,-0.4576981623339291,0.8534335622557667,-0.48438830271567584,0.3255615896008807,2.7227954688209337,-0.6680297030669584,-0.10478859698393139,-0.4446573573430694,-0.3851762458462796,-0.7640668656583823,-0.597086394298804,1.1381577018342888,-0.43422009770282693,1.233491867793435,-0.07838544389775119,-0.5959935263023527,-0.43908397559494894,-0.7694746769432201,0.973788563626965,2.1428664870301324,2.8984347428957937,1.8483328581449494,-0.21614183067201198,2.2281517608169565,-0.4994868109086019,1.9717626108535788,2.138089932494588,3.199648446694324,-0.768599907544836,-0.3986942789406762,1.0815299353242962,-0.36634257134016923,0.9438824921945494,-0.42282488369800897,-0.7186712288442116,-0.667168174178847,-0.49144906299492275,-0.6262719363322846,-0.3652200884926492,-0.13223132682511707,1.5669354853831488,-0.39819585622137077,-0.20748465252202328,1.5220477054911778,-0.60213971139323,-0.5847505387440692,0.07314325305941816
63,-0.8063196457836549,-0.3621813125157448,-0.6319817171927721,-0.7877327479076812,-0.808801775168252,0.6959714672308889,-0.14699880948474722,-0.5885158475994579,-0.7473502891225012,-0.6419577959356357,-0.468550800726496,0.6081381653089899,0.643462018987393,-0.08210689498872,0.33698386119996815,-0.18121084557343764,0.8742047634784059,-0.6022711991400812,0.018693917457010226,2.2977391087193197,-0.7861516052445882,-0.0034376042375292245,-0.556412405001797,0.08881230933291188,1.4540303622689406,-0.2784240289678567,1.1867583633721754,-0.8855771709020147,1.316420059360072,-0.7545491625948485,0.7775166829931455,-0.44995091409767635,-0.29247539570529785,-0.399172839356806,-0.6528124635485747,-0.591373597224126,-0.7833372412516937,0.022542834394077883,-0.5000715614916658,-0.7879083074628513,-0.6201077787653655,-0.7542685077244274,-0.4388974922017974,-0.3669979737371641,-0.32489733024806805,-0.7449192187227722,-0.8047794038771868,-0.10722030830667466,0.8887775877659422,-0.8427037075136988,-0.3043213281495527,0.3095608657044439,-0.651023646870106,-0.4576981623339291,0.8338270202079867,-0.2461645472817369,-0.37911717576899107,-0.6374951309228138,-0.8522629361245863,-0.44723499235625613,0.03176123981021927,-0.30242569174008943,-0.7640668656583823,-0.597086394298804,0.8101583641298828,0.7377639716705249,0.2627480054166498,-0.19315183320631812,-0.7627516478195191,0.7844780583081733,-0.03383923053478791,2.3505465375723262,0.7616449944692737,-0.6075949448939653,-0.11569935201680126,-0.4119224743966605,1.0073158882411606,0.6506472931572577,-0.28315297091003033,-0.17993682722308435,2.0687412454592646,0.018255034659132002,0.8210871688673366,-0.802071915303832,0.10742732370046347,2.016742231607218,-0.42282488369800897,-0.09778895770450395,0.3957657198926034,-0.49144906299492275,-0.7813665218529099,-0.09902468871666582,-0.13223132682511707,3.5863925392903,-0.7508936916698834,-0.36348815065888285,2.143825955423072,0.7054383806659013,-0.750496156301912,-0.4018129356381026
64,-0.29077000014193183,-0.09229955952338653,0.28075906442590515,0.9280452606037252,-0.33059812410306555,-0.14573555948234926,-0.2525003473924606,-0.7577268446090778,-0.7473502891225012,-0.09792576548170716,-0.7925831663741418,-0.7909527058006495,-0.4524586946164393,0.6924864539614688,-0.3141926821816127,-0.2726391228556968,-0.5833430081602851,-0.6022711991400812,-0.74745024061718,1.5126301586503603,-0.7861516052445882,1.0903455622490301,-0.7263612153261089,0.4837844601146039,2.8984189616794787,-0.35130990042541077,1.020731731674893,-0.8855771709020147,-0.3377896156337354,0.38969783440773814,1.8263251582536832,0.7758768967453521,-0.8367844447846362,-0.2214994687232128,-0.8370146259494141,-0.4047347732881248,0.8284677818999393,-0.7942265277101938,0.028545311121088726,-0.7879083074628513,0.2744504710404127,-0.6621384835734042,-0.4388974922017974,1.1294259762614662,-0.2418033838930634,-0.7449192187227722,-0.8047794038771868,-0.22582684404414663,-0.7811594247379158,-0.6539259952570459,-0.35839405880867725,-0.4281393438295354,-0.838099407464964,0.5631899320911915,1.2259578611635862,-0.5042402823351707,0.5017312809433487,-0.6374951309228138,-0.6680297030669584,-0.7896813877285809,-0.6034635563941656,-0.19209161959850263,0.9278438200333411,0.5943630812119223,-0.5018389866877411,0.7377639716705249,-0.22262392577174278,-0.33660981984202676,0.07103895976631291,-0.2642893993230743,-0.5855658153411121,1.1076400333160974,1.5509144187897643,1.671324352169378,0.41994579620913075,-0.4119224743966605,3.491085422102263,-0.828096554927419,3.743481996524986,0.5444465351886884,2.9656676464387948,-0.45385793066324875,0.9953416614113384,-0.4595988515532633,-0.0702363869397738,3.109108511736481,-0.34618915078996,-0.2530095254894309,7.127680382345123,-0.4513798364971712,0.3042955767914666,0.16717071105931752,-0.4653077168128177,3.0764286367884943,-0.5745447739456271,-0.36348815065888285,0.6384680871669077,-0.7655869729006214,-0.41900492118622645,-0.7184503947697831
65,-0.8063196457836549,-0.32362677637397935,-0.08433724822156573,-0.2158067450705457,-0.011795690059607908,-0.20585748996186626,-0.07666445087960501,-0.5885158475994579,-0.7473502891225012,-0.4606137857843262,-0.7925831663741418,-0.32458908209743637,-0.29589859267303464,0.19127899287605252,-0.1513985463362175,-0.18121084557343764,0.7122550110741069,0.7045788919884273,0.018693917457010226,1.3556083686365685,0.28573410506162855,-0.4722018184460547,1.4829733188899452,-0.30615984144878017,1.4540303622689406,-0.16909522178152553,3.5111312071341305,-0.8293357654084281,-0.8340525181318775,-0.7545491625948485,-0.4460932048108154,-0.23362835924302425,0.7961427024533789,-0.04382609808961965,1.7418156476623372,-0.06539145704084987,0.02256527032412281,-0.4675187828684851,1.0857790563465977,-0.7879083074628513,-0.7990194287265212,-0.7849785157747685,-0.7647308197458192,-0.32958737498719837,0.1321193747044573,-0.5808400956560823,-0.6331846482530531,-0.4037366476503546,-0.7811594247379158,-0.8427037075136988,-0.2502485974904282,-0.2915281939158355,-0.838099407464964,-0.6278461780714493,1.8533672066925453,-0.4645363230961809,-0.026777793084055153,-0.47748129283977825,0.6216029283364362,-0.7896813877285809,-0.6034635563941656,-0.19209161959850263,-0.25649365995086526,1.1049842850022336,-0.8298383243921471,1.9097480410438767,-0.22262392577174278,-0.39399301449631025,-0.2624772832680199,-0.7886731281386982,-0.7694746769432201,1.6048026350185889,0.16969292622890558,-0.4322934605044773,-0.11569935201680126,-0.8034837618459576,1.5966849301743034,0.15773267712903216,-0.6052837683048317,-0.7594435171525026,3.0826580465665594,1.591964919067068,-0.7472032640286799,0.2253472759478742,0.10742732370046347,3.265160837469233,-0.42282488369800897,-0.7186712288442116,0.5729213689045117,-0.3912759967505439,1.5450522609564683,-0.1522637686718625,-0.631845911806668,1.7097253780836543,-0.22184693849711443,-0.20748465252202328,1.5220477054911778,-0.60213971139323,0.5754687841608302,0.07314325305941816
66,-0.29077000014193183,-0.3621813125157448,-0.8145298735165075,-0.7877327479076812,-0.011795690059607908,0.09475216243571878,0.20467298354096386,-0.7577268446090778,5.895006428237925,0.8087942852748405,-0.7925831663741418,1.3854108714810116,-0.6090187965598439,-0.3554927828534925,-0.8025750897177983,-0.08978256829117849,-0.09749375094738805,-0.6022711991400812,0.17192274907184826,2.631410412498627,-0.3267720151133524,1.8716192525965727,-0.7263612153261089,-0.3625844344175933,1.0788644922921775,-0.35130990042541077,0.024571941491197763,-0.8574564681552214,-0.8340525181318775,-0.5910853058801933,-0.27129179226739236,0.12690923218139588,-0.6553480950915234,-0.04382609808961965,1.0050069980589798,-0.6083407630364898,-0.2997957343062038,0.5126044516566408,-0.8524828099001687,0.29289869865902984,1.8846553206908134,-0.7542685077244274,-0.7647308197458192,-0.32958737498719837,-0.32489733024806805,-0.41676097258939243,0.5679786411158823,-0.4037366476503546,-0.7811594247379158,-0.6539259952570459,0.8312060156920619,-0.4281393438295354,-0.08979636508553193,-0.7979941938089693,1.304384029354706,-0.2858685065207267,1.7349191203406242,1.9227262784057557,-0.6680297030669584,1.43622018219153,-0.7622697554452618,-0.27484217370469277,0.4202706143258241,-0.597086394298804,-0.5018389866877411,-0.14122408035948897,-0.5462052132306712,-0.30791822251488504,1.7386201749379768,-0.7886731281386982,-0.5855658153411121,1.7386541047077213,-0.6195764980915852,-0.25699197611498936,-0.47279611750075595,-0.8034837618459576,0.9441692051768952,1.4721716532043005,-0.7663491670022323,-0.7594435171525026,1.1328180444371463,-0.6112289191040424,-0.7472032640286799,2.2801856584512867,-0.0702363869397738,2.153288016623376,0.03698951375028499,-0.5634506610592848,-0.3128568761550302,-0.41131060999941965,-0.7813665218529099,-0.20550284862705917,-0.631845911806668,3.4436026465897944,0.6598976501241671,-0.25948581856764313,2.60197835010973,0.21509659614372706,-0.750496156301912,-0.24349420607226235
67,-0.8063196457836549,-0.16940863180691748,0.645855377073376,1.309329262495149,-0.6494005581465232,0.1548740929152358,-0.3580018853001739,-0.08088285657059825,-0.7473502891225012,0.08341824466960238,0.17951393056879578,-0.32458908209743637,-0.6090187965598439,-0.3554927828534925,1.3137486762723394,0.09307398627333979,0.06445600145691095,-0.7889640693012967,0.47838041230152434,2.4351331749813876,1.5107463454115906,-0.15969234230703772,-0.556412405001797,0.9351812038651091,1.0601061987933393,0.3046629426925761,2.1829181535558706,-0.8433961167818247,-0.5032105831331162,2.351264114983601,-0.09649037972396941,-0.30573587752790826,-0.8367844447846362,0.37074510005543104,-0.8370146259494141,-0.4047347732881248,-0.6221567389365305,-0.7942265277101938,-0.8524828099001687,-0.7879083074628513,-0.7990194287265212,-0.6621384835734042,1.027352481746301,0.38121400126215105,-0.32489733024806805,-0.5808400956560823,-0.8047794038771868,0.1892960310370053,0.517680473876196,0.4787402782828718,-0.3043213281495527,-0.15491704400213566,0.4714309166990422,0.22289390061615127,3.049366271607124,-0.4248323638571911,-0.37911717576899107,-0.7975089690058494,-0.29956323695170284,2.2923361706223417,-0.6034635563941656,-0.19209161959850263,-0.25649365995086526,-0.2566722584385965,-0.5018389866877411,0.005273928312180023,-0.7079958569601353,0.007689348083674004,-0.09571916175085349,0.08529975322067489,1.0696139390778605,1.1650049488971541,0.564327638389151,-0.7828964292834533,0.41994579620913075,-0.6077031181213091,2.4596895987192626,-0.3351819388991934,0.5221740225769729,-0.614566844670148,0.8598404441390285,-0.2964869422224552,-0.3986942789406762,0.05411074407258983,-0.30712133446009016,2.016742231607218,-0.269553417881911,0.6783138812201307,2.5216335080355043,-0.4513798364971712,-0.4711773508116594,-0.31198100853745253,-0.631845911806668,2.2604863927856047,0.4835487323999108,-0.25948581856764313,1.9147497580797423,0.051649334636335656,-0.08751368607054091,1.1813743600203
68,-0.8063196457836549,-0.2850722402322139,-0.8145298735165075,0.7374032596580133,0.6258091780273074,-0.08561362900283224,-0.21733316808988945,-0.7577268446090778,0.785501261037597,0.44610626497222144,0.9895948446879105,-0.32458908209743637,-0.7655788985032485,-0.12767120963284875,-0.1513985463362175,-0.31835326149682636,0.06445600145691095,-0.7889640693012967,0.018693917457010226,0.9630538936020889,3.3482647059365336,0.9340908241795217,0.46328045694407416,-0.3625844344175933,1.604096710259646,-0.09620935032397142,-0.6395345852979323,-0.7449736571680482,-0.8340525181318775,0.5531616911223933,-0.27129179226739236,0.631661860175584,-0.29247539570529785,0.1338472725439735,-0.6528124635485747,-0.6083407630364898,4.052077828203205,2.636204793127747,3.0240409225933638,-0.7879083074628513,-0.08337282888189856,-0.7389135036992569,-0.11306416465777558,-0.1051237824874038,-0.0756154911830542,0.2395555196773673,-0.8047794038771868,0.8416319775931012,0.8887775877659422,-0.6539259952570459,1.04749693832856,-0.4281393438295354,-0.08979636508553193,-0.6278461780714493,1.1083186088769064,-0.34542444537921146,-0.731456558453927,0.16257405949236417,0.6216029283364362,-0.7896813877285809,-0.28585115829197316,-0.3851762458462796,-0.7640668656583823,-0.2566722584385965,0.1541596887210709,-0.43422009770282693,-0.5462052132306712,0.007689348083674004,-0.5959935263023527,-0.6138785518668235,-0.7694746769432201,3.5552097647745176,-0.8168938541717079,-0.7828964292834533,0.06284903072517607,2.720567825197716,2.2281517608169565,0.3220375491384407,1.3275010160639762,-0.3248134997054389,3.043661246523971,0.3329970115407192,-0.7472032640286799,-0.802071915303832,0.3443122712207798,2.7579907788377893,-0.320643906487277,-0.5634506610592848,1.104388315940237,-0.49144906299492275,-0.7813665218529099,-0.20550284862705917,-0.7983841068005183,1.0569715828813429,-0.22184693849711443,-0.10348232043078355,1.4075096068195132,-0.60213971139323,2.895907429970629,1.0230556304544598
69,-0.8063196457836549,0.25469126575250267,0.28075906442590515,2.071897266277996,0.6258091780273074,0.09475216243571878,-0.3228347059976028,-0.419304850589838,-0.40671661130914605,-0.8233018060869453,2.123708124454671,-0.7909527058006495,-0.4524586946164393,0.2368433075201813,1.3137486762723394,-0.13549670693230806,-0.5833430081602851,-0.7889640693012967,0.3251515806866863,2.2584836612158714,-0.17364548506960717,-0.0034376042375292245,-0.2165147843531733,-0.3625844344175933,2.823385787684126,0.6690922999803466,3.6771578388314135,-0.8855771709020147,-0.5032105831331162,0.2262339776930829,-0.7956960298976613,-0.44995091409767635,-0.6553480950915234,-0.33994838247894155,0.08399618605478285,-0.6083407630364898,-0.2997957343062038,0.5126044516566408,0.7333678079380946,0.29289869865902984,-0.7990194287265212,-0.7542685077244274,-0.4388974922017974,-0.3669979737371641,0.007478455171950403,0.07547639661067736,-0.8047794038771868,-0.16652357617541064,-0.7811594247379158,4.631849947929237,-0.35839405880867725,0.22759417575622398,-0.08979636508553193,-0.7979941938089693,2.088645711265905,-0.5042402823351707,-0.2029474844265231,-0.7975089690058494,-0.4837964700093306,-0.44723499235625613,0.3493736379124117,-0.3851762458462796,-0.5948757970892099,0.08374187742161104,2.942154059208522,0.8842619803421939,-0.7079958569601353,0.20853052937366612,0.07103895976631291,-0.7886731281386982,-0.7694746769432201,2.790344223693761,-0.6195764980915852,-0.7828964292834533,-0.8298928829847106,0.17541945677728507,1.3440981979172422,-0.6637916829180104,2.454958806945781,-0.7594435171525026,2.4002140458212646,-0.45385793066324875,0.4725781837793329,-0.6308353834285477,-0.30712133446009016,1.9777291501740304,-0.42282488369800897,-0.2530095254894309,-0.667168174178847,-0.4513798364971712,-0.160988179770409,-0.25874192858225586,0.20084506316258355,3.178421417288855,1.0125954855726798,-0.36348815065888285,1.587498047589272,-0.60213971139323,-0.41900492118622645,-0.5601316652039429
70,-0.6344697639030806,-0.2465177040904484,-0.44943356086903663,0.35611925776658976,-0.6494005581465232,-0.3862232814004173,-0.21733316808988945,2.11886010455446,-0.7473502891225012,-0.09792576548170716,1.1516110275117335,-0.6354981645662451,0.4869019170439884,-0.3554927828534925,-0.1513985463362175,-0.18121084557343764,-0.09749375094738805,-0.22888545881765018,-0.594221409002342,0.825659827340021,-0.6330250752008428,-0.7847112945850717,0.633229267268386,-0.08046146957352757,1.0601061987933393,-0.35130990042541077,-0.4735079536006498,-0.8855771709020147,-0.8340525181318775,0.8800894045517038,0.07831103281945356,-0.44995091409767635,0.6147063527602661,-0.16227501184534843,-0.8370146259494141,-0.523504933974671,-0.1386152319910405,-0.3041649104476308,-0.6762771856959172,0.6531677006996569,0.9900970708850353,-0.7849785157747685,-0.11306416465777558,-0.14253438123736956,0.6722300260119872,-0.2526818495227025,0.5679786411158823,0.9602385133305731,-0.22451375390329645,-0.8427037075136988,0.39862417041906584,-0.15491704400213566,-0.838099407464964,0.22289390061615127,2.6964485147470842,-0.444684343476686,1.9110888116830922,-0.47748129283977825,-0.4837964700093306,-0.7896813877285809,-0.28585115829197316,-0.16450810156310594,-0.08730259138169293,-0.0864651905084927,-0.1738396489833351,-0.580718106374496,-0.7079958569601353,-0.07838544389775119,-0.5959935263023527,-0.7886731281386982,3.276520278303157,1.9872354055589672,-0.4222591420114625,-0.25699197611498936,-0.6513445002427333,-0.4119224743966605,1.1336092543696912,0.3220375491384407,-0.6052837683048317,-0.17993682722308435,2.0297444454166764,-0.45385793066324875,-0.7472032640286799,-0.802071915303832,-0.0702363869397738,0.9048694107613615,-0.371734395092643,-0.2530095254894309,-0.667168174178847,-0.471414449746047,2.940903530642095,0.3268879509249075,-0.7983841068005183,1.2405585877819931,0.4835487323999108,-0.05148115438516368,1.71839873178546,-0.43869244988583855,-0.5847505387440692,-0.5601316652039429
71,1.5995787005443862,-0.32362677637397935,1.1934998460445825,-0.7877327479076812,-0.6494005581465232,-0.20585748996186626,-0.2525003473924606,0.08832814043902161,-0.7473502891225012,-0.8233018060869453,-0.7925831663741418,2.318138118887438,-0.4524586946164393,-0.3554927828534925,-0.47698681802700793,0.2302164021967285,-0.421393255755986,-0.7889640693012967,-0.2877637457726659,0.806032103588297,0.8982402252366095,0.46532660997099623,-0.3864635946774852,0.03238771636409874,1.0788644922921775,-0.3148669646966337,5.171397524106956,-0.7168529544212549,-0.8340525181318775,2.6781918284129116,1.3019209206234144,0.1990167504662799,-0.8367844447846362,-0.2807239256010772,-0.46861030114773533,-0.23506311516448733,0.34492627495444944,-0.6308726552893394,-0.8524828099001687,-0.7879083074628513,-0.7990194287265212,-0.769623511749598,-0.6018141559738084,0.30639280376221956,-0.2833503570705657,-0.7449192187227722,-0.8047794038771868,-0.2851301119128826,-0.7811594247379158,0.1011848537695659,-0.35839405880867725,-0.2915281939158355,1.7809612408630484,-0.7979941938089693,2.167071879457025,-0.444684343476686,-0.731456558453927,2.0827401164887913,-0.8522629361245863,0.06643460070223098,-0.6034635563941656,-0.3851762458462796,-0.7640668656583823,-0.597086394298804,0.31815935757327385,0.151771936983849,-0.5462052132306712,0.007689348083674004,2.905927025558142,-0.7886731281386982,-0.7694746769432201,1.2414915030052298,-0.8168938541717079,-0.6075949448939653,-0.8298928829847106,-0.6077031181213091,2.0387117116241606,-0.17087706688978485,-0.7663491670022323,-0.0350601547407298,1.5812812449269114,-0.45385793066324875,-0.05018529385267257,-0.802071915303832,-0.24790009758001105,0.9633890329111434,-0.29509866218459396,0.05743161008042298,-0.8443238231907555,-0.471414449746047,-0.160988179770409,-0.3652200884926492,-0.7983841068005183,2.4032762854861103,-0.7508936916698834,-0.36348815065888285,1.309334093672372,-0.7655869729006214,-0.750496156301912,-0.24349420607226235
72,-0.11892011826135748,-0.3621813125157448,-0.44943356086903663,0.35611925776658976,1.5822164801576803,-0.32610135092090026,-0.07666445087960501,-0.08088285657059825,0.9558180999442746,-0.6419577959356357,-0.7925831663741418,0.4526836240745855,-0.13933849072963006,0.14571467823192377,-0.6397809538724032,-0.31835326149682636,-0.745292760564584,-0.6022711991400812,-0.74745024061718,3.180986677546899,-0.3267720151133524,0.46532660997099623,-0.3864635946774852,-0.3625844344175933,3.0109687226725077,-0.2784240289678567,-0.3074813219033673,-0.8855771709020147,-0.8340525181318775,-0.7545491625948485,-0.7956960298976613,-0.3778433958127923,0.07039730368092774,0.19307172942183787,0.08399618605478285,-0.6083407630364898,0.34492627495444944,-0.7942265277101938,-0.5000715614916658,-0.7879083074628513,-0.4411961288042099,-0.7082034956489158,2.1677691281503777,-0.1799449799873353,-0.36644430342557033,-0.7449192187227722,-0.11840038138065227,-0.047917040437938666,-0.4100623108481696,-0.8427037075136988,-0.35839405880867725,-0.3188504238985755,1.0326581984836163,-0.11740213085888894,3.441497112562723,-0.4248323638571911,-0.731456558453927,0.16257405949236417,-0.4837964700093306,-0.6184581900424185,-0.7622697554452618,-0.3851762458462796,-0.5948757970892099,-0.2566722584385965,-0.5018389866877411,-0.7272161150461649,0.9099105803345066,-0.33660981984202676,-0.7627516478195191,0.08529975322067489,0.8857050774757523,1.4709511653294567,0.564327638389151,-0.08169049172550143,-0.2942477347587786,-0.6077031181213091,3.533183210811773,0.9792570371760747,-0.7663491670022323,0.2546931902239793,1.7372684450972642,-0.13911595378166158,-0.3986942789406762,-0.802071915303832,-0.36634257134016923,3.5577589482181424,-0.371734395092643,-0.2530095254894309,-0.8443238231907555,-0.27106831725728925,-0.31608276529103424,0.5930833507008909,1.033536038131835,1.2609571438820653,-0.5745447739456271,-0.20748465252202328,1.554772876540225,-0.7655869729006214,-0.750496156301912,-0.24349420607226235
73,0.56847940926094,-0.2850722402322139,-0.8145298735165075,-0.2158067450705457,0.6258091780273074,-0.025491698523315235,-0.3228347059976028,0.2575391374486415,-0.7473502891225012,0.44610626497222144,-0.7925831663741418,1.074501789012203,-0.7655788985032485,-0.264364153565235,0.49977799704536335,-0.2726391228556968,5.08489832599018,-0.41557832897886565,1.8574398968350667,1.6500242249124282,-0.7861516052445882,-0.7847112945850717,0.633229267268386,0.5966336460522302,1.9980208737352472,-0.35130990042541077,-0.3074813219033673,-0.8855771709020147,-0.00694768063497396,-0.427621449165538,1.4767223331668373,-0.3778433958127923,-0.29247539570529785,0.19307172942183787,-0.28440813874689597,-0.523504933974671,-0.4609762366213671,-0.7942265277101938,-0.8524828099001687,1.9141092078418518,-0.7990194287265212,-0.7082034956489158,0.04985249911423535,-0.2921767762372326,-0.2418033838930634,-0.41676097258939243,1.2543576636124167,0.1892960310370053,-0.7811594247379158,-0.8427037075136988,-0.1961758668313037,-0.4281393438295354,-0.08979636508553193,-0.28755014659640904,0.9710728145424465,-0.4645363230961809,-0.555286867111459,-0.47748129283977825,-0.8522629361245863,0.5801041937607181,-0.6034635563941656,0.05616004272006767,0.08188847718747941,-0.2566722584385965,-0.8298383243921471,-0.7272161150461649,-0.384414569501207,-0.13576863855203467,-0.4292354047851863,-0.7886731281386982,-0.401656953739004,3.000682247490969,-0.22494178593133982,-0.4322934605044773,-0.47279611750075595,-0.6077031181213091,1.323049303562487,0.8149521651666662,-0.444218369607431,-0.7594435171525026,2.1272364455231467,-0.768599907544836,-0.7472032640286799,-0.6308353834285477,-0.30712133446009016,2.7189776974046014,-0.39727963939532596,-0.7186712288442116,2.3444778590235957,-0.49144906299492275,-0.31608276529103424,0.27364887096971086,-0.4653077168128177,0.9141816901808373,-0.22184693849711443,-0.311486984613263,2.209276297521166,-0.11179792687105575,-0.750496156301912,0.38978071219109867
74,0.56847940926094,0.023364048901909868,0.8284035333971115,1.309329262495149,0.1476055269621209,-0.3862232814004173,-0.3580018853001739,-0.5885158475994579,-0.7473502891225012,6.067770579662817,-0.7925831663741418,-0.7909527058006495,-0.4524586946164393,0.009021734299537511,-0.8025750897177983,-0.31835326149682636,-0.421393255755986,-0.6022711991400812,-0.1345349141578278,2.0818341474503557,-0.6330250752008428,0.30907187190148777,-0.7263612153261089,-0.1368860625423407,2.260636982718981,-0.35130990042541077,-0.8055612169952149,-0.8293357654084281,3.3014716693526402,-0.7545491625948485,-0.7956960298976613,0.2711242687511639,-0.11103904601218505,-0.04382609808961965,0.08399618605478285,-0.3029317784139423,1.9567312981060825,0.1858967068149322,-0.6762771856959172,-0.7879083074628513,0.2744504710404127,-0.7389135036992569,-0.7647308197458192,-0.2921767762372326,-0.11716246436055651,0.4036346427440572,-0.8047794038771868,-0.4037366476503546,1.2598747016556884,-0.6539259952570459,-0.35839405880867725,-0.4281393438295354,-0.651023646870106,0.05274588487863117,2.6964485147470842,-0.3057204861402216,-0.731456558453927,-0.6374951309228138,-0.4837964700093306,-0.7896813877285809,2.4138542255766624,-0.3851762458462796,-0.7640668656583823,-0.597086394298804,-0.8298383243921471,0.005273928312180023,-0.7079958569601353,-0.39399301449631025,-0.4292354047851863,-0.43908397559494894,0.3339784926694282,2.618249476950591,0.564327638389151,-0.08169049172550143,0.2413974134671534,-0.4119224743966605,3.1753520067809364,-0.3351819388991934,1.1664356173665755,-0.614566844670148,2.341718845757382,0.49036799998151276,-0.7472032640286799,0.05411074407258983,0.04820608682038438,1.0024021143443314,-0.371734395092643,0.36787274565027683,0.3957657198926034,-0.33117215700391656,-0.7813665218529099,-0.31198100853745253,0.8669978431379848,1.2609571438820653,0.3071998146756545,-0.25948581856764313,2.3892647382909247,0.3785438576511185,2.0671793421814155,-0.0851754765064221
75,-0.4626198820225062,-0.130854095665152,-0.6319817171927721,-0.7877327479076812,0.1476055269621209,-0.20585748996186626,-0.21733316808988945,-0.5885158475994579,-0.06608293349579088,-0.6419577959356357,-0.7925831663741418,1.6963199539498204,0.01722161121377456,0.10015036358779503,-0.3141926821816127,-0.31835326149682636,-0.25944350335168703,-0.7889640693012967,1.8574398968350667,0.864915274843469,-0.020518955025861915,1.5591097764575557,-0.7263612153261089,-0.3625844344175933,0.7599735028119289,-0.3148669646966337,2.016891521858588,-0.8855771709020147,-0.00694768063497396,-0.7545491625948485,-0.7956960298976613,-0.23362835924302425,0.7961427024533789,-0.33994838247894155,-0.6528124635485747,-0.591373597224126,0.5061067772696127,0.8393121964983495,-0.6762771856959172,-0.24750480440191075,-0.7990194287265212,-0.7389135036992569,2.493602455694399,-0.3669979737371641,0.049025428349452706,0.7317928888774371,-0.6331846482530531,-0.3444333797816186,-0.7811594247379158,-0.6539259952570459,-0.2502485974904282,-0.37349488386405544,-0.838099407464964,-0.6278461780714493,2.5003830942692846,-0.444684343476686,-0.2029474844265231,0.6426155737414709,-0.8522629361245863,0.7513273914468804,-0.12704495924087694,-0.30242569174008943,-0.5948757970892099,0.4241560132818185,-0.009839980131132115,-0.7272161150461649,0.10095736168718561,-0.33660981984202676,-0.5959935263023527,-0.2642893993230743,-0.401656953739004,2.082843598194062,3.129453267430746,5.703258493127601,0.9555909444350628,0.3712001005019336,1.0283647825959157,-0.4994868109086019,0.36110862387957227,-0.3248134997054389,1.8737572452463231,-0.45385793066324875,1.8666141241313476,1.0815299353242962,-0.24790009758001105,3.109108511736481,-0.39727963939532596,-0.5634506610592848,-0.8443238231907555,-0.41131060999941965,-0.6262719363322846,0.007453471193727517,-0.13223132682511707,1.7301239341837267,1.541642238745449,0.46853050607103497,1.4565973633930838,0.5419911191585098,-0.41900492118622645,-0.5601316652039429
76,0.3966295273803656,-0.20796316794868294,0.645855377073376,-0.7877327479076812,3.01682743335324,-0.3862232814004173,-0.21733316808988945,-0.5885158475994579,0.27455074431756427,0.44610626497222144,0.01749774774497282,3.561774448762673,-0.4524586946164393,0.8291793978938551,-0.47698681802700793,-0.31835326149682636,-0.25944350335168703,-0.7889640693012967,-0.1345349141578278,2.2977391087193197,-0.6330250752008428,5.621732966264776,0.2933316466197623,-0.19331065551115387,3.2735848316562417,-0.13265228605274848,-0.3074813219033673,-0.871516819528618,0.654736189362549,2.1878002582689455,2.525530808427375,-0.16152084095814023,1.52188810122583,-0.2807239256010772,-0.8370146259494141,-0.5744064314117623,-0.6221567389365305,1.002666068919204,-0.32386593728741425,-0.7879083074628513,4.031595120224681,-0.7542685077244274,-0.4388974922017974,-0.32958737498719837,-0.11716246436055651,-0.08860272645601257,0.22478912986761498,-0.3444333797816186,-0.7811594247379158,-0.8427037075136988,-0.35839405880867725,-0.34617265388131546,-0.838099407464964,-0.7979941938089693,1.343597113450266,-0.5042402823351707,-0.37911717576899107,-0.7975089690058494,-0.8522629361245863,0.7513273914468804,-0.7622697554452618,-0.33000920977548615,0.08188847718747941,-0.4268793263687002,-0.009839980131132115,-0.7272161150461649,-0.7079958569601353,-0.33660981984202676,3.5729595116268076,-0.43908397559494894,2.1730671086905087,1.4900728038564754,-0.027624429851217113,-0.6075949448939653,-0.47279611750075595,0.5669807442265821,0.9862669938864054,-0.828096554927419,-0.6052837683048317,-0.3248134997054389,3.9990828475673834,0.6477389884223064,-0.572948771484678,-0.802071915303832,-0.36634257134016923,1.0219086550609253,0.03698951375028499,0.36787274565027683,0.3957657198926034,-0.49144906299492275,-0.7813665218529099,-0.25874192858225586,2.8654561830641883,2.7908488513874827,-0.22184693849711443,-0.311486984613263,2.536528008011636,2.176463734232424,0.5754687841608302,0.8647369008886194
77,-0.29077000014193183,-0.20796316794868294,-0.8145298735165075,0.35611925776658976,3.1762286503749686,-0.32610135092090026,-0.21733316808988945,-0.7577268446090778,-0.5770334502158236,0.08341824466960238,-0.468550800726496,2.9399562838250555,0.3303418151005838,-0.3554927828534925,-0.8025750897177983,-0.31835326149682636,-0.745292760564584,-0.6022711991400812,0.018693917457010226,3.4557748100710346,-0.3267720151133524,2.6528929429441153,0.2933316466197623,-0.30615984144878017,1.4727886557677787,-0.35130990042541077,-0.8055612169952149,-0.8433961167818247,0.15847328686440676,-0.427621449165538,-0.7956960298976613,-0.23362835924302425,-0.8367844447846362,-0.10305055496748404,1.9260178100631766,-0.591373597224126,-0.4609762366213671,0.34925057923578656,-0.6762771856959172,0.47303319967934343,-0.08337282888189856,-0.7849785157747685,-0.6018141559738084,-0.14253438123736956,0.007478455171950403,0.2395555196773673,2.9703052198537527,-0.4037366476503546,-0.5956108677930426,1.8001842640794425,-0.3043213281495527,-0.4281393438295354,0.0972793955093261,0.5631899320911915,2.3827438419826046,-0.40498038423769617,0.8540706636282845,-0.6374951309228138,0.4373696952788083,-0.7896813877285809,-0.4446573573430694,-0.30242569174008943,-0.08730259138169293,0.5943630812119223,0.9741580329820858,-0.7272161150461649,-0.5462052132306712,-0.13576863855203467,-0.7627516478195191,-0.7886731281386982,-0.7694746769432201,1.8725055743968537,-0.4222591420114625,-0.6075949448939653,1.1341393271770401,-0.21614183067201198,1.1336092543696912,0.3220375491384407,-0.7663491670022323,-0.7594435171525026,3.5506196470776183,-0.45385793066324875,0.8210871688673366,0.3965838078231586,-0.24790009758001105,1.9972356908906244,-0.34618915078996,-0.09778895770450395,0.5729213689045117,-0.49144906299492275,-0.4711773508116594,-0.3652200884926492,0.03430686816873323,1.0773701389814152,4.36322492233355,-0.311486984613263,2.5201654224871124,2.0130164727250324,-0.41900492118622645,-0.7184503947697831
78,0.05292976361921688,0.06191858504367534,-0.8145298735165075,0.5467612587123015,-0.6494005581465232,-0.2659794204413833,-0.3228347059976028,-0.419304850589838,-0.5770334502158236,-0.2792697756330167,-0.30653461790267306,-0.7909527058006495,-0.7655788985032485,-0.08210689498872,-0.6397809538724032,0.09307398627333979,-0.745292760564584,1.0779646323108583,-0.2877637457726659,1.2574697498779486,-0.3267720151133524,-0.4722018184460547,-0.7263612153261089,-0.3625844344175933,1.6978881777538366,-0.3148669646966337,-0.6395345852979323,-0.8855771709020147,-0.00694768063497396,-0.5910853058801933,-0.7956960298976613,-0.44995091409767635,-0.6553480950915234,-0.04382609808961965,0.45240051085646166,-0.5744064314117623,-0.6221567389365305,-0.6308726552893394,-0.5000715614916658,-0.7879083074628513,0.632273770962724,-0.4625234312461871,0.21276916288624628,-0.2547661774872668,-0.2418033838930634,0.07547639661067736,1.082762907988283,0.6637221739868931,2.187617486380054,0.1011848537695659,-0.35839405880867725,-0.2095615039676156,-0.651023646870106,-0.7979941938089693,1.4024167395936058,-0.38512840461820125,0.1493918982584128,-0.6374951309228138,-0.8522629361245863,-0.44723499235625613,1.6198232303211813,-0.16450810156310594,-0.08730259138169293,0.2539489453517148,0.6461586952776799,0.005273928312180023,-0.7079958569601353,-0.2792266251877433,-0.2624772832680199,-0.43908397559494894,1.2535228006799686,2.6947360310586665,1.156279706629519,-0.7828964292834533,-0.8298928829847106,0.3712001005019336,1.744027190657589,-0.4994868109086019,0.03897782648477095,-0.7594435171525026,1.990747645374088,2.5361908497118297,-0.7472032640286799,-0.6308353834285477,-0.36634257134016923,1.1779609807936773,-0.320643906487277,-0.7186712288442116,2.5216335080355043,-0.41131060999941965,-0.7813665218529099,-0.25874192858225586,0.20084506316258355,1.2405585877819931,-0.5745447739456271,0.052521177706076054,2.111100784374025,-0.60213971139323,-0.5847505387440692,-0.7184503947697831
79,-0.8063196457836549,-0.3621813125157448,-0.8145298735165075,-0.2158067450705457,-0.6494005581465232,-0.3862232814004173,-0.3580018853001739,2.11886010455446,-0.5770334502158236,0.44610626497222144,-0.468550800726496,-0.16913454086303198,-0.13933849072963006,-0.30992846820936376,0.17418972535457292,0.5959295113257651,0.06445600145691095,-0.41557832897886565,-0.594221409002342,0.9826816173538129,-0.7861516052445882,-0.7847112945850717,-0.2165147843531733,-0.249735248479967,2.0355374607329235,-0.35130990042541077,-0.8055612169952149,-0.6746719003010649,0.4893152218631682,0.2262339776930829,-0.7956960298976613,-0.30573587752790826,-0.8367844447846362,-0.33994838247894155,-0.8370146259494141,-0.6083407630364898,2.279092302736409,-0.4675187828684851,-0.14766031308316277,-0.6077738064425378,0.9900970708850353,-0.38574841112033437,-0.7647308197458192,-0.2547661774872668,-0.36644430342557033,-0.2526818495227025,0.7395733967400159,-0.22582684404414663,0.517680473876196,-0.6539259952570459,0.6149150930555639,-0.34617265388131546,1.9680370014579065,-0.7979941938089693,0.8926466463513267,-0.444684343476686,-0.731456558453927,-0.7975089690058494,-0.8522629361245863,-0.7896813877285809,0.8257922350657003,-0.27484217370469277,-0.08730259138169293,1.6156054887925448,-0.009839980131132115,1.6167520237005388,-0.7079958569601353,-0.33660981984202676,0.7380714458349785,0.08529975322067489,0.15006963106732016,3.3066284639232717,1.3535970627096416,-0.7828964292834533,0.5984941789511081,-0.8034837618459576,3.4279387390379976,-0.3351819388991934,0.36110862387957227,-0.17993682722308435,2.341718845757382,-0.768599907544836,-0.2244397863966744,0.7390568715737273,-0.36634257134016923,2.5434188309552557,-0.34618915078996,1.7648578557146193,0.04145442186878656,-0.4513798364971712,0.45939016231209184,-0.31198100853745253,-0.7983841068005183,1.2405585877819931,-0.22184693849711443,-0.20748465252202328,2.60197835010973,-0.7655869729006214,-0.750496156301912,-0.4018129356381026
80,-0.8063196457836549,-0.3621813125157448,0.28075906442590515,-0.7877327479076812,-0.808801775168252,-0.3862232814004173,-0.28766752669503165,-0.5885158475994579,0.6151844221309194,-0.8233018060869453,-0.6305669835503189,0.14177454160577677,-0.7655788985032485,-0.3554927828534925,-0.1513985463362175,-0.2726391228556968,-0.5833430081602851,1.6380432427945049,-0.74745024061718,3.1613589537951747,1.5107463454115906,-0.4722018184460547,-0.556412405001797,-0.02403687660471441,2.7108360266910974,-0.2419810932390796,0.8547050999776103,-0.7730943599148414,-0.8340525181318775,-0.427621449165538,-0.7956960298976613,0.054801713896511846,-0.8367844447846362,-0.33994838247894155,0.26819834845562224,-0.4047347732881248,-0.1386152319910405,-0.7942265277101938,-0.6762771856959172,-0.7879083074628513,3.3159485203800587,-0.5392984513720398,0.5386024904302681,-0.21735557873730108,-0.36644430342557033,-0.5808400956560823,0.22478912986761498,-0.3444333797816186,-0.7811594247379158,0.1011848537695659,-0.1421031361721792,-0.3188504238985755,-0.08979636508553193,0.9034859635662317,2.225891505600365,-0.36527642499870633,1.0302403549707526,0.9626432499075422,0.06890322916355274,1.43622018219153,-0.12704495924087694,-0.24725865566929606,-0.7640668656583823,0.4241560132818185,-0.665838655539944,0.298269945655518,-0.7079958569601353,-0.02100224924346773,0.7380714458349785,-0.7886731281386982,0.5178873542715363,1.5665593579645511,1.156279706629519,-0.4322934605044773,-0.8298928829847106,-0.8034837618459576,1.3651470922719973,-0.17087706688978485,-0.7663491670022323,-0.3248134997054389,0.8208436440964402,-0.2964869422224552,-0.7472032640286799,-0.28836231967797893,-0.36634257134016923,2.153288016623376,-0.34618915078996,0.2126521778653499,-0.8443238231907555,-0.41131060999941965,-0.7813665218529099,-0.1522637686718625,-0.2987695218189674,3.0968271928885662,-0.7508936916698834,-0.15548348647640342,0.5893803305933372,-0.43869244988583855,-0.750496156301912,1.9729680078495013
81,-0.8063196457836549,-0.3621813125157448,-0.08433724822156573,0.9280452606037252,-0.4899993411247944,0.5156056757923378,-0.21733316808988945,0.08832814043902161,0.27455074431756427,0.44610626497222144,-0.7925831663741418,1.6963199539498204,0.01722161121377456,-0.3554927828534925,-0.47698681802700793,0.04735984763221022,-0.745292760564584,-0.41557832897886565,-0.594221409002342,2.062206423698632,3.501391235980279,0.30907187190148777,-0.04656597402886146,0.878756610896296,2.1668455152247903,0.8877499143530089,-0.8055612169952149,-0.7871547112882381,-0.8340525181318775,-0.10069373573622757,2.350729395883952,1.1364144881697722,-0.8367844447846362,-0.2214994687232128,-0.6528124635485747,-0.591373597224126,1.9567312981060825,-0.3041649104476308,-0.5000715614916658,0.29289869865902984,0.09553882107925708,-0.7849785157747685,-0.7647308197458192,0.11933981001239075,0.049025428349452706,1.8803467503442666,-0.2899951370047859,0.0706894952995333,-0.22451375390329645,-0.8427037075136988,-0.2502485974904282,0.20027194577348403,-0.08979636508553193,0.39304191635367136,2.931727019320444,-0.32557246575971655,-0.37911717576899107,-0.7975089690058494,1.3585358605669473,-0.7896813877285809,-0.12704495924087694,0.2768281870032413,-0.7640668656583823,0.5943630812119223,2.4501550526519127,0.298269945655518,-0.5462052132306712,-0.2792266251877433,-0.4292354047851863,-0.43908397559494894,-0.401656953739004,2.2931816219912697,0.7616449944692737,1.1454198990009143,-0.8298928829847106,-0.6077031181213091,2.291298443881222,-0.828096554927419,2.29389340824838,0.3995698627063339,1.71777004507597,-0.6112289191040424,-0.7472032640286799,1.595239530950149,-0.0702363869397738,3.050588889586699,-0.42282488369800897,1.2991961523598385,0.3957657198926034,-0.3912759967505439,-0.160988179770409,-0.1522637686718625,-0.13223132682511707,1.322152812182282,0.4835487323999108,-0.36348815065888285,0.5239299884952432,-0.43869244988583855,-0.08751368607054091,-0.7184503947697831
82,1.2558789367832375,-0.20796316794868294,-0.6319817171927721,-0.5970907469619694,-0.808801775168252,-0.3862232814004173,-0.0414972715770339,0.4267501344582614,0.44486758322424186,-0.8233018060869453,-0.468550800726496,-0.7909527058006495,-0.6090187965598439,0.5102291953849538,0.49977799704536335,-0.31835326149682636,-0.745292760564584,-0.7889640693012967,-0.594221409002342,3.1417312300434506,1.0513667552803547,0.30907187190148777,-0.7263612153261089,-0.19331065551115387,2.260636982718981,-0.3148669646966337,0.8547050999776103,-0.8574564681552214,-0.8340525181318775,-0.10069373573622757,-0.27129179226739236,0.12690923218139588,0.07039730368092774,-0.2807239256010772,-0.8370146259494141,-0.2520302809768511,-0.7833372412516937,1.6560815586026212,-0.8524828099001687,-0.7879083074628513,-0.6201077787653655,-0.7849785157747685,-0.7647308197458192,-0.03030258498747228,-0.2418033838930634,-0.41676097258939243,2.7987104642296194,-0.047917040437938666,0.3321319169313229,-0.27637057074374,-0.1421031361721792,-0.4281393438295354,1.0326581984836163,-0.28755014659640904,2.951333561368224,-0.38512840461820125,-0.2029474844265231,1.1226570879905777,-0.6680297030669584,-0.44723499235625613,-0.6034635563941656,-0.27484217370469277,-0.7640668656583823,-0.2566722584385965,0.1541596887210709,-0.7272161150461649,0.424538649146114,-0.25053502786060156,0.5713133243178121,-0.7886731281386982,-0.401656953739004,1.3179780571133053,-0.4222591420114625,-0.7828964292834533,0.5984941789511081,-0.6077031181213091,1.1546581487244463,-0.17087706688978485,-0.6052837683048317,2.4278432774592975,3.41413084692856,0.1756260230999256,-0.7472032640286799,0.3965838078231586,-0.36634257134016923,2.36785996450591,-0.192917684973862,0.2126521778653499,-0.49001252516693866,-0.49144906299492275,0.614484747832717,-0.3652200884926492,-0.631845911806668,2.8724430757877717,-0.22184693849711443,-0.36348815065888285,1.047532725279996,-0.7655869729006214,2.0671793421814155,1.3396930895861403
83,4.005477046872427,0.44746394646133003,-0.2668854045453012,-0.7877327479076812,-0.808801775168252,-0.3862232814004173,0.3101745214486772,-0.7577268446090778,-0.5770334502158236,-0.6419577959356357,-0.468550800726496,-0.6354981645662451,-0.6090187965598439,-0.3554927828534925,-0.3141926821816127,0.32164467947898767,-0.421393255755986,-0.22888545881765018,-0.4409925773875039,1.0023093411055368,-0.7861516052445882,-0.7847112945850717,2.8425638014844403,-0.3625844344175933,3.311101418653918,-0.20553815751030255,-0.3074813219033673,-0.8574564681552214,-0.8340525181318775,-0.7545491625948485,1.1271195080799914,-0.0894133226732562,-0.29247539570529785,-0.399172839356806,-0.8370146259494141,-0.6083407630364898,1.9567312981060825,-0.3041649104476308,-0.14766031308316277,-0.24750480440191075,0.45336212100156836,-0.7542685077244274,-0.4388974922017974,-0.1051237824874038,-0.2833503570705657,1.5521885042108867,-0.2899951370047859,1.2567548526742531,-0.4100623108481696,-0.08759285848708705,0.45269690107819033,-0.4281393438295354,0.8455824378887582,-0.7979941938089693,2.578809262460404,-0.4645363230961809,-0.2029474844265231,1.2826709260736133,0.4373696952788083,-0.6184581900424185,-0.6034635563941656,0.8009150296757787,-0.5948757970892099,-0.7672934622289077,-0.8298383243921471,-0.7272161150461649,-0.06083328204227859,-0.3653014171691685,-0.5959935263023527,-0.6138785518668235,-0.7694746769432201,2.6947360310586665,-0.22494178593133982,0.09361099266398654,-0.11569935201680126,-0.8034837618459576,1.1546581487244463,-0.828096554927419,-0.7663491670022323,-0.46969017218779346,3.141153246630442,-0.768599907544836,-0.572948771484678,2.2801856584512867,-0.36634257134016923,2.289833801639534,-0.192917684973862,0.9887550167899846,-0.667168174178847,-0.41131060999941965,0.3042955767914666,-0.25874192858225586,-0.7983841068005183,3.0152329684882773,-0.7508936916698834,-0.15548348647640342,1.3911470212949897,1.032332903680684,-0.750496156301912,-0.5601316652039429
84,0.3966295273803656,-0.3621813125157448,1.7411443150157888,-0.7877327479076812,-0.4899993411247944,-0.3862232814004173,-0.2525003473924606,3.6417590776410385,1.4667686166643072,-0.8233018060869453,-0.30653461790267306,-0.7909527058006495,0.17378171315717916,0.8291793978938551,-0.8025750897177983,-0.31835326149682636,-0.745292760564584,-0.7889640693012967,-0.1345349141578278,1.787418291174496,1.2044932853241,-0.6284565565155632,-0.7263612153261089,-0.3625844344175933,2.1856038087236285,-0.20553815751030255,0.8547050999776103,-0.7871547112882381,0.3238942543637875,2.8416556851275665,-0.7956960298976613,-0.0894133226732562,2.0661971503051686,-0.33994838247894155,-0.46861030114773533,-0.5744064314117623,1.150828786530266,0.5126044516566408,-0.5000715614916658,-0.6077738064425378,-0.4411961288042099,-0.7235584996740864,-0.6018141559738084,-0.32958737498719837,-0.2833503570705657,-0.7449192187227722,0.9111681523641495,-0.4037366476503546,-0.22451375390329645,-0.46514828300039296,-0.2502485974904282,-0.4281393438295354,-0.463947886275248,2.4348181052039126,2.951333561368224,-0.48438830271567584,-0.731456558453927,-0.6374951309228138,0.2531364622211805,-0.7896813877285809,-0.7622697554452618,-0.16450810156310594,1.435417025740858,-0.7672934622289077,-0.8298383243921471,-0.7272161150461649,0.424538649146114,-0.39399301449631025,-0.4292354047851863,-0.2642893993230743,-0.03383923053478791,2.3123032605182887,-0.8168938541717079,0.09361099266398654,-0.47279611750075595,1.3501033191251761,0.9862669938864054,-0.828096554927419,-0.7663491670022323,-0.7594435171525026,3.2581436467582066,-0.6112289191040424,3.2606500644833623,0.3965838078231586,-0.30712133446009016,1.0024021143443314,-0.320643906487277,-0.7186712288442116,-0.3128568761550302,-0.471414449746047,-0.6262719363322846,0.16717071105931752,-0.13223132682511707,1.1589643633817042,-0.04549802077285813,-0.36348815065888285,1.963837514653313,-0.60213971139323,0.5754687841608302,1.1813743600203
85,1.4277288186638117,-0.3621813125157448,4.661914816195556,-0.025164744124833896,-0.17119690708133672,-0.08561362900283224,-0.3580018853001739,0.2575391374486415,1.97771913338434,-0.6419577959356357,-0.14451843507885012,-0.6354981645662451,-0.6090187965598439,-0.3554927828534925,-0.6397809538724032,0.0016457089910806458,2.979551544734293,-0.042192588656434694,-0.594221409002342,2.062206423698632,-0.7861516052445882,-0.6284565565155632,-0.04656597402886146,-0.1368860625423407,2.2043621022224666,-0.3148669646966337,-0.6395345852979323,-0.6606115489276683,-0.00694768063497396,-0.5910853058801933,0.2531124453628765,-0.16152084095814023,-0.8367844447846362,-0.16227501184534843,-0.8370146259494141,-0.5744064314117623,-0.6221567389365305,-0.7942265277101938,-0.5000715614916658,-0.7879083074628513,-0.7990194287265212,-0.7849785157747685,-0.2759808284297865,0.11933981001239075,-0.36644430342557033,0.895872011944127,-0.8047794038771868,-0.4037366476503546,-0.03896519695842335,-0.8427037075136988,-0.1421031361721792,-0.26420596393309553,-0.838099407464964,-0.7979941938089693,2.618022346555964,-0.4645363230961809,-0.731456558453927,-0.15745361667370703,-0.6680297030669584,-0.7896813877285809,6.066396803751876,-0.3851762458462796,-0.7640668656583823,0.08374187742161104,-0.3378393178355381,-0.7272161150461649,-0.7079958569601353,-0.22184343053345984,-0.4292354047851863,-0.08949482305119973,-0.5855658153411121,2.101965236721081,-0.6195764980915852,-0.6075949448939653,-0.11569935201680126,-0.4119224743966605,1.891369451140875,-0.006572194880376346,0.6832394212743735,-0.0350601547407298,3.316638846822089,-0.6112289191040424,-0.7472032640286799,-0.802071915303832,-0.30712133446009016,2.17279455733997,-0.34618915078996,6.576695457047354,0.04145442186878656,-0.43134522324829544,0.9246739188739674,-0.3652200884926492,0.8669978431379848,3.260015641689144,-0.22184693849711443,2.2365701516221104,1.11298306737809,-0.60213971139323,-0.08751368607054091,2.2896054669811816
86,-0.6344697639030806,-0.2850722402322139,-0.8145298735165075,3.406391272897979,-0.808801775168252,-0.08561362900283224,-0.3580018853001739,-0.25009385358021813,-0.40671661130914605,-0.6419577959356357,0.8275786618640876,1.540865412715416,-0.7655788985032485,-0.21879983892110627,-0.3141926821816127,-0.2726391228556968,2.169802782712798,0.5178860218272118,-0.74745024061718,1.1593311311193286,-0.7861516052445882,-0.7847112945850717,-0.556412405001797,-0.249735248479967,1.2476891337817209,-0.2419810932390796,-0.8055612169952149,-0.8433961167818247,-0.6686315506324968,-0.7545491625948485,-0.7956960298976613,-0.44995091409767635,0.07039730368092774,-0.10305055496748404,1.9260178100631766,-0.5404720997870348,0.5061067772696127,-0.7942265277101938,-0.14766031308316277,-0.6077738064425378,-0.08337282888189856,-0.7542685077244274,1.6790191368343448,0.007108013762493475,-0.36644430342557033,-0.5808400956560823,-0.6331846482530531,0.8416319775931012,-0.7811594247379158,0.8562957027961777,-0.35839405880867725,-0.37349488386405544,1.0326581984836163,2.4348181052039126,3.519923280753843,-0.38512840461820125,-0.731456558453927,2.4027677926548625,0.2531364622211805,-0.6184581900424185,2.255048026525566,-0.3851762458462796,-0.7640668656583823,3.1474691001634785,-0.8298383243921471,-0.7272161150461649,0.5863292928755782,-0.25053502786060156,-0.09571916175085349,-0.7886731281386982,2.724793693496833,1.2606131415322486,1.3535970627096416,-0.6075949448939653,-0.47279611750075595,-0.4119224743966605,1.2809515148529769,-0.828096554927419,0.2000432251821716,-0.7594435171525026,2.3807156457999707,-0.768599907544836,-0.572948771484678,0.7390568715737273,-0.18867886069993195,1.392532928676211,-0.371734395092643,1.4544167201447655,-0.3128568761550302,-0.41131060999941965,-0.31608276529103424,0.27364887096971086,-0.2987695218189674,3.423204090489722,-0.04549802077285813,-0.311486984613263,1.685673560736413,-0.7655869729006214,-0.5847505387440692,-0.7184503947697831
87,-0.4626198820225062,-0.32362677637397935,-0.8145298735165075,-0.5970907469619694,-0.4899993411247944,-0.2659794204413833,0.02883708702810832,0.08832814043902161,0.44486758322424186,-0.6419577959356357,0.17951393056879578,-0.7909527058006495,-0.6090187965598439,-0.30992846820936376,-0.8025750897177983,-0.2726391228556968,1.198104268287004,-0.7889640693012967,-0.2877637457726659,3.1417312300434506,1.2044932853241,-0.7847112945850717,-0.3864635946774852,-0.3625844344175933,2.3169118632154957,-0.16909522178152553,-0.4735079536006498,-0.8855771709020147,4.1285765068495435,3.822438825415498,-0.4460932048108154,0.1990167504662799,-0.8367844447846362,-0.399172839356806,-0.6528124635485747,-0.5065377681623072,-0.4609762366213671,0.8393121964983495,1.4381903047551006,1.7339747068215383,-0.7990194287265212,-0.7082034956489158,-0.7647308197458192,0.83014118626174,0.21521332105946192,-0.08860272645601257,-0.8047794038771868,-0.4037366476503546,-0.7811594247379158,0.1011848537695659,-0.3043213281495527,-0.23688373395035558,-0.651023646870106,-0.7979941938089693,2.4807765522215046,-0.5042402823351707,-0.026777793084055153,1.1226570879905777,-0.11533000389407506,1.7786665775638546,-0.6034635563941656,-0.27484217370469277,0.08188847718747941,1.1049842850022336,1.6301567083908979,-0.580718106374496,1.0717012240639707,-0.39399301449631025,-0.7627516478195191,-0.7886731281386982,-0.03383923053478791,1.184126587424173,-0.8168938541717079,0.2689124770534745,0.41994579620913075,0.5669807442265821,1.2388537261434667,-0.828096554927419,1.3275010160639762,0.6893232076710429,2.341718845757382,-0.768599907544836,-0.2244397863966744,-0.6308353834285477,-0.30712133446009016,1.2559871436600532,-0.371734395092643,-0.7186712288442116,-0.8443238231907555,-0.3912759967505439,-0.6262719363322846,-0.31198100853745253,-0.4653077168128177,2.3420806171858937,-0.7508936916698834,-0.36348815065888285,1.7020361462609366,-0.7655869729006214,-0.25325930362838367,-0.7184503947697831
88,4.52102669251415,0.3318003380360336,-0.6319817171927721,-0.5970907469619694,1.1040128290924938,0.2149960233947528,-0.18216598878731835,0.2575391374486415,0.6151844221309194,-0.8233018060869453,-0.7925831663741418,-0.7909527058006495,-0.7655788985032485,0.05458604894366627,0.011395589509177712,-0.31835326149682636,2.493702287521396,-0.6022711991400812,-0.4409925773875039,1.3163529211331206,2.1232524655865714,-0.6284565565155632,3.182461422133064,0.03238771636409874,0.7599735028119289,0.960635785810563,0.19059857318848028,-0.7730943599148414,1.316420059360072,-0.7545491625948485,1.1271195080799914,-0.3778433958127923,-0.8367844447846362,-0.16227501184534843,1.0050069980589798,-0.591373597224126,-0.7833372412516937,0.6759583240774952,-0.8524828099001687,1.5538402058012248,1.3479203708073466,-0.6774934875985748,0.7015191542022791,-0.3669979737371641,0.049025428349452706,-0.5808400956560823,0.39638388549174863,0.1892960310370053,0.517680473876196,-0.8427037075136988,0.02011505580519431,-0.4008171138467954,-0.651023646870106,-0.4576981623339291,1.971006458979225,-0.48438830271567584,3.496616033765304,0.3225878975753998,-0.29956323695170284,0.23765779838839335,-0.7622697554452618,-0.33000920977548615,-0.08730259138169293,3.1474691001634785,-0.3378393178355381,-0.7272161150461649,-0.06083328204227859,-0.39399301449631025,-0.5959935263023527,-0.08949482305119973,-0.5855658153411121,0.992910202153984,-0.6195764980915852,-0.25699197611498936,-0.8298928829847106,-0.6077031181213091,2.8175208027500998,-0.6637916829180104,0.2000432251821716,-0.7594435171525026,1.7762652451398526,-0.6112289191040424,-0.572948771484678,-0.6308353834285477,0.6404184556211753,2.2118076387731582,-0.39727963939532596,0.2126521778653499,0.9272326669283286,-0.2309990907595377,1.8552414319977186,-0.3652200884926492,1.699688818107236,1.6077325975832932,0.3071998146756545,-0.20748465252202328,2.569253179060683,1.849569211217641,0.24397754904514463,-0.24349420607226235
89,1.2558789367832375,-0.2465177040904484,2.4713369403107306,-0.4064487460162575,2.857426216331511,-0.025491698523315235,-0.28766752669503165,0.08832814043902161,-0.40671661130914605,-0.8233018060869453,-0.7925831663741418,-0.013679999628627598,-0.4524586946164393,-0.08210689498872,-0.47698681802700793,-0.18121084557343764,0.38835550626550897,-0.41557832897886565,-0.74745024061718,1.767790567422772,-0.17364548506960717,-0.7847112945850717,-0.7263612153261089,-0.30615984144878017,2.1856038087236285,-0.2784240289678567,1.020731731674893,-0.8855771709020147,2.1435248968569756,-0.5910853058801933,0.07831103281945356,-0.44995091409767635,0.2518336533740405,-0.399172839356806,-0.8370146259494141,-0.43866910491285227,-0.7833372412516937,0.8393121964983495,-0.8524828099001687,0.11276419763871634,-0.7990194287265212,-0.6774934875985748,5.589019067362607,-0.3669979737371641,-0.36644430342557033,-0.7449192187227722,-0.8047794038771868,1.078845049068045,1.4454232586005615,0.4787402782828718,0.02011505580519431,-0.4281393438295354,-0.463947886275248,0.39304191635367136,0.9122531883991066,-0.48438830271567584,-0.555286867111459,-0.31746745475674265,-0.6680297030669584,-0.44723499235625613,-0.7622697554452618,-0.3851762458462796,-0.7640668656583823,-0.2566722584385965,-0.3378393178355381,1.323756006357201,1.233491867793435,0.20853052937366612,-0.5959935263023527,-0.7886731281386982,3.460429139905265,1.796019020288778,0.36701028230902827,-0.25699197611498936,-0.8298928829847106,-0.6077031181213091,2.7122763309763243,-0.828096554927419,2.1328280095509795,0.2546931902239793,1.230310044543617,-0.768599907544836,-0.572948771484678,1.7664760628254335,-0.36634257134016923,2.075261853757,-0.34618915078996,-0.5634506610592848,-0.13570122714312183,-0.49144906299492275,0.1492009912708414,-0.3652200884926492,0.03430686816873323,1.9137109390843767,-0.39819585622137077,-0.36348815065888285,1.5056851199666543,-0.27524518837844714,1.569942489507887,1.6563305487178208
90,-0.8063196457836549,0.2161367296107372,-0.8145298735165075,0.9280452606037252,0.1476055269621209,-0.3862232814004173,-0.21733316808988945,-0.419304850589838,-0.7473502891225012,0.2647622548209119,-0.468550800726496,-0.4800436233318407,2.3656231403648436,-0.21879983892110627,0.17418972535457292,-0.044068429650048924,0.7122550110741069,-0.7889640693012967,-0.4409925773875039,1.767790567422772,-0.6330250752008428,-0.7847112945850717,5.731693576997742,0.14523690230172503,3.1047601901666986,0.08600532831991381,-0.8055612169952149,-0.8293357654084281,-0.5032105831331162,-0.2641575924508828,1.3019209206234144,0.2711242687511639,-0.29247539570529785,-0.399172839356806,-0.46861030114773533,-0.48957060234994354,0.18374577263928613,-0.14081103802677644,0.028545311121088726,-0.6077738064425378,-0.4411961288042099,-0.6774934875985748,-0.4388974922017974,0.231571606262288,-0.0756154911830542,-0.2526818495227025,-0.8047794038771868,-0.2851301119128826,1.6309718155454345,-0.8427037075136988,-0.35839405880867725,-0.37349488386405544,-0.651023646870106,0.22289390061615127,2.8336943090815443,-0.444684343476686,-0.37911717576899107,1.6026986022396845,2.4639352589127137,-0.7896813877285809,-0.7622697554452618,-0.3851762458462796,3.127327711432582,0.2539489453517148,0.8101583641298828,1.0307599890138628,-0.7079958569601353,-0.02100224924346773,2.905927025558142,0.7844780583081733,1.4374316622820766,3.383115018031347,1.5509144187897643,0.9701184146114263,-0.6513445002427333,2.9163484689223647,2.90171638016912,-0.006572194880376346,0.03897782648477095,0.5444465351886884,1.8932556452676172,-0.768599907544836,0.6468326763233347,-0.6308353834285477,-0.0702363869397738,3.265160837469233,-0.42282488369800897,-0.5634506610592848,-0.667168174178847,-0.4513798364971712,-0.160988179770409,0.22040979101451422,5.196990912978093,2.9132401879879164,0.13085089695139818,-0.15548348647640342,0.5402925740197667,3.3205945647841637,-0.5847505387440692,3.3978365739420635
91,0.22477964549979124,0.2161367296107372,-0.8145298735165075,0.5467612587123015,0.6258091780273074,0.09475216243571878,-0.21733316808988945,-0.7577268446090778,-0.7473502891225012,-0.8233018060869453,1.6376595759832024,-0.7909527058006495,0.8000221209307976,-0.30992846820936376,0.17418972535457292,0.04735984763221022,-0.745292760564584,0.7045788919884273,0.018693917457010226,1.2182143023745007,-0.6330250752008428,-0.15969234230703772,-0.556412405001797,-0.30615984144878017,2.1480872217259526,-0.20553815751030255,2.016891521858588,-0.8574564681552214,-0.8340525181318775,0.2262339776930829,-0.6208946173542383,0.054801713896511846,-0.8367844447846362,1.1998874963455324,0.08399618605478285,-0.6083407630364898,-0.1386152319910405,1.3293738137609126,-0.32386593728741425,0.29289869865902984,-0.08337282888189856,-0.7389135036992569,0.3756858266582572,-0.14253438123736956,-0.36644430342557033,-0.7449192187227722,0.39638388549174863,-0.047917040437938666,-0.4100623108481696,-0.6539259952570459,0.6689878237146883,-0.4008171138467954,1.0326581984836163,-0.7979941938089693,2.578809262460404,-0.5042402823351707,-0.731456558453927,-0.15745361667370703,-0.4837964700093306,0.9225505891330428,0.1905674388613155,-0.026590511386122433,-0.5948757970892099,-0.7672934622289077,1.3021573706864917,0.44476795432718697,-0.7079958569601353,-0.2792266251877433,-0.5959935263023527,-0.7886731281386982,-0.5855658153411121,3.2875068253962527,-0.027624429851217113,-0.7828964292834533,-0.47279611750075595,-0.4119224743966605,0.902071416467385,-0.4994868109086019,2.777089604340582,-0.46969017218779346,1.542284444884323,0.018255034659132002,-0.572948771484678,-0.802071915303832,-0.24790009758001105,2.816510400987571,-0.42282488369800897,0.8335344490050577,-0.3128568761550302,-0.471414449746047,2.010336017518344,-0.3652200884926492,1.2000742331256853,1.0161744706811984,0.8362465678484234,-0.15548348647640342,0.7366436003140489,0.3785438576511185,-0.25325930362838367,-0.7184503947697831
92,1.7714285824249605,-0.2465177040904484,-0.44943356086903663,0.7374032596580133,-0.011795690059607908,-0.32610135092090026,-0.3580018853001739,3.303337083621799,-0.23639977240246846,-0.6419577959356357,-0.30653461790267306,-0.7909527058006495,-0.7655788985032485,0.5557935100290826,-0.6397809538724032,0.2302164021967285,0.06445600145691095,-0.22888545881765018,0.47838041230152434,3.2791252963055184,-0.6330250752008428,1.8716192525965727,0.12338283629545041,-0.3625844344175933,1.4540303622689406,-0.20553815751030255,-0.14145469020608475,-0.8574564681552214,-0.5032105831331162,-0.427621449165538,-0.7956960298976613,-0.3778433958127923,-0.8367844447846362,-0.33994838247894155,2.2944221348648552,-0.6083407630364898,-0.4609762366213671,-0.6308726552893394,0.38095655952959173,-0.7879083074628513,-0.7990194287265212,-0.7389135036992569,-0.6018141559738084,-0.2921767762372326,0.6722300260119872,-0.7449192187227722,-0.2899951370047859,-0.4037366476503546,0.517680473876196,-0.08759285848708705,-0.35839405880867725,-0.3188504238985755,1.4068097196733322,-0.11740213085888894,1.6376952441669657,-0.5042402823351707,1.0302403549707526,0.6426155737414709,2.4639352589127137,-0.6184581900424185,-0.28585115829197316,-0.05417402942151913,-0.7640668656583823,0.9347772170721298,-0.1738396489833351,-0.43422009770282693,-0.7079958569601353,-0.39399301449631025,-0.7627516478195191,-0.7886731281386982,-0.7694746769432201,3.1918986327611583,-0.22494178593133982,-0.6075949448939653,-0.11569935201680126,2.1332258940237705,1.0073158882411606,-0.4994868109086019,1.1664356173665755,-0.7594435171525026,1.0158276443093814,0.1756260230999256,-0.572948771484678,-0.6308353834285477,-0.30712133446009016,2.445886127372286,-0.42282488369800897,-0.40823009327435783,-0.8443238231907555,-0.37124138350166813,-0.160988179770409,0.11393163110412086,-0.13223132682511707,2.0565008317848825,-0.5745447739456271,1.6645573251202919,1.8329368304571247,3.484041826291555,0.5754687841608302,0.07314325305941816
93,-0.4626198820225062,-0.2850722402322139,-0.6319817171927721,0.9280452606037252,-0.4899993411247944,-0.32610135092090026,-0.3228347059976028,0.934383125487121,-0.23639977240246846,-0.4606137857843262,-0.6305669835503189,-0.16913454086303198,0.17378171315717916,-0.3554927828534925,-0.3141926821816127,-0.31835326149682636,-0.421393255755986,-0.7889640693012967,2.317126391679581,2.984709440029659,-0.6330250752008428,1.2466003003185386,0.9731268879170097,-0.08046146957352757,2.110570634728276,-0.20553815751030255,-0.3074813219033673,-0.8574564681552214,-0.00694768063497396,-0.7545491625948485,4.273544933861605,-0.44995091409767635,0.4332700030671533,-0.399172839356806,2.662826459666534,-0.5065377681623072,1.150828786530266,0.5126044516566408,1.614395928959352,-0.7879083074628513,-0.08337282888189856,-0.7849785157747685,1.027352481746301,-0.3669979737371641,0.33985424059196884,-0.08860272645601257,1.082762907988283,-0.22582684404414663,0.14658335998644975,0.1011848537695659,0.07418778646431881,0.09098302584252412,0.4714309166990422,1.0736339793037517,1.8337606646447653,-0.4645363230961809,-0.37911717576899107,-0.31746745475674265,1.3585358605669473,0.4088809960745557,-0.28585115829197316,-0.3851762458462796,-0.5948757970892099,0.764570149142026,-0.8298383243921471,-0.7272161150461649,0.10095736168718561,-0.16446023587917638,-0.2624772832680199,-0.43908397559494894,-0.5855658153411121,1.9489921285049294,-0.8168938541717079,0.9701184146114263,-0.8298928829847106,0.5669807442265821,3.3437431616189772,-0.828096554927419,1.0053702186691749,-0.3248134997054389,2.7511852462045594,0.3329970115407192,-0.05018529385267257,-0.802071915303832,-0.36634257134016923,1.8997029873076543,-0.244008173579228,0.05743161008042298,-0.8443238231907555,-0.471414449746047,-0.005893594249783797,-0.09902468871666582,0.8669978431379848,3.9739651051916725,-0.39819585622137077,-0.36348815065888285,1.1293456529026136,0.3785438576511185,-0.08751368607054091,0.7064181713227792
94,0.05292976361921688,-0.3621813125157448,1.1934998460445825,-0.7877327479076812,-0.011795690059607908,-0.025491698523315235,-0.18216598878731835,1.103594122496741,0.10423390541088669,-0.4606137857843262,-0.468550800726496,-0.013679999628627598,-0.6090187965598439,-0.21879983892110627,1.63933694796313,-0.31835326149682636,0.22640575386120995,-0.7889640693012967,-0.594221409002342,0.864915274843469,-0.3267720151133524,-0.6284565565155632,-0.7263612153261089,-0.02403687660471441,1.8854711127422181,-0.3148669646966337,-0.4735079536006498,-0.7730943599148414,0.9855781243613103,0.8800894045517038,2.875133633514221,-0.44995091409767635,-0.29247539570529785,-0.10305055496748404,-0.8370146259494141,-0.6083407630364898,-0.4609762366213671,0.5126044516566408,-0.8524828099001687,-0.7879083074628513,-0.7990194287265212,-0.7849785157747685,-0.4388974922017974,0.007108013762493475,-0.36644430342557033,0.895872011944127,-0.6331846482530531,0.1892960310370053,-0.7811594247379158,-0.27637057074374,-0.3043213281495527,-0.1002725840366557,-0.838099407464964,-0.4576981623339291,2.0102195430747853,-0.4248323638571911,-0.555286867111459,1.442684764156649,0.06890322916355274,0.5801041937607181,-0.6034635563941656,-0.33000920977548615,-0.7640668656583823,-0.7672934622289077,-0.009839980131132115,0.44476795432718697,-0.5462052132306712,-0.2792266251877433,-0.5959935263023527,-0.6138785518668235,3.092611416701049,3.058047163072026,-0.8168938541717079,2.37253028972733,-0.8298928829847106,-0.8034837618459576,2.333396232590732,0.4863424211478492,-0.444218369607431,-0.7594435171525026,1.3278020446500876,-0.768599907544836,0.8210871688673366,-0.6308353834285477,-0.30712133446009016,1.334013306526429,-0.42282488369800897,0.05743161008042298,-0.3128568761550302,-0.3912759967505439,-0.31608276529103424,-0.31198100853745253,-0.631845911806668,2.8520445196876993,-0.39819585622137077,0.31252700793417537,2.4219899093399717,-0.60213971139323,-0.08751368607054091,-0.5601316652039429
95,0.7403292911415144,-0.32362677637397935,-0.8145298735165075,-0.4064487460162575,-0.33059812410306555,-0.2659794204413833,0.239840162843535,-0.7577268446090778,-0.7473502891225012,-0.2792697756330167,-0.7925831663741418,-0.013679999628627598,-0.7655788985032485,-0.03654258034459124,0.011395589509177712,0.32164467947898767,-0.09749375094738805,-0.41557832897886565,-0.2877637457726659,2.631410412498627,-0.020518955025861915,-0.3159470803765462,-0.556412405001797,-0.249735248479967,2.673319439693421,-0.20553815751030255,-0.3074813219033673,-0.7309133057946515,1.316420059360072,2.0243364015542906,-0.7956960298976613,-0.0894133226732562,-0.8367844447846362,-0.2214994687232128,0.8208048356581404,-0.5404720997870348,-0.2997957343062038,-0.4675187828684851,-0.5000715614916658,0.47303319967934343,3.67377182030237,-0.769623511749598,1.027352481746301,-0.2921767762372326,-0.36644430342557033,1.0599511350108168,-0.46158989262891953,0.0706894952995333,-0.7811594247379158,1.4226288395661366,-0.35839405880867725,0.009016335894304194,0.28435515610418416,2.4348181052039126,2.3631372999348246,-0.2660165269012318,-0.731456558453927,-0.7975089690058494,0.2531364622211805,0.06643460070223098,-0.7622697554452618,-0.24725865566929606,1.9429902314483751,3.1474691001634785,-0.1738396489833351,-0.2877220890311579,-0.7079958569601353,-0.2792266251877433,-0.7627516478195191,1.6584509396675462,-0.7694746769432201,2.847709139274818,-0.8168938541717079,-0.4322934605044773,-0.47279611750075595,0.17541945677728507,1.0283647825959157,-0.4994868109086019,0.36110862387957227,0.2546931902239793,1.6397764449907937,-0.6112289191040424,1.343850646499342,-0.802071915303832,0.10742732370046347,0.9243759514779555,-0.320643906487277,-0.7186712288442116,-0.8443238231907555,-0.471414449746047,0.3042955767914666,-0.25874192858225586,0.36738325815643386,1.0977686950814873,-0.5745447739456271,-0.25948581856764313,2.5528905935361594,-0.43869244988583855,-0.5847505387440692,-0.24349420607226235
96,-0.29077000014193183,-0.2465177040904484,-0.2668854045453012,-0.5970907469619694,0.30700674398384975,-0.2659794204413833,0.13433862493582166,-0.5885158475994579,-0.40671661130914605,-0.8233018060869453,-0.30653461790267306,0.4526836240745855,-0.7655788985032485,0.28240762216431003,4.081248985644058,-0.2726391228556968,-0.421393255755986,-0.22888545881765018,-0.74745024061718,1.1985865786227767,-0.3267720151133524,0.15281713383197926,-0.556412405001797,-0.19331065551115387,1.9417459932387326,-0.3148669646966337,1.020731731674893,-0.8293357654084281,-0.5032105831331162,-0.7545491625948485,-0.7956960298976613,-0.3778433958127923,-0.8367844447846362,0.015398358788244727,1.9260178100631766,-0.4047347732881248,-0.7833372412516937,-0.7942265277101938,1.614395928959352,0.29289869865902984,-0.2622844788430542,-0.7849785157747685,-0.7647308197458192,-0.3669979737371641,-0.36644430342557033,-0.41676097258939243,1.5975471748606838,-0.4037366476503546,-0.03896519695842335,-0.27637057074374,-0.2502485974904282,-0.07295035405391573,-0.838099407464964,-0.11740213085888894,2.872907393177104,-0.2660165269012318,0.6779009722858166,3.5228646592361117,-0.11533000389407506,-0.7896813877285809,-0.7622697554452618,-0.3851762458462796,-0.5948757970892099,0.764570149142026,-0.665838655539944,-0.7272161150461649,-0.06083328204227859,-0.3653014171691685,-0.5959935263023527,-0.7886731281386982,0.8857050774757523,0.9164236480459083,-0.4222591420114625,0.09361099266398654,1.3126877099190175,-0.8034837618459576,1.512489352755283,-0.3351819388991934,-0.6052837683048317,-0.7594435171525026,1.6007796449482055,-0.6112289191040424,0.2983236912353311,-0.802071915303832,0.04820608682038438,3.284667378185827,-0.42282488369800897,-0.40823009327435783,-0.49001252516693866,-0.4513798364971712,-0.6262719363322846,-0.3652200884926492,0.5339214531502842,2.5868632903867605,-0.7508936916698834,-0.311486984613263,2.111100784374025,1.032332903680684,-0.750496156301912,-0.4018129356381026
97,-0.8063196457836549,-0.3621813125157448,-0.8145298735165075,2.071897266277996,0.1476055269621209,-0.14573555948234926,-0.21733316808988945,-0.5885158475994579,1.6370854555709848,-0.4606137857843262,-0.7925831663741418,-0.7909527058006495,-0.29589859267303464,0.10015036358779503,-0.8025750897177983,0.5045012340435059,-0.745292760564584,0.14450028150478078,-0.74745024061718,2.0425786999469078,-0.4798985451570976,1.0903455622490301,-0.556412405001797,-0.249735248479967,2.0730540477306,-0.3148669646966337,0.024571941491197763,-0.8152754140350315,1.1509990918606912,-0.7545491625948485,-0.27129179226739236,-0.0894133226732562,-0.29247539570529785,0.9037652119562105,-0.28440813874689597,-0.6083407630364898,-0.7833372412516937,-0.4675187828684851,-0.8524828099001687,-0.7879083074628513,1.8846553206908134,-0.631428475523063,1.8419358006063558,-0.3669979737371641,-0.2418033838930634,3.685217104077856,0.5679786411158823,-0.16652357617541064,0.517680473876196,-0.6539259952570459,-0.35839405880867725,-0.04562812407117576,-0.463947886275248,0.05274588487863117,2.7160550567948643,-0.48438830271567584,-0.731456558453927,0.002560221409328572,0.4373696952788083,-0.44723499235625613,2.255048026525566,-0.30242569174008943,-0.5948757970892099,0.5943630812119223,-0.3378393178355381,-0.7272161150461649,-0.7079958569601353,-0.33660981984202676,-0.7627516478195191,0.6096834820362987,1.9891582470884006,2.6756143925316476,0.564327638389151,2.1972288053378417,-0.6513445002427333,-0.020361186947363465,3.6384276825855486,-0.3351819388991934,1.3275010160639762,0.3995698627063339,1.2693068445862052,-0.6112289191040424,0.9953416614113384,1.4240029990748646,0.22586979746062164,2.7970038602709772,0.08808000235565099,-0.7186712288442116,-0.49001252516693866,-0.49144906299492275,-0.31608276529103424,-0.1522637686718625,-0.7983841068005183,2.1380950561851715,-0.7508936916698834,-0.20748465252202328,1.4075096068195132,-0.27524518837844714,0.9069600192765157,0.5480994417569389
98,-0.8063196457836549,-0.2465177040904484,-0.8145298735165075,-0.5970907469619694,-0.17119690708133672,-0.2659794204413833,-0.2525003473924606,-0.419304850589838,0.44486758322424186,-0.8233018060869453,-0.7925831663741418,-0.32458908209743637,-0.7655788985032485,-0.3554927828534925,3.267278306417082,-0.22692498421456722,0.22640575386120995,-0.22888545881765018,4.1558723710576375,1.767790567422772,0.5919871651491191,-0.7847112945850717,-0.556412405001797,-0.3625844344175933,1.979262580236409,-0.35130990042541077,-0.3074813219033673,-0.8574564681552214,1.316420059360072,2.351264114983601,-0.7956960298976613,-0.3778433958127923,-0.29247539570529785,-0.399172839356806,-0.10020597634605656,-0.09932578866557736,1.150828786530266,-0.6308726552893394,-0.8524828099001687,-0.7879083074628513,1.8846553206908134,-0.6621384835734042,0.7015191542022791,-0.3669979737371641,0.049025428349452706,-0.7449192187227722,-0.8047794038771868,-0.3444333797816186,-0.7811594247379158,-0.8427037075136988,-0.35839405880867725,-0.12759481401939568,-0.08979636508553193,-0.6278461780714493,2.0102195430747853,-0.4645363230961809,-0.731456558453927,-0.7975089690058494,0.6216029283364362,-0.44723499235625613,3.049079021781047,-0.08175754745691584,-0.4256847285200376,-0.4268793263687002,-0.8298383243921471,-0.580718106374496,1.7188637989818274,-0.30791822251488504,-0.7627516478195191,-0.7886731281386982,1.0696139390778605,3.038925524545007,-0.8168938541717079,2.1972288053378417,-0.8298928829847106,0.7627613879512306,2.0176628172694056,0.4863424211478492,0.03897782648477095,2.282966604976943,2.536702845970324,-0.2964869422224552,0.12406919869132926,-0.4595988515532633,-0.36634257134016923,3.4797327853517666,-0.42282488369800897,1.6096372879296925,-0.8443238231907555,-0.09075679801740728,2.78580894512147,-0.3652200884926492,0.20084506316258355,2.9132401879879164,1.0125954855726798,0.10452234375169592,2.0947381988495013,-0.43869244988583855,0.5754687841608302,0.2314619826252584
99,-0.6344697639030806,0.37035487417779905,-0.8145298735165075,-0.025164744124833896,0.1476055269621209,-0.20585748996186626,-0.28766752669503165,-0.08088285657059825,1.2964517777576297,2.0782023563340073,2.123708124454671,-0.013679999628627598,0.9565822228742022,-0.30992846820936376,0.49977799704536335,-0.31835326149682636,2.169802782712798,-0.6022711991400812,-0.1345349141578278,1.5322578824020843,-0.6330250752008428,-0.4722018184460547,-0.3864635946774852,0.37093527417697764,1.8291962322457038,-0.35130990042541077,1.020731731674893,-0.871516819528618,-0.6686315506324968,-0.5910853058801933,0.07831103281945356,-0.44995091409767635,-0.8367844447846362,0.19307172942183787,-0.6528124635485747,-0.5744064314117623,0.5061067772696127,-0.7942265277101938,0.9095734321423462,-0.7879083074628513,0.09553882107925708,-0.7389135036992569,-0.7647308197458192,-0.32958737498719837,-0.1587094375380588,0.07547639661067736,-0.6331846482530531,-0.4037366476503546,-0.22451375390329645,-0.6539259952570459,-0.2502485974904282,-0.4281393438295354,-0.838099407464964,3.1154101681539927,2.127858795361465,-0.5042402823351707,-0.731456558453927,0.3225878975753998,-0.8522629361245863,-0.44723499235625613,-0.28585115829197316,-0.3851762458462796,0.25107954575665176,1.9560196246527524,1.466157039538695,-0.7272161150461649,1.5570731552523633,-0.30791822251488504,-0.7627516478195191,-0.7886731281386982,-0.7694746769432201,1.5856809964915701,0.9589623505493964,0.7948169302219383,-0.2942477347587786,-0.6077031181213091,1.1757070430792014,0.8149521651666662,-0.7663491670022323,-0.7594435171525026,2.3612172457786764,-0.45385793066324875,1.1695961539553403,0.05411074407258983,0.6404184556211753,2.7384842381211953,-0.244008173579228,-0.40823009327435783,0.3957657198926034,-0.41131060999941965,0.3042955767914666,-0.25874192858225586,-0.7983841068005183,3.1172257489886386,-0.04549802077285813,0.31252700793417537,2.1601885409475954,-0.11179792687105575,-0.5847505387440692,-0.5601316652039429
100,0.56847940926094,-0.16940863180691748,-0.08433724822156573,-0.4064487460162575,-0.808801775168252,-0.32610135092090026,-0.3580018853001739,-0.5885158475994579,-0.7473502891225012,-0.2792697756330167,0.5035462962164416,-0.32458908209743637,-0.7655788985032485,-0.30992846820936376,0.33698386119996815,-0.18121084557343764,0.06445600145691095,0.8912717621496428,0.018693917457010226,2.925826268774487,-0.020518955025861915,-0.4722018184460547,-0.3864635946774852,-0.3625844344175933,2.842144081182964,-0.3148669646966337,0.3566252048857628,-0.8574564681552214,1.8126829618582139,-0.7545491625948485,-0.7956960298976613,0.054801713896511846,-0.8367844447846362,0.4299695569332954,-0.28440813874689597,-0.5404720997870348,-0.6221567389365305,0.5126044516566408,-0.14766031308316277,-0.4276393054222243,-0.4411961288042099,-0.7235584996740864,-0.2759808284297865,0.007108013762493475,-0.32489733024806805,-0.7449192187227722,-0.8047794038771868,0.24859929890574126,-0.4100623108481696,0.28996256602621884,-0.35839405880867725,-0.37349488386405544,-0.27687212568039,-0.7979941938089693,2.3043176737914846,-0.34542444537921146,-0.2029474844265231,-0.47748129283977825,2.4639352589127137,0.06643460070223098,-0.4446573573430694,-0.21967513763389934,-0.5948757970892099,5.53036805118493,0.6461586952776799,-0.7272161150461649,0.7481199366050424,-0.049693846570609455,-0.2624772832680199,-0.7886731281386982,1.0696139390778605,2.580006199896553,-0.22494178593133982,0.9701184146114263,-0.8298928829847106,-0.8034837618459576,0.9862669938864054,-0.828096554927419,-0.6052837683048317,-0.7594435171525026,1.4642908447991465,-0.6112289191040424,1.518105139043344,-0.4595988515532633,-0.12945762381985287,2.348353423789316,-0.269553417881911,0.05743161008042298,-0.13570122714312183,-0.27106831725728925,1.8552414319977186,-0.3652200884926492,1.033536038131835,1.6077325975832932,-0.7508936916698834,-0.36348815065888285,0.5239299884952432,-0.11179792687105575,0.24397754904514463,-0.4018129356381026
101,-0.6344697639030806,-0.130854095665152,-0.8145298735165075,-0.5970907469619694,-0.4899993411247944,-0.3862232814004173,-0.18216598878731835,1.103594122496741,1.4667686166643072,-0.8233018060869453,0.3415301133926187,-0.32458908209743637,-0.7655788985032485,0.6469221393173401,-0.8025750897177983,-0.22692498421456722,-0.745292760564584,-0.22888545881765018,0.7848380755312004,1.3359806448848446,0.28573410506162855,-0.4722018184460547,-0.3864635946774852,-0.1368860625423407,2.9922104291736695,-0.35130990042541077,0.19059857318848028,-0.8574564681552214,0.3238942543637875,-0.7545491625948485,1.1271195080799914,0.1990167504662799,-0.6553480950915234,-0.399172839356806,-0.10020597634605656,-0.48957060234994354,-0.7833372412516937,0.1858967068149322,-0.8524828099001687,-0.7879083074628513,-0.2622844788430542,-0.7082034956489158,0.04985249911423535,-0.1799449799873353,-0.2418033838930634,1.0599511350108168,-0.8047794038771868,0.01138622743079732,0.8887775877659422,1.0450734150528307,-0.3043213281495527,-0.37349488386405544,-0.838099407464964,-0.6278461780714493,2.912120477272664,-0.36527642499870633,-0.731456558453927,-0.6374951309228138,-0.6680297030669584,-0.6184581900424185,0.03176123981021927,-0.3851762458462796,0.5894616828949965,-0.7672934622289077,-0.3378393178355381,-0.7272161150461649,-0.7079958569601353,-0.049693846570609455,-0.5959935263023527,-0.6138785518668235,-0.7694746769432201,3.058047163072026,-0.027624429851217113,-0.6075949448939653,0.2413974134671534,-0.8034837618459576,2.6491296479120585,-0.6637916829180104,-0.28315297091003033,-0.46969017218779346,1.561782844905617,-0.6112289191040424,0.2983236912353311,1.595239530950149,-0.36634257134016923,3.206641215319451,-0.16737244067117898,-0.5634506610592848,0.5729213689045117,-0.29110293050616504,-0.6262719363322846,0.16717071105931752,2.698917988070338,2.811247407487555,0.6598976501241671,-0.10348232043078355,0.5075674029707197,-0.43869244988583855,-0.25325930362838367,-0.5601316652039429
102,-0.4626198820225062,-0.3621813125157448,-0.44943356086903663,3.215749271952267,-0.808801775168252,-0.08561362900283224,-0.3580018853001739,-0.25009385358021813,0.10423390541088669,-0.8233018060869453,0.01749774774497282,-0.6354981645662451,-0.7655788985032485,-0.08210689498872,-0.8025750897177983,-0.31835326149682636,-0.421393255755986,-0.042192588656434694,0.018693917457010226,3.0435926112848306,-0.7861516052445882,-0.7847112945850717,-0.556412405001797,-0.3625844344175933,1.378997188273588,-0.09620935032397142,-0.8055612169952149,-0.8433961167818247,-0.8340525181318775,-0.427621449165538,1.4767223331668373,-0.23362835924302425,0.2518336533740405,-0.2214994687232128,-0.46861030114773533,-0.6083407630364898,-0.1386152319910405,0.34925057923578656,-0.5000715614916658,-0.0673703033815972,-0.4411961288042099,-0.7082034956489158,1.5161024730623338,-0.3669979737371641,-0.1587094375380588,-0.5808400956560823,1.2543576636124167,-0.3444333797816186,-0.5956108677930426,0.28996256602621884,-0.3043213281495527,-0.34617265388131546,1.5938854802681903,1.584078026516312,3.3630709443716036,-0.4645363230961809,-0.731456558453927,-0.6374951309228138,2.8324017250279696,-0.6184581900424185,-0.6034635563941656,-0.13692458352770923,-0.4256847285200376,-0.2566722584385965,2.4501550526519127,0.44476795432718697,-0.7079958569601353,-0.30791822251488504,-0.5959935263023527,-0.7886731281386982,0.5178873542715363,1.1267616718431164,-0.6195764980915852,0.9701184146114263,1.8483328581449494,-0.8034837618459576,1.5545871414647932,-0.3351819388991934,3.5824165978275855,-0.46969017218779346,3.2386452467369127,-0.768599907544836,-0.7472032640286799,-0.802071915303832,0.8773034031414916,2.6214449938216315,-0.42282488369800897,-0.40823009327435783,-0.667168174178847,-0.3912759967505439,-0.6262719363322846,0.38012703088010424,-0.4653077168128177,1.4853412609828598,-0.5745447739456271,-0.311486984613263,0.8184565279366665,0.7054383806659013,-0.750496156301912,3.7144740330737442
103,1.5995787005443862,0.06191858504367534,1.376048002368318,0.35611925776658976,-0.6494005581465232,-0.3862232814004173,-0.28766752669503165,-0.7577268446090778,-0.23639977240246846,0.2647622548209119,3.419837587045255,-0.4800436233318407,1.426262528704416,-0.264364153565235,-0.8025750897177983,-0.31835326149682636,0.06445600145691095,1.0779646323108583,0.7848380755312004,1.0808202361124328,0.4388606351053738,0.6215813480405047,-0.3864635946774852,-0.249735248479967,2.673319439693421,-0.20553815751030255,0.6886784682803279,-0.8152754140350315,-0.8340525181318775,-0.427621449165538,1.1271195080799914,0.1990167504662799,1.3404517515327172,-0.399172839356806,-0.10020597634605656,-0.523504933974671,0.5061067772696127,-0.7942265277101938,-0.8524828099001687,-0.24750480440191075,1.526832020768502,-0.5700084594223809,-0.2759808284297865,-0.21735557873730108,-0.2418033838930634,-0.2526818495227025,-0.6331846482530531,0.1892960310370053,-0.4100623108481696,-0.46514828300039296,-0.35839405880867725,-0.3188504238985755,-0.27687212568039,-0.11740213085888894,3.2062186079893635,-0.32557246575971655,-0.37911717576899107,-0.6374951309228138,0.2531364622211805,0.9225505891330428,-0.4446573573430694,-0.24725865566929606,-0.4256847285200376,-0.7672934622289077,-0.8298383243921471,-0.7272161150461649,1.395282511522899,-0.39399301449631025,-0.7627516478195191,1.308861787123797,1.0696139390778605,1.9107488514508915,-0.6195764980915852,-0.25699197611498936,0.2413974134671534,0.5669807442265821,3.5752809995212833,0.6506472931572577,1.3275010160639762,0.5444465351886884,3.2581436467582066,-0.768599907544836,0.4725781837793329,-0.28836231967797893,-0.18867886069993195,1.8021702837246845,-0.39727963939532596,-0.5634506610592848,0.3957657198926034,-0.2109644775106619,-0.31608276529103424,-0.31198100853745253,-0.7983841068005183,3.871972324691311,-0.7508936916698834,-0.36348815065888285,2.111100784374025,0.8688856421732927,-0.750496156301912,-0.0851754765064221
104,-0.6344697639030806,-0.20796316794868294,-0.08433724822156573,0.35611925776658976,-0.808801775168252,0.1548740929152358,-0.21733316808988945,-0.5885158475994579,-0.5770334502158236,0.08341824466960238,1.3136272103355564,-0.7909527058006495,-0.7655788985032485,-0.3554927828534925,-0.8025750897177983,0.5959295113257651,0.22640575386120995,1.6380432427945049,-0.74745024061718,2.965081716277935,1.3576198153678452,2.1841287287355895,-0.7263612153261089,0.37093527417697764,3.29234312515508,0.12244826404869086,-0.6395345852979323,-0.7168529544212549,3.7977345718507824,-0.10069373573622757,-0.7956960298976613,0.2711242687511639,0.07039730368092774,0.19307172942183787,-0.6528124635485747,-0.48957060234994354,-0.2997957343062038,0.5126044516566408,-0.32386593728741425,-0.4276393054222243,-0.6201077787653655,-0.7235584996740864,1.6790191368343448,0.15675040876235652,-0.36644430342557033,-0.7449192187227722,-0.8047794038771868,0.01138622743079732,-0.7811594247379158,-0.46514828300039296,0.12826051712344333,-0.4281393438295354,-0.27687212568039,-0.7979941938089693,3.2062186079893635,-0.48438830271567584,-0.37911717576899107,-0.6374951309228138,0.4373696952788083,1.6074433798776924,-0.7622697554452618,-0.30242569174008943,-0.5948757970892099,-0.7672934622289077,-0.665838655539944,-0.43422009770282693,-0.5462052132306712,-0.30791822251488504,2.4056526610066427,-0.2642893993230743,-0.21774809213689597,2.1402085137751183,-0.6195764980915852,-0.7828964292834533,-0.47279611750075595,0.7627613879512306,1.0283647825959157,0.6506472931572577,-0.444218369607431,-0.7594435171525026,1.2108116445223227,-0.2964869422224552,0.12406919869132926,0.9102934034490118,-0.0702363869397738,2.309340342356128,-0.39727963939532596,-0.5634506610592848,0.04145442186878656,-0.43134522324829544,-0.7813665218529099,-0.25874192858225586,-0.631845911806668,2.362479173285966,-0.5745447739456271,-0.311486984613263,2.634703521158777,-0.60213971139323,0.5754687841608302,1.0230556304544598
105,-0.6344697639030806,-0.2850722402322139,-0.2668854045453012,-0.7877327479076812,0.30700674398384975,-0.32610135092090026,-0.2525003473924606,-0.7577268446090778,-0.7473502891225012,-0.8233018060869453,-0.14451843507885012,-0.32458908209743637,-0.4524586946164393,-0.3554927828534925,-0.1513985463362175,-0.2726391228556968,-0.745292760564584,0.3311931516659963,-0.74745024061718,1.865929186181392,-0.4798985451570976,-0.0034376042375292245,-0.04656597402886146,-0.3625844344175933,1.3227223077770736,-0.16909522178152553,-0.3074813219033673,-0.8855771709020147,-0.5032105831331162,2.0243364015542906,-0.7956960298976613,1.0643069698848882,0.9775790521464917,-0.04382609808961965,-0.8370146259494141,-0.48957060234994354,-0.6221567389365305,1.1660199413400583,3.72886341941037,0.11276419763871634,0.45336212100156836,-0.7849785157747685,-0.7647308197458192,0.4934457975120483,0.090572401526955,-0.5808400956560823,-0.8047794038771868,0.7823287097243652,-0.7811594247379158,1.4226288395661366,-0.1421031361721792,-0.3188504238985755,-0.651023646870106,0.39304191635367136,1.5592690759758456,-0.4248323638571911,-0.731456558453927,-0.6374951309228138,0.9900693944516917,-0.44723499235625613,-0.7622697554452618,-0.13692458352770923,-0.7640668656583823,-0.0864651905084927,0.31815935757327385,2.2027440583872147,-0.7079958569601353,-0.39399301449631025,0.23779708128347932,0.08529975322067489,-0.5855658153411121,1.184126587424173,0.9589623505493964,-0.7828964292834533,-0.2942477347587786,-0.8034837618459576,3.5963298938760384,-0.828096554927419,-0.6052837683048317,-0.7594435171525026,1.4642908447991465,-0.6112289191040424,-0.3986942789406762,-0.6308353834285477,-0.011015150059694707,2.17279455733997,-0.39727963939532596,-0.7186712288442116,-0.13570122714312183,-0.29110293050616504,0.1492009912708414,-0.25874192858225586,0.5339214531502842,1.0977686950814873,0.3071998146756545,-0.10348232043078355,2.6183409356342535,-0.11179792687105575,0.5754687841608302,-0.7184503947697831
106,0.56847940926094,-0.130854095665152,0.4633072207496406,-0.7877327479076812,-0.6494005581465232,-0.08561362900283224,-0.3580018853001739,2.28807110156408,-0.7473502891225012,-0.09792576548170716,-0.468550800726496,-0.4800436233318407,0.01722161121377456,-0.12767120963284875,-0.3141926821816127,-0.31835326149682636,-0.421393255755986,4.251743425051521,-0.594221409002342,3.2594975725537947,-0.3267720151133524,0.46532660997099623,-0.7263612153261089,-0.249735248479967,1.4727886557677787,-0.2784240289678567,0.3566252048857628,-0.8855771709020147,-0.5032105831331162,0.38969783440773814,-0.7956960298976613,-0.30573587752790826,-0.8367844447846362,-0.04382609808961965,-0.8370146259494141,-0.591373597224126,-0.1386152319910405,-0.7942265277101938,1.614395928959352,-0.7879083074628513,0.09553882107925708,-0.7235584996740864,-0.4388974922017974,-0.2547661774872668,-0.36644430342557033,3.028900611811096,2.6271157086054857,0.1892960310370053,-0.22451375390329645,-0.8427037075136988,-0.3043213281495527,0.06366079585978414,1.2197339590784744,0.5631899320911915,0.9318597304468866,-0.5042402823351707,-0.731456558453927,0.002560221409328572,-0.29956323695170284,-0.10478859698393139,-0.4446573573430694,-0.30242569174008943,-0.5948757970892099,-0.7672934622289077,-0.8298383243921471,0.44476795432718697,-0.5462052132306712,-0.10707704122489292,-0.2624772832680199,-0.6138785518668235,0.15006963106732016,3.058047163072026,0.36701028230902827,-0.6075949448939653,0.06284903072517607,1.1543226754005278,1.9334672398503852,-0.828096554927419,0.8443048199717742,-0.7594435171525026,2.0297444454166764,-0.6112289191040424,0.6468326763233347,-0.802071915303832,0.10742732370046347,2.426379586655692,-0.42282488369800897,1.9200784234995463,-0.13570122714312183,-0.4513798364971712,-0.7813665218529099,0.007453471193727517,0.20084506316258355,1.9953051634846657,0.8362465678484234,-0.36348815065888285,1.3747844357704662,-0.27524518837844714,-0.41900492118622645,-0.5601316652039429
107,0.56847940926094,-0.3621813125157448,1.1934998460445825,0.1654772568208779,-0.33059812410306555,0.09475216243571878,0.02883708702810832,1.4420161165159806,-0.7473502891225012,-0.6419577959356357,0.6655624790402646,-0.32458908209743637,-0.29589859267303464,0.05458604894366627,-0.6397809538724032,-0.2726391228556968,-0.09749375094738805,-0.41557832897886565,-0.74745024061718,2.022950976195184,-0.020518955025861915,1.2466003003185386,-0.7263612153261089,-0.08046146957352757,2.091812341229438,-0.35130990042541077,-0.3074813219033673,-0.871516819528618,-0.5032105831331162,-0.7545491625948485,0.4279138579062995,-0.23362835924302425,-0.6553480950915234,-0.10305055496748404,0.08399618605478285,-0.591373597224126,-0.1386152319910405,-0.6308726552893394,-0.8524828099001687,-0.4276393054222243,-0.7990194287265212,-0.7849785157747685,-0.6018141559738084,-0.3669979737371641,-0.2418033838930634,0.07547639661067736,0.5679786411158823,0.30790256677447725,-0.5956108677930426,0.4787402782828718,-0.3043213281495527,-0.4281393438295354,-0.651023646870106,0.05274588487863117,2.7748746829382043,-0.4248323638571911,1.5587494289981563,-0.6374951309228138,-0.6680297030669584,1.2649969845053675,-0.12704495924087694,-0.3851762458462796,-0.4256847285200376,-0.7672934622289077,-0.1738396489833351,-0.2877220890311579,1.7188637989818274,0.753670878589359,-0.2624772832680199,0.7844780583081733,-0.7694746769432201,1.6048026350185889,-0.4222591420114625,-0.7828964292834533,-0.2942477347587786,-0.6077031181213091,1.302000409207732,-0.6637916829180104,-0.28315297091003033,-0.0350601547407298,0.9183356442029109,-0.768599907544836,-0.7472032640286799,2.108949126576002,-0.011015150059694707,2.914043104570541,0.266896712474432,-0.7186712288442116,-0.13570122714312183,-0.471414449746047,0.614484747832717,-0.25874192858225586,-0.7983841068005183,1.7913196024839433,-0.5745447739456271,-0.36348815065888285,1.4565973633930838,0.051649334636335656,-0.08751368607054091,-0.7184503947697831
108,-0.4626198820225062,-0.3621813125157448,-0.2668854045453012,-0.2158067450705457,-0.808801775168252,-0.3862232814004173,-0.3228347059976028,-0.7577268446090778,-0.7473502891225012,0.627450275123531,-0.468550800726496,-0.7909527058006495,-0.7655788985032485,-0.30992846820936376,1.3137486762723394,-0.2726391228556968,-0.25944350335168703,3.8783576847290906,0.7848380755312004,1.0219370648572608,-0.7861516052445882,-0.4722018184460547,-0.7263612153261089,-0.19331065551115387,1.8479545257445418,0.19533413550624495,-0.4735079536006498,-0.8574564681552214,0.3238942543637875,0.7166255478370486,-0.4460932048108154,-0.017305804388372183,-0.11103904601218505,-0.2807239256010772,-0.6528124635485747,-0.6083407630364898,-0.7833372412516937,-0.7942265277101938,0.028545311121088726,-0.4276393054222243,0.09553882107925708,-0.7849785157747685,-0.7647308197458192,-0.3669979737371641,-0.2002564107155611,-0.2526818495227025,-0.2899951370047859,-0.16652357617541064,-0.7811594247379158,-0.8427037075136988,-0.1421031361721792,-0.4281393438295354,-0.463947886275248,-0.6278461780714493,2.5395961783648446,-0.40498038423769617,-0.37911717576899107,-0.7975089690058494,0.06890322916355274,-0.7896813877285809,-0.7622697554452618,-0.35759272781088286,-0.5948757970892099,-0.7672934622289077,-0.3378393178355381,-0.2877220890311579,-0.7079958569601353,-0.39399301449631025,-0.7627516478195191,-0.08949482305119973,-0.21774809213689597,0.973788563626965,-0.8168938541717079,4.300846618011698,0.7770425616930854,-0.6077031181213091,3.680525471295059,0.3220375491384407,1.8106972121561782,-0.7594435171525026,2.556201245991618,0.9624809653038936,-0.3986942789406762,0.3965838078231586,-0.30712133446009016,1.6461179579919327,-0.42282488369800897,-0.7186712288442116,-0.49001252516693866,-0.41131060999941965,0.1492009912708414,-0.20550284862705917,-0.4653077168128177,2.4236748415861826,-0.39819585622137077,1.1445456646640932,1.8002116594080777,-0.60213971139323,-0.41900492118622645,-0.5601316652039429
109,-0.8063196457836549,-0.32362677637397935,-0.8145298735165075,0.9280452606037252,-0.17119690708133672,0.034630231956201775,-0.3228347059976028,1.6112271135256004,-0.5770334502158236,0.44610626497222144,-0.7925831663741418,-0.7909527058006495,-0.6090187965598439,0.46466488074082507,2.1277193554993157,-0.13549670693230806,-0.421393255755986,-0.7889640693012967,0.17192274907184826,2.533271793740007,0.8982402252366095,-0.3159470803765462,-0.2165147843531733,-0.19331065551115387,3.0109687226725077,-0.09620935032397142,4.009211102225978,-0.8855771709020147,0.15847328686440676,1.0435532612663592,0.6027152704497225,-0.017305804388372183,-0.29247539570529785,-0.2807239256010772,-0.6528124635485747,-0.6083407630364898,-0.7833372412516937,-0.3041649104476308,-0.14766031308316277,-0.24750480440191075,-0.08337282888189856,-0.7849785157747685,0.04985249911423535,-0.2921767762372326,-0.1587094375380588,-0.41676097258939243,-0.8047794038771868,-0.22582684404414663,-0.7811594247379158,0.28996256602621884,0.34455143975994135,-0.4008171138467954,0.4714309166990422,1.4139300107787918,2.598415804508184,-0.4645363230961809,-0.2029474844265231,-0.7975089690058494,-0.6680297030669584,0.5801041937607181,3.049079021781047,0.8009150296757787,0.5894616828949965,-0.597086394298804,3.598152734617334,-0.2877220890311579,0.424538649146114,-0.13576863855203467,-0.7627516478195191,-0.6138785518668235,-0.7694746769432201,2.541762922842515,-0.8168938541717079,-0.7828964292834533,-0.47279611750075595,-0.8034837618459576,1.112560360014936,-0.6637916829180104,0.2000432251821716,-0.7594435171525026,1.990747645374088,-0.6112289191040424,2.215123109219351,0.05411074407258983,-0.36634257134016923,2.7579907788377893,-0.42282488369800897,-0.2530095254894309,-0.667168174178847,-0.33117215700391656,-0.4711773508116594,-0.1522637686718625,-0.7983841068005183,2.4848705098863992,-0.5745447739456271,-0.311486984613263,0.4748422319216726,-0.7655869729006214,0.07823193148730186,0.07314325305941816
110,-0.8063196457836549,-0.3621813125157448,1.1934998460445825,-0.7877327479076812,2.060420131222867,-0.32610135092090026,-0.14699880948474722,-0.25009385358021813,-0.7473502891225012,-0.2792697756330167,0.5035462962164416,-0.6354981645662451,-0.7655788985032485,-0.12767120963284875,1.4765428121177346,0.7330719272491538,1.522003773095602,-0.7889640693012967,-0.74745024061718,3.122103506291727,-0.6330250752008428,-0.6284565565155632,-0.3864635946774852,0.7659074249586697,2.673319439693421,0.3046629426925761,-0.4735079536006498,-0.8855771709020147,-0.8340525181318775,-0.427621449165538,-0.7956960298976613,-0.0894133226732562,-0.47391174539841063,0.25229618629970224,-0.8370146259494141,-0.5404720997870348,-0.2997957343062038,-0.7942265277101938,-0.14766031308316277,2.634647211923106,0.2744504710404127,-0.7235584996740864,0.7015191542022791,-0.32958737498719837,-0.11716246436055651,-0.7449192187227722,-0.46158989262891953,-0.16652357617541064,-0.5956108677930426,-0.6539259952570459,-0.3043213281495527,-0.34617265388131546,-0.463947886275248,-0.28755014659640904,1.4024167395936058,-0.48438830271567584,-0.731456558453927,1.2826709260736133,-0.6680297030669584,3.833344949797803,-0.12704495924087694,-0.3851762458462796,0.08188847718747941,-0.4268793263687002,-0.665838655539944,-0.7272161150461649,1.0717012240639707,-0.25053502786060156,1.405103931903644,-0.08949482305119973,0.5178873542715363,2.6564927540046286,-0.22494178593133982,0.9701184146114263,-0.47279611750075595,-0.8034837618459576,1.112560360014936,-0.6637916829180104,-0.7663491670022323,-0.3248134997054389,1.3473004446713817,-0.45385793066324875,-0.572948771484678,-0.802071915303832,0.8180821662614125,1.0609217364941133,-0.29509866218459396,-0.5634506610592848,0.5729213689045117,-0.31113754375504077,-0.6262719363322846,-0.20550284862705917,-0.2987695218189674,1.7913196024839433,0.4835487323999108,0.0005200116604561876,1.620223218638319,-0.60213971139323,-0.25325930362838367,1.4980118191519805
111,0.56847940926094,0.1004731211854408,-0.2668854045453012,-0.5970907469619694,-0.6494005581465232,-0.20585748996186626,-0.2525003473924606,-0.25009385358021813,-0.40671661130914605,2.259546366485317,5.526047963754952,-0.013679999628627598,-0.6090187965598439,-0.30992846820936376,-0.8025750897177983,-0.2726391228556968,0.22640575386120995,-0.6022711991400812,-0.74745024061718,0.904170722346917,-0.17364548506960717,0.9340908241795217,-0.556412405001797,-0.19331065551115387,2.0542957542317617,-0.35130990042541077,0.024571941491197763,-0.871516819528618,1.8126829618582139,-0.5910853058801933,-0.27129179226739236,-0.44995091409767635,-0.8367844447846362,-0.16227501184534843,2.110219972464016,-0.5404720997870348,-0.4609762366213671,0.022542834394077883,-0.32386593728741425,0.29289869865902984,-0.7990194287265212,-0.6621384835734042,-0.7647308197458192,-0.3669979737371641,-0.2002564107155611,2.8648214887444063,0.053194374243481356,-0.4037366476503546,-0.4100623108481696,0.4787402782828718,-0.35839405880867725,-0.15491704400213566,-0.27687212568039,0.5631899320911915,2.049432627170345,-0.5042402823351707,-0.37911717576899107,0.002560221409328572,0.06890322916355274,-0.10478859698393139,-0.28585115829197316,-0.16450810156310594,-0.25649365995086526,0.764570149142026,-0.5018389866877411,-0.580718106374496,-0.06083328204227859,-0.22184343053345984,-0.5959935263023527,-0.2642893993230743,0.15006963106732016,3.3066284639232717,-0.6195764980915852,-0.7828964292834533,-0.2942477347587786,-0.8034837618459576,3.3858409503284874,-0.17087706688978485,-0.6052837683048317,-0.17993682722308435,1.3667988446926758,-0.2964869422224552,-0.7472032640286799,-0.4595988515532633,-0.18867886069993195,1.9192095280242483,-0.244008173579228,-0.7186712288442116,-0.667168174178847,-0.27106831725728925,-0.160988179770409,0.16717071105931752,-0.631845911806668,2.464471953786327,-0.04549802077285813,-0.25948581856764313,1.2275211660497545,-0.60213971139323,2.398670577297101,-0.7184503947697831
112,-0.8063196457836549,-0.32362677637397935,-0.8145298735165075,-0.5970907469619694,1.2634140461142227,-0.32610135092090026,-0.3580018853001739,-0.5885158475994579,-0.23639977240246846,-0.6419577959356357,-0.7925831663741418,-0.7909527058006495,-0.7655788985032485,-0.30992846820936376,0.6625721328907586,-0.044068429650048924,1.360054020691303,1.2646575024720736,0.7848380755312004,2.10146187120208,-0.7861516052445882,-0.4722018184460547,-0.3864635946774852,-0.30615984144878017,1.9605042867375708,-0.3148669646966337,-0.8055612169952149,-0.6324908461808749,1.9781039293575946,-0.10069373573622757,-0.7956960298976613,-0.44995091409767635,0.2518336533740405,-0.2807239256010772,0.08399618605478285,-0.23506311516448733,0.02256527032412281,-0.6308726552893394,-0.32386593728741425,0.8333022017199705,-0.7990194287265212,-0.600718467472722,1.5161024730623338,-0.2547661774872668,0.630683052834485,0.2395555196773673,0.053194374243481356,-0.22582684404414663,-0.03896519695842335,-0.08759285848708705,-0.2502485974904282,-0.3188504238985755,-0.651023646870106,0.39304191635367136,1.1083186088769064,-0.5042402823351707,0.5017312809433487,-0.31746745475674265,-0.11533000389407506,-0.27601179467009374,-0.6034635563941656,-0.27484217370469277,-0.4256847285200376,-0.7672934622289077,-0.665838655539944,-0.43422009770282693,-0.7079958569601353,-0.3653014171691685,0.4045552028006457,-0.7886731281386982,-0.5855658153411121,1.7195324661807025,-0.8168938541717079,-0.6075949448939653,-0.11569935201680126,0.3712001005019336,1.4493426696910177,0.15773267712903216,-0.28315297091003033,0.3995698627063339,2.692690046140677,0.6477389884223064,-0.2244397863966744,-0.11712578780269454,0.16664856058054256,1.7241441208583086,-0.320643906487277,-0.2530095254894309,-0.8443238231907555,-0.49144906299492275,-0.6262719363322846,-0.20550284862705917,0.03430686816873323,2.7908488513874827,-0.5745447739456271,-0.36348815065888285,2.3892647382909247,-0.27524518837844714,2.398670577297101,-0.5601316652039429
113,1.2558789367832375,-0.3621813125157448,3.384077721929408,-0.5970907469619694,0.1476055269621209,-0.20585748996186626,-0.3228347059976028,-0.7577268446090778,-0.5770334502158236,-0.2792697756330167,2.447740490102317,0.4526836240745855,-0.6090187965598439,-0.30992846820936376,1.3137486762723394,1.0073567590959314,-0.5833430081602851,-0.41557832897886565,-0.4409925773875039,2.3173668324710435,1.0513667552803547,0.30907187190148777,0.8031780775926979,-0.3625844344175933,3.029727016171346,-0.2419810932390796,-0.8055612169952149,-0.7730943599148414,-0.8340525181318775,-0.7545491625948485,-0.7956960298976613,0.2711242687511639,-0.29247539570529785,0.37074510005543104,1.3734113228606586,-0.48957060234994354,0.18374577263928613,-0.7942265277101938,1.2619846805508492,-0.4276393054222243,-0.7990194287265212,-0.7849785157747685,1.5161024730623338,-0.32958737498719837,-0.32489733024806805,0.7317928888774371,2.6271157086054857,-0.4037366476503546,-0.7811594247379158,1.6114065518227896,-0.3043213281495527,-0.4281393438295354,-0.838099407464964,-0.28755014659640904,1.9121868328358853,-0.5042402823351707,-0.731456558453927,-0.6374951309228138,-0.8522629361245863,-0.44723499235625613,-0.6034635563941656,-0.08175754745691584,-0.5948757970892099,-0.7672934622289077,-0.8298383243921471,1.9097480410438767,-0.7079958569601353,-0.30791822251488504,-0.7627516478195191,-0.2642893993230743,-0.5855658153411121,1.7386541047077213,1.3535970627096416,1.671324352169378,-0.8298928829847106,2.1332258940237705,3.7647210487140796,-0.828096554927419,-0.444218369607431,-0.3248134997054389,1.4642908447991465,-0.6112289191040424,-0.572948771484678,-0.28836231967797893,1.114188350661808,2.972562726720323,0.16471573526369998,0.5230933134352038,-0.49001252516693866,-0.2109644775106619,-0.4711773508116594,-0.25874192858225586,-0.7983841068005183,0.9957759145811262,-0.7508936916698834,-0.311486984613263,1.8983871725552188,3.484041826291555,1.7356881070657297,0.38978071219109867
114,-0.4626198820225062,-0.2850722402322139,-0.2668854045453012,-0.7877327479076812,0.6258091780273074,-0.3862232814004173,-0.11183163018217612,-0.7577268446090778,-0.7473502891225012,-0.09792576548170716,-0.14451843507885012,1.074501789012203,-0.7655788985032485,-0.08210689498872,-0.47698681802700793,-0.2726391228556968,-0.25944350335168703,-0.7889640693012967,-0.74745024061718,0.8845429985951929,-0.7861516052445882,0.7778360861100132,0.9731268879170097,-0.3625844344175933,2.673319439693421,-0.3148669646966337,2.680998048647718,-0.8855771709020147,-0.8340525181318775,1.69740868812498,-0.27129179226739236,-0.3778433958127923,0.07039730368092774,-0.33994838247894155,1.5576134852614978,-0.4047347732881248,-0.6221567389365305,0.1858967068149322,-0.5000715614916658,-0.24750480440191075,-0.7990194287265212,-0.5700084594223809,-0.7647308197458192,-0.2547661774872668,0.090572401526955,-0.5808400956560823,-0.46158989262891953,-0.4037366476503546,-0.5956108677930426,-0.8427037075136988,-0.0880304055130547,-0.3188504238985755,-0.651023646870106,3.1154101681539927,1.304384029354706,-0.40498038423769617,-0.731456558453927,-0.7975089690058494,0.06890322916355274,0.23765779838839335,-0.4446573573430694,-0.30242569174008943,-0.7640668656583823,-0.7672934622289077,-0.5018389866877411,2.0562460497155457,-0.7079958569601353,-0.10707704122489292,-0.7627516478195191,-0.6138785518668235,-0.7694746769432201,3.058047163072026,-0.4222591420114625,-0.7828964292834533,-0.8298928829847106,-0.8034837618459576,3.1753520067809364,-0.6637916829180104,-0.6052837683048317,-0.7594435171525026,2.5756996460129122,0.6477389884223064,-0.7472032640286799,-0.4595988515532633,-0.36634257134016923,1.7046375801417146,-0.42282488369800897,-0.7186712288442116,-0.667168174178847,-0.43134522324829544,-0.6262719363322846,0.16717071105931752,0.03430686816873323,1.7301239341837267,0.4835487323999108,-0.36348815065888285,2.176551126472119,-0.60213971139323,-0.5847505387440692,-0.5601316652039429
115,-0.4626198820225062,-0.32362677637397935,-0.8145298735165075,-0.5970907469619694,-0.808801775168252,-0.2659794204413833,0.20467298354096386,3.6417590776410385,-0.23639977240246846,-0.8233018060869453,-0.7925831663741418,0.9190472477777987,0.643462018987393,-0.21879983892110627,-0.3141926821816127,-0.31835326149682636,-0.421393255755986,-0.7889640693012967,-0.4409925773875039,2.9061985450227628,2.429505525674062,-0.6284565565155632,-0.04656597402886146,-0.19331065551115387,3.236068244658566,-0.023323478866417332,-0.8055612169952149,-0.8433961167818247,-0.17236864813435468,-0.5910853058801933,-0.6208946173542383,-0.0894133226732562,-0.8367844447846362,0.19307172942183787,-0.8370146259494141,-0.6083407630364898,-0.6221567389365305,-0.4675187828684851,-0.6762771856959172,-0.7879083074628513,2.958125220457747,-0.6928484916237453,-0.4388974922017974,-0.3669979737371641,-0.36644430342557033,-0.41676097258939243,0.22478912986761498,-0.3444333797816186,-0.7811594247379158,1.2338511273094837,0.07418778646431881,-0.37349488386405544,-0.838099407464964,-0.4576981623339291,1.5200559918802858,-0.5042402823351707,-0.37911717576899107,-0.47748129283977825,-0.8522629361245863,-0.7896813877285809,-0.12704495924087694,-0.16450810156310594,1.2662259571716858,-0.4268793263687002,1.1381577018342888,-0.7272161150461649,0.10095736168718561,-0.10707704122489292,0.5713133243178121,0.7844780583081733,1.6213405238841845,3.019803886017988,-0.8168938541717079,0.7948169302219383,-0.11569935201680126,1.1543226754005278,1.1757070430792014,1.1435619091854832,-0.28315297091003033,-0.7594435171525026,1.0158276443093814,0.8051099768630999,3.434904557027364,0.3965838078231586,-0.30712133446009016,0.8268432478949856,-0.21846292927654498,-0.2530095254894309,0.3957657198926034,-0.49144906299492275,-0.7813665218529099,-0.20550284862705917,-0.13223132682511707,3.219218529489,-0.22184693849711443,-0.311486984613263,2.6510661066833006,-0.60213971139323,-0.41900492118622645,0.07314325305941816
116,-0.29077000014193183,-0.130854095665152,-0.2668854045453012,-0.7877327479076812,-0.808801775168252,0.034630231956201775,-0.3228347059976028,-0.7577268446090778,-0.7473502891225012,0.08341824466960238,0.3415301133926187,0.6081381653089899,-0.29589859267303464,0.46466488074082507,0.17418972535457292,0.0016457089910806458,1.683953525499901,-0.41557832897886565,-0.4409925773875039,0.0012954297676137621,-0.7861516052445882,0.7778360861100132,-0.556412405001797,0.3145106812081645,-0.49683216161022736,0.04956239259113676,0.6886784682803279,-0.8152754140350315,-0.8340525181318775,-0.7545491625948485,-0.4460932048108154,-0.23362835924302425,-0.29247539570529785,-0.2214994687232128,-0.8370146259494141,0.8169011652020649,-0.7833372412516937,-0.6308726552893394,-0.6762771856959172,4.075723220085615,1.526832020768502,-0.7082034956489158,-0.7647308197458192,0.19416100751232226,-0.1587094375380588,-0.08860272645601257,-0.8047794038771868,0.24859929890574126,-0.03896519695842335,0.4787402782828718,0.02011505580519431,-0.23688373395035558,-0.08979636508553193,0.7333379478287115,-0.40138512880215166,-0.4645363230961809,0.5017312809433487,-0.7975089690058494,0.2531364622211805,-0.7896813877285809,-0.28585115829197316,-0.33000920977548615,-0.5948757970892099,-0.2566722584385965,-0.665838655539944,-0.14122408035948897,1.0717012240639707,-0.22184343053345984,-0.4292354047851863,-0.6138785518668235,-0.7694746769432201,-0.4603343258994532,0.36701028230902827,-0.7828964292834533,0.41994579620913075,-0.4119224743966605,-0.5082045053012073,1.4721716532043005,-0.6052837683048317,0.10981651774162475,-0.15407635696826621,3.0083038150342105,1.1695961539553403,-0.6308353834285477,-0.18867886069993195,-0.30453611366746514,-0.141827196368496,-0.7186712288442116,0.5729213689045117,-0.1508606377640346,-0.7813665218529099,-0.3652200884926492,0.7004596481441344,-0.4933186807241469,-0.04549802077285813,0.10452234375169592,-0.5887258271723562,-0.7655869729006214,0.24397754904514463,-0.0851754765064221
117,3.6617772831112787,-0.3621813125157448,-0.8145298735165075,0.1654772568208779,0.6258091780273074,-0.14573555948234926,-0.2525003473924606,-0.5885158475994579,-0.5770334502158236,1.8968583461826978,0.9895948446879105,-0.6354981645662451,-0.29589859267303464,0.8747437125379839,-0.1513985463362175,-0.18121084557343764,-0.421393255755986,-0.6022711991400812,5.841389518820856,-0.48939766402548573,-0.6330250752008428,1.4028550383880471,4.5420519047275585,-0.3625844344175933,-0.4217989876148748,-0.35130990042541077,-0.8055612169952149,-0.8293357654084281,1.1509990918606912,0.38969783440773814,0.2531124453628765,0.415339305320932,1.3404517515327172,-0.16227501184534843,-0.28440813874689597,2.1233729327540734,0.8284677818999393,-0.6308726552893394,0.20475093532534022,-0.7879083074628513,-0.7990194287265212,-0.7542685077244274,-0.4388974922017974,-0.14253438123736956,-0.32489733024806805,0.7317928888774371,-0.8047794038771868,-0.22582684404414663,-0.22451375390329645,-0.08759285848708705,-0.1421031361721792,-0.4281393438295354,-0.838099407464964,-0.11740213085888894,-0.3817785867543717,-0.36527642499870633,-0.555286867111459,0.4826017356584354,-0.11533000389407506,-0.7896813877285809,0.03176123981021927,-0.3851762458462796,-0.08730259138169293,-0.7672934622289077,-0.8298383243921471,-0.580718106374496,-0.384414569501207,0.007689348083674004,-0.7627516478195191,-0.6138785518668235,-0.7694746769432201,-0.4603343258994532,0.16969292622890558,-0.7828964292834533,2.562526389112859,-0.8034837618459576,-0.38191113917267666,-0.828096554927419,0.03897782648477095,0.5444465351886884,0.07990444328726332,0.8051099768630999,-0.3986942789406762,-0.802071915303832,-0.12945762381985287,-0.48009498011681095,-0.21846292927654498,0.9887550167899846,3.584567402106955,-0.49144906299492275,-0.6262719363322846,-0.3652200884926492,-0.13223132682511707,-0.5137172368242192,1.3652933210211924,-0.25948581856764313,-0.6214509982214033,-0.27524518837844714,-0.5847505387440692,-0.5601316652039429
118,1.943278464305535,-0.3621813125157448,0.28075906442590515,-0.025164744124833896,-0.33059812410306555,-0.3862232814004173,-0.3580018853001739,-0.25009385358021813,-0.23639977240246846,2.4408903766366263,-0.7925831663741418,0.14177454160577677,0.17378171315717916,-0.21879983892110627,2.290513491344711,-0.13549670693230806,-0.5833430081602851,0.14450028150478078,-0.594221409002342,-0.5090253877772097,-0.7861516052445882,-0.7847112945850717,2.3327173705115047,0.08881230933291188,-0.32800752012068396,-0.3148669646966337,-0.3074813219033673,-0.7730943599148414,-0.5032105831331162,-0.7545491625948485,-0.7956960298976613,-0.23362835924302425,-0.8367844447846362,0.015398358788244727,-0.8370146259494141,2.2930445908777113,3.4073558189425524,-0.3041649104476308,-0.8524828099001687,-0.7879083074628513,3.3159485203800587,-0.5546534553972103,-0.7647308197458192,-0.3669979737371641,-0.36644430342557033,-0.5808400956560823,-0.11840038138065227,-0.22582684404414663,-0.5956108677930426,0.1011848537695659,0.29047870910081686,-0.4281393438295354,-0.463947886275248,-0.7979941938089693,-0.42099167084993167,-0.14690464918426233,1.0302403549707526,-0.47748129283977825,-0.4837964700093306,5.716800124345589,-0.7622697554452618,-0.24725865566929606,-0.4256847285200376,-0.7672934622289077,-0.8298383243921471,-0.580718106374496,0.7481199366050424,-0.39399301449631025,-0.4292354047851863,-0.6138785518668235,0.3339784926694282,-0.09702319388609397,-0.8168938541717079,-0.08169049172550143,0.2413974134671534,-0.21614183067201198,-0.38191113917267666,-0.006572194880376346,-0.6052837683048317,0.10981651774162475,-0.2905651571173251,0.49036799998151276,-0.572948771484678,-0.4595988515532633,-0.011015150059694707,-0.48009498011681095,-0.39727963939532596,-0.5634506610592848,-0.13570122714312183,-0.3912759967505439,1.3899576754358431,-0.3652200884926492,-0.2987695218189674,-0.4933186807241469,-0.04549802077285813,-0.15548348647640342,-0.40873738640259744,0.051649334636335656,-0.5847505387440692,-0.7184503947697831
119,-0.6344697639030806,-0.053745023381621064,-0.2668854045453012,-0.7877327479076812,0.7852103950490362,-0.32610135092090026,-0.2525003473924606,0.2575391374486415,-0.23639977240246846,0.44610626497222144,-0.6305669835503189,-0.7909527058006495,-0.6090187965598439,-0.03654258034459124,-0.8025750897177983,-0.2726391228556968,-0.745292760564584,-0.7889640693012967,-0.74745024061718,-0.4501422165220378,-0.6330250752008428,1.8716192525965727,-0.7263612153261089,-0.249735248479967,-0.49683216161022736,-0.3148669646966337,-0.8055612169952149,-0.871516819528618,-0.3377896156337354,-0.7545491625948485,1.1271195080799914,-0.44995091409767635,-0.6553480950915234,-0.2214994687232128,0.26819834845562224,1.885832611380981,-0.7833372412516937,2.146143175865184,-0.6762771856959172,-0.0673703033815972,0.9900970708850353,-0.769623511749598,-0.7647308197458192,-0.2921767762372326,-0.32489733024806805,-0.7449192187227722,-0.8047794038771868,-0.2851301119128826,0.703229030821069,1.2338511273094837,0.7230605543738129,-0.4008171138467954,-0.27687212568039,0.9034859635662317,-0.4405982128977116,-0.4645363230961809,-0.026777793084055153,-0.15745361667370703,-0.8522629361245863,-0.7896813877285809,-0.7622697554452618,-0.3851762458462796,-0.4256847285200376,0.2539489453517148,-0.009839980131132115,-0.2877220890311579,-0.7079958569601353,-0.39399301449631025,-0.4292354047851863,2.18283466848317,0.15006963106732016,-0.4603343258994532,-0.8168938541717079,-0.7828964292834533,-0.11569935201680126,1.3501033191251761,-0.42400892788218686,0.3220375491384407,-0.6052837683048317,-0.3248134997054389,-0.48554915733026643,-0.45385793066324875,0.9953416614113384,1.7664760628254335,-0.0702363869397738,-0.48009498011681095,-0.34618915078996,-0.7186712288442116,0.7500770179164202,-0.49144906299492275,-0.31608276529103424,-0.25874192858225586,-0.4653077168128177,-0.5137172368242192,1.8943400741939616,0.46853050607103497,-0.3269244587799799,0.21509659614372706,0.9069600192765157,-0.24349420607226235
120,0.3966295273803656,-0.3621813125157448,-0.08433724822156573,0.1654772568208779,-0.4899993411247944,0.756093397710406,-0.00633009227446279,-0.5885158475994579,-0.5770334502158236,-0.8233018060869453,-0.14451843507885012,0.2972290828401812,2.0525029364780343,0.05458604894366627,-0.6397809538724032,0.0016457089910806458,-0.25944350335168703,0.14450028150478078,-0.4409925773875039,-0.41088676901858984,1.5107463454115906,-0.3159470803765462,-0.04656597402886146,0.03238771636409874,-0.47807386811138924,-0.35130990042541077,0.6886784682803279,-0.8855771709020147,-0.6686315506324968,-0.427621449165538,-0.6208946173542383,-0.3778433958127923,-0.6553480950915234,-0.2214994687232128,-0.8370146259494141,1.224113144698795,-0.4609762366213671,1.3293738137609126,3.9050690436146214,-0.7879083074628513,0.632273770962724,-0.7849785157747685,-0.4388974922017974,-0.14253438123736956,-0.0340685180055519,-0.7449192187227722,-0.46158989262891953,-0.2851301119128826,1.2598747016556884,1.9889619763360955,-0.3043213281495527,-0.4008171138467954,1.9680370014579065,0.9034859635662317,-0.3229589606110318,-0.5042402823351707,-0.37911717576899107,-0.7975089690058494,-0.29956323695170284,-0.7896813877285809,0.6669860360146042,-0.13692458352770923,-0.25649365995086526,-0.2566722584385965,-0.5018389866877411,-0.7272161150461649,-0.7079958569601353,0.15114733471938266,-0.09571916175085349,-0.43908397559494894,-0.03383923053478791,-0.4985776029534911,-0.8168938541717079,-0.7828964292834533,-0.8298928829847106,-0.8034837618459576,-0.3608622448179215,0.9792570371760747,-0.28315297091003033,-0.17993682722308435,-0.34906035718120754,-0.2964869422224552,-0.7472032640286799,-0.6308353834285477,-0.24790009758001105,-0.2655230322342772,-0.42282488369800897,0.05743161008042298,-0.13570122714312183,-0.471414449746047,-0.7813665218529099,-0.09902468871666582,-0.7983841068005183,-0.3097316758234968,-0.22184693849711443,-0.10348232043078355,-0.6214509982214033,1.3592274266954667,-0.750496156301912,-0.7184503947697831
121,-0.6344697639030806,0.1004731211854408,-0.44943356086903663,-0.4064487460162575,-0.33059812410306555,-0.14573555948234926,-0.11183163018217612,-0.08088285657059825,-0.7473502891225012,0.8087942852748405,-0.6305669835503189,-0.4800436233318407,2.0525029364780343,-0.264364153565235,-0.8025750897177983,0.3673588181201172,-0.745292760564584,1.8247361129557202,-0.74745024061718,-0.273492702756522,-0.020518955025861915,-0.6284565565155632,-0.7263612153261089,-0.3625844344175933,-0.45931557461255107,-0.3148669646966337,-0.3074813219033673,-0.871516819528618,1.4818410268594526,0.5531616911223933,0.7775166829931455,-0.23362835924302425,-0.8367844447846362,-0.399172839356806,0.45240051085646166,1.2071459788864312,-0.7833372412516937,-0.4675187828684851,-0.32386593728741425,-0.4276393054222243,-0.6201077787653655,-0.769623511749598,0.04985249911423535,-0.3669979737371641,-0.2418033838930634,-0.41676097258939243,-0.8047794038771868,0.01138622743079732,-0.4100623108481696,-0.27637057074374,-0.1961758668313037,-0.4281393438295354,-0.838099407464964,-0.7979941938089693,-0.4994178390410515,-0.5042402823351707,0.3255615896008807,-0.15745361667370703,-0.29956323695170284,-0.7896813877285809,-0.4446573573430694,-0.30242569174008943,-0.7640668656583823,0.4241560132818185,-0.665838655539944,-0.43422009770282693,-0.5462052132306712,-0.25053502786060156,-0.2624772832680199,0.08529975322067489,-0.21774809213689597,-0.4603343258994532,-0.8168938541717079,-0.4322934605044773,-0.8298928829847106,-0.8034837618459576,-0.5082045053012073,1.965086269232526,-0.28315297091003033,-0.3248134997054389,-0.271066757096031,-0.768599907544836,-0.3986942789406762,0.05411074407258983,-0.30712133446009016,-0.44108189868362296,-0.34618915078996,-0.7186712288442116,-0.49001252516693866,-0.29110293050616504,-0.4711773508116594,-0.31198100853745253,-0.4653077168128177,-0.4933186807241469,-0.5745447739456271,-0.311486984613263,-0.5396380705987857,0.051649334636335656,-0.750496156301912,2.2896054669811816
122,-0.4626198820225062,0.1004731211854408,-0.2668854045453012,-0.7877327479076812,0.4664079610055785,-0.32610135092090026,-0.28766752669503165,-0.419304850589838,0.10423390541088669,-0.09792576548170716,-0.7925831663741418,1.074501789012203,-0.7655788985032485,-0.3554927828534925,0.49977799704536335,0.18450226355559893,0.22640575386120995,-0.7889640693012967,0.47838041230152434,-0.4697699402737618,-0.4798985451570976,-0.7847112945850717,-0.556412405001797,-0.19331065551115387,-0.14042458513230244,-0.2419810932390796,0.8547050999776103,-0.8574564681552214,-0.6686315506324968,-0.7545491625948485,-0.4460932048108154,-0.3778433958127923,1.1590154018396044,-0.2214994687232128,-0.8370146259494141,2.547552078063167,-0.6221567389365305,0.34925057923578656,-0.14766031308316277,-0.0673703033815972,-0.6201077787653655,-0.7542685077244274,-0.7647308197458192,-0.32958737498719837,0.007478455171950403,-0.7449192187227722,-0.6331846482530531,-0.4037366476503546,-0.7811594247379158,-0.46514828300039296,-0.3043213281495527,-0.2915281939158355,0.4714309166990422,-0.7979941938089693,-0.4994178390410515,-0.48438830271567584,-0.37911717576899107,-0.15745361667370703,-0.8522629361245863,0.06643460070223098,2.09624182747447,-0.33000920977548615,-0.7640668656583823,-0.7672934622289077,-0.665838655539944,1.177257997685532,-0.384414569501207,-0.16446023587917638,-0.7627516478195191,0.08529975322067489,-0.7694746769432201,-0.4603343258994532,0.564327638389151,-0.4322934605044773,1.1341393271770401,-0.8034837618459576,-0.5082045053012073,-0.4994868109086019,0.03897782648477095,0.5444465351886884,-0.5050475573515606,-0.2964869422224552,-0.3986942789406762,-0.28836231967797893,0.10742732370046347,-0.44108189868362296,-0.29509866218459396,-0.2530095254894309,-0.13570122714312183,-0.49144906299492275,-0.160988179770409,-0.3652200884926492,-0.631845911806668,-0.5137172368242192,-0.7508936916698834,0.0005200116604561876,-0.6050884126968797,-0.7655869729006214,1.9014337246235726,-0.7184503947697831
123,-0.29077000014193183,-0.09229955952338653,3.018981409281937,-0.5970907469619694,0.6258091780273074,0.2751179538742698,-0.07666445087960501,1.94964910754484,-0.7473502891225012,-0.6419577959356357,0.01749774774497282,-0.7909527058006495,0.3303418151005838,-0.264364153565235,2.453307627190106,0.13878812491446937,-0.745292760564584,-0.6022711991400812,-0.74745024061718,-0.48939766402548573,0.28573410506162855,2.809147681013624,-0.7263612153261089,-0.19331065551115387,-0.2717326396241695,-0.35130990042541077,-0.8055612169952149,-0.8152754140350315,-0.3377896156337354,-0.7545491625948485,-0.7956960298976613,-0.23362835924302425,-0.8367844447846362,-0.33994838247894155,0.08399618605478285,0.7659996677649737,0.5061067772696127,1.1660199413400583,0.028545311121088726,1.1935712037605974,-0.7990194287265212,-0.6928484916237453,-0.2759808284297865,-0.21735557873730108,-0.2418033838930634,0.5677137658107472,0.7395733967400159,-0.4037366476503546,-0.5956108677930426,0.6675179905395248,-0.35839405880867725,-0.2095615039676156,-0.463947886275248,-0.7979941938089693,-0.4994178390410515,-0.48438830271567584,0.8540706636282845,0.3225878975753998,1.7270023266822028,0.4088809960745557,-0.4446573573430694,-0.21967513763389934,-0.7640668656583823,0.08374187742161104,-0.5018389866877411,0.151771936983849,0.10095736168718561,-0.2792266251877433,-0.5959935263023527,-0.7886731281386982,-0.7694746769432201,-0.19263138652118852,-0.8168938541717079,1.846625836558866,-0.6513445002427333,-0.8034837618459576,-0.46610671659169706,-0.006572194880376346,-0.7663491670022323,-0.7594435171525026,-0.34906035718120754,1.4345939306262743,-0.7472032640286799,-0.802071915303832,-0.36634257134016923,-0.421575357967029,-0.42282488369800897,-0.7186712288442116,0.21861007088069498,-0.37124138350166813,-0.7813665218529099,-0.3652200884926492,-0.2987695218189674,-0.39132590022378577,-0.5745447739456271,-0.311486984613263,0.19667827800477275,0.5419911191585098,1.4041968719500442,-0.5601316652039429
124,1.943278464305535,-0.32362677637397935,2.4713369403107306,-0.4064487460162575,-0.808801775168252,-0.3862232814004173,0.02883708702810832,0.765172128477501,-0.5770334502158236,-0.4606137857843262,-0.7925831663741418,0.14177454160577677,0.643462018987393,-0.12767120963284875,-0.6397809538724032,-0.13549670693230806,0.38835550626550897,-0.042192588656434694,-0.74745024061718,-0.31274815025996994,0.4388606351053738,-0.6284565565155632,-0.3864635946774852,-0.1368860625423407,-0.49683216161022736,-0.35130990042541077,-0.14145469020608475,-0.6746719003010649,1.316420059360072,-0.7545491625948485,-0.7956960298976613,0.2711242687511639,-0.29247539570529785,-0.16227501184534843,-0.46861030114773533,0.7829668335773374,-0.2997957343062038,0.8393121964983495,1.614395928959352,-0.6077738064425378,-0.08337282888189856,-0.7849785157747685,-0.6018141559738084,-0.03030258498747228,-0.0756154911830542,0.895872011944127,-0.8047794038771868,-0.22582684404414663,-0.7811594247379158,-0.27637057074374,0.18233324778256782,-0.07295035405391573,-0.27687212568039,-0.4576981623339291,-0.4798112969932716,-0.3057204861402216,-0.731456558453927,-0.6374951309228138,-0.8522629361245863,1.43622018219153,0.3493736379124117,-0.30242569174008943,3.127327711432582,-0.0864651905084927,-0.5018389866877411,-0.14122408035948897,0.424538649146114,-0.33660981984202676,-0.4292354047851863,-0.08949482305119973,-0.7694746769432201,-0.21175302504820742,-0.027624429851217113,0.9701184146114263,0.5984941789511081,-0.4119224743966605,-0.46610671659169706,-0.4994868109086019,0.03897782648477095,-0.7594435171525026,-0.5050475573515606,-0.6112289191040424,0.4725781837793329,0.05411074407258983,-0.0702363869397738,-0.30453611366746514,-0.371734395092643,0.05743161008042298,-0.8443238231907555,-0.4513798364971712,0.45939016231209184,-0.3652200884926492,0.36738325815643386,-0.4729201246240747,-0.7508936916698834,0.20852467584293566,-0.5560006561233092,-0.60213971139323,0.4097231666029874,-0.7184503947697831
125,-0.6344697639030806,-0.2850722402322139,-0.6319817171927721,-0.7877327479076812,-0.33059812410306555,0.2149960233947528,-0.28766752669503165,-0.7577268446090778,0.44486758322424186,-0.8233018060869453,-0.7925831663741418,-0.7909527058006495,-0.7655788985032485,0.10015036358779503,1.1509545404269443,-0.08978256829117849,-0.745292760564584,0.5178860218272118,-0.74745024061718,-0.5090253877772097,-0.7861516052445882,0.46532660997099623,-0.556412405001797,-0.3625844344175933,-0.45931557461255107,-0.3148669646966337,-0.6395345852979323,-0.8855771709020147,-0.6686315506324968,-0.7545491625948485,-0.27129179226739236,0.2711242687511639,-0.8367844447846362,-0.33994838247894155,-0.8370146259494141,1.9027997771933447,1.634370293475756,1.4927276861817669,2.319218425776358,-0.24750480440191075,0.09553882107925708,-0.769623511749598,-0.11306416465777558,-0.1799449799873353,-0.32489733024806805,-0.41676097258939243,-0.8047794038771868,-0.4037366476503546,-0.22451375390329645,-0.27637057074374,-0.1421031361721792,-0.2915281939158355,1.7809612408630484,-0.7979941938089693,0.26523730082236746,-0.40498038423769617,-0.731456558453927,-0.7975089690058494,0.2531364622211805,1.2649969845053675,0.3493736379124117,-0.3851762458462796,-0.7640668656583823,1.1049842850022336,-0.8298383243921471,0.151771936983849,-0.7079958569601353,-0.30791822251488504,-0.2624772832680199,-0.6138785518668235,3.276520278303157,-0.42209104884541543,0.9589623505493964,-0.6075949448939653,2.205429623628904,-0.6077031181213091,-0.5082045053012073,-0.828096554927419,0.2000432251821716,-0.3248134997054389,-0.5050475573515606,-0.768599907544836,1.518105139043344,-0.11712578780269454,-0.36634257134016923,-0.40206881725043503,-0.29509866218459396,0.8335344490050577,-0.49001252516693866,-0.43134522324829544,0.1492009912708414,1.0189959903424644,0.5339214531502842,-0.4933186807241469,-0.5745447739456271,0.20852467584293566,-0.6214509982214033,-0.7655869729006214,-0.750496156301912,-0.7184503947697831
126,-0.4626198820225062,-0.16940863180691748,-0.8145298735165075,-0.025164744124833896,-0.808801775168252,-0.3862232814004173,0.239840162843535,-0.5885158475994579,-0.06608293349579088,-0.6419577959356357,-0.30653461790267306,-0.6354981645662451,0.8000221209307976,-0.3554927828534925,0.8253662687361538,-0.22692498421456722,-0.25944350335168703,-0.042192588656434694,2.470355223294419,-0.48939766402548573,1.5107463454115906,0.9340908241795217,-0.7263612153261089,-0.249735248479967,-0.49683216161022736,-0.3148669646966337,0.024571941491197763,-0.7871547112882381,-0.6686315506324968,-0.7545491625948485,-0.4460932048108154,-0.30573587752790826,-0.11103904601218505,-0.16227501184534843,-0.6528124635485747,1.1562444814493398,-0.6221567389365305,0.5126044516566408,0.20475093532534022,-0.4276393054222243,-0.08337282888189856,-0.7542685077244274,1.3531858092903228,0.19416100751232226,-0.32489733024806805,-0.7449192187227722,-0.8047794038771868,-0.4037366476503546,-0.5956108677930426,-0.8427037075136988,0.23640597844169234,-0.4281393438295354,-0.838099407464964,-0.6278461780714493,-0.4602047549454916,-0.5042402823351707,-0.2029474844265231,-0.7975089690058494,-0.8522629361245863,3.3196753567393156,-0.7622697554452618,-0.3851762458462796,-0.4256847285200376,-0.597086394298804,-0.3378393178355381,-0.7272161150461649,-0.06083328204227859,-0.3653014171691685,-0.5959935263023527,-0.7886731281386982,-0.7694746769432201,-0.4985776029534911,-0.8168938541717079,1.3207213833904021,-0.6513445002427333,-0.21614183067201198,-0.48715561094645216,-0.4994868109086019,0.5221740225769729,1.9932132600122339,-0.5050475573515606,-0.6112289191040424,-0.3986942789406762,-0.4595988515532633,-0.0702363869397738,-0.460588439400217,-0.371734395092643,-0.7186712288442116,-0.8443238231907555,-0.49144906299492275,-0.005893594249783797,-0.20550284862705917,-0.2987695218189674,-0.45252156852400244,-0.39819585622137077,0.0005200116604561876,-0.6214509982214033,-0.27524518837844714,0.4097231666029874,-0.5601316652039429
127,-0.8063196457836549,-0.32362677637397935,-0.2668854045453012,0.1654772568208779,-0.6494005581465232,0.8162153281899229,-0.3580018853001739,-0.25009385358021813,-0.5770334502158236,2.8035783969392454,-0.7925831663741418,0.6081381653089899,2.522183242308248,0.5557935100290826,-0.6397809538724032,-0.31835326149682636,-0.421393255755986,-0.6022711991400812,-0.4409925773875039,-0.4305144927703138,-0.7861516052445882,1.7153645145270642,-0.7263612153261089,-0.30615984144878017,-0.49683216161022736,-0.35130990042541077,0.024571941491197763,-0.8855771709020147,1.9781039293575946,1.3704809746956694,-0.27129179226739236,-0.16152084095814023,0.6147063527602661,-0.399172839356806,0.8208048356581404,2.2930445908777113,0.5061067772696127,1.4927276861817669,-0.32386593728741425,0.6531677006996569,-0.4411961288042099,-0.600718467472722,2.6565191194664104,-0.14253438123736956,-0.2418033838930634,-0.7449192187227722,-0.8047794038771868,-0.2851301119128826,2.744263157214673,-0.8427037075136988,-0.35839405880867725,-0.2915281939158355,0.0972793955093261,0.22289390061615127,-0.4994178390410515,-0.5042402823351707,-0.37911717576899107,-0.7975089690058494,2.4639352589127137,-0.7896813877285809,-0.7622697554452618,-0.33000920977548615,-0.7640668656583823,0.08374187742161104,-0.8298383243921471,-0.580718106374496,-0.7079958569601353,-0.39399301449631025,-0.2624772832680199,-0.7886731281386982,-0.7694746769432201,-0.4985776029534911,2.7348185552705004,-0.4322934605044773,-0.2942477347587786,-0.8034837618459576,-0.2766666673989011,-0.828096554927419,-0.6052837683048317,-0.46969017218779346,-0.5050475573515606,-0.768599907544836,5.700212960099388,-0.6308353834285477,0.3443122712207798,-0.4996015208334049,-0.42282488369800897,-0.7186712288442116,-0.49001252516693866,-0.49144906299492275,1.5450522609564683,-0.25874192858225586,2.3658415980826373,-0.5137172368242192,0.3071998146756545,-0.311486984613263,-0.5560006561233092,0.3785438576511185,-0.41900492118622645,-0.7184503947697831
128,-0.4626198820225062,-0.32362677637397935,1.7411443150157888,-0.2158067450705457,-0.808801775168252,0.2751179538742698,-0.28766752669503165,-0.25009385358021813,-0.06608293349579088,0.2647622548209119,0.3415301133926187,-0.6354981645662451,0.8000221209307976,-0.30992846820936376,-0.6397809538724032,0.18450226355559893,-0.25944350335168703,-0.7889640693012967,1.0912957387608766,-0.31274815025996994,0.8982402252366095,-0.6284565565155632,-0.556412405001797,-0.3625844344175933,-0.4217989876148748,-0.2419810932390796,-0.8055612169952149,-0.8152754140350315,-0.5032105831331162,-0.5910853058801933,1.3019209206234144,-0.44995091409767635,-0.8367844447846362,-0.04382609808961965,-0.6528124635485747,2.2930445908777113,0.5061067772696127,0.022542834394077883,-0.8524828099001687,-0.4276393054222243,0.09553882107925708,-0.7235584996740864,0.86443581797429,-0.32958737498719837,0.049025428349452706,-0.08860272645601257,-0.8047794038771868,-0.3444333797816186,1.8165203724903074,-0.6539259952570459,-0.0880304055130547,-0.4281393438295354,0.6585066772939002,-0.11740213085888894,-0.42099167084993167,-0.4248323638571911,0.1493918982584128,-0.15745361667370703,0.9900693944516917,-0.7896813877285809,-0.12704495924087694,-0.35759272781088286,-0.7640668656583823,-0.7672934622289077,1.9581560460953038,-0.14122408035948897,-0.7079958569601353,-0.30791822251488504,-0.7627516478195191,-0.6138785518668235,-0.21774809213689597,-0.42209104884541543,0.36701028230902827,0.09361099266398654,-0.6513445002427333,-0.8034837618459576,-0.42400892788218686,2.1293911412419346,-0.6052837683048317,-0.7594435171525026,-0.4075555572450899,0.018255034659132002,2.389377601763353,-0.6308353834285477,-0.30712133446009016,-0.44108189868362296,-0.42282488369800897,-0.7186712288442116,-0.8443238231907555,-0.471414449746047,-0.4711773508116594,-0.3652200884926492,-0.7983841068005183,-0.4729201246240747,-0.7508936916698834,-0.36348815065888285,-0.35964962982902693,0.8688856421732927,1.2384512543922013,-0.0851754765064221
129,-0.4626198820225062,-0.3621813125157448,-0.2668854045453012,-0.5970907469619694,-0.4899993411247944,0.2149960233947528,0.16950580423839276,0.4267501344582614,-0.5770334502158236,-0.2792697756330167,-0.468550800726496,-0.7909527058006495,0.3303418151005838,-0.3554927828534925,-0.47698681802700793,-0.18121084557343764,-0.745292760564584,-0.22888545881765018,-0.594221409002342,-0.5090253877772097,-0.6330250752008428,1.2466003003185386,-0.556412405001797,-0.19331065551115387,-0.04663311763811166,0.1588911997774679,1.020731731674893,-0.7309133057946515,1.316420059360072,-0.7545491625948485,0.9523180955365684,0.631661860175584,-0.6553480950915234,-0.399172839356806,0.636602673257301,2.700256570374441,-0.7833372412516937,-0.4675187828684851,-0.6762771856959172,-0.0673703033815972,-0.4411961288042099,-0.7542685077244274,-0.7647308197458192,-0.3669979737371641,-0.32489733024806805,-0.7449192187227722,-0.8047794038771868,-0.3444333797816186,0.3321319169313229,0.8562957027961777,-0.35839405880867725,-0.23688373395035558,-0.463947886275248,-0.7979941938089693,-0.4798112969932716,-0.34542444537921146,-0.555286867111459,-0.7975089690058494,-0.8522629361245863,-0.7896813877285809,-0.12704495924087694,-0.19209161959850263,-0.4256847285200376,0.5943630812119223,2.1221557149475068,0.151771936983849,-0.384414569501207,-0.3653014171691685,-0.4292354047851863,-0.6138785518668235,0.15006963106732016,-0.44121268737243435,-0.8168938541717079,0.44421396144296244,0.5984941789511081,3.112129112647013,-0.48715561094645216,-0.6637916829180104,-0.7663491670022323,-0.17993682722308435,-0.44655235728767817,-0.6112289191040424,0.12406919869132926,2.79389525407714,-0.30712133446009016,-0.48009498011681095,-0.244008173579228,-0.7186712288442116,1.2815439649521454,-0.4513798364971712,-0.7813665218529099,-0.3652200884926492,-0.4653077168128177,-0.411724456323858,0.3071998146756545,-0.36348815065888285,-0.6214509982214033,-0.7655869729006214,0.24397754904514463,0.8647369008886194
130,0.56847940926094,-0.32362677637397935,0.8284035333971115,-0.4064487460162575,-0.808801775168252,0.3352398843537868,0.3101745214486772,0.4267501344582614,-0.06608293349579088,0.08341824466960238,-0.468550800726496,-0.6354981645662451,-0.6090187965598439,-0.12767120963284875,-0.47698681802700793,-0.31835326149682636,0.550305258669808,-0.6022711991400812,-0.74745024061718,-0.4305144927703138,-0.7861516052445882,-0.7847112945850717,-0.556412405001797,-0.249735248479967,-0.47807386811138924,-0.35130990042541077,3.6771578388314135,-0.8574564681552214,0.4893152218631682,1.8608725448396353,-0.09649037972396941,-0.3778433958127923,0.7961427024533789,-0.33994838247894155,-0.28440813874689597,1.478620631884251,-0.4609762366213671,-0.6308726552893394,0.028545311121088726,-0.7879083074628513,-0.7990194287265212,-0.769623511749598,-0.7647308197458192,-0.32958737498719837,-0.2833503570705657,-0.5808400956560823,-0.8047794038771868,0.01138622743079732,1.2598747016556884,-0.6539259952570459,0.18233324778256782,-0.4008171138467954,2.1551127620527644,-0.6278461780714493,-0.34256550265881175,-0.4248323638571911,-0.37911717576899107,1.6026986022396845,0.4373696952788083,0.4088809960745557,4.1607224151387205,-0.30242569174008943,-0.5948757970892099,0.5943630812119223,-0.8298383243921471,-0.580718106374496,-0.22262392577174278,-0.39399301449631025,-0.2624772832680199,0.43488890576442407,-0.5855658153411121,-0.42209104884541543,-0.4222591420114625,-0.4322934605044773,1.669784475402972,-0.8034837618459576,-0.5082045053012073,0.4863424211478492,1.8106972121561782,-0.7594435171525026,-0.44655235728767817,-0.6112289191040424,-0.7472032640286799,0.7390568715737273,-0.36634257134016923,-0.3240426543840591,-0.371734395092643,-0.09778895770450395,1.4586996139640538,-0.49144906299492275,0.614484747832717,-0.3652200884926492,-0.631845911806668,-0.43212301242393025,-0.7508936916698834,-0.25948581856764313,-0.457825142976168,1.3592274266954667,-0.750496156301912,-0.7184503947697831
131,-0.8063196457836549,-0.2465177040904484,0.8284035333971115,-0.5970907469619694,-0.4899993411247944,-0.08561362900283224,-0.14699880948474722,0.08832814043902161,-0.5770334502158236,-0.09792576548170716,0.5035462962164416,3.561774448762673,1.426262528704416,-0.3554927828534925,0.33698386119996815,0.09307398627333979,1.198104268287004,3.8783576847290906,-0.74745024061718,-0.3520035977634179,-0.4798985451570976,-0.3159470803765462,-0.04656597402886146,-0.19331065551115387,-0.30924922662184584,-0.35130990042541077,0.19059857318848028,-0.871516819528618,2.1435248968569756,-0.5910853058801933,4.448346346405028,1.0643069698848882,2.247633499998281,0.4299695569332954,2.662826459666534,1.8349311139438897,0.9896482842151026,0.1858967068149322,0.20475093532534022,1.013436702740284,-0.6201077787653655,-0.769623511749598,1.6790191368343448,-0.1799449799873353,-0.11716246436055651,-0.7449192187227722,-0.6331846482530531,0.1299927631682693,-0.7811594247379158,-0.27637057074374,-0.2502485974904282,-0.4008171138467954,0.28435515610418416,-0.4576981623339291,-0.4994178390410515,-0.40498038423769617,-0.37911717576899107,-0.31746745475674265,0.4373696952788083,2.977228961366991,-0.28585115829197316,-0.35759272781088286,-0.25649365995086526,-0.0864651905084927,-0.8298383243921471,-0.43422009770282693,0.10095736168718561,-0.39399301449631025,-0.7627516478195191,-0.2642893993230743,-0.03383923053478791,-0.4985776029534911,1.5509144187897643,0.09361099266398654,-0.8298928829847106,-0.8034837618459576,-0.44505782223694196,-0.4994868109086019,-0.7663491670022323,-0.614566844670148,-0.5050475573515606,2.5361908497118297,-0.7472032640286799,0.05411074407258983,-0.24790009758001105,-0.3240426543840591,-0.244008173579228,0.2126521778653499,0.7500770179164202,-0.471414449746047,-0.7813665218529099,-0.20550284862705917,2.698917988070338,-0.45252156852400244,0.8362465678484234,2.5485771478958297,-0.5723632416478327,-0.60213971139323,-0.5847505387440692,-0.24349420607226235
132,-0.8063196457836549,-0.32362677637397935,0.28075906442590515,-0.5970907469619694,-0.33059812410306555,-0.20585748996186626,-0.28766752669503165,-0.25009385358021813,0.9558180999442746,0.627450275123531,0.8275786618640876,1.6963199539498204,-0.6090187965598439,-0.03654258034459124,-0.3141926821816127,0.13878812491446937,1.8459032779042,0.14450028150478078,-0.74745024061718,-0.39125904526686583,1.6638728754553358,-0.7847112945850717,-0.3864635946774852,-0.3625844344175933,-0.49683216161022736,-0.16909522178152553,-0.6395345852979323,-0.8855771709020147,-0.5032105831331162,0.06277012097842767,-0.6208946173542383,-0.23362835924302425,0.4332700030671533,0.25229618629970224,-0.10020597634605656,1.1732116472617036,2.601453307366736,-0.4675187828684851,-0.6762771856959172,-0.0673703033815972,-0.2622844788430542,-0.6774934875985748,0.21276916288624628,-0.2547661774872668,-0.11716246436055651,-0.2526818495227025,0.22478912986761498,-0.2851301119128826,3.3009088280492924,3.1216282498760135,-0.35839405880867725,-0.4008171138467954,0.0972793955093261,0.39304191635367136,-0.4994178390410515,-0.4645363230961809,-0.026777793084055153,0.16257405949236417,-0.4837964700093306,-0.7896813877285809,0.03176123981021927,-0.3851762458462796,-0.08730259138169293,-0.597086394298804,-0.5018389866877411,0.44476795432718697,2.3660263738996843,-0.19315183320631812,0.4045552028006457,-0.43908397559494894,-0.5855658153411121,-0.47945596442647215,-0.22494178593133982,-0.7828964292834533,1.8483328581449494,0.9585420316758791,-0.44505782223694196,-0.828096554927419,2.29389340824838,-0.0350601547407298,-0.5050475573515606,-0.768599907544836,-0.2244397863966744,-0.28836231967797893,-0.18867886069993195,-0.38256227653384106,-0.42282488369800897,-0.5634506610592848,-0.49001252516693866,-0.31113754375504077,-0.160988179770409,-0.31198100853745253,0.7004596481441344,-0.45252156852400244,0.4835487323999108,-0.311486984613263,-0.5232754850742621,-0.7655869729006214,0.7412144017186729,-0.5601316652039429
133,-0.6344697639030806,-0.3621813125157448,-0.8145298735165075,-0.7877327479076812,3.1762286503749686,-0.08561362900283224,0.13433862493582166,-0.5885158475994579,2.318352811197695,0.44610626497222144,-0.6305669835503189,-0.013679999628627598,-0.6090187965598439,-0.21879983892110627,0.988160404581549,-0.31835326149682636,-0.421393255755986,-0.41557832897886565,1.3977534019905526,-0.31274815025996994,-0.7861516052445882,2.027873990666081,3.6923078531059996,0.08881230933291188,-0.49683216161022736,-0.35130990042541077,2.016891521858588,-0.7871547112882381,-0.17236864813435468,-0.10069373573622757,-0.6208946173542383,0.34323178703604795,-0.8367844447846362,0.1338472725439735,-0.6528124635485747,0.6302623412660637,-0.4609762366213671,0.8393121964983495,-0.5000715614916658,0.29289869865902984,-0.6201077787653655,-0.7542685077244274,-0.2759808284297865,-0.32958737498719837,-0.32489733024806805,-0.08860272645601257,-0.6331846482530531,0.24859929890574126,-0.4100623108481696,0.1011848537695659,-0.35839405880867725,-0.4281393438295354,2.1551127620527644,0.22289390061615127,-0.4405982128977116,-0.027792771467292848,-0.026777793084055153,1.1226570879905777,-0.6680297030669584,-0.6184581900424185,0.8257922350657003,-0.27484217370469277,0.7586527514641688,-0.597086394298804,0.6461586952776799,-0.43422009770282693,-0.7079958569601353,-0.33660981984202676,-0.2624772832680199,2.0080400922112953,-0.401656953739004,-0.23087466357522635,0.564327638389151,-0.4322934605044773,-0.6513445002427333,0.9585420316758791,-0.12932440691561534,-0.6637916829180104,0.36110862387957227,1.4137065700828155,-0.4660507573089723,-0.13911595378166158,-0.3986942789406762,-0.4595988515532633,-0.30712133446009016,-0.40206881725043503,-0.371734395092643,-0.7186712288442116,-0.49001252516693866,-0.35120677025279234,1.8552414319977186,-0.25874192858225586,0.20084506316258355,-0.4933186807241469,1.188944403296936,-0.10348232043078355,-0.5723632416478327,-0.60213971139323,-0.5847505387440692,-0.24349420607226235
134,-0.6344697639030806,0.25469126575250267,2.653885096634466,-0.5970907469619694,-0.6494005581465232,-0.20585748996186626,-0.3228347059976028,-0.7577268446090778,0.785501261037597,-0.8233018060869453,1.3136272103355564,1.6963199539498204,2.522183242308248,-0.264364153565235,-0.47698681802700793,-0.31835326149682636,-0.09749375094738805,1.8247361129557202,-0.74745024061718,-0.3716313215151419,0.5919871651491191,0.7778360861100132,1.3130245085656336,-0.3625844344175933,-0.49683216161022736,-0.2784240289678567,1.8508648901613054,-0.590309792060685,-0.8340525181318775,0.5531616911223933,1.1271195080799914,-0.44995091409767635,-0.47391174539841063,-0.04382609808961965,0.8208048356581404,1.2071459788864312,0.02256527032412281,-0.4675187828684851,-0.32386593728741425,0.11276419763871634,-0.6201077787653655,-0.769623511749598,3.634019102098476,-0.06771318373743804,0.506042133301978,-0.5808400956560823,1.082762907988283,-0.4037366476503546,-0.22451375390329645,-0.46514828300039296,-0.0880304055130547,-0.4008171138467954,0.28435515610418416,-0.28755014659640904,-0.4994178390410515,-0.4645363230961809,0.3255615896008807,-0.7975089690058494,0.6216029283364362,-0.7896813877285809,-0.7622697554452618,0.16649411486165447,1.6046080943100305,-0.7672934622289077,-0.8298383243921471,-0.7272161150461649,0.2627480054166498,-0.25053502786060156,-0.5959935263023527,-0.43908397559494894,-0.7694746769432201,-0.4985776029534911,0.16969292622890558,-0.7828964292834533,-0.8298928829847106,-0.21614183067201198,-0.17142219562512556,-0.6637916829180104,-0.6052837683048317,0.2546931902239793,-0.4660507573089723,-0.768599907544836,1.6923596315873457,-0.4595988515532633,-0.36634257134016923,-0.460588439400217,-0.371734395092643,0.36787274565027683,-0.49001252516693866,-0.49144906299492275,-0.31608276529103424,-0.3652200884926492,-0.4653077168128177,-0.33013023192356905,-0.39819585622137077,0.052521177706076054,-0.6214509982214033,-0.7655869729006214,-0.750496156301912,0.5480994417569389
135,-0.6344697639030806,0.3318003380360336,-0.44943356086903663,-0.7877327479076812,-0.17119690708133672,-0.025491698523315235,-0.28766752669503165,-0.419304850589838,-0.7473502891225012,1.5341703258800787,-0.14451843507885012,-0.6354981645662451,-0.4524586946164393,-0.3554927828534925,2.9416900347262915,0.09307398627333979,-0.745292760564584,-0.6022711991400812,0.17192274907184826,-0.48939766402548573,0.5919871651491191,-0.0034376042375292245,0.2933316466197623,0.03238771636409874,-0.4405572811137129,-0.35130990042541077,-0.8055612169952149,-0.7590340085414449,2.1435248968569756,-0.5910853058801933,2.001126570797106,-0.23362835924302425,-0.11103904601218505,-0.2214994687232128,-0.46861030114773533,1.3768176370100687,-0.6221567389365305,0.8393121964983495,0.7333678079380946,3.5353197170246737,-0.7990194287265212,-0.769623511749598,-0.7647308197458192,-0.2547661774872668,-0.36644430342557033,0.07547639661067736,-0.6331846482530531,-0.10722030830667466,0.3321319169313229,-0.27637057074374,0.7230605543738129,-0.2915281939158355,-0.651023646870106,-0.4576981623339291,-0.4798112969932716,-0.48438830271567584,-0.2029474844265231,-0.6374951309228138,-0.4837964700093306,0.4088809960745557,4.9547534103942015,-0.3851762458462796,0.5894616828949965,-0.597086394298804,-0.8298383243921471,-0.580718106374496,-0.7079958569601353,-0.33660981984202676,1.0715876888693112,-0.43908397559494894,0.5178873542715363,-0.4985776029534911,-0.22494178593133982,-0.7828964292834533,-0.6513445002427333,-0.8034837618459576,-0.42400892788218686,1.1435619091854832,1.1664356173665755,-0.0350601547407298,-0.4075555572450899,0.018255034659132002,0.12406919869132926,1.595239530950149,-0.0702363869397738,-0.460588439400217,-0.320643906487277,0.2126521778653499,-0.49001252516693866,-0.49144906299492275,-0.7813665218529099,-0.31198100853745253,-0.7983841068005183,-0.22813745142320788,-0.22184693849711443,-0.15548348647640342,-0.5560006561233092,-0.11179792687105575,-0.25325930362838367,1.814649278283661
136,-0.8063196457836549,-0.20796316794868294,-0.08433724822156573,0.5467612587123015,-0.33059812410306555,-0.3862232814004173,-0.3580018853001739,-0.7577268446090778,-0.7473502891225012,0.44610626497222144,-0.6305669835503189,-0.4800436233318407,2.8353034461950575,0.3735362514525675,-0.6397809538724032,-0.22692498421456722,-0.421393255755986,-0.41557832897886565,0.6316092439163624,-0.48939766402548573,-0.7861516052445882,-0.3159470803765462,0.46328045694407416,-0.3625844344175933,-0.49683216161022736,-0.3148669646966337,-0.4735079536006498,-0.8574564681552214,0.3238942543637875,-0.10069373573622757,-0.7956960298976613,-0.44995091409767635,-0.29247539570529785,0.7260918413226173,-0.8370146259494141,1.6991937874449798,0.02256527032412281,-0.6308726552893394,-0.32386593728741425,-0.4276393054222243,-0.7990194287265212,-0.7849785157747685,-0.4388974922017974,0.38121400126215105,-0.36644430342557033,-0.7449192187227722,-0.8047794038771868,-0.3444333797816186,0.517680473876196,-0.6539259952570459,-0.2502485974904282,-0.4008171138467954,-0.838099407464964,0.05274588487863117,-0.4994178390410515,-0.4248323638571911,3.672785725107772,-0.6374951309228138,-0.8522629361245863,3.6621217521116405,2.5726604246277587,-0.27484217370469277,0.4202706143258241,-0.4268793263687002,0.1541596887210709,-0.43422009770282693,0.424538649146114,-0.25053502786060156,-0.7627516478195191,-0.7886731281386982,-0.5855658153411121,-0.4985776029534911,-0.6195764980915852,-0.6075949448939653,1.1341393271770401,0.17541945677728507,-0.5082045053012073,2.4580008852607516,-0.444218369607431,1.4137065700828155,-0.017587556819207324,-0.768599907544836,-0.572948771484678,-0.6308353834285477,0.04820608682038438,-0.48009498011681095,-0.09073670776313,0.6783138812201307,-0.667168174178847,-0.49144906299492275,-0.4711773508116594,-0.25874192858225586,-0.7983841068005183,-0.24853600752328012,-0.39819585622137077,-0.36348815065888285,-0.5069128995497386,0.051649334636335656,-0.750496156301912,0.7064181713227792
137,-0.4626198820225062,-0.3621813125157448,0.28075906442590515,-0.5970907469619694,0.4664079610055785,-0.2659794204413833,-0.07666445087960501,0.2575391374486415,0.44486758322424186,-0.4606137857843262,0.01749774774497282,2.784501742590651,-0.7655788985032485,-0.3554927828534925,0.011395589509177712,-0.13549670693230806,0.06445600145691095,-0.41557832897886565,0.17192274907184826,-0.4501422165220378,0.13260757501788334,-0.7847112945850717,-0.3864635946774852,-0.249735248479967,-0.32800752012068396,-0.16909522178152553,1.684838258464023,-0.8012150626616348,0.3238942543637875,-0.10069373573622757,-0.7956960298976613,-0.0894133226732562,-0.6553480950915234,-0.2807239256010772,-0.6528124635485747,2.462716249001349,-0.6221567389365305,-0.4675187828684851,-0.8524828099001687,1.3737057047809111,-0.4411961288042099,-0.7849785157747685,0.7015191542022791,-0.2921767762372326,-0.11716246436055651,1.0599511350108168,1.082762907988283,0.1299927631682693,-0.7811594247379158,-0.46514828300039296,-0.35839405880867725,-0.018305894088435783,-0.27687212568039,-0.11740213085888894,-0.4405982128977116,-0.38512840461820125,1.5587494289981563,-0.7975089690058494,1.1743026275093196,-0.27601179467009374,3.2078852208321433,-0.3851762458462796,-0.7640668656583823,0.4241560132818185,0.9741580329820858,-0.43422009770282693,-0.7079958569601353,-0.39399301449631025,-0.09571916175085349,-0.43908397559494894,-0.401656953739004,-0.4985776029534911,-0.8168938541717079,-0.6075949448939653,0.06284903072517607,-0.8034837618459576,-0.46610671659169706,-0.3351819388991934,1.1664356173665755,0.2546931902239793,-0.4660507573089723,-0.6112289191040424,-0.7472032640286799,-0.802071915303832,-0.18867886069993195,-0.48009498011681095,-0.34618915078996,-0.7186712288442116,-0.667168174178847,-0.49144906299492275,-0.31608276529103424,0.11393163110412086,-0.7983841068005183,-0.45252156852400244,0.13085089695139818,0.10452234375169592,-0.5723632416478327,4.13783087232112,-0.750496156301912,1.6563305487178208
138,0.05292976361921688,-0.2850722402322139,-0.8145298735165075,0.5467612587123015,-0.17119690708133672,0.034630231956201775,-0.3580018853001739,0.08832814043902161,0.6151844221309194,-0.2792697756330167,-0.30653461790267306,1.2299563302466074,0.3303418151005838,-0.264364153565235,-0.8025750897177983,-0.31835326149682636,1.198104268287004,-0.7889640693012967,-0.594221409002342,-0.4305144927703138,-0.020518955025861915,0.6215813480405047,-0.2165147843531733,0.2016614952705382,-0.45931557461255107,-0.09620935032397142,-0.3074813219033673,-0.8855771709020147,0.9855781243613103,0.38969783440773814,-0.6208946173542383,0.34323178703604795,-0.11103904601218505,0.19307172942183787,-0.8370146259494141,2.3439460883148024,-0.7833372412516937,-0.6308726552893394,-0.8524828099001687,-0.4276393054222243,-0.6201077787653655,-0.769623511749598,-0.7647308197458192,-0.2921767762372326,-0.2002564107155611,-0.5808400956560823,2.9703052198537527,0.30790256677447725,-0.7811594247379158,-0.8427037075136988,-0.3043213281495527,-0.34617265388131546,0.6585066772939002,-0.28755014659640904,-0.4798112969932716,-0.20646058804274706,2.263428194368028,-0.47748129283977825,-0.8522629361245863,-0.7896813877285809,-0.7622697554452618,-0.35759272781088286,-0.08730259138169293,1.1049842850022336,0.8101583641298828,1.0307599890138628,-0.7079958569601353,-0.39399301449631025,-0.7627516478195191,-0.08949482305119973,1.6213405238841845,-0.4603343258994532,-0.8168938541717079,-0.7828964292834533,-0.6513445002427333,-0.6077031181213091,0.29165348017948683,-0.6637916829180104,0.5221740225769729,-0.614566844670148,-0.48554915733026643,-0.45385793066324875,-0.7472032640286799,-0.802071915303832,-0.24790009758001105,-0.421575357967029,-0.42282488369800897,-0.2530095254894309,0.7500770179164202,-0.19092986426178615,-0.7813665218529099,-0.1522637686718625,-0.4653077168128177,-0.024151890422485545,0.13085089695139818,0.15652350979731577,0.0657775938085846,-0.7655869729006214,-0.5847505387440692,-0.7184503947697831
139,-0.8063196457836549,-0.3621813125157448,1.1934998460445825,0.35611925776658976,0.30700674398384975,0.3352398843537868,-0.3580018853001739,-0.25009385358021813,-0.5770334502158236,1.3528263157287692,-0.14451843507885012,-0.16913454086303198,-0.4524586946164393,-0.08210689498872,0.49977799704536335,0.04735984763221022,-0.5833430081602851,0.8912717621496428,0.7848380755312004,-0.31274815025996994,-0.6330250752008428,-0.7847112945850717,1.3130245085656336,0.4837844601146039,-0.49683216161022736,-0.35130990042541077,0.024571941491197763,-0.7730943599148414,1.4818410268594526,-0.2641575924508828,0.2531124453628765,-0.23362835924302425,-0.47391174539841063,0.1338472725439735,-0.8370146259494141,1.3937848028224322,-0.6221567389365305,-0.4675187828684851,-0.32386593728741425,1.7339747068215383,-0.6201077787653655,-0.769623511749598,-0.7647308197458192,-0.06771318373743804,-0.2002564107155611,-0.7449192187227722,1.940736686108951,-0.4037366476503546,0.703229030821069,2.744072825362707,0.5067696317373148,-0.4281393438295354,-0.651023646870106,-0.7979941938089693,-0.4405982128977116,-0.48438830271567584,0.3255615896008807,-0.7975089690058494,-0.8522629361245863,1.0937737868192052,0.3493736379124117,-0.30242569174008943,-0.5948757970892099,-0.7672934622289077,-0.8298383243921471,0.151771936983849,-0.5462052132306712,-0.10707704122489292,-0.2624772832680199,-0.7886731281386982,-0.5855658153411121,-0.44121268737243435,-0.8168938541717079,-0.7828964292834533,0.2413974134671534,-0.8034837618459576,-0.2766666673989011,0.9792570371760747,-0.444218369607431,-0.0350601547407298,-0.44655235728767817,-0.6112289191040424,-0.2244397863966744,-0.11712578780269454,-0.18867886069993195,-0.48009498011681095,-0.42282488369800897,-0.5634506610592848,0.5729213689045117,-0.471414449746047,0.45939016231209184,-0.09902468871666582,0.03430686816873323,-0.5137172368242192,0.3071998146756545,0.052521177706076054,-0.5396380705987857,-0.11179792687105575,0.07823193148730186,-0.0851754765064221
140,-0.11892011826135748,-0.2850722402322139,-0.44943356086903663,0.5467612587123015,-0.808801775168252,-0.3862232814004173,-0.2525003473924606,0.934383125487121,-0.5770334502158236,3.528954437544484,-0.7925831663741418,-0.16913454086303198,-0.7655788985032485,-0.264364153565235,0.011395589509177712,-0.31835326149682636,-0.745292760564584,0.7045788919884273,-0.594221409002342,-0.48939766402548573,1.816999405499081,0.6215813480405047,-0.7263612153261089,-0.30615984144878017,-0.32800752012068396,-0.20553815751030255,-0.6395345852979323,-0.871516819528618,-0.3377896156337354,0.38969783440773814,-0.09649037972396941,0.12690923218139588,-0.6553480950915234,-0.399172839356806,-0.8370146259494141,2.225175927628256,-0.7833372412516937,-0.6308726552893394,-0.14766031308316277,-0.6077738064425378,1.169008720846191,-0.769623511749598,-0.7647308197458192,-0.32958737498719837,-0.2002564107155611,-0.7449192187227722,0.5679786411158823,1.078845049068045,-0.4100623108481696,0.8562957027961777,-0.35839405880867725,-0.34617265388131546,-0.463947886275248,-0.28755014659640904,-0.3817785867543717,-0.40498038423769617,-0.026777793084055153,2.562781630737898,-0.6680297030669584,0.5801041937607181,-0.4446573573430694,-0.3851762458462796,1.2662259571716858,-0.597086394298804,-0.665838655539944,-0.580718106374496,-0.7079958569601353,-0.2792266251877433,-0.7627516478195191,1.8332455159394208,-0.7694746769432201,-0.28823957915628307,-0.8168938541717079,-0.4322934605044773,-0.6513445002427333,0.17541945677728507,-0.44505782223694196,0.3220375491384407,-0.7663491670022323,1.9932132600122339,-0.5050475573515606,-0.6112289191040424,-0.572948771484678,-0.6308353834285477,-0.011015150059694707,-0.460588439400217,-0.320643906487277,-0.7186712288442116,0.7500770179164202,-0.43134522324829544,-0.31608276529103424,-0.31198100853745253,-0.4653077168128177,-0.5137172368242192,0.6598976501241671,-0.311486984613263,-0.6214509982214033,-0.7655869729006214,0.24397754904514463,3.7144740330737442
141,2.115128346186109,-0.0151904872398556,0.09821090810216972,-0.025164744124833896,-0.6494005581465232,-0.3862232814004173,-0.3580018853001739,-0.7577268446090778,-0.7473502891225012,-0.4606137857843262,-0.468550800726496,-0.7909527058006495,0.17378171315717916,-0.264364153565235,0.17418972535457292,-0.08978256829117849,0.22640575386120995,-0.7889640693012967,-0.1345349141578278,-0.48939766402548573,-0.7861516052445882,0.30907187190148777,-0.7263612153261089,-0.30615984144878017,-0.47807386811138924,-0.09620935032397142,-0.14145469020608475,-0.7168529544212549,0.15847328686440676,-0.7545491625948485,0.7775166829931455,-0.16152084095814023,1.3404517515327172,0.6668673844447529,1.5576134852614978,1.9706684404427997,-0.4609762366213671,1.3293738137609126,0.9095734321423462,-0.7879083074628513,2.4213902705742805,-0.7849785157747685,-0.7647308197458192,0.3438034025121853,-0.2418033838930634,0.2395555196773673,-0.2899951370047859,0.5451156382494212,-0.22451375390329645,-0.6539259952570459,0.7771332850329373,-0.4281393438295354,-0.463947886275248,-0.28755014659640904,-0.3817785867543717,-0.444684343476686,-0.37911717576899107,-0.31746745475674265,0.8058361613940639,-0.7896813877285809,-0.6034635563941656,0.0009930066492742698,-0.7640668656583823,-0.2566722584385965,-0.665838655539944,-0.43422009770282693,1.0717012240639707,-0.39399301449631025,-0.7627516478195191,1.308861787123797,-0.5855658153411121,-0.47945596442647215,-0.22494178593133982,1.3207213833904021,-0.8298928829847106,2.1332258940237705,-0.5082045053012073,-0.6637916829180104,0.03897782648477095,-0.614566844670148,-0.037085956840501456,-0.768599907544836,-0.3986942789406762,-0.802071915303832,-0.12945762381985287,-0.4996015208334049,-0.039646219157764,0.36787274565027683,-0.8443238231907555,-0.3912759967505439,-0.31608276529103424,-0.31198100853745253,-0.13223132682511707,-0.5137172368242192,-0.39819585622137077,-0.20748465252202328,-0.5723632416478327,-0.60213971139323,-0.750496156301912,0.07314325305941816
142,2.115128346186109,-0.20796316794868294,-0.8145298735165075,0.5467612587123015,-0.011795690059607908,-0.32610135092090026,-0.3580018853001739,-0.25009385358021813,1.126134938850952,-0.6419577959356357,0.17951393056879578,-0.4800436233318407,0.8000221209307976,-0.30992846820936376,0.17418972535457292,-0.31835326149682636,0.06445600145691095,0.14450028150478078,-0.594221409002342,-0.3716313215151419,1.3576198153678452,-0.6284565565155632,0.46328045694407416,0.25808608823935136,-0.4405572811137129,0.12244826404869086,-0.3074813219033673,-0.7449736571680482,0.4893152218631682,0.38969783440773814,3.749140696231336,-0.44995091409767635,0.2518336533740405,0.4299695569332954,1.9260178100631766,0.9187041600762474,-0.4609762366213671,-0.7942265277101938,1.2619846805508492,-0.0673703033815972,0.45336212100156836,-0.5239434473468693,0.04985249911423535,-0.3669979737371641,-0.11716246436055651,2.8648214887444063,-0.8047794038771868,0.30790256677447725,1.8165203724903074,-0.8427037075136988,0.34455143975994135,-0.4281393438295354,-0.838099407464964,-0.28755014659640904,-0.4405982128977116,-0.444684343476686,-0.026777793084055153,-0.31746745475674265,0.6216029283364362,0.06643460070223098,-0.28585115829197316,-0.35759272781088286,-0.7640668656583823,-0.597086394298804,-0.009839980131132115,-0.580718106374496,-0.7079958569601353,-0.19315183320631812,1.7386201749379768,1.6584509396675462,-0.401656953739004,-0.42209104884541543,-0.4222591420114625,0.6195154458324504,1.8483328581449494,0.3712001005019336,-0.46610671659169706,0.15773267712903216,-0.1220875722126297,-0.7594435171525026,-0.3880571572237958,-0.6112289191040424,1.8666141241313476,1.2527664671995804,-0.36634257134016923,-0.40206881725043503,-0.42282488369800897,-0.09778895770450395,-0.3128568761550302,-0.31113754375504077,-0.7813665218529099,-0.31198100853745253,-0.4653077168128177,-0.45252156852400244,-0.7508936916698834,-0.25948581856764313,-0.5887258271723562,-0.60213971139323,0.07823193148730186,-0.7184503947697831
143,1.084029054902663,-0.3621813125157448,-0.8145298735165075,-0.5970907469619694,-0.33059812410306555,-0.20585748996186626,-0.3228347059976028,-0.5885158475994579,0.6151844221309194,-0.8233018060869453,3.9058861355167234,0.2972290828401812,-0.4524586946164393,-0.264364153565235,1.3137486762723394,-0.22692498421456722,-0.25944350335168703,-0.41557832897886565,0.7848380755312004,-0.4697699402737618,-0.020518955025861915,-0.4722018184460547,0.12338283629545041,-0.19331065551115387,-0.4405572811137129,0.48687762133646134,-0.6395345852979323,-0.8152754140350315,-0.00694768063497396,-0.2641575924508828,-0.7956960298976613,-0.44995091409767635,0.2518336533740405,-0.16227501184534843,-0.10020597634605656,1.9876356062551634,-0.6221567389365305,1.3293738137609126,-0.14766031308316277,0.11276419763871634,-0.2622844788430542,-0.7849785157747685,0.3756858266582572,-0.2547661774872668,-0.36644430342557033,3.357058857944476,-0.8047794038771868,-0.3444333797816186,-0.4100623108481696,-0.08759285848708705,-0.1961758668313037,-0.4281393438295354,-0.838099407464964,-0.4576981623339291,-0.4994178390410515,-0.4248323638571911,-0.555286867111459,-0.31746745475674265,-0.8522629361245863,-0.7896813877285809,0.6669860360146042,-0.3851762458462796,3.634900917140099,-0.2566722584385965,-0.3378393178355381,-0.7272161150461649,-0.384414569501207,-0.30791822251488504,-0.7627516478195191,-0.43908397559494894,-0.7694746769432201,-0.4985776029534911,1.156279706629519,-0.7828964292834533,-0.6513445002427333,3.699471043820959,-0.06617772385135003,-0.828096554927419,1.8106972121561782,-0.614566844670148,-0.4660507573089723,-0.768599907544836,-0.7472032640286799,-0.4595988515532633,-0.36634257134016923,-0.2655230322342772,-0.141827196368496,0.05743161008042298,0.5729213689045117,-0.4513798364971712,-0.4711773508116594,0.27364887096971086,-0.7983841068005183,-0.5137172368242192,0.8362465678484234,-0.311486984613263,-0.4741877285006915,-0.60213971139323,-0.41900492118622645,1.9729680078495013
144,-0.4626198820225062,-0.2850722402322139,0.09821090810216972,3.787675274789403,-0.6494005581465232,-0.2659794204413833,-0.18216598878731835,0.934383125487121,-0.7473502891225012,-0.8233018060869453,-0.14451843507885012,-0.4800436233318407,-0.13933849072963006,-0.3554927828534925,1.4765428121177346,-0.31835326149682636,-0.745292760564584,0.7045788919884273,-0.4409925773875039,-0.253864979004798,0.13260757501788334,1.5591097764575557,-0.3864635946774852,-0.02403687660471441,-0.2529743461253314,-0.35130990042541077,1.352784995069458,-0.8855771709020147,-0.5032105831331162,-0.5910853058801933,-0.4460932048108154,0.34323178703604795,-0.29247539570529785,-0.04382609808961965,2.110219972464016,2.2760774250653473,-0.1386152319910405,-0.7942265277101938,-0.6762771856959172,-0.7879083074628513,0.8111854209238797,-0.7082034956489158,0.86443581797429,-0.03030258498747228,-0.36644430342557033,0.7317928888774371,-0.11840038138065227,-0.16652357617541064,-0.7811594247379158,1.2338511273094837,-0.1421031361721792,-0.2915281939158355,-0.651023646870106,0.5631899320911915,-0.26413933446769183,-0.4248323638571911,-0.731456558453927,-0.47748129283977825,-0.4837964700093306,1.2649969845053675,0.03176123981021927,-0.35759272781088286,0.5894616828949965,0.2539489453517148,-0.3378393178355381,-0.7272161150461649,-0.7079958569601353,0.03638094541081573,-0.5959935263023527,1.6584509396675462,-0.5855658153411121,-0.4985776029534911,-0.6195764980915852,-0.6075949448939653,-0.47279611750075595,-0.8034837618459576,-0.04512882949659491,-0.828096554927419,0.6832394212743735,2.138089932494588,-0.427053957266384,-0.768599907544836,0.2983236912353311,-0.802071915303832,-0.36634257134016923,-0.4996015208334049,-0.29509866218459396,0.2126521778653499,0.7500770179164202,-0.09075679801740728,-0.7813665218529099,-0.20550284862705917,0.7004596481441344,-0.5137172368242192,-0.04549802077285813,-0.10348232043078355,-0.6214509982214033,-0.43869244988583855,1.2384512543922013,-0.0851754765064221
145,0.05292976361921688,-0.3621813125157448,-0.08433724822156573,-0.7877327479076812,-0.6494005581465232,-0.20585748996186626,-0.28766752669503165,-0.419304850589838,-0.23639977240246846,-0.8233018060869453,-0.7925831663741418,-0.6354981645662451,-0.4524586946164393,-0.30992846820936376,-0.8025750897177983,0.4130729567612468,-0.5833430081602851,-0.7889640693012967,-0.74745024061718,-0.39125904526686583,-0.17364548506960717,-0.3159470803765462,0.46328045694407416,-0.1368860625423407,-0.4405572811137129,-0.2784240289678567,1.352784995069458,-0.8855771709020147,1.1509990918606912,-0.7545491625948485,-0.7956960298976613,-0.3778433958127923,-0.6553480950915234,-0.04382609808961965,0.8208048356581404,1.0374743207627937,0.02256527032412281,-0.4675187828684851,0.5571621837338432,-0.24750480440191075,-0.08337282888189856,-0.6928484916237453,-0.6018141559738084,-0.2921767762372326,-0.1587094375380588,-0.41676097258939243,0.9111681523641495,-0.2851301119128826,-0.5956108677930426,-0.8427037075136988,-0.35839405880867725,-0.4281393438295354,-0.08979636508553193,-0.6278461780714493,-0.4798112969932716,-0.4248323638571911,-0.026777793084055153,0.4826017356584354,-0.8522629361245863,-0.44723499235625613,-0.6034635563941656,-0.10934106549231254,-0.08730259138169293,0.08374187742161104,-0.665838655539944,-0.7272161150461649,-0.7079958569601353,-0.39399301449631025,-0.7627516478195191,0.43488890576442407,-0.7694746769432201,-0.4985776029534911,-0.8168938541717079,-0.7828964292834533,-0.6513445002427333,-0.6077031181213091,-0.5082045053012073,0.15773267712903216,-0.6052837683048317,2.138089932494588,-0.11507955692567796,-0.6112289191040424,-0.05018529385267257,-0.802071915303832,0.7588609293813334,-0.4996015208334049,-0.39727963939532596,-0.40823009327435783,3.0531004550712297,-0.09075679801740728,-0.6262719363322846,-0.3652200884926492,-0.7983841068005183,-0.16694178312299118,-0.7508936916698834,-0.36348815065888285,-0.6214509982214033,-0.11179792687105575,-0.750496156301912,0.2314619826252584
146,-0.11892011826135748,-0.32362677637397935,0.09821090810216972,0.9280452606037252,0.30700674398384975,-0.32610135092090026,-0.28766752669503165,-0.419304850589838,0.9558180999442746,2.4408903766366263,-0.14451843507885012,-0.013679999628627598,0.01722161121377456,-0.3554927828534925,-0.47698681802700793,-0.2726391228556968,-0.421393255755986,1.2646575024720736,-0.594221409002342,-0.5090253877772097,-0.7861516052445882,-0.15969234230703772,-0.556412405001797,0.14523690230172503,-0.49683216161022736,-0.2784240289678567,-0.6395345852979323,-0.8574564681552214,-0.8340525181318775,0.38969783440773814,-0.7956960298976613,0.7758768967453521,0.07039730368092774,0.5484184706890242,1.0050069980589798,0.8338683310144287,1.150828786530266,1.002666068919204,2.319218425776358,1.1935712037605974,0.9900970708850353,-0.7235584996740864,-0.7647308197458192,-0.3669979737371641,-0.36644430342557033,-0.5808400956560823,-0.2899951370047859,-0.16652357617541064,-0.03896519695842335,-0.6539259952570459,-0.35839405880867725,-0.4008171138467954,-0.08979636508553193,2.0945220737288723,-0.4798112969932716,-0.5042402823351707,0.6779009722858166,0.3225878975753998,-0.29956323695170284,0.4088809960745557,-0.28585115829197316,-0.21967513763389934,-0.7640668656583823,-0.7672934622289077,-0.1738396489833351,-0.14122408035948897,-0.7079958569601353,-0.39399301449631025,-0.5959935263023527,-0.08949482305119973,-0.7694746769432201,-0.4029694103183965,-0.4222591420114625,-0.4322934605044773,-0.47279611750075595,-0.6077031181213091,-0.48715561094645216,-0.006572194880376346,-0.6052837683048317,-0.7594435171525026,-0.427053957266384,0.49036799998151276,-0.05018529385267257,1.9377125947007179,-0.18867886069993195,-0.460588439400217,-0.29509866218459396,-0.5634506610592848,-0.667168174178847,-0.49144906299492275,-0.7813665218529099,-0.3652200884926492,-0.2987695218189674,-0.5137172368242192,0.13085089695139818,0.10452234375169592,-0.6050884126968797,3.484041826291555,-0.5847505387440692,-0.7184503947697831
147,-0.29077000014193183,-0.32362677637397935,4.47936665987182,-0.5970907469619694,1.901018914201138,-0.20585748996186626,-0.28766752669503165,0.4267501344582614,-0.7473502891225012,0.08341824466960238,-0.7925831663741418,-0.6354981645662451,-0.13933849072963006,0.3279719368084388,-0.8025750897177983,-0.13549670693230806,-0.25944350335168703,2.758200463761798,-0.74745024061718,-0.4501422165220378,1.3576198153678452,-0.15969234230703772,-0.556412405001797,-0.3625844344175933,-0.4405572811137129,-0.35130990042541077,1.352784995069458,-0.8433961167818247,-0.17236864813435468,-0.5910853058801933,-0.7956960298976613,0.34323178703604795,0.2518336533740405,-0.2214994687232128,0.26819834845562224,2.072471435316982,-0.4609762366213671,-0.7942265277101938,-0.8524828099001687,0.29289869865902984,4.568330070108148,-0.6467834795482337,-0.6018141559738084,-0.3669979737371641,-0.32489733024806805,0.07547639661067736,1.082762907988283,0.1892960310370053,3.6720059419390387,-0.46514828300039296,-0.0880304055130547,-0.4281393438295354,2.5292642832424805,-0.7979941938089693,-0.4994178390410515,-0.5042402823351707,-0.731456558453927,-0.47748129283977825,-0.11533000389407506,0.06643460070223098,-0.7622697554452618,-0.3851762458462796,0.9278438200333411,-0.0864651905084927,-0.3378393178355381,1.6167520237005388,2.5278170176291486,-0.33660981984202676,-0.09571916175085349,-0.08949482305119973,-0.7694746769432201,-0.44121268737243435,0.564327638389151,-0.7828964292834533,0.06284903072517607,-0.6077031181213091,-0.48715561094645216,-0.006572194880376346,0.36110862387957227,-0.7594435171525026,-0.5050475573515606,0.9624809653038936,-0.572948771484678,-0.4595988515532633,-0.36634257134016923,-0.4996015208334049,-0.371734395092643,-0.5634506610592848,-0.3128568761550302,-0.35120677025279234,1.0797685043945926,-0.20550284862705917,0.20084506316258355,-0.4933186807241469,-0.7508936916698834,-0.36348815065888285,-0.5069128995497386,-0.60213971139323,-0.750496156301912,0.2314619826252584
148,0.56847940926094,-0.09229955952338653,-0.8145298735165075,-0.5970907469619694,-0.6494005581465232,-0.14573555948234926,-0.28766752669503165,-0.419304850589838,0.10423390541088669,-0.8233018060869453,0.01749774774497282,0.14177454160577677,0.4869019170439884,-0.08210689498872,-0.8025750897177983,0.3673588181201172,-0.421393255755986,-0.41557832897886565,-0.2877637457726659,-0.5090253877772097,-0.7861516052445882,-0.7847112945850717,-0.3864635946774852,-0.02403687660471441,-0.4217989876148748,-0.09620935032397142,1.352784995069458,-0.871516819528618,-0.3377896156337354,-0.427621449165538,1.1271195080799914,-0.017305804388372183,-0.47391174539841063,-0.399172839356806,-0.8370146259494141,0.8169011652020649,-0.6221567389365305,-0.7942265277101938,1.7906015531636035,-0.7879083074628513,0.45336212100156836,-0.7849785157747685,0.5386024904302681,-0.14253438123736956,0.2983072674144665,0.2395555196773673,1.940736686108951,0.36720583464321327,-0.22451375390329645,0.1011848537695659,-0.1961758668313037,-0.4008171138467954,2.3421885226476227,-0.4576981623339291,-0.4994178390410515,-0.444684343476686,-0.2029474844265231,0.16257405949236417,-0.6680297030669584,4.518237740542452,-0.28585115829197316,-0.24725865566929606,0.08188847718747941,-0.2566722584385965,0.48215902642547687,-0.2877220890311579,2.5278170176291486,-0.39399301449631025,-0.7627516478195191,-0.2642893993230743,0.15006963106732016,-0.47945596442647215,-0.8168938541717079,-0.7828964292834533,0.7770425616930854,1.1543226754005278,-0.2345688786893909,3.9367447333454284,0.5221740225769729,-0.3248134997054389,-0.48554915733026643,-0.768599907544836,0.9953416614113384,-0.802071915303832,-0.30712133446009016,-0.48009498011681095,-0.065191463460447,1.1439755845749116,-0.8443238231907555,-0.471414449746047,1.2348630899152178,-0.3652200884926492,-0.7983841068005183,-0.24853600752328012,0.13085089695139818,-0.20748465252202328,-0.5560006561233092,-0.43869244988583855,-0.41900492118622645,-0.7184503947697831
149,-0.6344697639030806,-0.32362677637397935,0.8284035333971115,-0.7877327479076812,-0.6494005581465232,-0.3862232814004173,-0.3580018853001739,0.08832814043902161,1.126134938850952,-0.8233018060869453,-0.14451843507885012,-0.16913454086303198,-0.7655788985032485,-0.08210689498872,-0.3141926821816127,-0.31835326149682636,0.06445600145691095,1.2646575024720736,-0.594221409002342,-0.253864979004798,3.0420116458490427,-0.7847112945850717,0.2933316466197623,-0.19331065551115387,-0.4030406941160366,-0.3148669646966337,-0.6395345852979323,-0.8574564681552214,-0.00694768063497396,0.06277012097842767,-0.4460932048108154,-0.3778433958127923,-0.8367844447846362,-0.2214994687232128,-0.10020597634605656,2.632387907124986,-0.2997957343062038,0.022542834394077883,0.028545311121088726,-0.7879083074628513,3.137036870418903,-0.769623511749598,-0.6018141559738084,0.231571606262288,0.007478455171950403,-0.2526818495227025,-0.46158989262891953,-0.3444333797816186,-0.4100623108481696,-0.8427037075136988,-0.0880304055130547,-0.26420596393309553,-0.08979636508553193,-0.28755014659640904,-0.34256550265881175,-0.047644751086787764,-0.555286867111459,1.1226570879905777,-0.8522629361245863,-0.44723499235625613,-0.4446573573430694,-0.21967513763389934,0.9278438200333411,-0.4268793263687002,-0.665838655539944,-0.7272161150461649,-0.5462052132306712,-0.25053502786060156,2.0721364179723096,-0.7886731281386982,-0.401656953739004,-0.4603343258994532,-0.4222591420114625,-0.7828964292834533,-0.47279611750075595,-0.020361186947363465,-0.5082045053012073,1.965086269232526,1.1664356173665755,-0.614566844670148,-0.3880571572237958,-0.6112289191040424,1.6923596315873457,-0.28836231967797893,-0.36634257134016923,-0.460588439400217,-0.371734395092643,1.1439755845749116,-0.8443238231907555,-0.43134522324829544,-0.31608276529103424,-0.1522637686718625,1.033536038131835,-0.4933186807241469,0.3071998146756545,-0.311486984613263,-0.6214509982214033,-0.7655869729006214,-0.25325930362838367,1.3396930895861403
150,-0.6344697639030806,-0.3621813125157448,-0.8145298735165075,-0.7877327479076812,-0.808801775168252,1.357312702505576,-0.21733316808988945,-0.5885158475994579,-0.40671661130914605,0.8087942852748405,0.5035462962164416,-0.32458908209743637,-0.29589859267303464,-0.264364153565235,0.49977799704536335,-0.31835326149682636,0.7122550110741069,-0.22888545881765018,0.7848380755312004,-0.5090253877772097,0.28573410506162855,-0.7847112945850717,-0.7263612153261089,0.03238771636409874,-0.45931557461255107,-0.3148669646966337,-0.14145469020608475,-0.8293357654084281,1.316420059360072,-0.7545491625948485,0.9523180955365684,-0.30573587752790826,0.07039730368092774,-0.399172839356806,-0.8370146259494141,1.817963948131526,-0.4609762366213671,1.3293738137609126,0.028545311121088726,-0.7879083074628513,-0.6201077787653655,-0.769623511749598,-0.7647308197458192,-0.2547661774872668,-0.2418033838930634,-0.08860272645601257,-0.46158989262891953,0.42650910251194923,1.4454232586005615,-0.46514828300039296,-0.35839405880867725,-0.12759481401939568,-0.838099407464964,0.9034859635662317,-0.4994178390410515,-0.5042402823351707,-0.2029474844265231,0.3225878975753998,-0.11533000389407506,0.4088809960745557,-0.28585115829197316,-0.10934106549231254,2.28137236858672,-0.4268793263687002,0.48215902642547687,-0.580718106374496,2.3660263738996843,-0.2792266251877433,0.5713133243178121,1.6584509396675462,0.5178873542715363,-0.44121268737243435,0.9589623505493964,-0.7828964292834533,-0.11569935201680126,-0.6077031181213091,-0.5082045053012073,-0.6637916829180104,-0.28315297091003033,-0.3248134997054389,-0.5050475573515606,-0.768599907544836,0.9953416614113384,0.05411074407258983,-0.24790009758001105,-0.421575357967029,-0.34618915078996,-0.40823009327435783,-0.8443238231907555,-0.4513798364971712,0.1492009912708414,-0.09902468871666582,-0.631845911806668,-0.411724456323858,1.0125954855726798,-0.20748465252202328,-0.6214509982214033,0.5419911191585098,-0.41900492118622645,-0.7184503947697831
151,0.3966295273803656,-0.3621813125157448,-0.8145298735165075,1.309329262495149,1.741617697179409,-0.20585748996186626,-0.14699880948474722,-0.25009385358021813,-0.7473502891225012,0.44610626497222144,-0.7925831663741418,-0.6354981645662451,0.3303418151005838,0.14571467823192377,-0.1513985463362175,-0.22692498421456722,-0.25944350335168703,-0.6022711991400812,-0.594221409002342,-0.4305144927703138,-0.6330250752008428,-0.6284565565155632,-0.7263612153261089,0.2016614952705382,-0.14042458513230244,-0.2784240289678567,-0.8055612169952149,-0.8855771709020147,-0.00694768063497396,0.06277012097842767,-0.4460932048108154,-0.44995091409767635,0.6147063527602661,0.25229618629970224,0.45240051085646166,1.5634564609460697,-0.7833372412516937,-0.7942265277101938,-0.6762771856959172,-0.6077738064425378,0.09553882107925708,-0.6774934875985748,-0.11306416465777558,-0.2921767762372326,-0.11716246436055651,-0.5808400956560823,-0.46158989262891953,0.0706894952995333,-0.4100623108481696,-0.6539259952570459,-0.35839405880867725,-0.4281393438295354,-0.838099407464964,-0.4576981623339291,-0.24453279241991188,-0.5042402823351707,-0.37911717576899107,0.3225878975753998,-0.29956323695170284,-0.27601179467009374,0.1905674388613155,-0.33000920977548615,1.0970348886025134,-0.7672934622289077,-0.8298383243921471,1.4702540150288699,-0.7079958569601353,-0.39399301449631025,0.4045552028006457,1.4836563633956716,-0.7694746769432201,-0.4985776029534911,-0.4222591420114625,-0.25699197611498936,-0.6513445002427333,2.5247871814730676,-0.42400892788218686,-0.4994868109086019,-0.7663491670022323,-0.614566844670148,-0.4660507573089723,-0.768599907544836,-0.572948771484678,-0.6308353834285477,-0.36634257134016923,-0.48009498011681095,-0.29509866218459396,-0.7186712288442116,0.3957657198926034,-0.4513798364971712,-0.7813665218529099,1.4449086299840377,-0.7983841068005183,-0.43212301242393025,-0.7508936916698834,0.052521177706076054,-0.5887258271723562,-0.7655869729006214,-0.25325930362838367,-0.5601316652039429
152,-0.8063196457836549,-0.20796316794868294,0.8284035333971115,0.1654772568208779,2.2198213482445954,-0.3862232814004173,-0.14699880948474722,0.08832814043902161,0.44486758322424186,-0.2792697756330167,-0.468550800726496,-0.32458908209743637,2.209063038421439,-0.3554927828534925,0.49977799704536335,-0.31835326149682636,-0.5833430081602851,0.7045788919884273,0.47838041230152434,-0.5090253877772097,-0.17364548506960717,-0.7847112945850717,-0.3864635946774852,-0.3625844344175933,-0.49683216161022736,-0.35130990042541077,-0.4735079536006498,-0.871516819528618,1.1509990918606912,-0.5910853058801933,-0.7956960298976613,-0.3778433958127923,-0.47391174539841063,-0.2214994687232128,-0.8370146259494141,2.835993896873351,-0.4609762366213671,-0.4675187828684851,-0.8524828099001687,-0.7879083074628513,0.09553882107925708,-0.769623511749598,-0.7647308197458192,-0.06771318373743804,-0.32489733024806805,-0.7449192187227722,-0.8047794038771868,-0.22582684404414663,1.6309718155454345,1.0450734150528307,-0.35839405880867725,-0.37349488386405544,-0.838099407464964,-0.7979941938089693,-0.3621720447065917,-0.5042402823351707,-0.731456558453927,-0.7975089690058494,0.06890322916355274,1.43622018219153,0.5081798369635079,-0.3851762458462796,-0.7640668656583823,0.08374187742161104,-0.5018389866877411,-0.7272161150461649,0.10095736168718561,-0.39399301449631025,-0.5959935263023527,3.406396702386292,-0.401656953739004,-0.3647261332643587,-0.22494178593133982,-0.7828964292834533,2.026881240886927,4.4825936187195525,-0.48715561094645216,-0.3351819388991934,-0.7663491670022323,-0.3248134997054389,-0.4075555572450899,-0.768599907544836,-0.3986942789406762,-0.802071915303832,-0.18867886069993195,-0.460588439400217,-0.269553417881911,0.36787274565027683,-0.49001252516693866,0.029450881475847367,-0.6262719363322846,0.38012703088010424,-0.7983841068005183,-0.20773889532313566,0.6598976501241671,-0.36348815065888285,-0.4741877285006915,0.7054383806659013,0.24397754904514463,0.7064181713227792
153,0.7403292911415144,-0.3621813125157448,-0.8145298735165075,-0.4064487460162575,-0.33059812410306555,-0.14573555948234926,-0.18216598878731835,1.6112271135256004,-0.7473502891225012,-0.8233018060869453,-0.7925831663741418,-0.7909527058006495,-0.7655788985032485,-0.30992846820936376,-0.6397809538724032,-0.2726391228556968,-0.745292760564584,-0.6022711991400812,-0.4409925773875039,-0.39125904526686583,0.13260757501788334,0.7778360861100132,-0.7263612153261089,-0.30615984144878017,-0.4217989876148748,-0.3148669646966337,-0.4735079536006498,-0.8855771709020147,-0.8340525181318775,-0.427621449165538,0.4279138579062995,-0.30573587752790826,-0.11103904601218505,-0.399172839356806,0.636602673257301,1.546489295133706,-0.2997957343062038,-0.6308726552893394,-0.8524828099001687,-0.7879083074628513,-0.6201077787653655,-0.5853634634475514,-0.7647308197458192,0.08192921126242499,-0.11716246436055651,-0.7449192187227722,0.053194374243481356,-0.4037366476503546,-0.7811594247379158,-0.27637057074374,-0.35839405880867725,-0.07295035405391573,-0.463947886275248,-0.6278461780714493,-0.3033524185632518,-0.48438830271567584,0.5017312809433487,-0.47748129283977825,0.4373696952788083,-0.27601179467009374,-0.7622697554452618,-0.30242569174008943,-0.7640668656583823,0.2539489453517148,-0.8298383243921471,-0.7272161150461649,-0.7079958569601353,-0.39399301449631025,-0.2624772832680199,-0.6138785518668235,0.5178873542715363,-0.42209104884541543,-0.6195764980915852,-0.25699197611498936,0.06284903072517607,0.17541945677728507,-0.44505782223694196,-0.6637916829180104,-0.6052837683048317,-0.7594435171525026,-0.5050475573515606,-0.768599907544836,-0.572948771484678,-0.6308353834285477,1.114188350661808,-0.38256227653384106,-0.42282488369800897,-0.5634506610592848,1.990166560999779,-0.49144906299492275,-0.7813665218529099,-0.25874192858225586,-0.13223132682511707,-0.43212301242393025,-0.7508936916698834,0.46853050607103497,-0.4414625574516445,-0.11179792687105575,0.9069600192765157,-0.7184503947697831
154,0.7403292911415144,-0.2850722402322139,0.4633072207496406,1.4999712634408606,-0.6494005581465232,-0.14573555948234926,-0.28766752669503165,-0.7577268446090778,0.27455074431756427,1.5341703258800787,-0.7925831663741418,-0.6354981645662451,-0.4524586946164393,-0.12767120963284875,0.17418972535457292,-0.31835326149682636,-0.745292760564584,-0.7889640693012967,-0.594221409002342,-0.5090253877772097,-0.7861516052445882,3.7466761094306746,1.652922129214257,-0.249735248479967,-0.49683216161022736,0.231777071235022,-0.6395345852979323,-0.7871547112882381,-0.5032105831331162,-0.2641575924508828,0.4279138579062995,0.8479844150302361,-0.8367844447846362,0.015398358788244727,0.08399618605478285,1.1732116472617036,1.9567312981060825,-0.3041649104476308,1.966807177367855,-0.4276393054222243,4.031595120224681,-0.769623511749598,-0.11306416465777558,-0.3669979737371641,-0.2418033838930634,-0.5808400956560823,-0.8047794038771868,0.6637221739868931,-0.7811594247379158,-0.27637057074374,-0.2502485974904282,-0.4008171138467954,-0.08979636508553193,-0.6278461780714493,-0.4994178390410515,-0.40498038423769617,-0.731456558453927,-0.15745361667370703,-0.8522629361245863,1.949889775250017,-0.6034635563941656,-0.27484217370469277,-0.5948757970892099,1.445398420862441,0.6461586952776799,1.4702540150288699,-0.7079958569601353,-0.39399301449631025,0.07103895976631291,0.7844780583081733,-0.7694746769432201,-0.47945596442647215,-0.8168938541717079,-0.7828964292834533,-0.47279611750075595,-0.4119224743966605,-0.255617773044146,0.3220375491384407,-0.7663491670022323,-0.7594435171525026,-0.4660507573089723,-0.45385793066324875,-0.572948771484678,-0.11712578780269454,0.10742732370046347,-0.44108189868362296,-0.34618915078996,-0.5634506610592848,0.04145442186878656,-0.1508606377640346,-0.6262719363322846,-0.20550284862705917,0.8669978431379848,-0.45252156852400244,-0.5745447739456271,-0.10348232043078355,-0.4414625574516445,-0.60213971139323,-0.5847505387440692,-0.0851754765064221
155,0.7403292911415144,-0.16940863180691748,-0.8145298735165075,-0.7877327479076812,1.901018914201138,0.5156056757923378,-0.21733316808988945,-0.419304850589838,-0.40671661130914605,-0.4606137857843262,0.01749774774497282,-0.7909527058006495,-0.6090187965598439,-0.21879983892110627,0.33698386119996815,0.09307398627333979,0.7122550110741069,-0.6022711991400812,0.47838041230152434,-0.11647091274273012,-0.4798985451570976,-0.7847112945850717,-0.2165147843531733,-0.19331065551115387,-0.49683216161022736,-0.2784240289678567,-0.3074813219033673,-0.6465511975542716,-0.8340525181318775,-0.7545491625948485,-0.7956960298976613,1.4248445613093081,-0.29247539570529785,-0.16227501184534843,-0.46861030114773533,1.003539989138066,3.0849948143122257,0.5126044516566408,-0.6762771856959172,-0.24750480440191075,1.7057436707296578,-0.7389135036992569,-0.4388974922017974,-0.2547661774872668,-0.36644430342557033,-0.08860272645601257,-0.8047794038771868,0.1892960310370053,-0.22451375390329645,-0.46514828300039296,-0.35839405880867725,-0.2095615039676156,-0.838099407464964,-0.6278461780714493,-0.20531970832435192,-0.16675662880375725,0.5017312809433487,0.3225878975753998,-0.29956323695170284,-0.27601179467009374,2.4138542255766624,-0.10934106549231254,1.435417025740858,-0.4268793263687002,-0.665838655539944,0.44476795432718697,1.395282511522899,-0.30791822251488504,-0.2624772832680199,0.2600943294925495,-0.5855658153411121,-0.4029694103183965,-0.4222591420114625,0.6195154458324504,-0.2942477347587786,-0.8034837618459576,-0.46610671659169706,-0.4994868109086019,1.0053702186691749,-0.3248134997054389,-0.48554915733026643,-0.13911595378166158,-0.7472032640286799,0.7390568715737273,-0.0702363869397738,-0.4996015208334049,-0.269553417881911,0.05743161008042298,-0.8443238231907555,-0.33117215700391656,-0.7813665218529099,-0.31198100853745253,-0.13223132682511707,-0.411724456323858,-0.7508936916698834,0.052521177706076054,-0.6214509982214033,-0.60213971139323,-0.750496156301912,-0.5601316652039429
156,-0.29077000014193183,0.3318003380360336,-0.8145298735165075,-0.2158067450705457,1.5822164801576803,0.6959714672308889,-0.28766752669503165,0.08832814043902161,0.6151844221309194,-0.8233018060869453,-0.7925831663741418,-0.32458908209743637,-0.29589859267303464,-0.12767120963284875,-0.6397809538724032,-0.31835326149682636,-0.745292760564584,-0.7889640693012967,-0.74745024061718,-0.48939766402548573,-0.7861516052445882,-0.4722018184460547,-0.556412405001797,-0.19331065551115387,-0.45931557461255107,-0.3148669646966337,0.024571941491197763,-0.8433961167818247,0.8201571568619297,-0.7545491625948485,2.875133633514221,-0.3778433958127923,2.6105061993845067,-0.33994838247894155,0.08399618605478285,2.021569937879891,1.150828786530266,0.1858967068149322,-0.14766031308316277,-0.24750480440191075,2.0635669706519693,-0.7235584996740864,-0.7647308197458192,-0.14253438123736956,-0.0340685180055519,-0.08860272645601257,0.39638388549174863,-0.3444333797816186,-0.7811594247379158,-0.08759285848708705,0.45269690107819033,-0.4008171138467954,0.0972793955093261,0.5631899320911915,-0.4994178390410515,-0.5042402823351707,-0.555286867111459,2.7227954688209337,0.2531364622211805,-0.7896813877285809,0.6669860360146042,-0.35759272781088286,1.2662259571716858,0.5943630812119223,0.1541596887210709,0.8842619803421939,-0.5462052132306712,-0.25053502786060156,0.7380714458349785,0.2600943294925495,-0.5855658153411121,-0.47945596442647215,1.3535970627096416,-0.6075949448939653,-0.2942477347587786,0.17541945677728507,-0.5082045053012073,-0.17087706688978485,-0.7663491670022323,-0.7594435171525026,-0.48554915733026643,-0.6112289191040424,-0.7472032640286799,-0.802071915303832,-0.36634257134016923,-0.3240426543840591,-0.39727963939532596,-0.7186712288442116,-0.8443238231907555,-0.41131060999941965,-0.6262719363322846,-0.1522637686718625,-0.631845911806668,-0.37092734412371353,2.5997357450909866,-0.36348815065888285,-0.5887258271723562,-0.60213971139323,0.5754687841608302,1.814649278283661
157,0.56847940926094,0.06191858504367534,-0.08433724822156573,-0.7877327479076812,0.4664079610055785,-0.20585748996186626,0.20467298354096386,-0.5885158475994579,-0.7473502891225012,-0.8233018060869453,-0.468550800726496,-0.013679999628627598,-0.6090187965598439,-0.30992846820936376,-0.8025750897177983,-0.18121084557343764,0.7122550110741069,2.758200463761798,1.8574398968350667,-0.41088676901858984,0.4388606351053738,-0.0034376042375292245,0.46328045694407416,0.4837844601146039,-0.17794117212997876,0.12244826404869086,2.1829181535558706,-0.8433961167818247,-0.3377896156337354,0.8800894045517038,-0.7956960298976613,-0.30573587752790826,0.07039730368092774,0.37074510005543104,-0.46861030114773533,2.174274430191165,-0.7833372412516937,-0.14081103802677644,-0.8524828099001687,0.8333022017199705,-0.7990194287265212,-0.6774934875985748,-0.7647308197458192,-0.3669979737371641,-0.36644430342557033,-0.08860272645601257,-0.8047794038771868,-0.3444333797816186,-0.4100623108481696,0.1011848537695659,-0.3043213281495527,-0.4281393438295354,-0.651023646870106,0.05274588487863117,-0.4602047549454916,-0.444684343476686,-0.37911717576899107,-0.47748129283977825,-0.4837964700093306,-0.7896813877285809,0.8257922350657003,0.02857652468467097,0.08188847718747941,1.445398420862441,0.31815935757327385,-0.7272161150461649,-0.7079958569601353,-0.19315183320631812,0.23779708128347932,-0.6138785518668235,-0.7694746769432201,-0.4985776029534911,0.16969292622890558,-0.7828964292834533,0.7770425616930854,-0.020361186947363465,-0.5082045053012073,0.4863424211478492,0.36110862387957227,-0.7594435171525026,-0.427053957266384,-0.768599907544836,-0.2244397863966744,-0.6308353834285477,0.04820608682038438,-0.421575357967029,-0.141827196368496,-0.5634506610592848,-0.49001252516693866,-0.49144906299492275,-0.005893594249783797,0.3268879509249075,-0.2987695218189674,-0.33013023192356905,-0.7508936916698834,-0.36348815065888285,-0.6214509982214033,-0.60213971139323,-0.750496156301912,-0.4018129356381026
158,0.05292976361921688,0.17758219346897175,0.8284035333971115,0.35611925776658976,-0.6494005581465232,-0.2659794204413833,-0.00633009227446279,1.94964910754484,-0.40671661130914605,-0.6419577959356357,-0.6305669835503189,-0.7909527058006495,0.01722161121377456,0.05458604894366627,1.63933694796313,-0.22692498421456722,-0.5833430081602851,0.14450028150478078,-0.74745024061718,-0.4501422165220378,1.6638728754553358,-0.7847112945850717,-0.2165147843531733,-0.30615984144878017,-0.49683216161022736,-0.3148669646966337,-0.4735079536006498,-0.8152754140350315,0.8201571568619297,1.3704809746956694,-0.4460932048108154,-0.44995091409767635,0.4332700030671533,-0.2807239256010772,0.26819834845562224,2.51361774643844,-0.7833372412516937,-0.4675187828684851,-0.6762771856959172,2.0942437088621655,2.0635669706519693,-0.7542685077244274,-0.11306416465777558,-0.21735557873730108,0.090572401526955,-0.7449192187227722,-0.8047794038771868,-0.16652357617541064,-0.5956108677930426,0.1011848537695659,-0.0880304055130547,-0.4281393438295354,-0.651023646870106,-0.28755014659640904,-0.4994178390410515,-0.3057204861402216,-0.37911717576899107,-0.6374951309228138,-0.29956323695170284,-0.6184581900424185,-0.28585115829197316,-0.21967513763389934,0.4202706143258241,-0.7672934622289077,0.9741580329820858,-0.580718106374496,-0.384414569501207,-0.19315183320631812,-0.4292354047851863,0.08529975322067489,-0.7694746769432201,-0.4985776029534911,0.564327638389151,-0.7828964292834533,0.06284903072517607,-0.21614183067201198,-0.48715561094645216,-0.4994868109086019,-0.6052837683048317,0.2546931902239793,-0.48554915733026643,0.9624809653038936,-0.7472032640286799,-0.802071915303832,-0.36634257134016923,-0.4996015208334049,-0.29509866218459396,-0.2530095254894309,-0.8443238231907555,-0.41131060999941965,-0.005893594249783797,0.06069255114892419,-0.7983841068005183,-0.5137172368242192,-0.5745447739456271,-0.05148115438516368,-0.4741877285006915,0.8688856421732927,0.24397754904514463,-0.7184503947697831
159,-0.4626198820225062,-0.16940863180691748,-0.8145298735165075,-0.4064487460162575,-0.6494005581465232,-0.32610135092090026,-0.21733316808988945,4.149392068669898,-0.23639977240246846,-0.8233018060869453,-0.6305669835503189,-0.16913454086303198,0.01722161121377456,-0.30992846820936376,-0.6397809538724032,0.0016457089910806458,-0.25944350335168703,-0.7889640693012967,-0.594221409002342,-0.5090253877772097,-0.3267720151133524,-0.7847112945850717,-0.7263612153261089,-0.249735248479967,-0.29049093312300767,-0.09620935032397142,-0.6395345852979323,-0.871516819528618,-0.3377896156337354,-0.7545491625948485,0.4279138579062995,-0.16152084095814023,-0.29247539570529785,-0.399172839356806,-0.8370146259494141,1.9876356062551634,-0.6221567389365305,-0.7942265277101938,1.2619846805508492,-0.7879083074628513,-0.6201077787653655,-0.7849785157747685,-0.7647308197458192,-0.21735557873730108,-0.32489733024806805,-0.7449192187227722,2.9703052198537527,0.1299927631682693,0.14658335998644975,-0.46514828300039296,0.5608423623964394,-0.07295035405391573,1.7809612408630484,1.4139300107787918,-0.4994178390410515,-0.4645363230961809,-0.37911717576899107,-0.7975089690058494,0.06890322916355274,1.0937737868192052,-0.4446573573430694,-0.24725865566929606,-0.08730259138169293,0.4241560132818185,0.9741580329820858,-0.7272161150461649,0.2627480054166498,-0.39399301449631025,-0.4292354047851863,-0.7886731281386982,-0.03383923053478791,-0.26911794062926414,-0.027624429851217113,-0.6075949448939653,2.026881240886927,-0.6077031181213091,-0.46610671659169706,-0.6637916829180104,0.6832394212743735,-0.0350601547407298,-0.5050475573515606,-0.6112289191040424,-0.05018529385267257,-0.4595988515532633,-0.36634257134016923,-0.4996015208334049,-0.34618915078996,-0.7186712288442116,-0.8443238231907555,-0.4513798364971712,1.0797685043945926,-0.31198100853745253,-0.2987695218189674,-0.4933186807241469,-0.7508936916698834,-0.311486984613263,-0.5396380705987857,1.032332903680684,-0.08751368607054091,0.7064181713227792
160,0.3966295273803656,0.023364048901909868,0.28075906442590515,1.6906132643865726,-0.808801775168252,-0.14573555948234926,-0.21733316808988945,-0.7577268446090778,-0.23639977240246846,-0.2792697756330167,-0.30653461790267306,0.14177454160577677,-0.7655788985032485,-0.30992846820936376,-0.6397809538724032,0.2302164021967285,-0.745292760564584,-0.7889640693012967,0.018693917457010226,-0.39125904526686583,-0.4798985451570976,-0.4722018184460547,-0.7263612153261089,-0.249735248479967,-0.47807386811138924,-0.3148669646966337,-0.8055612169952149,-0.8574564681552214,-0.8340525181318775,-0.7545491625948485,-0.6208946173542383,-0.44995091409767635,0.2518336533740405,-0.399172839356806,-0.6528124635485747,2.140340098566437,-0.4609762366213671,-0.3041649104476308,-0.8524828099001687,-0.0673703033815972,-0.08337282888189856,-0.7849785157747685,0.5386024904302681,-0.2921767762372326,-0.32489733024806805,1.388109381144197,-0.8047794038771868,-0.16652357617541064,1.8165203724903074,0.1011848537695659,0.02011505580519431,-0.2095615039676156,1.0326581984836163,1.0736339793037517,-0.28374587651547184,-0.40498038423769617,-0.2029474844265231,-0.7975089690058494,-0.29956323695170284,-0.6184581900424185,-0.4446573573430694,-0.3851762458462796,-0.4256847285200376,0.764570149142026,-0.5018389866877411,-0.7272161150461649,-0.5462052132306712,-0.39399301449631025,1.7386201749379768,-0.7886731281386982,-0.5855658153411121,-0.42209104884541543,0.564327638389151,-0.4322934605044773,0.06284903072517607,3.3079097563716617,-0.48715561094645216,-0.6637916829180104,0.8443048199717742,0.2546931902239793,-0.48554915733026643,0.018255034659132002,-0.572948771484678,-0.6308353834285477,-0.36634257134016923,-0.48009498011681095,-0.21846292927654498,-0.7186712288442116,-0.667168174178847,-0.4513798364971712,-0.6262719363322846,-0.31198100853745253,-0.631845911806668,-0.43212301242393025,-0.04549802077285813,-0.36348815065888285,-0.5396380705987857,-0.60213971139323,-0.750496156301912,0.7064181713227792
161,-0.6344697639030806,-0.09229955952338653,-0.2668854045453012,-0.7877327479076812,-0.6494005581465232,-0.32610135092090026,-0.3580018853001739,-0.419304850589838,2.318352811197695,0.627450275123531,0.01749774774497282,2.784501742590651,4.714024669515913,-0.1732355242769775,0.011395589509177712,-0.31835326149682636,-0.5833430081602851,-0.6022711991400812,-0.594221409002342,-0.48939766402548573,-0.7861516052445882,-0.7847112945850717,-0.7263612153261089,0.08881230933291188,-0.47807386811138924,-0.3148669646966337,-0.8055612169952149,-0.871516819528618,-0.8340525181318775,0.38969783440773814,-0.6208946173542383,-0.44995091409767635,-0.6553480950915234,-0.04382609808961965,-0.46861030114773533,1.8009967823191622,-0.7833372412516937,-0.6308726552893394,1.614395928959352,0.29289869865902984,0.09553882107925708,-0.7542685077244274,1.027352481746301,-0.32958737498719837,-0.2002564107155611,0.895872011944127,-0.6331846482530531,-0.2851301119128826,0.8887775877659422,-0.8427037075136988,-0.1421031361721792,-0.34617265388131546,-0.838099407464964,-0.28755014659640904,-0.4994178390410515,-0.2461645472817369,-0.026777793084055153,2.0827401164887913,-0.8522629361245863,1.6074433798776924,0.03176123981021927,-0.3851762458462796,2.450563437155892,1.7858125567226486,0.9741580329820858,-0.43422009770282693,-0.5462052132306712,-0.13576863855203467,0.07103895976631291,-0.43908397559494894,0.3339784926694282,-0.4603343258994532,-0.8168938541717079,-0.7828964292834533,-0.8298928829847106,-0.6077031181213091,-0.48715561094645216,-0.17087706688978485,0.2000432251821716,0.10981651774162475,-0.5050475573515606,0.6477389884223064,-0.7472032640286799,0.5678203396984429,-0.0702363869397738,-0.34354919510065307,-0.371734395092643,-0.7186712288442116,0.21861007088069498,-0.4513798364971712,-0.160988179770409,0.48660519079049763,-0.7983841068005183,-0.5137172368242192,0.3071998146756545,-0.15548348647640342,-0.6214509982214033,-0.7655869729006214,-0.750496156301912,0.7064181713227792
162,4.005477046872427,0.023364048901909868,-0.6319817171927721,0.35611925776658976,-0.4899993411247944,-0.32610135092090026,0.09917144563325055,-0.7577268446090778,0.9558180999442746,0.08341824466960238,0.5035462962164416,-0.4800436233318407,-0.7655788985032485,-0.3554927828534925,-0.47698681802700793,0.3673588181201172,0.06445600145691095,-0.41557832897886565,0.9380669071460385,-0.4697699402737618,0.4388606351053738,-0.4722018184460547,-0.7263612153261089,-0.3625844344175933,-0.3655241071183603,-0.20553815751030255,-0.4735079536006498,-0.8855771709020147,-0.6686315506324968,-0.7545491625948485,0.9523180955365684,0.1990167504662799,-0.6553480950915234,-0.2214994687232128,-0.8370146259494141,1.5804236267584335,3.890897325888042,-0.4675187828684851,0.20475093532534022,0.11276419763871634,-0.6201077787653655,-0.7849785157747685,2.1677691281503777,-0.1799449799873353,-0.32489733024806805,3.357058857944476,-0.8047794038771868,0.1892960310370053,-0.7811594247379158,0.6675179905395248,-0.35839405880867725,-0.4281393438295354,0.0972793955093261,0.7333379478287115,-0.4994178390410515,-0.4248323638571911,-0.731456558453927,-0.7975089690058494,-0.8522629361245863,-0.44723499235625613,3.8431100170365284,-0.35759272781088286,1.435417025740858,-0.7672934622289077,-0.8298383243921471,-0.2877220890311579,-0.5462052132306712,-0.39399301449631025,0.07103895976631291,0.08529975322067489,-0.7694746769432201,-0.1543881094671507,-0.8168938541717079,0.6195154458324504,1.3126877099190175,1.5458839628498247,-0.5082045053012073,-0.828096554927419,-0.28315297091003033,-0.614566844670148,-0.3295619571599134,-0.768599907544836,0.12406919869132926,-0.6308353834285477,-0.36634257134016923,-0.4996015208334049,0.16471573526369998,-0.7186712288442116,-0.13570122714312183,-0.49144906299492275,-0.4711773508116594,0.27364887096971086,-0.7983841068005183,-0.5137172368242192,1.0125954855726798,0.10452234375169592,-0.6214509982214033,-0.7655869729006214,-0.750496156301912,-0.7184503947697831
163,-0.6344697639030806,-0.2850722402322139,-0.2668854045453012,0.9280452606037252,-0.4899993411247944,-0.20585748996186626,0.239840162843535,-0.419304850589838,-0.06608293349579088,-0.6419577959356357,-0.468550800726496,2.318138118887438,1.5828226306478206,0.05458604894366627,0.33698386119996815,-0.13549670693230806,-0.25944350335168703,-0.7889640693012967,0.018693917457010226,-0.31274815025996994,-0.17364548506960717,-0.15969234230703772,-0.7263612153261089,-0.08046146957352757,-0.4405572811137129,-0.023323478866417332,0.19059857318848028,-0.8574564681552214,0.654736189362549,1.2070171179810143,-0.27129179226739236,-0.3778433958127923,-0.47391174539841063,-0.04382609808961965,-0.6528124635485747,2.3439460883148024,0.6672872795847761,0.6759583240774952,-0.14766031308316277,0.29289869865902984,-0.7990194287265212,-0.7849785157747685,-0.7647308197458192,-0.2921767762372326,-0.36644430342557033,0.4036346427440572,0.22478912986761498,-0.10722030830667466,-0.22451375390329645,-0.46514828300039296,0.9393514770103109,0.39152755565266384,-0.838099407464964,-0.7979941938089693,-0.4994178390410515,-0.32557246575971655,-0.731456558453927,3.6828784973191473,-0.4837964700093306,0.5801041937607181,-0.6034635563941656,-0.33000920977548615,-0.25649365995086526,-0.2566722584385965,-0.3378393178355381,3.9607201624472426,-0.384414569501207,-0.39399301449631025,-0.5959935263023527,-0.7886731281386982,-0.5855658153411121,-0.4985776029534911,-0.8168938541717079,1.4960228677798901,-0.6513445002427333,1.1543226754005278,-0.2135199843346358,-0.3351819388991934,2.777089604340582,-0.17993682722308435,-0.5050475573515606,-0.45385793066324875,0.4725781837793329,0.05411074407258983,-0.011015150059694707,-0.44108189868362296,-0.192917684973862,0.05743161008042298,-0.49001252516693866,-0.49144906299492275,0.1492009912708414,-0.09902468871666582,3.0319943780580387,-0.4729201246240747,-0.39819585622137077,0.5205316721166549,-0.457825142976168,0.051649334636335656,1.569942489507887,-0.4018129356381026
164,0.05292976361921688,-0.3621813125157448,-0.6319817171927721,-0.2158067450705457,0.944611612070765,0.09475216243571878,-0.3228347059976028,-0.419304850589838,-0.40671661130914605,0.44610626497222144,0.01749774774497282,-0.7909527058006495,-0.6090187965598439,0.14571467823192377,-0.3141926821816127,-0.31835326149682636,-0.421393255755986,0.3311931516659963,-0.4409925773875039,-0.48939766402548573,-0.7861516052445882,-0.6284565565155632,-0.556412405001797,-0.1368860625423407,-0.4405572811137129,0.08600532831991381,-0.6395345852979323,-0.7730943599148414,1.316420059360072,-0.5910853058801933,0.6027152704497225,-0.44995091409767635,0.2518336533740405,-0.2214994687232128,-0.46861030114773533,1.9706684404427997,-0.7833372412516937,-0.7942265277101938,-0.8524828099001687,-0.6077738064425378,0.8111854209238797,-0.7849785157747685,1.5161024730623338,-0.03030258498747228,-0.36644430342557033,-0.2526818495227025,-0.6331846482530531,0.1299927631682693,2.0020689294351808,-0.46514828300039296,-0.35839405880867725,-0.4281393438295354,-0.27687212568039,-0.4576981623339291,-0.4994178390410515,-0.4248323638571911,-0.026777793084055153,-0.6374951309228138,-0.8522629361245863,-0.44723499235625613,1.9374356284233738,-0.3851762458462796,0.25107954575665176,0.4241560132818185,-0.8298383243921471,-0.14122408035948897,-0.384414569501207,-0.13576863855203467,-0.4292354047851863,-0.08949482305119973,-0.5855658153411121,-0.4985776029534911,-0.6195764980915852,-0.7828964292834533,0.2413974134671534,1.7416646065744734,-0.44505782223694196,-0.17087706688978485,0.36110862387957227,0.6893232076710429,-0.5050475573515606,-0.768599907544836,-0.3986942789406762,-0.4595988515532633,-0.24790009758001105,-0.460588439400217,-0.320643906487277,-0.7186712288442116,-0.8443238231907555,-0.471414449746047,-0.7813665218529099,-0.04578560876146916,-0.7983841068005183,-0.3097316758234968,-0.22184693849711443,0.10452234375169592,-0.49055031402521504,1.5226746882028581,-0.5847505387440692,-0.5601316652039429
165,-0.8063196457836549,-0.2850722402322139,-0.6319817171927721,-0.7877327479076812,-0.6494005581465232,-0.32610135092090026,-0.07666445087960501,-0.5885158475994579,-0.7473502891225012,-0.4606137857843262,-0.6305669835503189,-0.6354981645662451,-0.6090187965598439,-0.3554927828534925,-0.8025750897177983,-0.31835326149682636,-0.09749375094738805,-0.41557832897886565,-0.594221409002342,-0.48939766402548573,2.1232524655865714,-0.6284565565155632,-0.7263612153261089,0.9351812038651091,-0.4030406941160366,-0.3148669646966337,-0.4735079536006498,-0.8855771709020147,-0.8340525181318775,-0.7545491625948485,-0.7956960298976613,-0.23362835924302425,-0.8367844447846362,0.1338472725439735,-0.8370146259494141,0.5793608438289725,-0.7833372412516937,-0.6308726552893394,-0.6762771856959172,-0.7879083074628513,-0.4411961288042099,-0.7849785157747685,0.3756858266582572,-0.21735557873730108,0.17366634788195962,-0.5808400956560823,0.053194374243481356,0.24859929890574126,-0.5956108677930426,-0.08759285848708705,-0.2502485974904282,-0.4281393438295354,1.4068097196733322,-0.7979941938089693,-0.4798112969932716,-0.444684343476686,-0.731456558453927,-0.7975089690058494,4.490500822546619,-0.27601179467009374,-0.4446573573430694,-0.3851762458462796,-0.08730259138169293,-0.4268793263687002,-0.1738396489833351,-0.43422009770282693,0.9099105803345066,-0.33660981984202676,-0.7627516478195191,1.1340672108519225,-0.401656953739004,-0.4985776029534911,2.5375011991903778,-0.25699197611498936,-0.6513445002427333,-0.6077031181213091,-0.38191113917267666,-0.6637916829180104,0.03897782648477095,-0.614566844670148,-0.48554915733026643,-0.2964869422224552,1.343850646499342,2.622658722201855,0.10742732370046347,-0.48009498011681095,-0.09073670776313,-0.40823009327435783,-0.49001252516693866,-0.43134522324829544,-0.7813665218529099,-0.25874192858225586,-0.7983841068005183,-0.411724456323858,-0.04549802077285813,-0.15548348647640342,-0.5232754850742621,-0.27524518837844714,1.4041968719500442,0.8647369008886194
166,1.7714285824249605,-0.3621813125157448,-0.08433724822156573,-0.5970907469619694,0.6258091780273074,0.09475216243571878,0.06400426633067943,-0.7577268446090778,0.44486758322424186,-0.09792576548170716,0.01749774774497282,-0.7909527058006495,-0.6090187965598439,0.05458604894366627,0.8253662687361538,-0.31835326149682636,0.550305258669808,-0.7889640693012967,-0.74745024061718,-0.4501422165220378,-0.6330250752008428,-0.6284565565155632,0.2933316466197623,-0.08046146957352757,-0.45931557461255107,-0.35130990042541077,0.19059857318848028,-0.8855771709020147,-0.8340525181318775,-0.5910853058801933,-0.7956960298976613,-0.0894133226732562,-0.47391174539841063,-0.33994838247894155,-0.8370146259494141,0.9017369942638837,0.9896482842151026,-0.14081103802677644,2.671629674184861,-0.7879083074628513,0.09553882107925708,-0.7849785157747685,-0.7647308197458192,0.7179093900118428,-0.2418033838930634,-0.08860272645601257,-0.8047794038771868,-0.3444333797816186,-0.7811594247379158,-0.8427037075136988,-0.1961758668313037,-0.12759481401939568,0.4714309166990422,-0.7979941938089693,-0.4994178390410515,-0.444684343476686,-0.731456558453927,-0.7975089690058494,1.3585358605669473,-0.27601179467009374,-0.4446573573430694,-0.35759272781088286,-0.5948757970892099,-0.597086394298804,-0.665838655539944,0.298269945655518,-0.7079958569601353,-0.39399301449631025,0.23779708128347932,-0.6138785518668235,-0.03383923053478791,-0.23087466357522635,-0.6195764980915852,-0.08169049172550143,-0.8298928829847106,0.17541945677728507,-0.44505782223694196,-0.6637916829180104,0.6832394212743735,0.10981651774162475,-0.44655235728767817,1.906706895948655,0.2983236912353311,0.3965838078231586,0.04820608682038438,-0.40206881725043503,-0.371734395092643,-0.5634506610592848,0.04145442186878656,-0.41131060999941965,-0.31608276529103424,0.22040979101451422,0.20084506316258355,-0.411724456323858,-0.5745447739456271,-0.05148115438516368,-0.4414625574516445,-0.43869244988583855,-0.41900492118622645,0.07314325305941816
167,3.489927401230704,-0.20796316794868294,-0.6319817171927721,-0.5970907469619694,-0.011795690059607908,0.3352398843537868,-0.3580018853001739,0.4267501344582614,-0.23639977240246846,1.1714823055774597,-0.7925831663741418,-0.6354981645662451,-0.29589859267303464,0.2368433075201813,-0.6397809538724032,-0.18121084557343764,1.198104268287004,-0.7889640693012967,0.47838041230152434,-0.5090253877772097,-0.4798985451570976,-0.3159470803765462,1.652922129214257,0.3145106812081645,-0.4405572811137129,-0.2784240289678567,-0.8055612169952149,-0.6465511975542716,0.4893152218631682,-0.5910853058801933,1.1271195080799914,0.054801713896511846,1.3404517515327172,-0.10305055496748404,3.95224159647241,2.174274430191165,3.729716823572879,1.1660199413400583,-0.32386593728741425,-0.4276393054222243,1.169008720846191,-0.7082034956489158,-0.6018141559738084,-0.3669979737371641,0.049025428349452706,-0.5808400956560823,0.5679786411158823,-0.4037366476503546,0.14658335998644975,1.9889619763360955,-0.35839405880867725,-0.4281393438295354,-0.27687212568039,-0.7979941938089693,-0.28374587651547184,-0.4645363230961809,-0.731456558453927,0.3225878975753998,3.0166349580855973,-0.10478859698393139,-0.6034635563941656,-0.33000920977548615,-0.7640668656583823,-0.7672934622289077,-0.5018389866877411,-0.7272161150461649,-0.7079958569601353,-0.16446023587917638,-0.7627516478195191,3.406396702386292,-0.7694746769432201,-0.4029694103183965,-0.6195764980915852,-0.7828964292834533,-0.8298928829847106,1.5458839628498247,-0.44505782223694196,0.4863424211478492,0.03897782648477095,-0.7594435171525026,-0.017587556819207324,0.1756260230999256,-0.7472032640286799,-0.28836231967797893,-0.30712133446009016,-0.460588439400217,-0.16737244067117898,-0.40823009327435783,3.4074117530950465,-0.2309990907595377,0.7695793333533423,-0.04578560876146916,-0.7983841068005183,-0.5137172368242192,-0.22184693849711443,-0.311486984613263,-0.6214509982214033,-0.43869244988583855,-0.08751368607054091,0.07314325305941816
168,-0.4626198820225062,-0.16940863180691748,-0.8145298735165075,1.6906132643865726,-0.808801775168252,-0.20585748996186626,-0.3228347059976028,-0.25009385358021813,-0.40671661130914605,-0.8233018060869453,-0.7925831663741418,0.7635927065433943,-0.29589859267303464,-0.3554927828534925,1.1509545404269443,0.09307398627333979,-0.5833430081602851,-0.7889640693012967,-0.74745024061718,-0.3520035977634179,0.8982402252366095,1.0903455622490301,2.3327173705115047,-0.19331065551115387,-0.3842824006171984,-0.35130990042541077,-0.8055612169952149,-0.7449736571680482,-0.8340525181318775,-0.7545491625948485,0.6027152704497225,-0.44995091409767635,0.7961427024533789,-0.399172839356806,-0.8370146259494141,2.7341909019991686,2.4402728050515723,2.4728509207068927,0.028545311121088726,-0.0673703033815972,0.2744504710404127,-0.600718467472722,-0.6018141559738084,-0.32958737498719837,-0.0756154911830542,-0.41676097258939243,-0.11840038138065227,-0.22582684404414663,-0.7811594247379158,-0.8427037075136988,-0.2502485974904282,-0.3188504238985755,0.6585066772939002,-0.7979941938089693,-0.3817785867543717,-0.4248323638571911,-0.2029474844265231,0.3225878975753998,0.4373696952788083,-0.7896813877285809,-0.4446573573430694,-0.19209161959850263,-0.5948757970892099,0.2539489453517148,0.48215902642547687,-0.14122408035948897,-0.7079958569601353,-0.39399301449631025,-0.2624772832680199,-0.6138785518668235,4.563882309517913,-0.47945596442647215,-0.8168938541717079,0.2689124770534745,-0.2942477347587786,0.7627613879512306,-0.42400892788218686,-0.3351819388991934,0.6832394212743735,-0.7594435171525026,-0.3100635571386193,-0.768599907544836,-0.7472032640286799,-0.11712578780269454,-0.30712133446009016,-0.48009498011681095,-0.371734395092643,-0.7186712288442116,-0.667168174178847,-0.471414449746047,-0.7813665218529099,-0.20550284862705917,-0.631845911806668,-0.28933311972342457,-0.04549802077285813,0.15652350979731577,-0.5232754850742621,0.051649334636335656,-0.750496156301912,-0.0851754765064221
169,-0.6344697639030806,-0.130854095665152,-0.8145298735165075,-0.025164744124833896,-0.6494005581465232,-0.20585748996186626,-0.3580018853001739,-0.08088285657059825,-0.7473502891225012,-0.6419577959356357,0.17951393056879578,-0.32458908209743637,-0.4524586946164393,-0.03654258034459124,-0.6397809538724032,-0.22692498421456722,-0.421393255755986,-0.22888545881765018,-0.594221409002342,-0.4501422165220378,-0.3267720151133524,-0.3159470803765462,-0.2165147843531733,0.03238771636409874,-0.49683216161022736,-0.2419810932390796,-0.8055612169952149,-0.8293357654084281,0.15847328686440676,-0.7545491625948485,-0.6208946173542383,-0.44995091409767635,-0.6553480950915234,-0.2807239256010772,0.8208048356581404,1.5973907925707973,-0.1386152319910405,0.1858967068149322,-0.32386593728741425,2.4545127109027924,0.45336212100156836,-0.6621384835734042,-0.4388974922017974,-0.3669979737371641,-0.36644430342557033,-0.2526818495227025,-0.8047794038771868,-0.10722030830667466,-0.7811594247379158,-0.8427037075136988,-0.3043213281495527,-0.4281393438295354,-0.463947886275248,1.0736339793037517,-0.4994178390410515,-0.4248323638571911,1.0302403549707526,-0.7975089690058494,-0.8522629361245863,-0.44723499235625613,2.4138542255766624,-0.05417402942151913,-0.25649365995086526,-0.597086394298804,0.48215902642547687,-0.14122408035948897,0.9099105803345066,-0.10707704122489292,-0.7627516478195191,0.08529975322067489,0.5178873542715363,-0.4985776029534911,0.16969292622890558,-0.6075949448939653,1.3126877099190175,-0.4119224743966605,-0.40296003352743176,0.6506472931572577,1.3275010160639762,-0.17993682722308435,-0.5050475573515606,0.018255034659132002,-0.2244397863966744,0.9102934034490118,-0.36634257134016923,-0.48009498011681095,0.011444269447601994,-0.7186712288442116,-0.3128568761550302,-0.3912759967505439,2.010336017518344,1.1787132302080543,0.20084506316258355,-0.3097316758234968,-0.5745447739456271,0.10452234375169592,-0.6214509982214033,-0.27524518837844714,-0.750496156301912,-0.7184503947697831
170,-0.6344697639030806,0.29324580189426813,-0.8145298735165075,0.5467612587123015,-0.4899993411247944,0.034630231956201775,-0.3580018853001739,-0.7577268446090778,1.6370854555709848,1.7155143360313883,-0.468550800726496,1.074501789012203,0.8000221209307976,-0.30992846820936376,-0.8025750897177983,-0.31835326149682636,-0.745292760564584,-0.7889640693012967,-0.1345349141578278,-0.48939766402548573,-0.7861516052445882,-0.0034376042375292245,-0.7263612153261089,0.3145106812081645,-0.3655241071183603,-0.2419810932390796,-0.8055612169952149,-0.8855771709020147,1.4818410268594526,-0.2641575924508828,-0.27129179226739236,-0.30573587752790826,-0.29247539570529785,0.25229618629970224,-0.10020597634605656,1.8688654455686171,-0.7833372412516937,0.5126044516566408,-0.8524828099001687,0.6531677006996569,-0.6201077787653655,-0.6928484916237453,0.04985249911423535,0.08192921126242499,-0.36644430342557033,-0.7449192187227722,0.22478912986761498,-0.4037366476503546,-0.7811594247379158,-0.46514828300039296,-0.3043213281495527,0.06366079585978414,3.838794607406487,-0.7979941938089693,-0.4602047549454916,-0.5042402823351707,1.9110888116830922,1.9227262784057557,-0.6680297030669584,-0.27601179467009374,0.5081798369635079,-0.35759272781088286,1.7737991628792027,-0.597086394298804,-0.8298383243921471,-0.7272161150461649,-0.384414569501207,-0.30791822251488504,-0.09571916175085349,-0.7886731281386982,-0.5855658153411121,-0.42209104884541543,-0.4222591420114625,0.2689124770534745,-0.47279611750075595,2.1332258940237705,-0.3187644561084113,-0.4994868109086019,-0.7663491670022323,4.166363347247552,-0.5050475573515606,2.5361908497118297,-0.7472032640286799,0.7390568715737273,-0.36634257134016923,-0.48009498011681095,-0.34618915078996,2.3857401268543272,-0.8443238231907555,-0.49144906299492275,-0.31608276529103424,-0.31198100853745253,-0.631845911806668,-0.4729201246240747,-0.7508936916698834,-0.36348815065888285,-0.5396380705987857,-0.43869244988583855,0.24397754904514463,-0.24349420607226235
171,1.084029054902663,-0.130854095665152,-0.8145298735165075,-0.2158067450705457,-0.17119690708133672,0.87633725866944,-0.3580018853001739,0.5959611314678812,1.97771913338434,-0.4606137857843262,0.01749774774497282,-0.7909527058006495,-0.6090187965598439,-0.21879983892110627,-0.3141926821816127,-0.13549670693230806,-0.745292760564584,-0.7889640693012967,2.0106687284499047,-0.5090253877772097,-0.3267720151133524,-0.6284565565155632,-0.7263612153261089,-0.30615984144878017,-0.2717326396241695,0.7784211071666777,-0.3074813219033673,-0.8433961167818247,-0.8340525181318775,-0.427621449165538,-0.4460932048108154,0.5595543418907,-0.8367844447846362,1.3775608669791255,1.7418156476623372,2.411814751564257,0.8284677818999393,-0.7942265277101938,-0.14766031308316277,-0.7879083074628513,-0.7990194287265212,-0.6928484916237453,0.3756858266582572,-0.06771318373743804,-0.1587094375380588,-0.5808400956560823,0.7395733967400159,-0.10722030830667466,-0.7811594247379158,-0.8427037075136988,-0.35839405880867725,-0.37349488386405544,-0.463947886275248,0.05274588487863117,-0.28374587651547184,-0.5042402823351707,1.0302403549707526,0.16257405949236417,1.7270023266822028,-0.27601179467009374,-0.7622697554452618,-0.27484217370469277,0.08188847718747941,1.2751913529323373,-0.8298383243921471,0.298269945655518,-0.384414569501207,-0.2792266251877433,-0.2624772832680199,0.08529975322067489,-0.401656953739004,-0.32648285621032086,-0.8168938541717079,-0.25699197611498936,1.4912360926609949,1.7416646065744734,-0.40296003352743176,-0.006572194880376346,-0.444218369607431,-0.7594435171525026,-0.34906035718120754,-0.13911595378166158,1.343850646499342,-0.6308353834285477,-0.24790009758001105,-0.38256227653384106,-0.39727963939532596,-0.7186712288442116,0.04145442186878656,-0.49144906299492275,-0.7813665218529099,-0.3652200884926492,0.8669978431379848,-0.39132590022378577,-0.7508936916698834,0.36452817397979526,-0.6214509982214033,-0.7655869729006214,-0.25325930362838367,0.7064181713227792
172,-0.8063196457836549,-0.2850722402322139,-0.8145298735165075,-0.5970907469619694,-0.808801775168252,0.2149960233947528,-0.28766752669503165,2.7957040925929393,-0.40671661130914605,-0.4606137857843262,0.6655624790402646,-0.7909527058006495,-0.29589859267303464,-0.1732355242769775,-0.47698681802700793,-0.2726391228556968,0.8742047634784059,1.4513503726332893,-0.4409925773875039,-0.48939766402548573,-0.6330250752008428,-0.7847112945850717,-0.556412405001797,-0.249735248479967,-0.49683216161022736,-0.35130990042541077,-0.8055612169952149,-0.871516819528618,-0.5032105831331162,1.5339448314103248,-0.6208946173542383,-0.16152084095814023,-0.29247539570529785,-0.2214994687232128,2.662826459666534,1.3259161395729773,-0.6221567389365305,1.1660199413400583,-0.6762771856959172,-0.7879083074628513,-0.7990194287265212,-0.7849785157747685,-0.4388974922017974,0.30639280376221956,-0.36644430342557033,-0.7449192187227722,1.082762907988283,-0.4037366476503546,2.5587146002698,-0.8427037075136988,-0.1421031361721792,-0.3188504238985755,-0.838099407464964,-0.7979941938089693,-0.4798112969932716,-0.4645363230961809,1.0302403549707526,0.4826017356584354,0.06890322916355274,-0.7896813877285809,-0.7622697554452618,-0.30242569174008943,0.08188847718747941,0.4241560132818185,-0.8298383243921471,0.44476795432718697,-0.384414569501207,-0.22184343053345984,-0.5959935263023527,-0.08949482305119973,0.8857050774757523,-0.47945596442647215,0.16969292622890558,-0.6075949448939653,0.5984941789511081,-0.8034837618459576,-0.5082045053012073,-0.4994868109086019,0.5221740225769729,-0.614566844670148,-0.4075555572450899,-0.45385793066324875,3.6091590495713657,-0.4595988515532633,-0.18867886069993195,-0.48009498011681095,-0.42282488369800897,-0.7186712288442116,-0.49001252516693866,-0.19092986426178615,-0.160988179770409,-0.31198100853745253,0.8669978431379848,-0.5137172368242192,-0.7508936916698834,0.10452234375169592,-0.5232754850742621,-0.7655869729006214,-0.25325930362838367,-0.4018129356381026
173,1.084029054902663,-0.130854095665152,-0.8145298735165075,-0.7877327479076812,0.1476055269621209,-0.20585748996186626,-0.21733316808988945,-0.419304850589838,0.6151844221309194,0.9901382954261501,1.3136272103355564,-0.32458908209743637,0.643462018987393,0.2368433075201813,0.33698386119996815,-0.31835326149682636,-0.25944350335168703,-0.41557832897886565,0.3251515806866863,-0.41088676901858984,1.3576198153678452,0.30907187190148777,0.9731268879170097,-0.3625844344175933,-0.49683216161022736,-0.20553815751030255,-0.3074813219033673,-0.6746719003010649,-0.5032105831331162,-0.7545491625948485,-0.4460932048108154,-0.3778433958127923,0.2518336533740405,-0.399172839356806,1.9260178100631766,2.37788041993953,0.02256527032412281,0.1858967068149322,1.4381903047551006,-0.0673703033815972,-0.7990194287265212,-0.7389135036992569,-0.7647308197458192,-0.14253438123736956,-0.36644430342557033,-0.7449192187227722,0.22478912986761498,-0.4037366476503546,-0.03896519695842335,2.9328505376193603,-0.35839405880867725,-0.04562812407117576,-0.838099407464964,1.754226042253832,-0.4994178390410515,-0.4645363230961809,-0.555286867111459,0.002560221409328572,-0.11533000389407506,1.6074433798776924,0.03176123981021927,-0.3851762458462796,-0.5948757970892099,-0.7672934622289077,2.4501550526519127,-0.2877220890311579,-0.7079958569601353,-0.25053502786060156,1.5718620534208105,-0.7886731281386982,-0.7694746769432201,-0.42209104884541543,2.5375011991903778,-0.6075949448939653,-0.2942477347587786,0.17541945677728507,0.18640900840571126,-0.828096554927419,-0.7663491670022323,0.3995698627063339,-0.48554915733026643,0.1756260230999256,-0.3986942789406762,1.0815299353242962,-0.30712133446009016,-0.1679903286513073,-0.371734395092643,0.05743161008042298,1.6358552629759622,-0.49144906299492275,0.45939016231209184,-0.3652200884926492,1.033536038131835,-0.3505287880236413,-0.5745447739456271,-0.36348815065888285,-0.5396380705987857,-0.7655869729006214,-0.750496156301912,-0.7184503947697831
174,-0.8063196457836549,-0.0151904872398556,-0.6319817171927721,1.8812552653322843,-0.808801775168252,0.1548740929152358,-0.28766752669503165,-0.7577268446090778,-0.7473502891225012,-0.6419577959356357,-0.14451843507885012,-0.7909527058006495,-0.13933849072963006,-0.3554927828534925,0.17418972535457292,-0.31835326149682636,-0.745292760564584,-0.7889640693012967,-0.74745024061718,-0.4305144927703138,-0.6330250752008428,-0.0034376042375292245,-0.7263612153261089,-0.249735248479967,-0.3842824006171984,-0.20553815751030255,1.020731731674893,-0.7871547112882381,0.3238942543637875,0.2262339776930829,-0.7956960298976613,-0.30573587752790826,3.6991242975431833,0.5484184706890242,-0.8370146259494141,2.7850923994362597,0.6672872795847761,-0.7942265277101938,0.20475093532534022,-0.24750480440191075,-0.08337282888189856,-0.631428475523063,0.3756858266582572,-0.2921767762372326,-0.36644430342557033,0.7317928888774371,0.22478912986761498,-0.2851301119128826,1.0743261447108152,-0.6539259952570459,-0.2502485974904282,-0.23688373395035558,-0.463947886275248,0.22289390061615127,-0.3229589606110318,-0.4248323638571911,-0.37911717576899107,-0.31746745475674265,1.7270023266822028,0.06643460070223098,-0.7622697554452618,0.0009930066492742698,-0.08730259138169293,0.4241560132818185,-0.665838655539944,-0.580718106374496,0.424538649146114,-0.22184343053345984,-0.4292354047851863,-0.7886731281386982,0.5178873542715363,-0.02053663977801834,0.16969292622890558,-0.7828964292834533,-0.6513445002427333,3.895251687545607,-0.3398133504631664,0.15773267712903216,-0.6052837683048317,0.2546931902239793,-0.34906035718120754,-0.45385793066324875,-0.7472032640286799,-0.802071915303832,-0.12945762381985287,-0.38256227653384106,-0.39727963939532596,-0.2530095254894309,-0.49001252516693866,-0.49144906299492275,1.8552414319977186,0.4333661108353009,0.7004596481441344,-0.5137172368242192,-0.5745447739456271,-0.05148115438516368,-0.6214509982214033,-0.60213971139323,0.5754687841608302,0.38978071219109867
175,-0.6344697639030806,-0.2465177040904484,1.7411443150157888,-0.7877327479076812,3.973234735483613,-0.32610135092090026,-0.3228347059976028,-0.7577268446090778,-0.7473502891225012,-0.6419577959356357,-0.7925831663741418,-0.4800436233318407,-0.13933849072963006,0.6924864539614688,-0.8025750897177983,-0.31835326149682636,-0.745292760564584,-0.6022711991400812,2.163897560064743,-0.4697699402737618,0.5919871651491191,0.15281713383197926,-0.7263612153261089,-0.30615984144878017,-0.32800752012068396,0.4504346856076843,-0.6395345852979323,-0.8574564681552214,-0.8340525181318775,-0.10069373573622757,-0.6208946173542383,0.415339305320932,-0.8367844447846362,-0.33994838247894155,-0.8370146259494141,1.8009967823191622,-0.7833372412516937,-0.14081103802677644,-0.32386593728741425,0.8333022017199705,-0.7990194287265212,-0.7389135036992569,-0.7647308197458192,-0.3669979737371641,-0.0756154911830542,-0.7449192187227722,-0.6331846482530531,-0.047917040437938666,1.4454232586005615,-0.8427037075136988,-0.35839405880867725,-0.18223927398487563,-0.838099407464964,-0.6278461780714493,-0.40138512880215166,-0.40498038423769617,0.1493918982584128,-0.6374951309228138,-0.29956323695170284,-0.7896813877285809,-0.7622697554452618,-0.3851762458462796,0.5894616828949965,-0.597086394298804,-0.3378393178355381,-0.7272161150461649,1.8806544427112917,-0.39399301449631025,0.23779708128347932,4.45516416001754,-0.401656953739004,-0.4985776029534911,-0.027624429851217113,0.09361099266398654,-0.11569935201680126,-0.6077031181213091,-0.10827551256086024,-0.6637916829180104,0.36110862387957227,-0.614566844670148,-0.5050475573515606,-0.768599907544836,-0.7472032640286799,-0.11712578780269454,-0.36634257134016923,-0.4996015208334049,-0.42282488369800897,-0.7186712288442116,1.104388315940237,-0.3912759967505439,-0.7813665218529099,-0.3652200884926492,-0.7983841068005183,-0.3505287880236413,-0.39819585622137077,-0.36348815065888285,-0.5232754850742621,-0.60213971139323,2.895907429970629,-0.7184503947697831
176,-0.8063196457836549,-0.2850722402322139,-0.8145298735165075,0.5467612587123015,-0.17119690708133672,-0.2659794204413833,-0.11183163018217612,-0.5885158475994579,-0.23639977240246846,-0.6419577959356357,-0.468550800726496,0.2972290828401812,-0.13933849072963006,-0.30992846820936376,0.33698386119996815,-0.31835326149682636,0.8742047634784059,-0.7889640693012967,-0.74745024061718,-0.19498180774962603,0.5919871651491191,-0.7847112945850717,0.633229267268386,-0.02403687660471441,-0.47807386811138924,-0.2419810932390796,-0.8055612169952149,-0.8574564681552214,0.15847328686440676,-0.7545491625948485,-0.09649037972396941,-0.23362835924302425,1.703324450918943,-0.2807239256010772,-0.8370146259494141,0.9865728233257024,-0.4609762366213671,-0.7942265277101938,-0.14766031308316277,-0.4276393054222243,-0.7990194287265212,-0.7235584996740864,-0.11306416465777558,-0.3669979737371641,-0.2418033838930634,1.2240302580775069,-0.46158989262891953,-0.10722030830667466,1.2598747016556884,0.1011848537695659,-0.35839405880867725,-0.37349488386405544,-0.838099407464964,-0.7979941938089693,-0.146500082181012,-0.4645363230961809,3.8489554164502393,0.16257405949236417,0.6216029283364362,-0.6184581900424185,-0.6034635563941656,-0.24725865566929606,-0.7640668656583823,-0.2566722584385965,0.31815935757327385,-0.43422009770282693,-0.5462052132306712,-0.16446023587917638,0.5713133243178121,-0.7886731281386982,0.15006963106732016,-0.42209104884541543,-0.4222591420114625,0.09361099266398654,3.4552683028227453,-0.4119224743966605,-0.40296003352743176,-0.828096554927419,-0.1220875722126297,1.4137065700828155,-0.36855875720250164,-0.768599907544836,-0.7472032640286799,-0.802071915303832,-0.36634257134016923,-0.460588439400217,-0.244008173579228,0.2126521778653499,-0.667168174178847,-0.05068757151965573,0.1492009912708414,-0.20550284862705917,0.36738325815643386,-0.3097316758234968,3.305131415988012,-0.10348232043078355,-0.6050884126968797,-0.60213971139323,1.4041968719500442,-0.4018129356381026
177,-0.8063196457836549,-0.2850722402322139,-0.8145298735165075,-0.2158067450705457,-0.808801775168252,0.3352398843537868,-0.3580018853001739,-0.25009385358021813,0.785501261037597,-0.09792576548170716,0.17951393056879578,-0.4800436233318407,-0.6090187965598439,0.3735362514525675,-0.47698681802700793,-0.31835326149682636,-0.421393255755986,-0.22888545881765018,-0.4409925773875039,-0.4305144927703138,2.2763789956303166,-0.6284565565155632,-0.7263612153261089,-0.30615984144878017,-0.4030406941160366,-0.2784240289678567,-0.3074813219033673,-0.8012150626616348,-0.8340525181318775,0.2262339776930829,1.6515237457102603,-0.23362835924302425,-0.29247539570529785,-0.33994838247894155,-0.8370146259494141,1.071408652387521,0.6672872795847761,1.4927276861817669,0.5571621837338432,-0.7879083074628513,-0.4411961288042099,-0.7542685077244274,1.8419358006063558,-0.2547661774872668,-0.2833503570705657,-0.5808400956560823,-0.2899951370047859,0.4858123703806852,0.517680473876196,0.1011848537695659,0.18233324778256782,-0.4008171138467954,-0.27687212568039,-0.28755014659640904,-0.42099167084993167,-0.5042402823351707,-0.2029474844265231,-0.6374951309228138,-0.8522629361245863,-0.7896813877285809,0.9845984341167966,-0.19209161959850263,0.4202706143258241,2.1262266925828563,0.6461586952776799,-0.7272161150461649,-0.06083328204227859,-0.10707704122489292,-0.5959935263023527,-0.08949482305119973,-0.401656953739004,-0.4985776029534911,0.16969292622890558,-0.7828964292834533,-0.47279611750075595,-0.6077031181213091,-0.44505782223694196,-0.828096554927419,-0.1220875722126297,-0.0350601547407298,-0.3880571572237958,-0.768599907544836,-0.3986942789406762,0.05411074407258983,-0.24790009758001105,-0.34354919510065307,-0.371734395092643,0.8335344490050577,-0.667168174178847,-0.43134522324829544,0.7695793333533423,-0.04578560876146916,-0.631845911806668,-0.411724456323858,0.4835487323999108,-0.20748465252202328,-0.6214509982214033,-0.43869244988583855,0.07823193148730186,-0.4018129356381026
178,-0.4626198820225062,-0.3621813125157448,-0.44943356086903663,-0.7877327479076812,-0.808801775168252,-0.3862232814004173,-0.3580018853001739,0.2575391374486415,0.27455074431756427,-0.4606137857843262,-0.468550800726496,-0.7909527058006495,0.01722161121377456,-0.21879983892110627,-0.8025750897177983,-0.31835326149682636,-0.745292760564584,-0.7889640693012967,-0.74745024061718,-0.39125904526686583,0.28573410506162855,-0.4722018184460547,-0.7263612153261089,-0.3625844344175933,-0.4030406941160366,-0.2419810932390796,1.1867583633721754,-0.7730943599148414,-0.17236864813435468,-0.2641575924508828,-0.7956960298976613,-0.44995091409767635,-0.8367844447846362,0.6668673844447529,-0.8370146259494141,0.7320653361402462,-0.6221567389365305,-0.7942265277101938,-0.5000715614916658,-0.7879083074628513,-0.2622844788430542,-0.7389135036992569,0.86443581797429,-0.3669979737371641,-0.36644430342557033,-0.7449192187227722,-0.2899951370047859,-0.3444333797816186,-0.5956108677930426,-0.46514828300039296,-0.35839405880867725,-0.1002725840366557,0.0972793955093261,-0.7979941938089693,-0.4602047549454916,-0.3057204861402216,-0.555286867111459,1.7627124403227201,-0.8522629361245863,-0.6184581900424185,-0.4446573573430694,-0.3851762458462796,-0.7640668656583823,-0.4268793263687002,-0.3378393178355381,-0.580718106374496,-0.06083328204227859,-0.30791822251488504,-0.7627516478195191,-0.2642893993230743,-0.7694746769432201,-0.4603343258994532,0.9589623505493964,-0.7828964292834533,-0.8298928829847106,-0.21614183067201198,-0.2135199843346358,-0.006572194880376346,0.2000432251821716,1.5585832425651702,-0.25156835707473685,-0.768599907544836,-0.572948771484678,-0.4595988515532633,-0.30712133446009016,-0.4996015208334049,-0.320643906487277,-0.2530095254894309,-0.667168174178847,-0.43134522324829544,-0.31608276529103424,-0.25874192858225586,-0.7983841068005183,-0.5137172368242192,-0.5745447739456271,0.052521177706076054,-0.6214509982214033,2.176463734232424,-0.08751368607054091,-0.7184503947697831
179,-0.8063196457836549,-0.3621813125157448,2.8364332529582015,0.1654772568208779,-0.6494005581465232,0.09475216243571878,-0.3580018853001739,0.4267501344582614,-0.5770334502158236,1.1714823055774597,0.8275786618640876,-0.32458908209743637,0.643462018987393,-0.21879983892110627,-0.6397809538724032,-0.2726391228556968,-0.421393255755986,-0.41557832897886565,-0.74745024061718,-0.4501422165220378,-0.020518955025861915,-0.6284565565155632,-0.7263612153261089,-0.3625844344175933,-0.3842824006171984,-0.16909522178152553,-0.14145469020608475,-0.8574564681552214,-0.6686315506324968,-0.7545491625948485,-0.27129179226739236,-0.3778433958127923,0.9775790521464917,-0.33994838247894155,-0.6528124635485747,1.4277191344471598,-0.7833372412516937,0.34925057923578656,-0.32386593728741425,-0.24750480440191075,1.7057436707296578,-0.769623511749598,-0.2759808284297865,-0.21735557873730108,-0.36644430342557033,-0.7449192187227722,3.1418999754778865,-0.2851301119128826,-0.7811594247379158,-0.27637057074374,-0.2502485974904282,-0.2915281939158355,0.6585066772939002,-0.4576981623339291,0.18681113263124757,-0.36527642499870633,-0.731456558453927,-0.7975089690058494,-0.8522629361245863,-0.7896813877285809,-0.7622697554452618,0.05616004272006767,-0.7640668656583823,1.7858125567226486,2.942154059208522,-0.7272161150461649,-0.06083328204227859,-0.02100224924346773,1.405103931903644,-0.43908397559494894,-0.5855658153411121,-0.47945596442647215,0.36701028230902827,1.1454198990009143,2.562526389112859,-0.8034837618459576,-0.44505782223694196,1.3078667811948919,-0.7663491670022323,-0.7594435171525026,-0.17357475698956035,1.591964919067068,-0.7472032640286799,-0.28836231967797893,-0.0702363869397738,-0.48009498011681095,-0.09073670776313,-0.7186712288442116,-0.8443238231907555,-0.49144906299492275,-0.4711773508116594,-0.09902468871666582,-0.7983841068005183,-0.16694178312299118,-0.5745447739456271,-0.05148115438516368,-0.5887258271723562,1.1957801651880755,1.0727056368343586,-0.5601316652039429
180,-0.11892011826135748,-0.3621813125157448,-0.8145298735165075,-0.5970907469619694,0.7852103950490362,-0.08561362900283224,-0.3580018853001739,-0.419304850589838,5.213739072611214,-0.6419577959356357,-0.14451843507885012,0.14177454160577677,-0.7655788985032485,0.009021734299537511,-0.8025750897177983,-0.08978256829117849,-0.745292760564584,0.5178860218272118,-0.74745024061718,-0.3323758740116939,0.4388606351053738,-0.4722018184460547,-0.7263612153261089,-0.249735248479967,-0.4405572811137129,-0.3148669646966337,-0.14145469020608475,-0.8433961167818247,-0.5032105831331162,2.5147279716982562,-0.6208946173542383,-0.3778433958127923,-0.6553480950915234,-0.2807239256010772,-0.6528124635485747,2.140340098566437,-0.6221567389365305,-0.7942265277101938,-0.6762771856959172,-0.7879083074628513,0.2744504710404127,-0.6774934875985748,1.8419358006063558,0.007108013762493475,0.007478455171950403,-0.5808400956560823,-0.11840038138065227,-0.2851301119128826,0.14658335998644975,0.1011848537695659,1.371933322283307,-0.4281393438295354,-0.651023646870106,-0.4576981623339291,-0.4994178390410515,-0.5042402823351707,-0.37911717576899107,-0.7975089690058494,-0.29956323695170284,0.7513273914468804,-0.7622697554452618,-0.21967513763389934,0.08188847718747941,-0.7672934622289077,-0.8298383243921471,-0.14122408035948897,-0.5462052132306712,-0.3653014171691685,1.0715876888693112,-0.6138785518668235,-0.21774809213689597,-0.44121268737243435,1.5509144187897643,-0.7828964292834533,-0.8298928829847106,-0.8034837618459576,-0.48715561094645216,-0.6637916829180104,-0.444218369607431,-0.7594435171525026,-0.5050475573515606,0.6477389884223064,-0.3986942789406762,-0.11712578780269454,0.9957458769016497,-0.4996015208334049,-0.29509866218459396,-0.7186712288442116,-0.49001252516693866,-0.37124138350166813,-0.7813665218529099,0.5398442707456943,1.2000742331256853,-0.39132590022378577,0.6598976501241671,-0.20748465252202328,-0.4741877285006915,-0.27524518837844714,0.7412144017186729,-0.7184503947697831
181,4.692876574394725,-0.3621813125157448,-0.08433724822156573,-0.7877327479076812,-0.808801775168252,0.2751179538742698,-0.3580018853001739,0.08832814043902161,0.27455074431756427,0.2647622548209119,-0.6305669835503189,-0.6354981645662451,-0.7655788985032485,-0.3554927828534925,1.1509545404269443,-0.31835326149682636,0.06445600145691095,2.3848147234393666,1.3977534019905526,-0.3520035977634179,0.28573410506162855,-0.7847112945850717,-0.3864635946774852,-0.3625844344175933,-0.49683216161022736,-0.16909522178152553,-0.8055612169952149,-0.8855771709020147,-0.17236864813435468,-0.7545491625948485,-0.6208946173542383,-0.23362835924302425,-0.47391174539841063,0.7853162982004817,-0.46861030114773533,0.6641966728907912,-0.6221567389365305,-0.7942265277101938,-0.14766031308316277,1.9141092078418518,-0.6201077787653655,-0.7082034956489158,-0.2759808284297865,-0.32958737498719837,-0.2418033838930634,1.0599511350108168,-0.6331846482530531,-0.4037366476503546,1.6309718155454345,-0.8427037075136988,-0.35839405880867725,-0.15491704400213566,-0.838099407464964,1.0736339793037517,-0.4798112969932716,-0.48438830271567584,-0.37911717576899107,0.3225878975753998,-0.11533000389407506,-0.7896813877285809,0.1905674388613155,-0.3851762458462796,-0.7640668656583823,1.7858125567226486,-0.8298383243921471,0.005273928312180023,-0.384414569501207,-0.19315183320631812,-0.4292354047851863,-0.6138785518668235,1.8052493854862925,-0.4603343258994532,-0.6195764980915852,-0.4322934605044773,-0.47279611750075595,-0.020361186947363465,-0.5082045053012073,0.3220375491384407,-0.7663491670022323,-0.7594435171525026,-0.48554915733026643,0.6477389884223064,-0.7472032640286799,-0.11712578780269454,-0.0702363869397738,-0.48009498011681095,-0.39727963939532596,-0.09778895770450395,0.9272326669283286,-0.3912759967505439,2.165430603038969,-0.3652200884926492,0.5339214531502842,-0.39132590022378577,0.8362465678484234,-0.311486984613263,-0.6214509982214033,-0.7655869729006214,2.0671793421814155,-0.7184503947697831
182,-0.11892011826135748,-0.32362677637397935,2.288788783986995,-0.5970907469619694,-0.4899993411247944,-0.08561362900283224,-0.14699880948474722,0.765172128477501,-0.40671661130914605,-0.8233018060869453,0.9895948446879105,-0.7909527058006495,0.01722161121377456,-0.3554927828534925,0.33698386119996815,-0.08978256829117849,-0.745292760564584,-0.7889640693012967,-0.74745024061718,-0.0379600177358342,-0.17364548506960717,-0.3159470803765462,1.3130245085656336,-0.30615984144878017,-0.47807386811138924,-0.35130990042541077,-0.6395345852979323,-0.8152754140350315,-0.00694768063497396,0.2262339776930829,-0.4460932048108154,-0.3778433958127923,-0.6553480950915234,-0.33994838247894155,2.662826459666534,1.3768176370100687,-0.2997957343062038,-0.4675187828684851,-0.32386593728741425,-0.6077738064425378,-0.7990194287265212,-0.5546534553972103,-0.7647308197458192,-0.2921767762372326,0.049025428349452706,-0.7449192187227722,0.39638388549174863,-0.4037366476503546,-0.7811594247379158,-0.6539259952570459,-0.3043213281495527,-0.4008171138467954,-0.08979636508553193,-0.7979941938089693,-0.4798112969932716,-0.4645363230961809,-0.731456558453927,-0.7975089690058494,0.2531364622211805,-0.7896813877285809,-0.6034635563941656,-0.33000920977548615,-0.08730259138169293,-0.7672934622289077,0.31815935757327385,0.5912659629988559,-0.22262392577174278,-0.30791822251488504,-0.4292354047851863,0.43488890576442407,-0.21774809213689597,-0.4985776029534911,1.748231774869887,-0.7828964292834533,-0.11569935201680126,-0.21614183067201198,-0.40296003352743176,0.4863424211478492,-0.6052837683048317,-0.7594435171525026,-0.427053957266384,-0.768599907544836,-0.3986942789406762,-0.11712578780269454,-0.24790009758001105,-0.4996015208334049,-0.29509866218459396,1.2991961523598385,0.5729213689045117,-0.31113754375504077,-0.160988179770409,-0.09902468871666582,-0.7983841068005183,-0.411724456323858,-0.39819585622137077,-0.36348815065888285,-0.5723632416478327,0.051649334636335656,1.0727056368343586,-0.7184503947697831
183,-0.6344697639030806,-0.3621813125157448,-0.44943356086903663,1.309329262495149,0.4664079610055785,-0.3862232814004173,-0.2525003473924606,-0.7577268446090778,-0.23639977240246846,0.627450275123531,-0.7925831663741418,-0.6354981645662451,-0.4524586946164393,-0.12767120963284875,-0.6397809538724032,-0.31835326149682636,0.06445600145691095,-0.6022711991400812,-0.594221409002342,-0.41088676901858984,-0.7861516052445882,1.2466003003185386,-0.2165147843531733,-0.3625844344175933,-0.49683216161022736,-0.20553815751030255,-0.6395345852979323,-0.6887322516744616,-0.3377896156337354,2.0243364015542906,-0.7956960298976613,-0.44995091409767635,-0.47391174539841063,-0.10305055496748404,-0.8370146259494141,1.7670624506944348,0.6672872795847761,-0.7942265277101938,0.5571621837338432,-0.7879083074628513,0.632273770962724,-0.769623511749598,0.5386024904302681,-0.2547661774872668,-0.36644430342557033,-0.41676097258939243,-0.2899951370047859,-0.4037366476503546,-0.4100623108481696,3.687961386645972,-0.3043213281495527,-0.4008171138467954,-0.838099407464964,-0.6278461780714493,-0.028860829894332148,-0.5042402823351707,-0.731456558453927,0.9626432499075422,0.4373696952788083,-0.7896813877285809,1.9374356284233738,-0.35759272781088286,-0.7640668656583823,-0.7672934622289077,-0.665838655539944,-0.14122408035948897,-0.7079958569601353,-0.39399301449631025,-0.7627516478195191,1.1340672108519225,-0.03383923053478791,-0.47945596442647215,1.748231774869887,-0.7828964292834533,0.41994579620913075,-0.8034837618459576,-0.48715561094645216,-0.6637916829180104,-0.7663491670022323,2.138089932494588,-0.11507955692567796,-0.13911595378166158,-0.7472032640286799,-0.802071915303832,-0.12945762381985287,-0.20700341008449524,-0.34618915078996,-0.7186712288442116,2.3444778590235957,-0.4513798364971712,-0.7813665218529099,0.27364887096971086,-0.631845911806668,-0.45252156852400244,-0.04549802077285813,-0.25948581856764313,-0.4741877285006915,1.5226746882028581,-0.750496156301912,-0.7184503947697831
184,2.2869782280666837,-0.3621813125157448,-0.8145298735165075,-0.025164744124833896,0.944611612070765,-0.08561362900283224,-0.3228347059976028,1.94964910754484,0.44486758322424186,-0.6419577959356357,-0.6305669835503189,0.14177454160577677,2.209063038421439,-0.21879983892110627,-0.47698681802700793,-0.31835326149682636,-0.09749375094738805,-0.7889640693012967,3.083270549753771,-0.39125904526686583,0.4388606351053738,-0.6284565565155632,0.2933316466197623,-0.3625844344175933,-0.47807386811138924,-0.20553815751030255,0.19059857318848028,-0.7871547112882381,0.3238942543637875,0.38969783440773814,-0.7956960298976613,-0.23362835924302425,0.7961427024533789,-0.33994838247894155,0.636602673257301,2.3439460883148024,-0.1386152319910405,-0.4675187828684851,-0.32386593728741425,-0.6077738064425378,-0.2622844788430542,-0.7389135036992569,-0.7647308197458192,-0.32958737498719837,-0.32489733024806805,-0.7449192187227722,0.39638388549174863,-0.16652357617541064,-0.7811594247379158,-0.8427037075136988,-0.0339576748539302,-0.4008171138467954,-0.463947886275248,-0.6278461780714493,-0.4994178390410515,-0.5042402823351707,-0.731456558453927,3.362850821153076,-0.4837964700093306,-0.27601179467009374,-0.7622697554452618,-0.27484217370469277,-0.4256847285200376,-0.597086394298804,-0.8298383243921471,0.5912659629988559,-0.7079958569601353,0.007689348083674004,0.4045552028006457,0.08529975322067489,-0.7694746769432201,-0.4985776029534911,-0.6195764980915852,-0.7828964292834533,-0.47279611750075595,-0.6077031181213091,-0.255617773044146,-0.828096554927419,-0.6052837683048317,0.2546931902239793,-0.5050475573515606,0.1756260230999256,-0.572948771484678,-0.28836231967797893,-0.36634257134016923,-0.40206881725043503,-0.371734395092643,-0.7186712288442116,-0.3128568761550302,-0.2109644775106619,-0.160988179770409,-0.1522637686718625,1.5331506231133858,-0.39132590022378577,-0.7508936916698834,0.31252700793417537,-0.6050884126968797,-0.7655869729006214,-0.41900492118622645,0.7064181713227792
185,-0.11892011826135748,-0.2465177040904484,0.645855377073376,0.1654772568208779,-0.6494005581465232,0.2751179538742698,-0.3580018853001739,-0.25009385358021813,-0.40671661130914605,-0.8233018060869453,-0.14451843507885012,1.8517744951842248,-0.7655788985032485,-0.3554927828534925,-0.3141926821816127,-0.31835326149682636,-0.421393255755986,-0.7889640693012967,-0.74745024061718,-0.5090253877772097,-0.17364548506960717,-0.15969234230703772,-0.556412405001797,-0.3625844344175933,-0.49683216161022736,0.013119456862359716,-0.6395345852979323,-0.8855771709020147,-0.5032105831331162,1.0435532612663592,-0.6208946173542383,0.1990167504662799,-0.8367844447846362,-0.399172839356806,0.08399618605478285,0.88476982845152,-0.6221567389365305,0.34925057923578656,0.38095655952959173,-0.7879083074628513,-0.7990194287265212,-0.7542685077244274,2.493602455694399,0.08192921126242499,-0.36644430342557033,-0.7449192187227722,-0.46158989262891953,0.24859929890574126,-0.03896519695842335,0.4787402782828718,-0.1961758668313037,-0.37349488386405544,-0.08979636508553193,-0.4576981623339291,-0.26413933446769183,-0.4645363230961809,0.5017312809433487,0.3225878975753998,-0.4837964700093306,1.6074433798776924,-0.6034635563941656,-0.13692458352770923,0.7586527514641688,-0.7672934622289077,-0.5018389866877411,-0.43422009770282693,-0.5462052132306712,-0.2792266251877433,-0.7627516478195191,-0.43908397559494894,-0.401656953739004,-0.19263138652118852,-0.6195764980915852,-0.7828964292834533,-0.6513445002427333,0.17541945677728507,-0.46610671659169706,-0.4994868109086019,1.0053702186691749,-0.7594435171525026,-0.4660507573089723,-0.6112289191040424,-0.2244397863966744,-0.802071915303832,-0.36634257134016923,-0.460588439400217,0.03698951375028499,-0.7186712288442116,-0.8443238231907555,-0.471414449746047,-0.160988179770409,0.007453471193727517,0.03430686816873323,-0.5137172368242192,-0.7508936916698834,-0.36348815065888285,-0.5723632416478327,0.8688856421732927,-0.41900492118622645,-0.5601316652039429
186,-0.8063196457836549,-0.16940863180691748,-0.44943356086903663,-0.5970907469619694,-0.808801775168252,-0.025491698523315235,-0.3580018853001739,0.08832814043902161,-0.40671661130914605,-0.6419577959356357,-0.7925831663741418,-0.32458908209743637,-0.29589859267303464,-0.1732355242769775,-0.8025750897177983,0.0016457089910806458,2.007853030308499,0.14450028150478078,-0.74745024061718,-0.4305144927703138,-0.4798985451570976,-0.7847112945850717,-0.7263612153261089,-0.3625844344175933,-0.49683216161022736,-0.16909522178152553,-0.4735079536006498,-0.8433961167818247,-0.3377896156337354,0.38969783440773814,-0.7956960298976613,-0.44995091409767635,-0.8367844447846362,0.3115206431775666,1.3734113228606586,1.2750146421358861,-0.2997957343062038,-0.6308726552893394,-0.6762771856959172,-0.7879083074628513,-0.08337282888189856,-0.4932334392965282,-0.4388974922017974,-0.2547661774872668,-0.36644430342557033,0.5677137658107472,0.053194374243481356,-0.3444333797816186,-0.22451375390329645,-0.27637057074374,0.18233324778256782,-0.37349488386405544,-0.838099407464964,-0.7979941938089693,-0.4405982128977116,-0.38512840461820125,-0.731456558453927,-0.31746745475674265,-0.4837964700093306,0.06643460070223098,-0.4446573573430694,-0.35759272781088286,4.142474122847616,-0.597086394298804,-0.8298383243921471,0.44476795432718697,-0.5462052132306712,-0.39399301449631025,0.9048295673521449,-0.2642893993230743,0.5178873542715363,-0.4603343258994532,-0.6195764980915852,-0.6075949448939653,-0.8298928829847106,-0.4119224743966605,-0.10827551256086024,3.279525245307794,0.36110862387957227,0.2546931902239793,-0.5050475573515606,-0.6112289191040424,0.8210871688673366,0.05411074407258983,0.04820608682038438,-0.4996015208334049,-0.039646219157764,0.05743161008042298,0.9272326669283286,-0.49144906299492275,4.336754800327722,-0.04578560876146916,-0.7983841068005183,-0.43212301242393025,-0.5745447739456271,-0.25948581856764313,-0.6214509982214033,-0.7655869729006214,8.86274966205297,-0.4018129356381026
187,3.3180775193501297,-0.2850722402322139,0.09821090810216972,-0.7877327479076812,-0.6494005581465232,-0.3862232814004173,-0.3228347059976028,-0.25009385358021813,-0.06608293349579088,-0.8233018060869453,0.5035462962164416,-0.32458908209743637,-0.7655788985032485,0.28240762216431003,-0.3141926821816127,-0.31835326149682636,2.331752535117097,-0.7889640693012967,-0.4409925773875039,-0.3520035977634179,-0.17364548506960717,-0.0034376042375292245,-0.3864635946774852,-0.08046146957352757,-0.49683216161022736,0.013119456862359716,-0.8055612169952149,-0.8433961167818247,-0.5032105831331162,-0.427621449165538,-0.6208946173542383,-0.44995091409767635,0.2518336533740405,-0.399172839356806,-0.8370146259494141,2.37788041993953,-0.6221567389365305,0.6759583240774952,-0.8524828099001687,-0.4276393054222243,0.09553882107925708,-0.7849785157747685,-0.4388974922017974,-0.3669979737371641,-0.36644430342557033,-0.7449192187227722,-0.46158989262891953,-0.3444333797816186,-0.5956108677930426,-0.46514828300039296,-0.3043213281495527,-0.1002725840366557,1.5938854802681903,-0.7979941938089693,-0.24453279241991188,-0.5042402823351707,-0.37911717576899107,0.002560221409328572,-0.8522629361245863,-0.6184581900424185,-0.6034635563941656,-0.13692458352770923,-0.7640668656583823,1.445398420862441,-0.8298383243921471,-0.580718106374496,-0.7079958569601353,-0.30791822251488504,0.5713133243178121,-0.6138785518668235,-0.21774809213689597,-0.28823957915628307,-0.8168938541717079,-0.6075949448939653,-0.47279611750075595,-0.8034837618459576,-0.2977155617536562,1.636476525213709,0.6832394212743735,-0.17993682722308435,-0.48554915733026643,1.591964919067068,-0.7472032640286799,0.5678203396984429,-0.36634257134016923,-0.48009498011681095,-0.39727963939532596,-0.40823009327435783,-0.8443238231907555,-0.33117215700391656,-0.005893594249783797,-0.1522637686718625,-0.2987695218189674,-0.04455044652255778,1.8943400741939616,0.10452234375169592,-0.5560006561233092,-0.7655869729006214,0.07823193148730186,0.5480994417569389
188,-0.29077000014193183,-0.130854095665152,2.1062406276632597,-0.7877327479076812,1.1040128290924938,0.034630231956201775,-0.3580018853001739,-0.08088285657059825,-0.5770334502158236,-0.6419577959356357,-0.30653461790267306,0.9190472477777987,0.3303418151005838,-0.21879983892110627,-0.6397809538724032,0.7787860658902834,-0.09749375094738805,-0.6022711991400812,-0.2877637457726659,-0.5090253877772097,0.13260757501788334,-0.7847112945850717,-0.556412405001797,-0.30615984144878017,-0.49683216161022736,-0.09620935032397142,2.1829181535558706,-0.7590340085414449,-0.5032105831331162,-0.5910853058801933,-0.4460932048108154,-0.3778433958127923,-0.6553480950915234,-0.33994838247894155,-0.8370146259494141,1.6313251241955247,-0.7833372412516937,-0.7942265277101938,-0.5000715614916658,1.013436702740284,2.4213902705742805,-0.7235584996740864,-0.7647308197458192,-0.3669979737371641,-0.36644430342557033,-0.7449192187227722,-0.11840038138065227,0.01138622743079732,-0.22451375390329645,-0.27637057074374,-0.3043213281495527,-0.2095615039676156,-0.838099407464964,-0.6278461780714493,-0.40138512880215166,-0.5042402823351707,-0.731456558453927,-0.47748129283977825,-0.8522629361245863,-0.7896813877285809,-0.7622697554452618,0.02857652468467097,0.4202706143258241,1.7858125567226486,-0.1738396489833351,-0.43422009770282693,-0.5462052132306712,-0.39399301449631025,-0.7627516478195191,0.43488890576442407,-0.5855658153411121,-0.47945596442647215,-0.8168938541717079,0.09361099266398654,-0.6513445002427333,-0.8034837618459576,-0.44505782223694196,-0.6637916829180104,-0.28315297091003033,-0.7594435171525026,-0.4075555572450899,-0.768599907544836,2.215123109219351,-0.4595988515532633,-0.12945762381985287,-0.421575357967029,-0.21846292927654498,-0.2530095254894309,-0.13570122714312183,-0.471414449746047,0.1492009912708414,-0.3652200884926492,-0.7983841068005183,-0.4729201246240747,-0.04549802077285813,-0.25948581856764313,-0.49055031402521504,-0.60213971139323,1.2384512543922013,-0.5601316652039429
189,-0.8063196457836549,-0.3621813125157448,-0.6319817171927721,-0.5970907469619694,-0.6494005581465232,-0.3862232814004173,-0.0414972715770339,-0.7577268446090778,-0.7473502891225012,1.5341703258800787,-0.7925831663741418,-0.6354981645662451,-0.7655788985032485,-0.264364153565235,-0.3141926821816127,0.4587870954023764,-0.745292760564584,-0.042192588656434694,-0.74745024061718,-0.3520035977634179,-0.4798985451570976,-0.6284565565155632,-0.04656597402886146,-0.249735248479967,-0.49683216161022736,-0.16909522178152553,0.5226518365830454,-0.7871547112882381,-0.8340525181318775,-0.5910853058801933,-0.4460932048108154,-0.44995091409767635,-0.47391174539841063,-0.10305055496748404,0.8208048356581404,2.6154207413126223,1.9567312981060825,0.6759583240774952,-0.32386593728741425,-0.7879083074628513,-0.2622844788430542,-0.7849785157747685,-0.11306416465777558,-0.1051237824874038,-0.36644430342557033,-0.08860272645601257,-0.6331846482530531,1.612574459886669,-0.22451375390329645,1.2338511273094837,0.5608423623964394,-0.15491704400213566,-0.08979636508553193,-0.7979941938089693,-0.4798112969932716,-0.2660165269012318,-0.731456558453927,-0.47748129283977825,-0.8522629361245863,0.4088809960745557,-0.7622697554452618,-0.24725865566929606,-0.4256847285200376,0.4241560132818185,-0.8298383243921471,-0.580718106374496,-0.06083328204227859,-0.3653014171691685,-0.5959935263023527,-0.6138785518668235,2.1730671086905087,-0.4029694103183965,0.7616449944692737,-0.4322934605044773,-0.8298928829847106,-0.6077031181213091,-0.19247108997988066,-0.4994868109086019,-0.6052837683048317,2.282966604976943,-0.48554915733026643,-0.768599907544836,-0.572948771484678,-0.11712578780269454,-0.36634257134016923,-0.34354919510065307,-0.39727963939532596,-0.7186712288442116,-0.667168174178847,-0.4513798364971712,-0.7813665218529099,0.38012703088010424,-0.13223132682511707,-0.4729201246240747,-0.22184693849711443,-0.311486984613263,-0.3923748008780739,-0.27524518837844714,-0.41900492118622645,-0.7184503947697831
190,1.084029054902663,-0.0151904872398556,-0.2668854045453012,-0.025164744124833896,-0.808801775168252,0.2751179538742698,-0.3580018853001739,-0.7577268446090778,-0.5770334502158236,-0.8233018060869453,-0.6305669835503189,0.2972290828401812,-0.7655788985032485,-0.1732355242769775,0.49977799704536335,-0.31835326149682636,-0.5833430081602851,-0.7889640693012967,-0.4409925773875039,-0.253864979004798,-0.3267720151133524,-0.6284565565155632,1.652922129214257,-0.3625844344175933,-0.49683216161022736,0.04956239259113676,-0.8055612169952149,-0.8433961167818247,-0.00694768063497396,0.2262339776930829,-0.4460932048108154,-0.3778433958127923,-0.47391174539841063,-0.16227501184534843,-0.8370146259494141,0.88476982845152,2.117911800421246,1.3293738137609126,-0.8524828099001687,2.0942437088621655,0.09553882107925708,-0.6774934875985748,-0.6018141559738084,-0.32958737498719837,0.007478455171950403,-0.5808400956560823,0.053194374243481356,-0.4037366476503546,-0.5956108677930426,-0.6539259952570459,0.9934242076694354,-0.4281393438295354,-0.27687212568039,0.9034859635662317,-0.4994178390410515,-0.48438830271567584,-0.026777793084055153,2.8828093069039693,-0.6680297030669584,-0.10478859698393139,-0.7622697554452618,-0.27484217370469277,-0.25649365995086526,2.466640828443064,0.9741580329820858,-0.43422009770282693,0.10095736168718561,-0.30791822251488504,-0.4292354047851863,0.2600943294925495,-0.7694746769432201,-0.4985776029534911,0.7616449944692737,1.846625836558866,-0.47279611750075595,0.5669807442265821,-0.48715561094645216,2.293696013251343,-0.7663491670022323,5.760006744553452,-0.44655235728767817,1.1198519537446872,-0.2244397863966744,0.3965838078231586,-0.011015150059694707,-0.3630557358172471,-0.21846292927654498,-0.40823009327435783,0.04145442186878656,-0.41131060999941965,0.1492009912708414,-0.31198100853745253,0.20084506316258355,-0.39132590022378577,2.776084662815243,-0.25948581856764313,-0.6214509982214033,-0.7655869729006214,-0.41900492118622645,1.6563305487178208
191,-0.6344697639030806,-0.09229955952338653,-0.2668854045453012,0.5467612587123015,-0.17119690708133672,-0.3862232814004173,-0.3580018853001739,-0.7577268446090778,-0.23639977240246846,-0.8233018060869453,1.4756433931593795,-0.6354981645662451,-0.7655788985032485,-0.264364153565235,-0.6397809538724032,0.6873577886080242,1.360054020691303,-0.7889640693012967,-0.74745024061718,-0.5090253877772097,-0.4798985451570976,0.30907187190148777,-0.2165147843531733,-0.30615984144878017,-0.4405572811137129,-0.3148669646966337,-0.8055612169952149,-0.6746719003010649,-0.5032105831331162,0.2262339776930829,2.350729395883952,-0.3778433958127923,-0.29247539570529785,0.4299695569332954,1.3734113228606586,0.7829668335773374,1.4731897911605927,-0.14081103802677644,0.9095734321423462,0.11276419763871634,1.169008720846191,-0.7849785157747685,0.86443581797429,-0.3669979737371641,0.21521332105946192,-0.08860272645601257,0.053194374243481356,-0.22582684404414663,1.0743261447108152,-0.8427037075136988,-0.35839405880867725,-0.3188504238985755,-0.08979636508553193,0.22289390061615127,-0.4994178390410515,-0.444684343476686,-0.37911717576899107,-0.47748129283977825,-0.8522629361245863,-0.27601179467009374,-0.6034635563941656,-0.13692458352770923,-0.4256847285200376,0.764570149142026,0.48215902642547687,-0.7272161150461649,-0.22262392577174278,-0.25053502786060156,1.9053782964551433,-0.43908397559494894,-0.5855658153411121,-0.47945596442647215,1.5509144187897643,-0.4322934605044773,-0.8298928829847106,-0.6077031181213091,-0.42400892788218686,-0.3351819388991934,2.1328280095509795,1.4137065700828155,-0.2905651571173251,0.49036799998151276,-0.2244397863966744,0.9102934034490118,-0.30712133446009016,-0.4996015208334049,-0.320643906487277,-0.7186712288442116,-0.8443238231907555,-0.49144906299492275,-0.005893594249783797,-0.25874192858225586,-0.631845911806668,-0.5137172368242192,-0.39819585622137077,-0.36348815065888285,-0.2614741166818858,-0.7655869729006214,-0.750496156301912,-0.7184503947697831
192,-0.6344697639030806,0.1004731211854408,0.8284035333971115,1.118687261549437,-0.6494005581465232,-0.20585748996186626,-0.3228347059976028,0.5959611314678812,-0.23639977240246846,-0.2792697756330167,0.17951393056879578,-0.7909527058006495,-0.7655788985032485,-0.30992846820936376,-0.6397809538724032,-0.31835326149682636,0.8742047634784059,-0.41557832897886565,-0.2877637457726659,-0.48939766402548573,-0.7861516052445882,3.5904213713611663,-0.556412405001797,-0.30615984144878017,-0.49683216161022736,-0.35130990042541077,-0.14145469020608475,-0.8012150626616348,0.654736189362549,-0.7545491625948485,-0.09649037972396941,-0.3778433958127923,-0.6553480950915234,0.19307172942183787,-0.8370146259494141,2.3439460883148024,-0.6221567389365305,0.6759583240774952,-0.5000715614916658,0.6531677006996569,-0.6201077787653655,-0.7235584996740864,-0.6018141559738084,-0.3669979737371641,-0.2418033838930634,-0.5808400956560823,-0.2899951370047859,1.019541781199309,0.703229030821069,-0.8427037075136988,-0.35839405880867725,-0.3188504238985755,-0.08979636508553193,-0.4576981623339291,-0.4994178390410515,-0.4248323638571911,-0.731456558453927,1.1226570879905777,-0.6680297030669584,2.463559368308504,-0.6034635563941656,-0.3851762458462796,0.08188847718747941,-0.7672934622289077,-0.8298383243921471,-0.7272161150461649,-0.22262392577174278,0.40937171066365824,-0.7627516478195191,2.8820129735706685,-0.5855658153411121,-0.4985776029534911,-0.8168938541717079,-0.7828964292834533,0.2413974134671534,-0.21614183067201198,-0.3187644561084113,0.9792570371760747,1.3275010160639762,-0.17993682722308435,-0.4075555572450899,1.1198519537446872,0.12406919869132926,-0.28836231967797893,-0.36634257134016923,-0.1679903286513073,-0.21846292927654498,-0.09778895770450395,-0.8443238231907555,-0.41131060999941965,1.0797685043945926,-0.25874192858225586,-0.7983841068005183,-0.5137172368242192,0.13085089695139818,-0.311486984613263,-0.6214509982214033,2.0130164727250324,-0.25325930362838367,-0.4018129356381026
193,0.7403292911415144,-0.130854095665152,-0.8145298735165075,0.7374032596580133,-0.17119690708133672,1.297190772026059,-0.21733316808988945,1.6112271135256004,-0.06608293349579088,0.08341824466960238,-0.7925831663741418,0.2972290828401812,-0.7655788985032485,-0.21879983892110627,-0.3141926821816127,-0.31835326149682636,-0.745292760564584,0.14450028150478078,0.6316092439163624,-0.48939766402548573,1.0513667552803547,-0.4722018184460547,-0.7263612153261089,0.3145106812081645,-0.45931557461255107,-0.35130990042541077,-0.4735079536006498,-0.871516819528618,-0.6686315506324968,-0.7545491625948485,-0.7956960298976613,-0.30573587752790826,0.6147063527602661,-0.33994838247894155,-0.6528124635485747,0.9526384917009749,-0.7833372412516937,-0.7942265277101938,-0.14766031308316277,-0.7879083074628513,-0.7990194287265212,-0.6621384835734042,0.21276916288624628,-0.32958737498719837,0.049025428349452706,6.310483073144894,-0.8047794038771868,0.0706894952995333,2.744263157214673,-0.08759285848708705,-0.35839405880867725,-0.26420596393309553,-0.27687212568039,-0.7979941938089693,-0.4798112969932716,-0.48438830271567584,0.5017312809433487,-0.47748129283977825,0.06890322916355274,0.4088809960745557,-0.12704495924087694,-0.24725865566929606,-0.7640668656583823,5.360160983254827,-0.1738396489833351,-0.7272161150461649,-0.22262392577174278,0.15114733471938266,-0.7627516478195191,-0.2642893993230743,-0.7694746769432201,-0.47945596442647215,0.16969292622890558,-0.4322934605044773,-0.2942477347587786,-0.6077031181213091,-0.5082045053012073,-0.006572194880376346,0.5221740225769729,-0.7594435171525026,-0.19307315701085448,-0.2964869422224552,-0.3986942789406762,0.05411074407258983,-0.36634257134016923,-0.4996015208334049,-0.42282488369800897,0.05743161008042298,-0.667168174178847,-0.49144906299492275,-0.7813665218529099,-0.3652200884926492,-0.631845911806668,-0.39132590022378577,1.3652933210211924,-0.25948581856764313,-0.5723632416478327,0.8688856421732927,2.5644161948549438,-0.24349420607226235
194,-0.4626198820225062,-0.3621813125157448,-0.8145298735165075,-0.7877327479076812,-0.17119690708133672,-0.3862232814004173,-0.3580018853001739,1.103594122496741,-0.5770334502158236,-0.09792576548170716,-0.7925831663741418,1.540865412715416,-0.7655788985032485,-0.08210689498872,-0.8025750897177983,-0.22692498421456722,-0.09749375094738805,-0.7889640693012967,0.018693917457010226,-0.5090253877772097,-0.6330250752008428,-0.6284565565155632,0.633229267268386,-0.3625844344175933,-0.4405572811137129,-0.2784240289678567,0.19059857318848028,-0.8152754140350315,-0.8340525181318775,-0.10069373573622757,0.6027152704497225,-0.44995091409767635,-0.8367844447846362,-0.04382609808961965,-0.28440813874689597,2.5305849122508035,-0.4609762366213671,0.6759583240774952,1.2619846805508492,-0.7879083074628513,0.09553882107925708,-0.7849785157747685,0.21276916288624628,0.5308563962620141,-0.11716246436055651,0.2395555196773673,-0.8047794038771868,-0.2851301119128826,-0.7811594247379158,-0.8427037075136988,-0.35839405880867725,-0.37349488386405544,-0.838099407464964,-0.6278461780714493,-0.4994178390410515,-0.5042402823351707,-0.731456558453927,-0.6374951309228138,0.4373696952788083,0.23765779838839335,-0.7622697554452618,-0.35759272781088286,-0.7640668656583823,0.2539489453517148,1.1381577018342888,-0.580718106374496,-0.384414569501207,-0.22184343053345984,-0.5959935263023527,-0.43908397559494894,0.3339784926694282,-0.4603343258994532,0.7616449944692737,0.2689124770534745,-0.8298928829847106,0.3712001005019336,-0.46610671659169706,-0.828096554927419,-0.7663491670022323,1.1239532251181066,-0.4660507573089723,-0.768599907544836,-0.7472032640286799,-0.6308353834285477,-0.36634257134016923,-0.40206881725043503,-0.39727963939532596,0.5230933134352038,-0.13570122714312183,-0.49144906299492275,-0.160988179770409,-0.25874192858225586,0.36738325815643386,-0.37092734412371353,1.3652933210211924,0.41652934002541514,-0.35964962982902693,-0.60213971139323,-0.5847505387440692,-0.0851754765064221
195,-0.8063196457836549,-0.130854095665152,-0.6319817171927721,0.35611925776658976,1.901018914201138,-0.3862232814004173,-0.3228347059976028,-0.08088285657059825,2.318352811197695,-0.09792576548170716,-0.468550800726496,-0.32458908209743637,1.426262528704416,-0.03654258034459124,-0.1513985463362175,0.09307398627333979,-0.09749375094738805,3.8783576847290906,0.018693917457010226,-0.5090253877772097,-0.4798985451570976,-0.7847112945850717,-0.7263612153261089,-0.19331065551115387,-0.1966994656288169,-0.20553815751030255,-0.8055612169952149,-0.8152754140350315,-0.8340525181318775,0.06277012097842767,-0.7956960298976613,-0.30573587752790826,0.2518336533740405,-0.16227501184534843,-0.6528124635485747,1.5804236267584335,-0.7833372412516937,0.5126044516566408,-0.8524828099001687,-0.6077738064425378,-0.7990194287265212,-0.631428475523063,0.86443581797429,-0.3669979737371641,-0.36644430342557033,4.833770965544685,1.082762907988283,-0.2851301119128826,-0.4100623108481696,-0.8427037075136988,-0.35839405880867725,-0.3188504238985755,-0.651023646870106,-0.7979941938089693,-0.40138512880215166,-0.32557246575971655,-0.731456558453927,-0.31746745475674265,-0.4837964700093306,2.2923361706223417,0.1905674388613155,-0.27484217370469277,-0.25649365995086526,-0.4268793263687002,-0.8298383243921471,-0.7272161150461649,-0.5462052132306712,-0.39399301449631025,-0.7627516478195191,-0.7886731281386982,-0.401656953739004,-0.42209104884541543,-0.8168938541717079,0.7948169302219383,-0.47279611750075595,-0.8034837618459576,-0.46610671659169706,-0.828096554927419,0.36110862387957227,-0.614566844670148,-0.19307315701085448,-0.768599907544836,0.9953416614113384,0.5678203396984429,-0.36634257134016923,-0.460588439400217,-0.42282488369800897,-0.7186712288442116,-0.667168174178847,-0.49144906299492275,0.614484747832717,-0.3652200884926492,-0.13223132682511707,-0.5137172368242192,-0.7508936916698834,0.0005200116604561876,-0.5560006561233092,-0.7655869729006214,-0.750496156301912,-0.4018129356381026
196,1.2558789367832375,0.06191858504367534,-0.8145298735165075,2.071897266277996,0.1476055269621209,-0.20585748996186626,0.09917144563325055,1.103594122496741,-0.23639977240246846,2.0782023563340073,-0.30653461790267306,2.784501742590651,-0.7655788985032485,-0.03654258034459124,-0.8025750897177983,-0.13549670693230806,0.06445600145691095,0.3311931516659963,0.6316092439163624,-0.4501422165220378,-0.4798985451570976,0.7778360861100132,-0.7263612153261089,-0.3625844344175933,-0.4217989876148748,-0.20553815751030255,0.6886784682803279,-0.871516819528618,-0.8340525181318775,0.2262339776930829,-0.27129179226739236,-0.3778433958127923,-0.8367844447846362,-0.33994838247894155,-0.8370146259494141,2.7172237361868046,-0.7833372412516937,1.4927276861817669,-0.8524828099001687,0.29289869865902984,1.526832020768502,-0.7849785157747685,-0.2759808284297865,-0.21735557873730108,-0.36644430342557033,-0.7449192187227722,0.22478912986761498,0.0706894952995333,-0.4100623108481696,-0.46514828300039296,-0.3043213281495527,-0.4008171138467954,1.2197339590784744,0.22289390061615127,-0.42099167084993167,-0.3057204861402216,-0.731456558453927,-0.7975089690058494,-0.8522629361245863,0.23765779838839335,-0.6034635563941656,-0.27484217370469277,-0.4256847285200376,-0.2566722584385965,-0.8298383243921471,0.005273928312180023,0.424538649146114,-0.39399301449631025,1.9053782964551433,0.08529975322067489,-0.401656953739004,-0.44121268737243435,-0.027624429851217113,1.671324352169378,0.06284903072517607,-0.020361186947363465,-0.46610671659169706,-0.4994868109086019,2.938155003037983,-0.7594435171525026,-0.5050475573515606,0.6477389884223064,-0.3986942789406762,1.4240029990748646,-0.011015150059694707,-0.2460164915176832,-0.371734395092643,-0.09778895770450395,-0.8443238231907555,-0.31113754375504077,0.3042955767914666,-0.04578560876146916,0.20084506316258355,-0.4933186807241469,3.1287824982637558,-0.15548348647640342,-0.6214509982214033,-0.60213971139323,-0.750496156301912,0.5480994417569389
197,-0.8063196457836549,-0.16940863180691748,-0.8145298735165075,-0.4064487460162575,-0.6494005581465232,-0.3862232814004173,-0.3228347059976028,0.4267501344582614,-0.5770334502158236,-0.09792576548170716,-0.6305669835503189,-0.013679999628627598,-0.6090187965598439,-0.3554927828534925,-0.6397809538724032,-0.044068429650048924,-0.421393255755986,0.7045788919884273,-0.594221409002342,-0.5090253877772097,-0.7861516052445882,-0.0034376042375292245,0.46328045694407416,-0.08046146957352757,-0.2529743461253314,0.04956239259113676,-0.4735079536006498,-0.7168529544212549,0.15847328686440676,1.2070171179810143,-0.7956960298976613,-0.3778433958127923,-0.29247539570529785,-0.04382609808961965,-0.8370146259494141,0.9865728233257024,-0.7833372412516937,-0.14081103802677644,-0.5000715614916658,0.6531677006996569,-0.2622844788430542,-0.7389135036992569,0.04985249911423535,-0.3669979737371641,-0.2833503570705657,-0.7449192187227722,-0.6331846482530531,-0.2851301119128826,0.14658335998644975,-0.46514828300039296,-0.35839405880867725,-0.4281393438295354,-0.651023646870106,-0.7979941938089693,-0.4994178390410515,-0.06749673070628268,-0.37911717576899107,-0.31746745475674265,-0.4837964700093306,-0.7896813877285809,1.302210832218989,-0.3851762458462796,0.4202706143258241,-0.7672934622289077,-0.8298383243921471,-0.7272161150461649,1.0717012240639707,-0.2792266251877433,0.5713133243178121,-0.7886731281386982,-0.5855658153411121,-0.3647261332643587,-0.8168938541717079,-0.7828964292834533,0.06284903072517607,-0.8034837618459576,-0.48715561094645216,-0.4994868109086019,0.5221740225769729,-0.7594435171525026,0.06040604326596919,1.7493359075078616,-0.05018529385267257,-0.802071915303832,0.10742732370046347,-0.38256227653384106,-0.42282488369800897,0.8335344490050577,-0.3128568761550302,-0.31113754375504077,-0.005893594249783797,0.27364887096971086,0.20084506316258355,-0.4933186807241469,-0.39819585622137077,-0.36348815065888285,-0.6050884126968797,1.3592274266954667,0.7412144017186729,-0.24349420607226235
198,1.7714285824249605,-0.09229955952338653,-0.08433724822156573,-0.025164744124833896,-0.808801775168252,-0.20585748996186626,-0.14699880948474722,1.94964910754484,-0.23639977240246846,-0.8233018060869453,0.3415301133926187,-0.16913454086303198,-0.29589859267303464,-0.08210689498872,0.011395589509177712,-0.2726391228556968,-0.745292760564584,-0.6022711991400812,-0.594221409002342,-0.3520035977634179,0.5919871651491191,4.2154403236392,-0.7263612153261089,0.3145106812081645,-0.49683216161022736,-0.2419810932390796,0.19059857318848028,-0.8012150626616348,-0.5032105831331162,-0.5910853058801933,-0.6208946173542383,-0.23362835924302425,1.1590154018396044,-0.33994838247894155,-0.8370146259494141,3.3280417054319,0.18374577263928613,0.34925057923578656,-0.6762771856959172,-0.7879083074628513,-0.7990194287265212,-0.6774934875985748,1.1902691455183119,-0.32958737498719837,-0.1587094375380588,0.07547639661067736,-0.8047794038771868,-0.22582684404414663,-0.5956108677930426,-0.6539259952570459,-0.1421031361721792,-0.4281393438295354,-0.08979636508553193,3.455706199629033,-0.42099167084993167,-0.5042402823351707,-0.2029474844265231,0.3225878975753998,-0.8522629361245863,-0.6184581900424185,-0.4446573573430694,-0.16450810156310594,0.25107954575665176,-0.0864651905084927,0.6461586952776799,-0.2877220890311579,-0.384414569501207,-0.33660981984202676,-0.4292354047851863,-0.6138785518668235,0.15006963106732016,-0.44121268737243435,-0.8168938541717079,1.3207213833904021,0.2413974134671534,1.3501033191251761,-0.48715561094645216,-0.4994868109086019,-0.7663491670022323,-0.3248134997054389,-0.5050475573515606,0.018255034659132002,-0.7472032640286799,-0.6308353834285477,-0.18867886069993195,-0.4996015208334049,-0.34618915078996,0.05743161008042298,-0.49001252516693866,-0.41131060999941965,-0.7813665218529099,-0.09902468871666582,0.36738325815643386,-0.411724456323858,1.7179911564697052,0.0005200116604561876,-0.5232754850742621,-0.43869244988583855,0.4097231666029874,2.2896054669811816
199,0.05292976361921688,0.1004731211854408,-0.8145298735165075,-0.5970907469619694,-0.011795690059607908,-0.20585748996186626,0.16950580423839276,-0.419304850589838,-0.7473502891225012,0.44610626497222144,0.5035462962164416,0.2972290828401812,-0.6090187965598439,-0.3554927828534925,-0.8025750897177983,-0.044068429650048924,-0.5833430081602851,-0.22888545881765018,-0.4409925773875039,-0.39125904526686583,-0.4798985451570976,-0.4722018184460547,0.633229267268386,-0.19331065551115387,-0.45931557461255107,-0.3148669646966337,-0.3074813219033673,-0.8433961167818247,-0.6686315506324968,-0.7545491625948485,-0.7956960298976613,-0.44995091409767635,1.3404517515327172,-0.04382609808961965,-0.8370146259494141,2.5984535755002587,-0.7833372412516937,-0.3041649104476308,1.0857790563465977,-0.7879083074628513,-0.2622844788430542,-0.7849785157747685,0.86443581797429,-0.14253438123736956,0.17366634788195962,-0.7449192187227722,-0.6331846482530531,1.7311809956241409,-0.7811594247379158,-0.8427037075136988,0.07418778646431881,-0.07295035405391573,0.0972793955093261,-0.11740213085888894,-0.16610662422879197,-0.444684343476686,0.5017312809433487,0.002560221409328572,2.0954687927974582,1.0937737868192052,-0.4446573573430694,-0.3851762458462796,0.08188847718747941,-0.4268793263687002,3.270153396912928,-0.7272161150461649,-0.384414569501207,-0.33660981984202676,0.07103895976631291,0.6096834820362987,0.7017962158736443,-0.4985776029534911,0.7616449944692737,2.021927320948354,1.669784475402972,-0.8034837618459576,-0.2977155617536562,-0.3351819388991934,-0.6052837683048317,-0.7594435171525026,-0.34906035718120754,-0.6112289191040424,-0.2244397863966744,-0.4595988515532633,0.40353350810085886,-0.4996015208334049,-0.42282488369800897,-0.2530095254894309,-0.667168174178847,-0.49144906299492275,0.7695793333533423,-0.25874192858225586,-0.7983841068005183,-0.5137172368242192,0.4835487323999108,0.15652350979731577,-0.4741877285006915,3.6474890877989465,-0.5847505387440692,0.2314619826252584
200,-0.8063196457836549,-0.20796316794868294,-0.8145298735165075,0.5467612587123015,0.6258091780273074,-0.2659794204413833,-0.00633009227446279,1.4420161165159806,0.27455074431756427,0.44610626497222144,0.17951393056879578,0.7635927065433943,-0.7655788985032485,-0.3554927828534925,-0.3141926821816127,0.32164467947898767,-0.745292760564584,-0.7889640693012967,-0.594221409002342,-0.41088676901858984,-0.6330250752008428,-0.6284565565155632,1.3130245085656336,0.03238771636409874,-0.49683216161022736,-0.20553815751030255,2.1829181535558706,-0.8574564681552214,-0.8340525181318775,-0.2641575924508828,-0.7956960298976613,0.054801713896511846,0.7961427024533789,-0.10305055496748404,0.08399618605478285,0.5963280096413363,-0.6221567389365305,4.433097389757145,-0.8524828099001687,0.29289869865902984,0.2744504710404127,-0.769623511749598,-0.11306416465777558,-0.06771318373743804,-0.36644430342557033,0.07547639661067736,-0.8047794038771868,-0.4037366476503546,-0.5956108677930426,-0.08759285848708705,-0.0880304055130547,-0.4281393438295354,-0.651023646870106,0.05274588487863117,-0.4405982128977116,-0.4645363230961809,-0.731456558453927,-0.15745361667370703,1.1743026275093196,0.23765779838839335,0.03176123981021927,-0.19209161959850263,0.25107954575665176,0.2539489453517148,2.6141547215041157,0.44476795432718697,0.10095736168718561,-0.30791822251488504,-0.7627516478195191,-0.7886731281386982,-0.7694746769432201,-0.4985776029534911,-0.6195764980915852,-0.08169049172550143,-0.47279611750075595,-0.21614183067201198,-0.5082045053012073,-0.006572194880376346,-0.6052837683048317,-0.17993682722308435,-0.5050475573515606,-0.45385793066324875,-0.7472032640286799,-0.802071915303832,-0.36634257134016923,-0.40206881725043503,-0.42282488369800897,0.2126521778653499,-0.3128568761550302,-0.43134522324829544,0.1492009912708414,0.007453471193727517,-0.2987695218189674,-0.4933186807241469,1.0125954855726798,-0.36348815065888285,-0.4741877285006915,0.21509659614372706,-0.41900492118622645,-0.7184503947697831
201,-0.4626198820225062,-0.09229955952338653,-0.6319817171927721,-0.2158067450705457,-0.808801775168252,-0.025491698523315235,-0.11183163018217612,-0.25009385358021813,-0.5770334502158236,-0.2792697756330167,-0.7925831663741418,-0.7909527058006495,-0.6090187965598439,-0.264364153565235,0.33698386119996815,-0.31835326149682636,-0.745292760564584,-0.41557832897886565,0.018693917457010226,-0.5090253877772097,-0.17364548506960717,-0.7847112945850717,0.12338283629545041,0.08881230933291188,-0.49683216161022736,-0.3148669646966337,0.8547050999776103,-0.8855771709020147,0.3238942543637875,-0.2641575924508828,0.7775166829931455,-0.017305804388372183,-0.8367844447846362,-0.33994838247894155,-0.6528124635485747,2.021569937879891,-0.7833372412516937,-0.6308726552893394,-0.6762771856959172,-0.6077738064425378,0.09553882107925708,-0.7235584996740864,-0.7647308197458192,-0.03030258498747228,-0.2833503570705657,-0.08860272645601257,-0.2899951370047859,-0.3444333797816186,-0.22451375390329645,-0.27637057074374,0.7771332850329373,0.009016335894304194,-0.651023646870106,-0.7979941938089693,-0.40138512880215166,-0.48438830271567584,-0.731456558453927,2.8828093069039693,-0.8522629361245863,-0.7896813877285809,-0.12704495924087694,-0.33000920977548615,0.7586527514641688,-0.0864651905084927,-0.1738396489833351,-0.43422009770282693,0.5863292928755782,-0.3653014171691685,-0.2624772832680199,-0.7886731281386982,-0.7694746769432201,-0.4985776029534911,-0.8168938541717079,0.7948169302219383,0.9555909444350628,-0.6077031181213091,-0.5082045053012073,-0.6637916829180104,1.0053702186691749,-0.3248134997054389,-0.5050475573515606,-0.768599907544836,-0.3986942789406762,-0.802071915303832,0.8180821662614125,-0.48009498011681095,-0.42282488369800897,-0.7186712288442116,-0.49001252516693866,-0.1508606377640346,-0.7813665218529099,1.0189959903424644,0.03430686816873323,-0.43212301242393025,-0.7508936916698834,-0.20748465252202328,-0.5396380705987857,-0.60213971139323,0.5754687841608302,0.07314325305941816
202,1.4277288186638117,-0.32362677637397935,-0.8145298735165075,1.309329262495149,0.6258091780273074,-0.3862232814004173,0.02883708702810832,-0.5885158475994579,-0.5770334502158236,0.08341824466960238,-0.7925831663741418,-0.32458908209743637,-0.4524586946164393,-0.30992846820936376,0.011395589509177712,-0.22692498421456722,-0.745292760564584,-0.41557832897886565,-0.594221409002342,-0.48939766402548573,-0.7861516052445882,-0.6284565565155632,0.633229267268386,0.4837844601146039,-0.4217989876148748,-0.16909522178152553,0.19059857318848028,-0.8433961167818247,0.9855781243613103,1.2070171179810143,-0.4460932048108154,-0.16152084095814023,-0.6553480950915234,0.3115206431775666,1.1892091604598192,1.1392773156369762,-0.2997957343062038,-0.6308726552893394,2.319218425776358,1.9141092078418518,-0.6201077787653655,-0.7389135036992569,-0.7647308197458192,-0.3669979737371641,0.42294818694697345,-0.5808400956560823,0.053194374243481356,-0.4037366476503546,2.187617486380054,0.4787402782828718,-0.2502485974904282,-0.07295035405391573,-0.08979636508553193,0.9034859635662317,-0.4994178390410515,-0.5042402823351707,-0.37911717576899107,1.1226570879905777,0.6216029283364362,-0.10478859698393139,-0.6034635563941656,-0.33000920977548615,-0.4256847285200376,-0.0864651905084927,-0.8298383243921471,-0.14122408035948897,-0.5462052132306712,-0.16446023587917638,-0.5959935263023527,0.6096834820362987,-0.7694746769432201,-0.47945596442647215,2.5375011991903778,-0.4322934605044773,-0.8298928829847106,-0.6077031181213091,-0.42400892788218686,-0.3351819388991934,-0.444218369607431,0.6893232076710429,-0.44655235728767817,-0.6112289191040424,-0.572948771484678,-0.6308353834285477,-0.36634257134016923,-0.28502957295087117,-0.39727963939532596,-0.40823009327435783,-0.8443238231907555,-0.27106831725728925,0.614484747832717,-0.31198100853745253,1.2000742331256853,-0.22813745142320788,1.3652933210211924,-0.36348815065888285,-0.5723632416478327,2.8302527802619895,-0.750496156301912,-0.4018129356381026
203,0.22477964549979124,-0.32362677637397935,1.010951689720847,-0.025164744124833896,0.4664079610055785,-0.3862232814004173,-0.00633009227446279,-0.7577268446090778,-0.7473502891225012,4.254330478149722,-0.7925831663741418,2.9399562838250555,-0.7655788985032485,0.28240762216431003,0.011395589509177712,-0.22692498421456722,-0.745292760564584,0.14450028150478078,-0.74745024061718,-0.41088676901858984,-0.17364548506960717,-0.4722018184460547,0.46328045694407416,-0.30615984144878017,-0.49683216161022736,-0.09620935032397142,-0.6395345852979323,-0.8574564681552214,-0.6686315506324968,-0.7545491625948485,-0.6208946173542383,-0.017305804388372183,0.07039730368092774,0.4299695569332954,-0.8370146259494141,2.700256570374441,-0.1386152319910405,1.1660199413400583,-0.14766031308316277,0.11276419763871634,0.45336212100156836,-0.769623511749598,-0.6018141559738084,-0.3669979737371641,0.21521332105946192,-0.7449192187227722,-0.8047794038771868,0.24859929890574126,-0.7811594247379158,-0.8427037075136988,-0.0880304055130547,-0.4008171138467954,0.0972793955093261,0.39304191635367136,-0.40138512880215166,-0.5042402823351707,1.9110888116830922,0.3225878975753998,1.9112355597398305,-0.27601179467009374,-0.28585115829197316,-0.3851762458462796,-0.7640668656583823,0.4241560132818185,-0.665838655539944,-0.7272161150461649,-0.7079958569601353,-0.19315183320631812,1.5718620534208105,-0.6138785518668235,-0.7694746769432201,-0.42209104884541543,-0.8168938541717079,0.44421396144296244,-0.2942477347587786,0.3712001005019336,-0.42400892788218686,2.6223057572701602,0.2000432251821716,-0.17993682722308435,-0.48554915733026643,1.1198519537446872,-0.05018529385267257,-0.6308353834285477,-0.0702363869397738,-0.48009498011681095,-0.16737244067117898,-0.7186712288442116,-0.8443238231907555,-0.43134522324829544,-0.6262719363322846,-0.20550284862705917,-0.4653077168128177,-0.4933186807241469,-0.22184693849711443,-0.20748465252202328,-0.3432870443045034,-0.27524518837844714,0.5754687841608302,-0.7184503947697831
204,-0.8063196457836549,0.023364048901909868,4.114270347224349,0.35611925776658976,0.1476055269621209,-0.14573555948234926,-0.2525003473924606,-0.08088285657059825,-0.7473502891225012,-0.8233018060869453,2.447740490102317,-0.4800436233318407,-0.7655788985032485,-0.30992846820936376,-0.8025750897177983,-0.2726391228556968,-0.421393255755986,-0.22888545881765018,-0.594221409002342,-0.29312042650824593,-0.7861516052445882,-0.7847112945850717,-0.7263612153261089,0.3145106812081645,-0.47807386811138924,0.04956239259113676,-0.6395345852979323,-0.8012150626616348,-0.6686315506324968,-0.427621449165538,-0.4460932048108154,-0.3778433958127923,-0.11103904601218505,-0.33994838247894155,1.0050069980589798,0.8169011652020649,-0.7833372412516937,-0.7942265277101938,0.7333678079380946,-0.7879083074628513,-0.6201077787653655,-0.7389135036992569,-0.7647308197458192,-0.2921767762372326,-0.2002564107155611,-0.7449192187227722,-0.2899951370047859,-0.10722030830667466,-0.4100623108481696,-0.8427037075136988,-0.2502485974904282,-0.4281393438295354,-0.651023646870106,0.39304191635367136,-0.4994178390410515,-0.2858685065207267,-0.2029474844265231,-0.6374951309228138,0.2531364622211805,1.6074433798776924,-0.7622697554452618,-0.3851762458462796,-0.7640668656583823,-0.4268793263687002,0.6461586952776799,-0.580718106374496,-0.5462052132306712,-0.39399301449631025,-0.2624772832680199,-0.7886731281386982,-0.401656953739004,-0.47945596442647215,-0.8168938541717079,-0.4322934605044773,-0.6513445002427333,-0.6077031181213091,-0.3608622448179215,-0.006572194880376346,-0.28315297091003033,-0.0350601547407298,-0.44655235728767817,-0.768599907544836,1.8666141241313476,-0.28836231967797893,-0.36634257134016923,-0.48009498011681095,-0.42282488369800897,-0.40823009327435783,-0.8443238231907555,-0.2309990907595377,0.3042955767914666,-0.3652200884926492,-0.2987695218189674,-0.4933186807241469,-0.7508936916698834,-0.20748465252202328,-0.5887258271723562,-0.7655869729006214,-0.750496156301912,-0.7184503947697831
205,0.3966295273803656,-0.3621813125157448,-0.44943356086903663,-0.4064487460162575,-0.808801775168252,0.39536181483330385,-0.18216598878731835,0.5959611314678812,-0.7473502891225012,-0.8233018060869453,-0.14451843507885012,-0.7909527058006495,0.17378171315717916,-0.30992846820936376,3.918454849798663,-0.31835326149682636,-0.745292760564584,-0.22888545881765018,-0.74745024061718,-0.5090253877772097,0.13260757501788334,0.9340908241795217,1.3130245085656336,-0.19331065551115387,-0.30924922662184584,-0.09620935032397142,0.024571941491197763,-0.7590340085414449,-0.3377896156337354,-0.10069373573622757,0.6027152704497225,-0.44995091409767635,0.7961427024533789,0.015398358788244727,2.4786242972656947,2.428781917376621,0.9896482842151026,-0.4675187828684851,-0.8524828099001687,-0.7879083074628513,-0.4411961288042099,-0.7389135036992569,-0.6018141559738084,0.4186246000121168,-0.36644430342557033,-0.5808400956560823,-0.6331846482530531,-0.4037366476503546,-0.7811594247379158,0.8562957027961777,-0.3043213281495527,-0.23688373395035558,-0.463947886275248,0.05274588487863117,-0.10728699808545204,-0.40498038423769617,0.3255615896008807,-0.7975089690058494,-0.11533000389407506,-0.7896813877285809,-0.6034635563941656,-0.3851762458462796,0.4202706143258241,0.5943630812119223,0.1541596887210709,1.177257997685532,0.5863292928755782,-0.02100224924346773,-0.5959935263023527,-0.7886731281386982,-0.5855658153411121,-0.4603343258994532,-0.8168938541717079,-0.6075949448939653,0.2413974134671534,-0.6077031181213091,-0.38191113917267666,0.4863424211478492,-0.6052837683048317,-0.3248134997054389,-0.4660507573089723,-0.6112289191040424,0.8210871688673366,-0.802071915303832,-0.0702363869397738,-0.460588439400217,0.292441956777115,0.05743161008042298,2.6987891570474125,-0.43134522324829544,-0.31608276529103424,0.22040979101451422,0.03430686816873323,-0.4933186807241469,-0.39819585622137077,0.20852467584293566,-0.6214509982214033,0.7054383806659013,-0.750496156301912,-0.7184503947697831
206,-0.8063196457836549,-0.2850722402322139,1.1934998460445825,-0.7877327479076812,0.1476055269621209,-0.20585748996186626,-0.3580018853001739,1.103594122496741,-0.23639977240246846,0.9901382954261501,-0.14451843507885012,-0.7909527058006495,-0.4524586946164393,-0.3554927828534925,-0.8025750897177983,-0.18121084557343764,-0.5833430081602851,0.5178860218272118,-0.2877637457726659,-0.4697699402737618,-0.7861516052445882,-0.3159470803765462,1.9928197498628808,-0.249735248479967,-0.49683216161022736,0.19533413550624495,-0.4735079536006498,-0.8293357654084281,0.8201571568619297,-0.7545491625948485,-0.7956960298976613,0.12690923218139588,-0.8367844447846362,-0.33994838247894155,-0.8370146259494141,1.2580474763235223,-0.4609762366213671,1.1660199413400583,-0.8524828099001687,-0.4276393054222243,6.178534919758549,-0.769623511749598,0.21276916288624628,-0.3669979737371641,-0.36644430342557033,1.5521885042108867,-0.8047794038771868,-0.16652357617541064,-0.22451375390329645,-0.27637057074374,0.02011505580519431,-0.3188504238985755,-0.463947886275248,-0.6278461780714493,-0.42099167084993167,-0.5042402823351707,1.3825797376556883,-0.47748129283977825,-0.11533000389407506,-0.7896813877285809,-0.12704495924087694,-0.33000920977548615,-0.5948757970892099,-0.4268793263687002,-0.3378393178355381,-0.43422009770282693,-0.384414569501207,-0.07838544389775119,0.4045552028006457,0.2600943294925495,-0.21774809213689597,-0.42209104884541543,-0.4222591420114625,-0.7828964292834533,0.2413974134671534,0.3712001005019336,-0.255617773044146,-0.828096554927419,-0.7663491670022323,0.2546931902239793,-0.5050475573515606,0.6477389884223064,0.6468326763233347,-0.802071915303832,-0.36634257134016923,-0.3240426543840591,-0.42282488369800897,-0.5634506610592848,-0.49001252516693866,-0.471414449746047,-0.6262719363322846,-0.3652200884926492,-0.7983841068005183,-0.43212301242393025,-0.22184693849711443,-0.10348232043078355,-0.5887258271723562,-0.7655869729006214,-0.5847505387440692,-0.7184503947697831
207,0.3966295273803656,-0.3621813125157448,-0.2668854045453012,-0.2158067450705457,2.857426216331511,-0.32610135092090026,0.239840162843535,-0.419304850589838,1.126134938850952,-0.09792576548170716,0.17951393056879578,-0.7909527058006495,-0.7655788985032485,-0.12767120963284875,-0.6397809538724032,0.27593054083785806,0.06445600145691095,0.7045788919884273,-0.594221409002342,-0.39125904526686583,-0.7861516052445882,1.2466003003185386,-0.3864635946774852,-0.3625844344175933,-0.49683216161022736,-0.2419810932390796,-0.8055612169952149,-0.8855771709020147,2.474366831855737,-0.5910853058801933,-0.4460932048108154,0.487446823605816,-0.11103904601218505,-0.2214994687232128,0.08399618605478285,0.7829668335773374,-0.6221567389365305,0.022542834394077883,0.7333678079380946,0.6531677006996569,-0.6201077787653655,-0.7849785157747685,-0.7647308197458192,-0.3669979737371641,0.4644951601244757,-0.7449192187227722,0.22478912986761498,-0.3444333797816186,0.14658335998644975,-0.6539259952570459,-0.1961758668313037,-0.34617265388131546,-0.651023646870106,-0.11740213085888894,-0.4602047549454916,-0.4248323638571911,1.0302403549707526,0.4826017356584354,-0.6680297030669584,-0.44723499235625613,-0.7622697554452618,-0.33000920977548615,2.450563437155892,-0.7672934622289077,-0.3378393178355381,0.005273928312180023,-0.7079958569601353,-0.39399301449631025,-0.2624772832680199,1.8332455159394208,0.15006963106732016,-0.47945596442647215,-0.22494178593133982,-0.7828964292834533,2.3839780063708815,0.3712001005019336,-0.42400892788218686,0.15773267712903216,0.36110862387957227,-0.7594435171525026,-0.19307315701085448,0.3329970115407192,-0.3986942789406762,-0.802071915303832,-0.30712133446009016,-0.421575357967029,-0.371734395092643,-0.2530095254894309,-0.49001252516693866,-0.471414449746047,0.3042955767914666,-0.31198100853745253,0.7004596481441344,-0.3505287880236413,-0.39819585622137077,-0.36348815065888285,-0.6214509982214033,-0.7655869729006214,-0.750496156301912,-0.4018129356381026
208,-0.4626198820225062,-0.16940863180691748,-0.8145298735165075,0.1654772568208779,0.6258091780273074,0.6358495367513719,-0.2525003473924606,-0.7577268446090778,0.44486758322424186,-0.8233018060869453,-0.14451843507885012,-0.16913454086303198,-0.4524586946164393,-0.3554927828534925,-0.3141926821816127,-0.2726391228556968,-0.421393255755986,-0.7889640693012967,0.6316092439163624,-0.5090253877772097,-0.4798985451570976,-0.3159470803765462,0.12338283629545041,-0.19331065551115387,-0.47807386811138924,-0.3148669646966337,3.013051312042283,-0.871516819528618,-0.00694768063497396,-0.427621449165538,-0.09649037972396941,0.054801713896511846,0.7961427024533789,0.3115206431775666,-0.8370146259494141,0.5793608438289725,-0.1386152319910405,-0.7942265277101938,-0.5000715614916658,0.6531677006996569,0.2744504710404127,-0.7542685077244274,-0.7647308197458192,-0.3669979737371641,-0.36644430342557033,-0.41676097258939243,-0.6331846482530531,-0.16652357617541064,-0.03896519695842335,-0.08759285848708705,-0.35839405880867725,-0.12759481401939568,0.4714309166990422,-0.7979941938089693,-0.4994178390410515,-0.5042402823351707,1.5587494289981563,-0.7975089690058494,-0.4837964700093306,-0.7896813877285809,-0.7622697554452618,-0.33000920977548615,-0.25649365995086526,-0.7672934622289077,0.31815935757327385,-0.7272161150461649,2.20423573017022,-0.33660981984202676,-0.4292354047851863,-0.43908397559494894,-0.401656953739004,-0.38384777179137763,1.156279706629519,-0.7828964292834533,-0.2942477347587786,0.17541945677728507,-0.3187644561084113,-0.006572194880376346,-0.7663491670022323,-0.46969017218779346,-0.23206995705344274,3.3230457919157974,-0.7472032640286799,-0.11712578780269454,-0.30712133446009016,-0.34354919510065307,-0.29509866218459396,-0.2530095254894309,0.3957657198926034,-0.49144906299492275,1.7001468464770935,-0.31198100853745253,-0.2987695218189674,-0.45252156852400244,2.776084662815243,-0.311486984613263,-0.4414625574516445,-0.43869244988583855,-0.08751368607054091,-0.7184503947697831
209,0.9121791730220887,-0.3621813125157448,-0.8145298735165075,-0.2158067450705457,-0.808801775168252,-0.3862232814004173,-0.3228347059976028,-0.25009385358021813,-0.7473502891225012,0.08341824466960238,-0.468550800726496,1.6963199539498204,0.643462018987393,0.009021734299537511,-0.6397809538724032,-0.31835326149682636,-0.745292760564584,-0.6022711991400812,-0.74745024061718,-0.48939766402548573,-0.7861516052445882,-0.7847112945850717,-0.556412405001797,-0.3625844344175933,-0.49683216161022736,-0.35130990042541077,-0.6395345852979323,-0.8574564681552214,-0.3377896156337354,-0.7545491625948485,0.7775166829931455,-0.44995091409767635,4.243433346622521,-0.399172839356806,-0.10020597634605656,2.2421430934406197,-0.7833372412516937,0.6759583240774952,-0.8524828099001687,-0.7879083074628513,-0.2622844788430542,-0.7849785157747685,-0.7647308197458192,-0.2547661774872668,-0.36644430342557033,-0.7449192187227722,-0.8047794038771868,0.01138622743079732,-0.7811594247379158,-0.27637057074374,-0.35839405880867725,-0.2095615039676156,-0.08979636508553193,-0.7979941938089693,-0.4798112969932716,-0.2461645472817369,1.2064100463132206,-0.15745361667370703,-0.6680297030669584,0.9225505891330428,-0.6034635563941656,-0.3851762458462796,-0.7640668656583823,-0.2566722584385965,0.9741580329820858,-0.7272161150461649,-0.22262392577174278,-0.19315183320631812,0.23779708128347932,1.1340672108519225,0.8857050774757523,-0.3456044947373398,-0.8168938541717079,1.4960228677798901,-0.8298928829847106,-0.6077031181213091,-0.3608622448179215,-0.6637916829180104,-0.6052837683048317,-0.614566844670148,-0.5050475573515606,0.49036799998151276,0.6468326763233347,-0.4595988515532633,-0.36634257134016923,-0.48009498011681095,-0.39727963939532596,-0.40823009327435783,-0.667168174178847,-0.41131060999941965,0.1492009912708414,-0.25874192858225586,-0.7983841068005183,-0.43212301242393025,2.070688991918218,-0.311486984613263,-0.6214509982214033,-0.60213971139323,0.07823193148730186,-0.0851754765064221
210,-0.11892011826135748,-0.3621813125157448,1.010951689720847,-0.7877327479076812,1.2634140461142227,-0.08561362900283224,-0.11183163018217612,0.4267501344582614,-0.7473502891225012,-0.8233018060869453,-0.468550800726496,-0.7909527058006495,-0.4524586946164393,-0.30992846820936376,0.33698386119996815,0.32164467947898767,-0.745292760564584,0.8912717621496428,-0.594221409002342,-0.29312042650824593,-0.6330250752008428,-0.6284565565155632,-0.3864635946774852,0.03238771636409874,-0.29049093312300767,0.6690922999803466,-0.4735079536006498,-0.8574564681552214,-0.00694768063497396,-0.7545491625948485,-0.7956960298976613,-0.44995091409767635,0.2518336533740405,0.4299695569332954,0.08399618605478285,0.9865728233257024,-0.6221567389365305,-0.14081103802677644,-0.8524828099001687,-0.7879083074628513,-0.2622844788430542,-0.7542685077244274,-0.2759808284297865,-0.1799449799873353,-0.2833503570705657,-0.7449192187227722,-0.2899951370047859,-0.3444333797816186,0.14658335998644975,-0.8427037075136988,0.02011505580519431,-0.37349488386405544,0.28435515610418416,0.39304191635367136,-0.4602047549454916,-0.4645363230961809,-0.2029474844265231,1.6026986022396845,0.4373696952788083,-0.44723499235625613,0.03176123981021927,-0.3851762458462796,2.28137236858672,-0.2566722584385965,-0.665838655539944,0.151771936983849,-0.7079958569601353,-0.25053502786060156,0.23779708128347932,-0.7886731281386982,3.460429139905265,-0.44121268737243435,-0.4222591420114625,0.6195154458324504,-0.8298928829847106,-0.020361186947363465,-0.42400892788218686,-0.828096554927419,-0.28315297091003033,-0.3248134997054389,-0.3880571572237958,-0.45385793066324875,1.518105139043344,4.848733636580552,-0.12945762381985287,-0.44108189868362296,-0.42282488369800897,-0.09778895770450395,0.21861007088069498,-0.4513798364971712,-0.6262719363322846,-0.3652200884926492,-0.631845911806668,-0.4729201246240747,-0.7508936916698834,-0.36348815065888285,-0.5887258271723562,-0.7655869729006214,2.0671793421814155,-0.7184503947697831
211,0.22477964549979124,-0.3621813125157448,-0.8145298735165075,1.118687261549437,-0.4899993411247944,-0.2659794204413833,-0.21733316808988945,1.94964910754484,-0.7473502891225012,1.1714823055774597,-0.6305669835503189,-0.6354981645662451,0.3303418151005838,-0.03654258034459124,-0.8025750897177983,-0.13549670693230806,1.360054020691303,-0.7889640693012967,-0.594221409002342,-0.5090253877772097,-0.6330250752008428,-0.6284565565155632,-0.3864635946774852,-0.30615984144878017,-0.10290799813462613,-0.35130990042541077,0.024571941491197763,-0.871516819528618,-0.6686315506324968,2.0243364015542906,-0.7956960298976613,-0.44995091409767635,-0.47391174539841063,-0.10305055496748404,-0.8370146259494141,2.360913254127166,-0.7833372412516937,-0.4675187828684851,-0.8524828099001687,-0.7879083074628513,0.8111854209238797,-0.6774934875985748,-0.6018141559738084,-0.3669979737371641,-0.0340685180055519,-0.7449192187227722,-0.46158989262891953,-0.3444333797816186,-0.7811594247379158,1.4226288395661366,-0.3043213281495527,-0.3188504238985755,0.6585066772939002,0.39304191635367136,-0.4994178390410515,-0.2858685065207267,-0.731456558453927,-0.47748129283977825,3.385101424200853,-0.10478859698393139,-0.6034635563941656,-0.3851762458462796,0.25107954575665176,2.29643376051296,-0.5018389866877411,-0.14122408035948897,-0.384414569501207,-0.39399301449631025,-0.7627516478195191,-0.43908397559494894,-0.5855658153411121,-0.4985776029534911,-0.8168938541717079,-0.25699197611498936,2.026881240886927,1.937445250299122,-0.3608622448179215,2.6223057572701602,-0.444218369607431,-0.46969017218779346,-0.36855875720250164,-0.45385793066324875,-0.7472032640286799,0.3965838078231586,-0.18867886069993195,-0.40206881725043503,-0.39727963939532596,0.9887550167899846,-0.3128568761550302,-0.471414449746047,1.5450522609564683,0.3268879509249075,-0.2987695218189674,-0.411724456323858,-0.5745447739456271,-0.25948581856764313,-0.6050884126968797,0.5419911191585098,0.5754687841608302,-0.24349420607226235
212,-0.29077000014193183,-0.20796316794868294,-0.8145298735165075,-0.7877327479076812,-0.011795690059607908,-0.3862232814004173,0.239840162843535,-0.08088285657059825,-0.7473502891225012,-0.8233018060869453,0.3415301133926187,-0.6354981645662451,-0.13933849072963006,-0.3554927828534925,-0.8025750897177983,-0.31835326149682636,3.627350554351489,0.8912717621496428,-0.594221409002342,-0.29312042650824593,-0.7861516052445882,-0.7847112945850717,0.46328045694407416,0.540209053083417,-0.47807386811138924,-0.05976641459519438,-0.14145469020608475,-0.8855771709020147,-0.17236864813435468,-0.2641575924508828,0.07831103281945356,-0.0894133226732562,-0.6553480950915234,-0.16227501184534843,-0.46861030114773533,2.7850923994362597,1.4731897911605927,2.7995586655486013,0.38095655952959173,-0.7879083074628513,-0.08337282888189856,-0.769623511749598,-0.2759808284297865,0.7553199887618086,-0.32489733024806805,-0.7449192187227722,0.053194374243481356,-0.22582684404414663,0.14658335998644975,-0.8427037075136988,-0.0880304055130547,-0.4008171138467954,-0.651023646870106,-0.7979941938089693,-0.3033524185632518,-0.5042402823351707,-0.555286867111459,0.16257405949236417,0.6216029283364362,-0.7896813877285809,-0.7622697554452618,-0.27484217370469277,-0.7640668656583823,-0.7672934622289077,-0.8298383243921471,0.151771936983849,-0.5462052132306712,-0.25053502786060156,-0.4292354047851863,-0.7886731281386982,-0.7694746769432201,-0.4985776029534911,0.36701028230902827,1.4960228677798901,1.669784475402972,-0.6077031181213091,-0.40296003352743176,-0.828096554927419,0.2000432251821716,-0.7594435171525026,-0.5050475573515606,-0.6112289191040424,-0.572948771484678,1.2527664671995804,-0.36634257134016923,-0.4996015208334049,-0.09073670776313,-0.7186712288442116,0.21861007088069498,-0.41131060999941965,0.7695793333533423,-0.3652200884926492,-0.7983841068005183,-0.45252156852400244,-0.7508936916698834,-0.05148115438516368,-0.6214509982214033,-0.7655869729006214,-0.08751368607054091,-0.7184503947697831
213,-0.6344697639030806,-0.053745023381621064,-0.8145298735165075,1.4999712634408606,-0.808801775168252,-0.32610135092090026,-0.28766752669503165,-0.7577268446090778,0.6151844221309194,-0.4606137857843262,3.7438699526929007,0.9190472477777987,-0.7655788985032485,-0.3554927828534925,0.33698386119996815,-0.13549670693230806,-0.745292760564584,0.7045788919884273,1.7042110652202287,-0.5090253877772097,-0.7861516052445882,-0.15969234230703772,-0.2165147843531733,-0.249735248479967,-0.49683216161022736,-0.2784240289678567,0.024571941491197763,-0.8855771709020147,-0.00694768063497396,-0.7545491625948485,-0.27129179226739236,0.054801713896511846,2.0661971503051686,-0.33994838247894155,-0.8370146259494141,0.8678026626391562,0.02256527032412281,-0.3041649104476308,-0.6762771856959172,0.47303319967934343,1.526832020768502,-0.769623511749598,-0.7647308197458192,0.3438034025121853,-0.36644430342557033,-0.08860272645601257,1.7691419304848175,-0.2851301119128826,-0.7811594247379158,0.28996256602621884,0.34455143975994135,-0.12759481401939568,-0.838099407464964,-0.11740213085888894,-0.4994178390410515,-0.5042402823351707,-0.2029474844265231,1.9227262784057557,-0.29956323695170284,-0.7896813877285809,0.1905674388613155,-0.27484217370469277,-0.5948757970892099,-0.0864651905084927,0.1541596887210709,3.3747281277605667,0.9099105803345066,-0.16446023587917638,-0.7627516478195191,-0.6138785518668235,-0.7694746769432201,-0.4029694103183965,-0.8168938541717079,-0.7828964292834533,-0.8298928829847106,-0.6077031181213091,-0.5082045053012073,0.4863424211478492,-0.444218369607431,0.2546931902239793,-0.4660507573089723,0.1756260230999256,-0.2244397863966744,-0.4595988515532633,-0.30712133446009016,-0.4996015208334049,-0.371734395092643,-0.09778895770450395,-0.8443238231907555,-0.03065295827077996,-0.160988179770409,-0.3652200884926492,-0.4653077168128177,-0.411724456323858,-0.22184693849711443,-0.20748465252202328,-0.5396380705987857,-0.7655869729006214,-0.25325930362838367,0.38978071219109867
214,-0.8063196457836549,-0.32362677637397935,-0.44943356086903663,-0.7877327479076812,0.4664079610055785,0.2149960233947528,-0.18216598878731835,-0.08088285657059825,0.10423390541088669,-0.8233018060869453,-0.30653461790267306,-0.7909527058006495,-0.6090187965598439,-0.3554927828534925,2.290513491344711,0.9159284818136721,0.06445600145691095,0.3311931516659963,-0.4409925773875039,-0.273492702756522,-0.6330250752008428,-0.6284565565155632,-0.3864635946774852,-0.3625844344175933,-0.34676581361952213,-0.2784240289678567,-0.6395345852979323,-0.871516819528618,1.8126829618582139,-0.7545491625948485,-0.7956960298976613,0.054801713896511846,0.9775790521464917,-0.399172839356806,-0.46861030114773533,2.6663222387497134,1.4731897911605927,1.1660199413400583,-0.14766031308316277,-0.6077738064425378,-0.08337282888189856,-0.6928484916237453,-0.7647308197458192,-0.3669979737371641,-0.0756154911830542,0.07547639661067736,-0.8047794038771868,-0.2851301119128826,1.6309718155454345,1.4226288395661366,-0.35839405880867725,-0.23688373395035558,-0.838099407464964,-0.6278461780714493,-0.42099167084993167,-0.5042402823351707,-0.2029474844265231,0.6426155737414709,-0.4837964700093306,3.3196753567393156,-0.7622697554452618,-0.16450810156310594,-0.08730259138169293,-0.7672934622289077,-0.5018389866877411,-0.580718106374496,-0.7079958569601353,-0.25053502786060156,0.7380714458349785,-0.6138785518668235,1.9891582470884006,-0.32648285621032086,0.16969292622890558,-0.08169049172550143,-0.6513445002427333,-0.8034837618459576,-0.38191113917267666,0.9792570371760747,-0.7663491670022323,1.4137065700828155,-0.48554915733026643,-0.6112289191040424,-0.7472032640286799,1.2527664671995804,-0.36634257134016923,-0.4996015208334049,-0.34618915078996,0.05743161008042298,-0.49001252516693866,-0.49144906299492275,-0.31608276529103424,-0.31198100853745253,-0.7983841068005183,-0.45252156852400244,-0.7508936916698834,-0.36348815065888285,-0.5069128995497386,1.3592274266954667,-0.5847505387440692,-0.7184503947697831
215,-0.8063196457836549,-0.2850722402322139,-0.6319817171927721,-0.025164744124833896,1.741617697179409,-0.32610135092090026,-0.2525003473924606,1.4420161165159806,-0.40671661130914605,-0.4606137857843262,0.17951393056879578,-0.7909527058006495,-0.4524586946164393,0.009021734299537511,-0.6397809538724032,-0.31835326149682636,0.06445600145691095,-0.7889640693012967,-0.74745024061718,-0.5090253877772097,-0.020518955025861915,-0.7847112945850717,-0.3864635946774852,-0.249735248479967,-0.49683216161022736,0.231777071235022,0.8547050999776103,-0.7730943599148414,-0.17236864813435468,1.69740868812498,-0.27129179226739236,-0.44995091409767635,0.6147063527602661,0.015398358788244727,-0.10020597634605656,1.1392773156369762,-0.7833372412516937,0.5126044516566408,0.20475093532534022,-0.24750480440191075,0.45336212100156836,-0.7542685077244274,-0.2759808284297865,-0.2547661774872668,0.1321193747044573,0.07547639661067736,-0.8047794038771868,-0.4037366476503546,0.14658335998644975,-0.8427037075136988,-0.3043213281495527,-0.4281393438295354,-0.463947886275248,-0.6278461780714493,-0.4798112969932716,-0.36527642499870633,-0.026777793084055153,2.0827401164887913,-0.6680297030669584,-0.7896813877285809,-0.7622697554452618,-0.27484217370469277,1.7737991628792027,-0.597086394298804,-0.8298383243921471,-0.580718106374496,-0.7079958569601353,-0.19315183320631812,-0.5959935263023527,-0.7886731281386982,-0.7694746769432201,-0.4029694103183965,-0.8168938541717079,-0.7828964292834533,-0.6513445002427333,-0.6077031181213091,-0.46610671659169706,2.293696013251343,-0.7663491670022323,-0.614566844670148,-0.34906035718120754,-0.768599907544836,-0.7472032640286799,-0.802071915303832,0.10742732370046347,-0.48009498011681095,-0.29509866218459396,-0.7186712288442116,-0.49001252516693866,-0.49144906299492275,-0.7813665218529099,-0.31198100853745253,0.03430686816873323,-0.37092734412371353,-0.7508936916698834,0.31252700793417537,-0.5396380705987857,1.032332903680684,-0.750496156301912,-0.7184503947697831
216,0.3966295273803656,0.2161367296107372,0.09821090810216972,-0.5970907469619694,-0.808801775168252,-0.2659794204413833,-0.3580018853001739,-0.7577268446090778,1.4667686166643072,1.8968583461826978,-0.468550800726496,-0.7909527058006495,2.209063038421439,-0.3554927828534925,0.6625721328907586,0.09307398627333979,0.550305258669808,-0.22888545881765018,1.3977534019905526,-0.48939766402548573,-0.6330250752008428,-0.4722018184460547,-0.04656597402886146,-0.249735248479967,-0.49683216161022736,-0.35130990042541077,1.1867583633721754,-0.6184304948074784,-0.3377896156337354,-0.2641575924508828,-0.27129179226739236,0.1990167504662799,-0.6553480950915234,-0.399172839356806,1.1892091604598192,1.5804236267584335,-0.6221567389365305,-0.7942265277101938,-0.5000715614916658,2.274378209882479,-0.7990194287265212,-0.631428475523063,1.5161024730623338,-0.2921767762372326,0.090572401526955,0.2395555196773673,0.39638388549174863,-0.4037366476503546,-0.22451375390329645,-0.08759285848708705,-0.1961758668313037,-0.26420596393309553,0.0972793955093261,2.7751141366789525,-0.28374587651547184,-0.36527642499870633,-0.026777793084055153,-0.6374951309228138,-0.8522629361245863,-0.10478859698393139,-0.4446573573430694,-0.21967513763389934,0.5894616828949965,-0.2566722584385965,0.1541596887210709,-0.7272161150461649,0.2627480054166498,-0.25053502786060156,-0.7627516478195191,0.7844780583081733,3.8282468631094813,-0.3647261332643587,-0.4222591420114625,-0.7828964292834533,-0.2942477347587786,0.9585420316758791,-0.15037330127037046,-0.4994868109086019,-0.28315297091003033,-0.7594435171525026,-0.48554915733026643,-0.768599907544836,1.343850646499342,-0.6308353834285477,-0.36634257134016923,-0.4996015208334049,-0.39727963939532596,-0.40823009327435783,-0.8443238231907555,-0.4513798364971712,-0.005893594249783797,-0.3652200884926492,-0.4653077168128177,-0.3505287880236413,-0.7508936916698834,0.20852467584293566,-0.6214509982214033,-0.27524518837844714,1.4041968719500442,0.07314325305941816
217,-0.6344697639030806,-0.09229955952338653,2.4713369403107306,3.787675274789403,0.1476055269621209,-0.3862232814004173,-0.00633009227446279,-0.5885158475994579,-0.40671661130914605,1.5341703258800787,-0.7925831663741418,0.7635927065433943,0.3303418151005838,-0.30992846820936376,-0.6397809538724032,-0.2726391228556968,-0.25944350335168703,-0.6022711991400812,-0.2877637457726659,-0.48939766402548573,-0.17364548506960717,-0.7847112945850717,-0.2165147843531733,-0.249735248479967,-0.45931557461255107,-0.2784240289678567,-0.6395345852979323,-0.871516819528618,-0.8340525181318775,-0.7545491625948485,0.2531124453628765,-0.3778433958127923,-0.29247539570529785,0.1338472725439735,-0.8370146259494141,2.5814864096878947,-0.2997957343062038,-0.6308726552893394,-0.32386593728741425,-0.4276393054222243,0.632273770962724,-0.6467834795482337,-0.6018141559738084,-0.3669979737371641,-0.36644430342557033,4.177454473277925,-0.11840038138065227,0.01138622743079732,-0.7811594247379158,-0.46514828300039296,0.12826051712344333,-0.18223927398487563,-0.08979636508553193,-0.28755014659640904,-0.4994178390410515,-0.4645363230961809,0.3255615896008807,-0.7975089690058494,-0.8522629361245863,0.06643460070223098,-0.7622697554452618,-0.3851762458462796,-0.4256847285200376,-0.597086394298804,0.8101583641298828,6.597684318537285,-0.06083328204227859,-0.39399301449631025,-0.09571916175085349,1.6584509396675462,-0.401656953739004,-0.4985776029534911,-0.8168938541717079,1.3207213833904021,-0.2942477347587786,-0.6077031181213091,-0.5082045053012073,-0.4994868109086019,-0.7663491670022323,0.8341998801533975,-0.3295619571599134,-0.6112289191040424,-0.572948771484678,0.2253472759478742,0.8180821662614125,-0.460588439400217,-0.371734395092643,-0.7186712288442116,-0.49001252516693866,-0.29110293050616504,-0.160988179770409,-0.31198100853745253,-0.7983841068005183,-0.33013023192356905,1.8943400741939616,-0.25948581856764313,-0.5723632416478327,-0.11179792687105575,-0.750496156301912,-0.7184503947697831
218,0.22477964549979124,-0.130854095665152,-0.2668854045453012,-0.5970907469619694,-0.808801775168252,-0.14573555948234926,-0.3580018853001739,-0.7577268446090778,1.6370854555709848,0.8087942852748405,1.1516110275117335,-0.6354981645662451,-0.7655788985032485,-0.3554927828534925,0.011395589509177712,-0.31835326149682636,0.550305258669808,-0.6022711991400812,-0.594221409002342,-0.48939766402548573,1.3576198153678452,2.3403834668050982,0.633229267268386,-0.3625844344175933,-0.21545775912765505,-0.2419810932390796,-0.4735079536006498,-0.7730943599148414,-0.8340525181318775,-0.7545491625948485,-0.6208946173542383,0.631661860175584,0.4332700030671533,-0.399172839356806,-0.8370146259494141,1.5973907925707973,-0.7833372412516937,-0.6308726552893394,4.786097164635879,0.47303319967934343,-0.2622844788430542,-0.769623511749598,0.04985249911423535,-0.03030258498747228,0.2567602942369642,-0.2526818495227025,0.22478912986761498,0.24859929890574126,-0.4100623108481696,2.5552951131060544,0.23640597844169234,-0.4281393438295354,-0.838099407464964,-0.4576981623339291,-0.4994178390410515,-0.444684343476686,0.1493918982584128,0.002560221409328572,-0.8522629361245863,-0.7896813877285809,-0.7622697554452618,-0.21967513763389934,-0.5948757970892099,-0.2566722584385965,-0.009839980131132115,-0.7272161150461649,0.2627480054166498,0.06507254273795747,-0.2624772832680199,0.7844780583081733,-0.7694746769432201,-0.42209104884541543,0.16969292622890558,0.09361099266398654,-0.11569935201680126,-0.6077031181213091,-0.48715561094645216,-0.6637916829180104,0.03897782648477095,-0.614566844670148,-0.5050475573515606,-0.768599907544836,-0.05018529385267257,-0.4595988515532633,-0.011015150059694707,-0.4996015208334049,-0.192917684973862,-0.5634506610592848,2.3444778590235957,-0.3912759967505439,-0.7813665218529099,-0.04578560876146916,1.2000742331256853,-0.45252156852400244,-0.7508936916698834,-0.20748465252202328,-0.5723632416478327,-0.11179792687105575,-0.25325930362838367,-0.7184503947697831
219,2.458828109947258,-0.16940863180691748,0.09821090810216972,-0.025164744124833896,-0.808801775168252,-0.20585748996186626,-0.3228347059976028,-0.5885158475994579,0.9558180999442746,-0.8233018060869453,-0.7925831663741418,-0.7909527058006495,-0.7655788985032485,-0.12767120963284875,-0.8025750897177983,-0.22692498421456722,-0.421393255755986,-0.7889640693012967,-0.74745024061718,-0.4697699402737618,3.501391235980279,-0.6284565565155632,-0.04656597402886146,-0.249735248479967,-0.3842824006171984,0.08600532831991381,-0.3074813219033673,-0.7027926030478582,-0.8340525181318775,-0.5910853058801933,0.4279138579062995,-0.30573587752790826,2.973378898770732,-0.399172839356806,-0.8370146259494141,1.0883758181998848,-0.7833372412516937,-0.7942265277101938,0.20475093532534022,-0.4276393054222243,-0.7990194287265212,-0.7849785157747685,-0.7647308197458192,-0.3669979737371641,-0.0756154911830542,-0.2526818495227025,2.7987104642296194,-0.3444333797816186,-0.5956108677930426,-0.6539259952570459,0.12826051712344333,-0.4281393438295354,-0.463947886275248,0.5631899320911915,-0.4602047549454916,-0.34542444537921146,-0.2029474844265231,-0.47748129283977825,0.8058361613940639,-0.7896813877285809,-0.6034635563941656,-0.21967513763389934,-0.25649365995086526,-0.597086394298804,-0.009839980131132115,0.44476795432718697,0.424538649146114,-0.39399301449631025,-0.4292354047851863,-0.2642893993230743,-0.03383923053478791,-0.42209104884541543,-0.22494178593133982,1.846625836558866,-0.8298928829847106,-0.8034837618459576,-0.5082045053012073,-0.828096554927419,-0.444218369607431,-0.614566844670148,-0.48554915733026643,-0.6112289191040424,-0.572948771484678,-0.802071915303832,-0.30712133446009016,-0.421575357967029,-0.42282488369800897,5.800592618122719,-0.49001252516693866,-0.49144906299492275,-0.31608276529103424,0.007453471193727517,0.03430686816873323,-0.39132590022378577,-0.7508936916698834,-0.36348815065888285,-0.6050884126968797,0.21509659614372706,-0.5847505387440692,0.5480994417569389
220,-0.6344697639030806,0.3318003380360336,0.645855377073376,-0.5970907469619694,3.1762286503749686,-0.20585748996186626,-0.21733316808988945,1.6112271135256004,-0.40671661130914605,-0.4606137857843262,-0.468550800726496,-0.32458908209743637,-0.7655788985032485,-0.30992846820936376,2.453307627190106,-0.31835326149682636,0.8742047634784059,0.5178860218272118,-0.594221409002342,-0.4697699402737618,-0.7861516052445882,-0.7847112945850717,0.9731268879170097,0.08881230933291188,-0.29049093312300767,-0.2419810932390796,0.5226518365830454,-0.8293357654084281,0.654736189362549,-0.427621449165538,-0.7956960298976613,0.9921994516000042,-0.11103904601218505,-0.10305055496748404,0.8208048356581404,1.2580474763235223,-0.1386152319910405,1.6560815586026212,-0.8524828099001687,-0.6077738064425378,-0.7990194287265212,-0.6928484916237453,-0.6018141559738084,-0.06771318373743804,-0.2418033838930634,-0.5808400956560823,-0.6331846482530531,0.1299927631682693,-0.4100623108481696,-0.8427037075136988,0.45269690107819033,-0.4281393438295354,-0.27687212568039,-0.4576981623339291,-0.08768045603767208,-0.2660165269012318,-0.731456558453927,0.6426155737414709,-0.11533000389407506,0.23765779838839335,-0.7622697554452618,-0.30242569174008943,0.08188847718747941,-0.4268793263687002,-0.1738396489833351,2.93523410174556,0.9099105803345066,-0.33660981984202676,-0.7627516478195191,-0.7886731281386982,-0.5855658153411121,-0.4603343258994532,-0.8168938541717079,2.1972288053378417,-0.8298928829847106,-0.8034837618459576,-0.38191113917267666,-0.6637916829180104,2.29389340824838,-0.7594435171525026,-0.4075555572450899,-0.6112289191040424,-0.3986942789406762,-0.6308353834285477,-0.24790009758001105,-0.1679903286513073,-0.09073670776313,-0.7186712288442116,0.5729213689045117,-0.4513798364971712,-0.7813665218529099,-0.3652200884926492,-0.13223132682511707,-0.37092734412371353,-0.22184693849711443,0.10452234375169592,-0.457825142976168,2.339910995739815,2.398670577297101,0.2314619826252584
221,-0.8063196457836549,-0.2850722402322139,0.09821090810216972,-0.7877327479076812,-0.33059812410306555,-0.3862232814004173,-0.3580018853001739,-0.419304850589838,-0.40671661130914605,0.08341824466960238,2.123708124454671,-0.32458908209743637,-0.4524586946164393,-0.21879983892110627,0.011395589509177712,-0.2726391228556968,-0.745292760564584,-0.7889640693012967,1.0912957387608766,-0.5090253877772097,1.0513667552803547,0.7778360861100132,0.633229267268386,-0.1368860625423407,-0.4405572811137129,-0.2419810932390796,0.024571941491197763,-0.8012150626616348,0.8201571568619297,0.38969783440773814,2.525530808427375,-0.23362835924302425,2.247633499998281,-0.2214994687232128,-0.46861030114773533,1.1223101498246124,2.762633809681899,-0.6308726552893394,-0.14766031308316277,-0.4276393054222243,-0.7990194287265212,-0.7849785157747685,0.04985249911423535,-0.06771318373743804,-0.32489733024806805,0.07547639661067736,0.7395733967400159,-0.16652357617541064,-0.4100623108481696,-0.8427037075136988,-0.35839405880867725,-0.34617265388131546,1.9680370014579065,-0.11740213085888894,-0.4602047549454916,-0.444684343476686,0.5017312809433487,-0.31746745475674265,0.06890322916355274,-0.27601179467009374,0.03176123981021927,-0.3851762458462796,-0.08730259138169293,-0.597086394298804,-0.665838655539944,-0.14122408035948897,0.5863292928755782,-0.39399301449631025,-0.5959935263023527,-0.7886731281386982,-0.401656953739004,-0.47945596442647215,-0.8168938541717079,-0.25699197611498936,2.9196231545968137,-0.6077031181213091,-0.5082045053012073,0.15773267712903216,-0.444218369607431,-0.7594435171525026,-0.5050475573515606,1.591964919067068,-0.572948771484678,-0.4595988515532633,-0.24790009758001105,-0.38256227653384106,-0.09073670776313,0.05743161008042298,-0.667168174178847,-0.3912759967505439,-0.005893594249783797,-0.3652200884926492,-0.4653077168128177,-0.3505287880236413,-0.7508936916698834,-0.36348815065888285,-0.5723632416478327,-0.43869244988583855,-0.750496156301912,-0.5601316652039429
222,-0.8063196457836549,-0.2850722402322139,1.5585961586920534,-0.4064487460162575,-0.33059812410306555,-0.32610135092090026,-0.3580018853001739,-0.419304850589838,0.44486758322424186,-0.4606137857843262,-0.7925831663741418,-0.16913454086303198,0.8000221209307976,-0.1732355242769775,-0.8025750897177983,-0.2726391228556968,0.7122550110741069,-0.6022711991400812,0.3251515806866863,-0.5090253877772097,-0.7861516052445882,0.46532660997099623,0.633229267268386,-0.3625844344175933,-0.3655241071183603,0.08600532831991381,-0.8055612169952149,-0.8855771709020147,-0.8340525181318775,0.38969783440773814,-0.7956960298976613,-0.44995091409767635,-0.8367844447846362,-0.399172839356806,1.1892091604598192,1.224113144698795,0.02256527032412281,0.34925057923578656,0.7333678079380946,0.47303319967934343,-0.08337282888189856,-0.6467834795482337,0.3756858266582572,0.11933981001239075,-0.2418033838930634,-0.7449192187227722,0.9111681523641495,0.0706894952995333,-0.4100623108481696,-0.6539259952570459,-0.2502485974904282,-0.4281393438295354,-0.08979636508553193,0.22289390061615127,-0.3229589606110318,-0.4248323638571911,-0.555286867111459,0.002560221409328572,-0.8522629361245863,1.6074433798776924,0.5081798369635079,-0.33000920977548615,-0.7640668656583823,-0.7672934622289077,-0.5018389866877411,0.151771936983849,0.7481199366050424,-0.16446023587917638,-0.09571916175085349,0.2600943294925495,-0.7694746769432201,-0.4985776029534911,-0.22494178593133982,0.2689124770534745,0.9555909444350628,-0.8034837618459576,-0.12932440691561534,1.636476525213709,1.9717626108535788,-0.614566844670148,-0.34906035718120754,1.2772229421854808,-0.7472032640286799,1.2527664671995804,-0.36634257134016923,-0.2460164915176832,-0.39727963939532596,-0.7186712288442116,2.5216335080355043,-0.2309990907595377,-0.6262719363322846,0.11393163110412086,-0.4653077168128177,-0.5137172368242192,-0.04549802077285813,-0.36348815065888285,-0.40873738640259744,0.3785438576511185,-0.750496156301912,1.0230556304544598
223,0.22477964549979124,-0.32362677637397935,-0.6319817171927721,-0.7877327479076812,-0.808801775168252,-0.3862232814004173,-0.21733316808988945,-0.5885158475994579,-0.7473502891225012,0.08341824466960238,0.5035462962164416,-0.7909527058006495,1.1131423248176069,-0.264364153565235,-0.8025750897177983,-0.31835326149682636,0.8742047634784059,1.0779646323108583,2.317126391679581,-0.4501422165220378,0.4388606351053738,-0.6284565565155632,-0.556412405001797,-0.19331065551115387,-0.47807386811138924,0.08600532831991381,-0.8055612169952149,-0.4778269810735118,-0.3377896156337354,-0.427621449165538,-0.6208946173542383,0.34323178703604795,-0.6553480950915234,-0.399172839356806,-0.6528124635485747,1.3768176370100687,-0.2997957343062038,-0.7942265277101938,0.9095734321423462,-0.4276393054222243,-0.6201077787653655,-0.769623511749598,-0.7647308197458192,-0.06771318373743804,-0.36644430342557033,-0.7449192187227722,-0.6331846482530531,0.6637221739868931,-0.7811594247379158,2.5552951131060544,0.12826051712344333,-0.12759481401939568,-0.838099407464964,0.9034859635662317,-0.4994178390410515,-0.5042402823351707,-0.731456558453927,0.002560221409328572,0.2531364622211805,0.06643460070223098,-0.7622697554452618,-0.33000920977548615,0.7586527514641688,-0.7672934622289077,-0.5018389866877411,3.081732110417229,-0.384414569501207,-0.39399301449631025,-0.7627516478195191,-0.6138785518668235,0.5178873542715363,-0.4603343258994532,0.9589623505493964,2.1972288053378417,-0.8298928829847106,0.3712001005019336,-0.5082045053012073,-0.006572194880376346,0.8443048199717742,1.268829897600461,-0.48554915733026643,-0.6112289191040424,-0.7472032640286799,1.7664760628254335,-0.12945762381985287,-0.38256227653384106,-0.141827196368496,-0.7186712288442116,0.7500770179164202,-0.471414449746047,-0.31608276529103424,-0.3652200884926492,-0.7983841068005183,-0.5137172368242192,-0.7508936916698834,0.052521177706076054,-0.457825142976168,1.3592274266954667,3.890381135317686,3.8727927626395844
224,-0.6344697639030806,-0.32362677637397935,-0.8145298735165075,0.35611925776658976,-0.808801775168252,-0.20585748996186626,-0.18216598878731835,2.11886010455446,1.2964517777576297,0.08341824466960238,-0.7925831663741418,-0.7909527058006495,1.7393827325912252,-0.1732355242769775,-0.6397809538724032,-0.31835326149682636,0.38835550626550897,-0.042192588656434694,1.0912957387608766,-0.39125904526686583,-0.7861516052445882,-0.7847112945850717,-0.7263612153261089,-0.3625844344175933,-0.4030406941160366,0.013119456862359716,-0.6395345852979323,-0.8855771709020147,-0.8340525181318775,4.149366538844808,-0.7956960298976613,-0.44995091409767635,-0.11103904601218505,-0.399172839356806,-0.46861030114773533,0.9696056575133386,0.8284677818999393,-0.7942265277101938,-0.14766031308316277,-0.4276393054222243,-0.4411961288042099,-0.769623511749598,2.6565191194664104,-0.21735557873730108,-0.36644430342557033,0.5677137658107472,-0.8047794038771868,-0.22582684404414663,0.3321319169313229,-0.46514828300039296,-0.35839405880867725,-0.2095615039676156,-0.651023646870106,-0.7979941938089693,-0.40138512880215166,-0.5042402823351707,-0.731456558453927,-0.7975089690058494,-0.29956323695170284,-0.44723499235625613,-0.6034635563941656,-0.35759272781088286,-0.5948757970892099,0.2539489453517148,0.9741580329820858,-0.43422009770282693,-0.5462052132306712,-0.3653014171691685,0.7380714458349785,-0.2642893993230743,-0.7694746769432201,-0.4985776029534911,3.129453267430746,-0.08169049172550143,-0.6513445002427333,-0.4119224743966605,-0.38191113917267666,-0.6637916829180104,5.0320051861041915,0.3995698627063339,-0.2905651571173251,1.1198519537446872,-0.3986942789406762,0.9102934034490118,-0.36634257134016923,-0.38256227653384106,-0.269553417881911,-0.09778895770450395,0.04145442186878656,-0.3912759967505439,-0.31608276529103424,-0.1522637686718625,-0.4653077168128177,-0.37092734412371353,-0.22184693849711443,-0.36348815065888285,-0.5232754850742621,-0.11179792687105575,1.2384512543922013,-0.7184503947697831
225,0.3966295273803656,-0.130854095665152,1.010951689720847,0.1654772568208779,-0.808801775168252,-0.32610135092090026,-0.28766752669503165,-0.5885158475994579,-0.23639977240246846,-0.8233018060869453,1.1516110275117335,-0.7909527058006495,-0.7655788985032485,-0.3554927828534925,-0.6397809538724032,-0.2726391228556968,0.7122550110741069,0.5178860218272118,0.6316092439163624,-0.41088676901858984,-0.7861516052445882,-0.7847112945850717,-0.2165147843531733,-0.3625844344175933,-0.47807386811138924,-0.05976641459519438,-0.8055612169952149,-0.8433961167818247,-0.6686315506324968,-0.5910853058801933,1.1271195080799914,-0.3778433958127923,0.2518336533740405,-0.399172839356806,-0.8370146259494141,2.411814751564257,0.18374577263928613,-0.4675187828684851,0.028545311121088726,-0.7879083074628513,-0.2622844788430542,-0.7542685077244274,-0.4388974922017974,-0.3669979737371641,-0.2002564107155611,0.07547639661067736,-0.2899951370047859,-0.2851301119128826,-0.5956108677930426,0.1011848537695659,-0.35839405880867725,-0.4281393438295354,-0.838099407464964,-0.11740213085888894,-0.4798112969932716,-0.48438830271567584,-0.555286867111459,-0.31746745475674265,-0.8522629361245863,0.4088809960745557,-0.6034635563941656,-0.3851762458462796,-0.7640668656583823,-0.7672934622289077,-0.8298383243921471,0.7377639716705249,-0.384414569501207,-0.22184343053345984,-0.09571916175085349,1.308861787123797,-0.5855658153411121,-0.3456044947373398,-0.027624429851217113,0.09361099266398654,-0.2942477347587786,0.3712001005019336,-0.19247108997988066,-0.3351819388991934,-0.7663491670022323,0.6893232076710429,-0.48554915733026643,0.018255034659132002,-0.3986942789406762,-0.4595988515532633,-0.12945762381985287,-0.2655230322342772,-0.39727963939532596,-0.7186712288442116,0.3957657198926034,-0.471414449746047,-0.6262719363322846,-0.25874192858225586,-0.631845911806668,-0.3097316758234968,-0.7508936916698834,-0.311486984613263,-0.5232754850742621,-0.43869244988583855,1.569942489507887,-0.24349420607226235
226,0.3966295273803656,0.023364048901909868,0.4633072207496406,-0.5970907469619694,-0.808801775168252,-0.3862232814004173,-0.2525003473924606,-0.5885158475994579,0.27455074431756427,0.8087942852748405,0.6655624790402646,-0.6354981645662451,0.01722161121377456,-0.21879983892110627,-0.6397809538724032,0.0016457089910806458,-0.5833430081602851,-0.7889640693012967,0.17192274907184826,-0.3323758740116939,0.7451136951928643,1.0903455622490301,-0.3864635946774852,0.25808608823935136,-0.49683216161022736,-0.35130990042541077,-0.6395345852979323,-0.7027926030478582,0.3238942543637875,-0.2641575924508828,1.4767223331668373,-0.0894133226732562,0.07039730368092774,-0.33994838247894155,-0.8370146259494141,1.478620631884251,-0.7833372412516937,0.1858967068149322,0.028545311121088726,-0.0673703033815972,-0.6201077787653655,-0.7849785157747685,0.3756858266582572,-0.2921767762372326,-0.2002564107155611,0.4036346427440572,-0.2899951370047859,-0.2851301119128826,1.0743261447108152,-0.46514828300039296,-0.35839405880867725,-0.15491704400213566,-0.838099407464964,-0.7979941938089693,-0.4994178390410515,-0.5042402823351707,-0.731456558453927,2.562781630737898,0.2531364622211805,0.4088809960745557,-0.7622697554452618,-0.16450810156310594,1.2662259571716858,1.6156054887925448,0.8101583641298828,-0.2877220890311579,-0.22262392577174278,-0.07838544389775119,1.2383458103864777,-0.08949482305119973,-0.7694746769432201,-0.26911794062926414,0.564327638389151,1.3207213833904021,-0.2942477347587786,0.7627613879512306,-0.46610671659169706,-0.828096554927419,-0.7663491670022323,2.282966604976943,-0.48554915733026643,0.1756260230999256,0.4725781837793329,-0.6308353834285477,-0.30712133446009016,-0.44108189868362296,-0.371734395092643,-0.40823009327435783,-0.13570122714312183,-0.471414449746047,0.614484747832717,-0.3652200884926492,2.8654561830641883,-0.39132590022378577,-0.7508936916698834,0.15652350979731577,-0.4414625574516445,0.8688856421732927,-0.750496156301912,-0.7184503947697831
227,-0.8063196457836549,-0.32362677637397935,-0.8145298735165075,-0.7877327479076812,-0.808801775168252,-0.20585748996186626,-0.00633009227446279,-0.08088285657059825,-0.06608293349579088,0.627450275123531,-0.7925831663741418,0.6081381653089899,0.643462018987393,-0.08210689498872,-0.6397809538724032,-0.31835326149682636,-0.5833430081602851,0.8912717621496428,-0.74745024061718,-0.4305144927703138,-0.6330250752008428,0.7778360861100132,-0.2165147843531733,-0.02403687660471441,-0.3655241071183603,0.08600532831991381,-0.3074813219033673,-0.8433961167818247,-0.6686315506324968,-0.10069373573622757,-0.4460932048108154,0.415339305320932,-0.6553480950915234,-0.33994838247894155,0.08399618605478285,1.9197669430057085,-0.7833372412516937,0.1858967068149322,1.0857790563465977,-0.7879083074628513,1.3479203708073466,-0.769623511749598,-0.7647308197458192,-0.32958737498719837,-0.36644430342557033,0.07547639661067736,1.4259524192365503,0.9009352454618371,2.0020689294351808,-0.8427037075136988,-0.1421031361721792,-0.4281393438295354,-0.838099407464964,1.0736339793037517,-0.4994178390410515,-0.20646058804274706,-0.37911717576899107,-0.7975089690058494,1.3585358605669473,0.23765779838839335,0.1905674388613155,-0.3851762458462796,1.435417025740858,0.08374187742161104,-0.8298383243921471,-0.7272161150461649,-0.7079958569601353,-0.39399301449631025,0.4045552028006457,2.18283466848317,1.4374316622820766,-0.4985776029534911,-0.8168938541717079,-0.25699197611498936,1.3126877099190175,-0.6077031181213091,-0.38191113917267666,-0.828096554927419,-0.28315297091003033,-0.46969017218779346,-0.36855875720250164,-0.768599907544836,-0.572948771484678,0.05411074407258983,-0.36634257134016923,-0.421575357967029,-0.34618915078996,2.5409606946392542,2.5216335080355043,-0.49144906299492275,-0.4711773508116594,-0.3652200884926492,-0.7983841068005183,-0.5137172368242192,1.0125954855726798,-0.311486984613263,-0.5887258271723562,-0.11179792687105575,-0.750496156301912,-0.7184503947697831
228,-0.6344697639030806,-0.09229955952338653,-0.44943356086903663,-0.7877327479076812,0.30700674398384975,0.09475216243571878,-0.3580018853001739,2.11886010455446,-0.7473502891225012,1.7155143360313883,-0.6305669835503189,-0.16913454086303198,-0.13933849072963006,-0.30992846820936376,-0.3141926821816127,-0.2726391228556968,-0.745292760564584,-0.7889640693012967,0.018693917457010226,-0.5090253877772097,-0.020518955025861915,-0.7847112945850717,0.12338283629545041,-0.3625844344175933,-0.3655241071183603,-0.023323478866417332,-0.8055612169952149,-0.8152754140350315,-0.6686315506324968,-0.7545491625948485,0.2531124453628765,-0.3778433958127923,0.4332700030671533,0.4299695569332954,1.0050069980589798,1.9706684404427997,-0.7833372412516937,-0.7942265277101938,-0.6762771856959172,0.8333022017199705,-0.7990194287265212,-0.600718467472722,-0.7647308197458192,-0.3669979737371641,-0.1587094375380588,0.4036346427440572,-0.2899951370047859,-0.10722030830667466,-0.5956108677930426,1.6114065518227896,-0.35839405880867725,-0.2095615039676156,-0.651023646870106,-0.7979941938089693,-0.4994178390410515,-0.48438830271567584,-0.731456558453927,0.4826017356584354,0.4373696952788083,-0.7896813877285809,-0.7622697554452618,-0.33000920977548615,-0.7640668656583823,2.636847896373167,-0.3378393178355381,-0.7272161150461649,0.5863292928755782,-0.33660981984202676,-0.5959935263023527,-0.7886731281386982,-0.7694746769432201,-0.4603343258994532,0.564327638389151,0.2689124770534745,0.7770425616930854,0.17541945677728507,-0.48715561094645216,0.8149521651666662,-0.28315297091003033,-0.7594435171525026,-0.4660507573089723,0.3329970115407192,0.9953416614113384,-0.802071915303832,-0.18867886069993195,-0.460588439400217,-0.34618915078996,-0.5634506610592848,-0.3128568761550302,-0.37124138350166813,-0.7813665218529099,0.912517830432071,-0.4653077168128177,-0.4933186807241469,-0.39819585622137077,-0.36348815065888285,-0.5723632416478327,-0.7655869729006214,-0.750496156301912,1.0230556304544598
229,-0.4626198820225062,-0.0151904872398556,1.1934998460445825,-0.7877327479076812,-0.33059812410306555,-0.025491698523315235,-0.11183163018217612,-0.25009385358021813,0.6151844221309194,0.08341824466960238,-0.6305669835503189,-0.7909527058006495,-0.6090187965598439,-0.3554927828534925,0.988160404581549,-0.18121084557343764,-0.421393255755986,0.5178860218272118,1.0912957387608766,-0.29312042650824593,-0.6330250752008428,-0.6284565565155632,-0.3864635946774852,-0.3625844344175933,-0.49683216161022736,-0.3148669646966337,-0.4735079536006498,-0.8855771709020147,-0.8340525181318775,-0.7545491625948485,0.4279138579062995,-0.3778433958127923,1.703324450918943,-0.2214994687232128,1.1892091604598192,1.4616534660718874,0.02256527032412281,-0.7942265277101938,0.20475093532534022,-0.0673703033815972,0.09553882107925708,-0.4625234312461871,-0.7647308197458192,-0.14253438123736956,-0.2833503570705657,-0.2526818495227025,1.082762907988283,-0.3444333797816186,-0.03896519695842335,-0.6539259952570459,-0.1961758668313037,-0.4281393438295354,1.7809612408630484,-0.11740213085888894,-0.3033524185632518,-0.48438830271567584,0.5017312809433487,1.442684764156649,-0.4837964700093306,-0.10478859698393139,1.1434046331678929,-0.35759272781088286,-0.7640668656583823,-0.4268793263687002,0.8101583641298828,2.642238084402222,-0.384414569501207,-0.30791822251488504,-0.7627516478195191,-0.7886731281386982,-0.5855658153411121,-0.4029694103183965,-0.8168938541717079,0.44421396144296244,-0.47279611750075595,0.3712001005019336,-0.48715561094645216,-0.006572194880376346,-0.7663491670022323,0.8341998801533975,-0.5050475573515606,1.1198519537446872,-0.05018529385267257,-0.802071915303832,0.2850910343407007,-0.44108189868362296,-0.269553417881911,1.1439755845749116,0.04145442186878656,-0.33117215700391656,-0.7813665218529099,-0.31198100853745253,-0.2987695218189674,-0.5137172368242192,4.715922757782063,-0.20748465252202328,-0.6050884126968797,0.21509659614372706,-0.750496156301912,-0.4018129356381026
230,1.084029054902663,0.06191858504367534,-0.2668854045453012,0.9280452606037252,-0.808801775168252,-0.2659794204413833,-0.18216598878731835,-0.7577268446090778,-0.7473502891225012,-0.8233018060869453,0.5035462962164416,-0.7909527058006495,0.643462018987393,-0.03654258034459124,-0.1513985463362175,0.0016457089910806458,-0.745292760564584,-0.6022711991400812,-0.4409925773875039,-0.31274815025996994,-0.7861516052445882,0.9340908241795217,0.2933316466197623,-0.3625844344175933,-0.4405572811137129,-0.3148669646966337,-0.4735079536006498,-0.5340683865670984,-0.17236864813435468,0.8800894045517038,-0.7956960298976613,0.7758768967453521,-0.11103904601218505,-0.16227501184534843,-0.8370146259494141,2.7172237361868046,-0.4609762366213671,-0.7942265277101938,-0.32386593728741425,1.1935712037605974,-0.6201077787653655,-0.7849785157747685,-0.7647308197458192,0.231571606262288,-0.32489733024806805,-0.2526818495227025,-0.46158989262891953,-0.3444333797816186,-0.5956108677930426,1.9889619763360955,-0.35839405880867725,-0.4008171138467954,-0.27687212568039,-0.4576981623339291,-0.26413933446769183,-0.32557246575971655,0.6779009722858166,-0.7975089690058494,0.2531364622211805,-0.10478859698393139,-0.4446573573430694,0.580246885392605,-0.5948757970892099,0.2539489453517148,0.9741580329820858,-0.14122408035948897,2.5278170176291486,-0.3653014171691685,-0.7627516478195191,3.056807549842543,-0.401656953739004,-0.4603343258994532,-0.8168938541717079,-0.25699197611498936,-0.8298928829847106,-0.8034837618459576,-0.48715561094645216,2.950915501288977,-0.7663491670022323,-0.7594435171525026,-0.5050475573515606,0.3329970115407192,-0.7472032640286799,0.9102934034490118,0.9957458769016497,-0.34354919510065307,-0.320643906487277,-0.5634506610592848,-0.13570122714312183,-0.33117215700391656,-0.31608276529103424,-0.31198100853745253,1.8662270131010865,-0.5137172368242192,0.4835487323999108,-0.05148115438516368,-0.6214509982214033,0.8688856421732927,-0.41900492118622645,2.7645616556787025
231,-0.11892011826135748,-0.2850722402322139,3.018981409281937,0.1654772568208779,1.1040128290924938,0.6959714672308889,0.06400426633067943,-0.419304850589838,-0.7473502891225012,0.9901382954261501,-0.6305669835503189,-0.7909527058006495,-0.4524586946164393,-0.30992846820936376,-0.47698681802700793,-0.18121084557343764,0.550305258669808,-0.41557832897886565,-0.74745024061718,-0.4697699402737618,-0.6330250752008428,-0.0034376042375292245,-0.7263612153261089,-0.249735248479967,-0.4030406941160366,-0.3148669646966337,-0.6395345852979323,-0.8855771709020147,-0.6686315506324968,1.0435532612663592,2.525530808427375,-0.017305804388372183,0.2518336533740405,0.015398358788244727,0.08399618605478285,2.157307264378801,0.8284677818999393,0.5126044516566408,1.614395928959352,1.013436702740284,-0.2622844788430542,-0.4932334392965282,-0.7647308197458192,-0.3669979737371641,-0.32489733024806805,1.388109381144197,-0.8047794038771868,-0.047917040437938666,-0.7811594247379158,0.28996256602621884,-0.0339576748539302,-0.26420596393309553,-0.463947886275248,-0.6278461780714493,-0.4994178390410515,-0.5042402823351707,0.1493918982584128,0.002560221409328572,-0.8522629361245863,-0.6184581900424185,2.5726604246277587,-0.24725865566929606,2.28137236858672,0.08374187742161104,-0.665838655539944,-0.580718106374496,-0.384414569501207,-0.39399301449631025,-0.7627516478195191,2.8820129735706685,-0.5855658153411121,-0.4029694103183965,0.564327638389151,-0.4322934605044773,0.5984941789511081,-0.8034837618459576,-0.38191113917267666,1.8007813972231175,-0.28315297091003033,-0.46969017218779346,-0.4660507573089723,0.3329970115407192,1.1695961539553403,-0.6308353834285477,-0.30712133446009016,-0.4996015208334049,-0.320643906487277,-0.7186712288442116,-0.13570122714312183,-0.49144906299492275,0.614484747832717,-0.09902468871666582,-0.7983841068005183,-0.43212301242393025,-0.5745447739456271,-0.36348815065888285,-0.6050884126968797,0.051649334636335656,-0.08751368607054091,-0.7184503947697831
232,1.7714285824249605,0.17758219346897175,-0.6319817171927721,-0.4064487460162575,-0.17119690708133672,0.034630231956201775,-0.21733316808988945,-0.7577268446090778,-0.5770334502158236,0.2647622548209119,-0.7925831663741418,-0.7909527058006495,0.643462018987393,-0.3554927828534925,-0.8025750897177983,-0.18121084557343764,-0.09749375094738805,1.0779646323108583,-0.1345349141578278,-0.4501422165220378,-0.4798985451570976,2.027873990666081,0.12338283629545041,-0.19331065551115387,-0.49683216161022736,0.12244826404869086,0.5226518365830454,-0.8012150626616348,0.15847328686440676,-0.7545491625948485,-0.7956960298976613,-0.23362835924302425,-0.6553480950915234,-0.399172839356806,-0.28440813874689597,1.1732116472617036,-0.6221567389365305,-0.7942265277101938,0.38095655952959173,-0.6077738064425378,0.09553882107925708,-0.7849785157747685,0.86443581797429,-0.32958737498719837,-0.2418033838930634,-0.41676097258939243,-0.11840038138065227,-0.2851301119128826,-0.7811594247379158,0.1011848537695659,-0.0880304055130547,-0.2915281939158355,-0.838099407464964,-0.6278461780714493,-0.4405982128977116,-0.5042402823351707,1.5587494289981563,-0.7975089690058494,-0.8522629361245863,-0.7896813877285809,3.2078852208321433,-0.19209161959850263,2.1121813000175473,-0.7672934622289077,-0.8298383243921471,-0.43422009770282693,-0.7079958569601353,0.35198851600937475,-0.4292354047851863,0.6096834820362987,-0.7694746769432201,-0.4985776029534911,-0.8168938541717079,-0.7828964292834533,-0.8298928829847106,-0.8034837618459576,-0.48715561094645216,-0.3351819388991934,-0.7663491670022323,-0.614566844670148,-0.5050475573515606,-0.45385793066324875,0.12406919869132926,-0.802071915303832,-0.36634257134016923,-0.3240426543840591,-0.09073670776313,2.6961812624241808,3.584567402106955,-0.2109644775106619,-0.4711773508116594,-0.31198100853745253,-0.4653077168128177,-0.4729201246240747,-0.7508936916698834,-0.20748465252202328,-0.42509997192712096,-0.7655869729006214,-0.5847505387440692,0.7064181713227792
233,0.56847940926094,-0.3621813125157448,-0.8145298735165075,0.1654772568208779,4.929642037613986,-0.3862232814004173,-0.3580018853001739,-0.7577268446090778,-0.5770334502158236,-0.8233018060869453,0.5035462962164416,-0.7909527058006495,-0.6090187965598439,-0.3554927828534925,1.1509545404269443,-0.31835326149682636,0.7122550110741069,-0.042192588656434694,0.3251515806866863,-0.4697699402737618,0.13260757501788334,-0.7847112945850717,-0.7263612153261089,-0.3625844344175933,-0.4217989876148748,0.08600532831991381,1.020731731674893,-0.8855771709020147,-0.6686315506324968,-0.5910853058801933,0.4279138579062995,-0.23362835924302425,-0.8367844447846362,-0.33994838247894155,0.08399618605478285,0.8508354968267924,0.5061067772696127,-0.3041649104476308,5.138508413044382,1.5538402058012248,1.3479203708073466,-0.6621384835734042,-0.6018141559738084,-0.21735557873730108,-0.36644430342557033,0.2395555196773673,-0.11840038138065227,-0.3444333797816186,-0.7811594247379158,-0.08759285848708705,0.02011505580519431,-0.37349488386405544,-0.838099407464964,-0.6278461780714493,-0.4405982128977116,-0.16675662880375725,-0.731456558453927,-0.31746745475674265,-0.6680297030669584,1.2649969845053675,-0.4446573573430694,-0.3851762458462796,-0.4256847285200376,-0.7672934622289077,1.7941563772431008,-0.7272161150461649,-0.7079958569601353,-0.39399301449631025,-0.7627516478195191,-0.2642893993230743,-0.21774809213689597,-0.19263138652118852,-0.6195764980915852,0.7948169302219383,0.06284903072517607,-0.8034837618459576,-0.44505782223694196,0.3220375491384407,-0.6052837683048317,0.10981651774162475,-0.5050475573515606,-0.768599907544836,-0.7472032640286799,1.595239530950149,-0.30712133446009016,-0.20700341008449524,-0.29509866218459396,-0.5634506610592848,-0.8443238231907555,-0.3912759967505439,0.45939016231209184,-0.20550284862705917,0.36738325815643386,-0.4933186807241469,-0.7508936916698834,-0.311486984613263,-0.6214509982214033,-0.7655869729006214,-0.5847505387440692,-0.7184503947697831
234,0.9121791730220887,-0.0151904872398556,-0.08433724822156573,0.5467612587123015,3.01682743335324,-0.08561362900283224,-0.14699880948474722,0.08832814043902161,-0.5770334502158236,-0.6419577959356357,-0.468550800726496,-0.6354981645662451,-0.7655788985032485,-0.21879983892110627,0.49977799704536335,0.13878812491446937,0.06445600145691095,-0.6022711991400812,1.0912957387608766,-0.3520035977634179,-0.7861516052445882,1.5591097764575557,-0.556412405001797,0.14523690230172503,-0.47807386811138924,-0.16909522178152553,-0.14145469020608475,0.28143199308990735,-0.5032105831331162,0.5531616911223933,-0.7956960298976613,-0.44995091409767635,-0.11103904601218505,0.07462281566610911,-0.46861030114773533,-0.5574392655993985,-0.7833372412516937,-0.7942265277101938,-0.5000715614916658,-0.4276393054222243,-0.7990194287265212,-0.769623511749598,0.7015191542022791,-0.32958737498719837,-0.32489733024806805,0.07547639661067736,0.5679786411158823,-0.2851301119128826,-0.7811594247379158,-0.08759285848708705,0.23640597844169234,-0.34617265388131546,0.28435515610418416,1.4139300107787918,-0.4994178390410515,2.751484375261995,-0.37911717576899107,-0.47748129283977825,-0.6680297030669584,-0.6184581900424185,-0.7622697554452618,4.4419394103481435,-0.5948757970892099,-0.7672934622289077,-0.3378393178355381,-0.2877220890311579,0.7481199366050424,2.9342322754521306,-0.5959935263023527,-0.6138785518668235,-0.7694746769432201,-0.4985776029534911,3.524087979590991,-0.7828964292834533,-0.8298928829847106,0.17541945677728507,-0.40296003352743176,-0.6637916829180104,-0.444218369607431,-0.46969017218779346,-0.037085956840501456,-0.2964869422224552,-0.7472032640286799,-0.6308353834285477,-0.36634257134016923,-0.4996015208334049,1.799611370635412,0.36787274565027683,-0.49001252516693866,0.8909392511775056,-0.7813665218529099,0.06069255114892419,-0.13223132682511707,-0.43212301242393025,0.13085089695139818,1.1445456646640932,-0.6214509982214033,0.21509659614372706,-0.41900492118622645,-0.0851754765064221
235,-0.4626198820225062,0.25469126575250267,-0.6319817171927721,-0.2158067450705457,-0.4899993411247944,-0.32610135092090026,-0.2525003473924606,0.08832814043902161,1.4667686166643072,-0.2792697756330167,0.8275786618640876,-0.7909527058006495,-0.6090187965598439,0.14571467823192377,-0.8025750897177983,0.0016457089910806458,-0.09749375094738805,-0.7889640693012967,-0.74745024061718,-0.29312042650824593,0.13260757501788334,-0.7847112945850717,-0.3864635946774852,-0.30615984144878017,-0.4405572811137129,0.34110587842135315,-0.4735079536006498,0.576699371931237,-0.3377896156337354,0.38969783440773814,-0.4460932048108154,-0.23362835924302425,-0.47391174539841063,0.07462281566610911,-0.8370146259494141,-0.591373597224126,-0.6221567389365305,-0.7942265277101938,0.7333678079380946,-0.7879083074628513,-0.4411961288042099,-0.5546534553972103,2.1677691281503777,-0.14253438123736956,-0.36644430342557033,-0.41676097258939243,-0.6331846482530531,-0.4037366476503546,-0.7811594247379158,1.0450734150528307,-0.2502485974904282,-0.4281393438295354,-0.08979636508553193,-0.7979941938089693,-0.3817785867543717,2.8705962529789644,-0.555286867111459,-0.47748129283977825,2.279702025855086,0.5801041937607181,0.03176123981021927,4.910859216949887,0.4202706143258241,0.2539489453517148,-0.8298383243921471,-0.43422009770282693,6.572583110865754,5.430401242913462,-0.7627516478195191,-0.2642893993230743,-0.03383923053478791,-0.28823957915628307,-0.8168938541717079,-0.6075949448939653,0.2413974134671534,-0.6077031181213091,-0.10827551256086024,0.15773267712903216,-0.7663491670022323,-0.7594435171525026,-0.36855875720250164,-0.6112289191040424,-0.3986942789406762,-0.4595988515532633,-0.36634257134016923,-0.4996015208334049,2.642604432623951,-0.5634506610592848,0.3957657198926034,1.0111469306707603,0.45939016231209184,0.6463224306560876,1.2000742331256853,-0.28933311972342457,1.3652933210211924,-0.10348232043078355,-0.6214509982214033,0.8688856421732927,-0.25325930362838367,0.7064181713227792
236,0.05292976361921688,0.06191858504367534,-0.44943356086903663,-0.5970907469619694,0.4664079610055785,-0.3862232814004173,-0.2525003473924606,0.08832814043902161,-0.7473502891225012,-0.8233018060869453,0.17951393056879578,0.2972290828401812,1.2697024267610113,0.009021734299537511,-0.8025750897177983,-0.31835326149682636,-0.5833430081602851,-0.7889640693012967,-0.594221409002342,-0.5090253877772097,-0.020518955025861915,3.9029308475001834,-0.7263612153261089,-0.3625844344175933,-0.17794117212997876,-0.2419810932390796,0.024571941491197763,1.5609239680690024,-0.6686315506324968,1.2070171179810143,1.6515237457102603,-0.44995091409767635,-0.6553480950915234,0.3115206431775666,-0.28440813874689597,-0.5574392655993985,0.9896482842151026,2.146143175865184,-0.8524828099001687,0.29289869865902984,-0.4411961288042099,-0.7235584996740864,3.796935765870487,-0.3669979737371641,0.1321193747044573,-0.5808400956560823,-0.8047794038771868,0.01138622743079732,-0.03896519695842335,-0.6539259952570459,0.29047870910081686,-0.4008171138467954,4.774173410380777,-0.6278461780714493,-0.4994178390410515,1.4611056999948253,0.6779009722858166,-0.47748129283977825,-0.6680297030669584,-0.27601179467009374,0.03176123981021927,1.6560040887730765,-0.5948757970892099,0.08374187742161104,-0.665838655539944,-0.7272161150461649,-0.5462052132306712,2.5325499128721463,-0.7627516478195191,1.1340672108519225,-0.7694746769432201,-0.38384777179137763,0.16969292622890558,3.0737362272852815,0.7770425616930854,-0.6077031181213091,-0.42400892788218686,0.9792570371760747,2.1328280095509795,-0.614566844670148,-0.48554915733026643,-0.6112289191040424,-0.572948771484678,-0.4595988515532633,-0.18867886069993195,-0.44108189868362296,2.361606745294438,-0.09778895770450395,-0.8443238231907555,1.652254554634785,-0.4711773508116594,0.06069255114892419,-0.4653077168128177,-0.4729201246240747,-0.5745447739456271,-0.20748465252202328,-0.6214509982214033,-0.11179792687105575,1.4041968719500442,-0.7184503947697831
237,-0.4626198820225062,-0.3621813125157448,0.28075906442590515,-0.2158067450705457,-0.808801775168252,-0.32610135092090026,-0.14699880948474722,0.08832814043902161,-0.7473502891225012,-0.4606137857843262,0.6655624790402646,-0.7909527058006495,0.01722161121377456,-0.21879983892110627,-0.6397809538724032,-0.044068429650048924,1.036154515882705,-0.6022711991400812,1.3977534019905526,-0.41088676901858984,-0.6330250752008428,-0.7847112945850717,-0.556412405001797,-0.02403687660471441,-0.4217989876148748,0.26822000696379905,2.1829181535558706,2.418605401846198,-0.8340525181318775,0.38969783440773814,-0.6208946173542383,-0.30573587752790826,-0.8367844447846362,-0.16227501184534843,-0.6528124635485747,-0.48957060234994354,-0.7833372412516937,-0.14081103802677644,-0.5000715614916658,2.634647211923106,-0.7990194287265212,-0.7542685077244274,-0.7647308197458192,-0.2921767762372326,-0.36644430342557033,-0.7449192187227722,-0.8047794038771868,-0.4037366476503546,-0.4100623108481696,-0.46514828300039296,-0.3043213281495527,-0.15491704400213566,-0.08979636508553193,-0.28755014659640904,-0.4994178390410515,1.5008096592338152,-0.731456558453927,0.8026294118245066,1.5427690936245748,2.463559368308504,-0.12704495924087694,5.021193289091474,-0.25649365995086526,-0.7672934622289077,-0.3378393178355381,0.151771936983849,-0.7079958569601353,4.225354155173508,-0.09571916175085349,-0.08949482305119973,-0.5855658153411121,-0.4985776029534911,0.9589623505493964,-0.7828964292834533,1.3126877099190175,-0.6077031181213091,-0.5082045053012073,1.4721716532043005,-0.7663491670022323,-0.46969017218779346,-0.5050475573515606,0.49036799998151276,0.2983236912353311,0.5678203396984429,0.04820608682038438,-0.20700341008449524,2.361606745294438,-0.09778895770450395,2.1673222100116876,2.533777537585319,0.7695793333533423,0.007453471193727517,-0.4653077168128177,-0.5137172368242192,-0.5745447739456271,-0.36348815065888285,-0.6050884126968797,-0.7655869729006214,1.9014337246235726,-0.4018129356381026
238,-0.6344697639030806,-0.16940863180691748,0.8284035333971115,-0.2158067450705457,1.4228152631359514,-0.2659794204413833,-0.21733316808988945,-0.08088285657059825,-0.7473502891225012,0.8087942852748405,-0.7925831663741418,0.7635927065433943,-0.7655788985032485,-0.3554927828534925,1.63933694796313,0.2302164021967285,0.550305258669808,0.3311931516659963,-0.74745024061718,-0.4501422165220378,-0.6330250752008428,0.7778360861100132,2.162768560187193,-0.19331065551115387,-0.32800752012068396,-0.35130990042541077,2.348944785253153,0.30955269583670064,0.3238942543637875,0.2262339776930829,-0.4460932048108154,-0.44995091409767635,-0.29247539570529785,-0.33994838247894155,-0.8370146259494141,-0.5574392655993985,-0.6221567389365305,-0.6308726552893394,-0.32386593728741425,-0.24750480440191075,-0.7990194287265212,-0.7389135036992569,-0.2759808284297865,-0.14253438123736956,-0.2002564107155611,0.4036346427440572,-0.6331846482530531,-0.2851301119128826,-0.7811594247379158,1.4226288395661366,-0.1421031361721792,-0.4281393438295354,4.961249170975635,-0.7979941938089693,-0.3817785867543717,3.2279318861298725,-0.731456558453927,0.3225878975753998,-0.8522629361245863,0.06643460070223098,-0.12704495924087694,3.4765162791092585,-0.5948757970892099,-0.0864651905084927,0.1541596887210709,-0.7272161150461649,-0.7079958569601353,2.044792758310737,-0.4292354047851863,2.0080400922112953,0.8857050774757523,-0.44121268737243435,0.564327638389151,-0.4322934605044773,-0.8298928829847106,-0.8034837618459576,-0.44505782223694196,0.4863424211478492,-0.7663491670022323,-0.614566844670148,-0.48554915733026643,1.7493359075078616,-0.7472032640286799,0.05411074407258983,-0.30712133446009016,-0.48009498011681095,1.595249416213948,0.05743161008042298,-0.8443238231907555,1.9527737533679217,0.7695793333533423,-0.20550284862705917,1.2000742331256853,-0.39132590022378577,-0.7508936916698834,-0.36348815065888285,-0.5560006561233092,-0.11179792687105575,-0.41900492118622645,-0.4018129356381026
239,0.7403292911415144,0.37035487417779905,-0.8145298735165075,-0.2158067450705457,0.944611612070765,-0.20585748996186626,-0.3228347059976028,-0.7577268446090778,-0.7473502891225012,-0.8233018060869453,0.5035462962164416,0.14177454160577677,2.0525029364780343,0.5557935100290826,0.17418972535457292,0.0016457089910806458,-0.745292760564584,-0.22888545881765018,-0.2877637457726659,-0.39125904526686583,-0.7861516052445882,1.0903455622490301,-0.7263612153261089,-0.30615984144878017,-0.47807386811138924,-0.3148669646966337,0.19059857318848028,1.4343808057084326,-0.3377896156337354,-0.10069373573622757,1.3019209206234144,0.12690923218139588,0.2518336533740405,-0.399172839356806,-0.8370146259494141,-0.48957060234994354,-0.7833372412516937,0.8393121964983495,-0.6762771856959172,-0.4276393054222243,-0.7990194287265212,-0.7849785157747685,-0.6018141559738084,-0.2921767762372326,-0.36644430342557033,-0.2526818495227025,0.053194374243481356,-0.10722030830667466,-0.22451375390329645,2.5552951131060544,0.6149150930555639,-0.34617265388131546,-0.651023646870106,-0.7979941938089693,-0.4405982128977116,1.52066163885331,0.3255615896008807,2.242753954571827,-0.6680297030669584,1.0937737868192052,1.1434046331678929,3.7523514594632257,0.5894616828949965,-0.7672934622289077,-0.665838655539944,-0.7272161150461649,-0.7079958569601353,4.340120544482075,2.0721364179723096,-0.7886731281386982,1.2535228006799686,-0.4985776029534911,-0.4222591420114625,3.4243391960642575,3.0981715373387906,3.3079097563716617,-0.40296003352743176,0.3220375491384407,-0.1220875722126297,-0.7594435171525026,-0.44655235728767817,0.9624809653038936,-0.572948771484678,-0.28836231967797893,0.16664856058054256,-0.4996015208334049,2.438242478202487,-0.7186712288442116,-0.13570122714312183,2.473673697838692,0.7695793333533423,0.007453471193727517,0.5339214531502842,-0.37092734412371353,-0.04549802077285813,0.052521177706076054,-0.49055031402521504,0.5419911191585098,-0.41900492118622645,-0.7184503947697831
240,-0.8063196457836549,-0.3621813125157448,-0.6319817171927721,-0.2158067450705457,-0.808801775168252,-0.14573555948234926,-0.3228347059976028,2.11886010455446,-0.7473502891225012,-0.4606137857843262,0.3415301133926187,1.2299563302466074,-0.7655788985032485,-0.30992846820936376,-0.8025750897177983,-0.2726391228556968,2.007853030308499,-0.6022711991400812,-0.1345349141578278,-0.48939766402548573,3.3482647059365336,0.9340908241795217,0.46328045694407416,-0.30615984144878017,-0.3842824006171984,-0.3148669646966337,-0.8055612169952149,2.0108552120176952,-0.6686315506324968,0.2262339776930829,-0.7956960298976613,-0.44995091409767635,0.9775790521464917,-0.33994838247894155,-0.10020597634605656,-0.6083407630364898,0.5061067772696127,-0.3041649104476308,-0.8524828099001687,-0.6077738064425378,-0.6201077787653655,-0.6774934875985748,-0.4388974922017974,-0.3669979737371641,-0.32489733024806805,1.388109381144197,-0.8047794038771868,-0.047917040437938666,-0.7811594247379158,4.82062766018589,-0.2502485974904282,-0.37349488386405544,-0.463947886275248,-0.28755014659640904,-0.40138512880215166,1.2824378834193713,-0.731456558453927,-0.7975089690058494,-0.6680297030669584,-0.7896813877285809,4.1607224151387205,5.04877680712687,0.4202706143258241,1.2751913529323373,0.1541596887210709,-0.43422009770282693,-0.384414569501207,2.044792758310737,-0.09571916175085349,-0.7886731281386982,-0.7694746769432201,-0.23087466357522635,-0.8168938541717079,-0.7828964292834533,-0.8298928829847106,-0.8034837618459576,-0.5082045053012073,-0.006572194880376346,-0.444218369607431,-0.7594435171525026,-0.09558115690438385,-0.45385793066324875,-0.572948771484678,1.595239530950149,-0.12945762381985287,-0.38256227653384106,2.642604432623951,-0.7186712288442116,-0.49001252516693866,2.093016046110052,-0.6262719363322846,0.38012703088010424,0.7004596481441344,-0.411724456323858,-0.7508936916698834,-0.05148115438516368,-0.5723632416478327,-0.7655869729006214,-0.41900492118622645,0.2314619826252584
241,0.9121791730220887,-0.130854095665152,0.09821090810216972,-0.7877327479076812,-0.808801775168252,-0.3862232814004173,0.13433862493582166,0.2575391374486415,-0.5770334502158236,-0.8233018060869453,-0.7925831663741418,-0.32458908209743637,-0.29589859267303464,-0.1732355242769775,1.1509545404269443,-0.31835326149682636,-0.5833430081602851,-0.6022711991400812,0.6316092439163624,-0.41088676901858984,-0.17364548506960717,-0.6284565565155632,-0.2165147843531733,-0.3625844344175933,-0.45931557461255107,-0.20553815751030255,-0.6395345852979323,2.053036266137885,1.9781039293575946,-0.7545491625948485,-0.4460932048108154,-0.44995091409767635,-0.47391174539841063,0.7853162982004817,-0.6528124635485747,-0.6083407630364898,1.9567312981060825,-0.6308726552893394,1.0857790563465977,0.29289869865902984,1.7057436707296578,-0.5853634634475514,1.5161024730623338,1.0920153775115005,-0.2833503570705657,2.3725841195443365,-0.8047794038771868,-0.2851301119128826,0.703229030821069,-0.8427037075136988,-0.35839405880867725,-0.34617265388131546,-0.08979636508553193,-0.7979941938089693,-0.4798112969932716,2.5529645790670457,-0.555286867111459,-0.47748129283977825,0.4373696952788083,-0.6184581900424185,-0.7622697554452618,4.331605338206557,-0.7640668656583823,-0.2566722584385965,-0.5018389866877411,-0.580718106374496,-0.22262392577174278,2.1882507449464454,-0.7627516478195191,-0.2642893993230743,-0.5855658153411121,-0.47945596442647215,-0.4222591420114625,-0.7828964292834533,-0.6513445002427333,-0.8034837618459576,-0.48715561094645216,0.3220375491384407,-0.7663491670022323,-0.7594435171525026,-0.4075555572450899,2.378819861271036,1.518105139043344,-0.6308353834285477,-0.36634257134016923,-0.28502957295087117,4.303045312298346,0.05743161008042298,0.3957657198926034,2.0529468196123006,-0.7813665218529099,-0.1522637686718625,-0.7983841068005183,-0.37092734412371353,-0.7508936916698834,-0.20748465252202328,-0.35964962982902693,0.21509659614372706,1.0727056368343586,-0.4018129356381026
242,-0.8063196457836549,-0.09229955952338653,-0.6319817171927721,-0.025164744124833896,0.1476055269621209,0.39536181483330385,0.09917144563325055,-0.7577268446090778,2.318352811197695,-0.2792697756330167,1.6376595759832024,1.074501789012203,-0.7655788985032485,-0.1732355242769775,-0.3141926821816127,0.0016457089910806458,-0.745292760564584,0.3311931516659963,-0.74745024061718,-0.29312042650824593,-0.3267720151133524,-0.4722018184460547,1.822870939538569,0.08881230933291188,-0.4405572811137129,-0.16909522178152553,-0.6395345852979323,1.1250530754937063,1.1509990918606912,-0.427621449165538,0.07831103281945356,-0.3778433958127923,1.1590154018396044,0.19307172942183787,-0.8370146259494141,-0.5744064314117623,-0.7833372412516937,-0.4675187828684851,-0.8524828099001687,-0.7879083074628513,0.2744504710404127,-0.7849785157747685,0.86443581797429,-0.21735557873730108,-0.2833503570705657,-0.7449192187227722,-0.8047794038771868,-0.4037366476503546,-0.5956108677930426,-0.6539259952570459,-0.0880304055130547,-0.2915281939158355,1.4068097196733322,-0.6278461780714493,-0.4602047549454916,2.1360730070576524,-0.37911717576899107,-0.6374951309228138,-0.6680297030669584,-0.6184581900424185,-0.6034635563941656,1.6284205707376798,0.7586527514641688,0.9347772170721298,1.9581560460953038,0.5912659629988559,-0.22262392577174278,4.91395249102491,4.4067501192126395,0.2600943294925495,-0.5855658153411121,-0.4985776029534911,1.9455491309500097,0.2689124770534745,0.5984941789511081,0.5669807442265821,-0.5082045053012073,-0.006572194880376346,-0.444218369607431,-0.7594435171525026,-0.3100635571386193,-0.768599907544836,-0.2244397863966744,-0.6308353834285477,-0.36634257134016923,-0.4996015208334049,3.3578712730990747,-0.5634506610592848,-0.667168174178847,2.333431405096561,-0.6262719363322846,-0.1522637686718625,-0.7983841068005183,-0.5137172368242192,0.3071998146756545,-0.36348815065888285,-0.31056187325545637,0.5419911191585098,-0.750496156301912,-0.5601316652039429
243,-0.8063196457836549,-0.3621813125157448,0.8284035333971115,-0.4064487460162575,-0.4899993411247944,-0.3862232814004173,-0.3580018853001739,0.2575391374486415,-0.7473502891225012,-0.4606137857843262,0.01749774774497282,-0.7909527058006495,-0.29589859267303464,-0.3554927828534925,-0.8025750897177983,-0.22692498421456722,-0.745292760564584,0.3311931516659963,0.17192274907184826,-0.5090253877772097,2.429505525674062,-0.6284565565155632,-0.7263612153261089,-0.02403687660471441,-0.47807386811138924,-0.3148669646966337,-0.8055612169952149,0.45015620957066715,-0.8340525181318775,-0.5910853058801933,-0.4460932048108154,-0.30573587752790826,1.703324450918943,-0.33994838247894155,-0.8370146259494141,-0.6083407630364898,-0.6221567389365305,-0.7942265277101938,-0.8524828099001687,-0.24750480440191075,-0.4411961288042099,-0.631428475523063,-0.6018141559738084,-0.3669979737371641,-0.36644430342557033,0.07547639661067736,-0.8047794038771868,-0.4037366476503546,1.0743261447108152,0.4787402782828718,-0.0339576748539302,0.20027194577348403,-0.27687212568039,-0.6278461780714493,-0.18571316627657194,0.9648062095074528,-0.37911717576899107,-0.7975089690058494,-0.29956323695170284,-0.7896813877285809,0.03176123981021927,2.5662601839411674,-0.5948757970892099,2.466640828443064,-0.665838655539944,-0.14122408035948897,-0.7079958569601353,2.446475120890721,-0.5959935263023527,1.1340672108519225,2.908702555098941,-0.47945596442647215,-0.4222591420114625,-0.4322934605044773,0.7770425616930854,0.5669807442265821,-0.48715561094645216,-0.17087706688978485,-0.7663491670022323,-0.3248134997054389,-0.17357475698956035,-0.768599907544836,2.389377601763353,-0.4595988515532633,-0.011015150059694707,-0.40206881725043503,4.6862239768385905,-0.7186712288442116,-0.49001252516693866,1.932739140119046,0.1492009912708414,0.06069255114892419,0.03430686816873323,-0.411724456323858,-0.5745447739456271,0.26052584188855554,-0.5396380705987857,-0.27524518837844714,2.232924959739258,0.8647369008886194
244,0.56847940926094,-0.3621813125157448,-0.08433724822156573,-0.2158067450705457,-0.33059812410306555,0.2751179538742698,0.02883708702810832,-0.5885158475994579,0.10423390541088669,0.08341824466960238,-0.6305669835503189,1.2299563302466074,-0.7655788985032485,0.3279719368084388,-0.8025750897177983,-0.13549670693230806,3.141501297138592,-0.41557832897886565,0.3251515806866863,0.0012954297676137621,-0.6330250752008428,-0.4722018184460547,-0.7263612153261089,-0.3625844344175933,-0.29049093312300767,-0.16909522178152553,-0.8055612169952149,0.5204579664376504,-0.8340525181318775,-0.5910853058801933,-0.7956960298976613,0.054801713896511846,-0.8367844447846362,0.1338472725439735,-0.8370146259494141,-0.5744064314117623,-0.7833372412516937,-0.6308726552893394,-0.6762771856959172,0.47303319967934343,-0.7990194287265212,-0.4471684272210166,-0.7647308197458192,-0.3669979737371641,-0.32489733024806805,-0.08860272645601257,-0.2899951370047859,0.01138622743079732,-0.5956108677930426,-0.27637057074374,-0.3043213281495527,-0.1002725840366557,-0.463947886275248,-0.28755014659640904,-0.4602047549454916,1.4015497611363408,-0.555286867111459,0.8026294118245066,3.0166349580855973,2.1211129729361793,0.03176123981021927,4.8005251448083,-0.5948757970892099,-0.597086394298804,-0.3378393178355381,2.2027440583872147,-0.06083328204227859,4.569653323099209,-0.7627516478195191,3.056807549842543,-0.7694746769432201,-0.3647261332643587,-0.8168938541717079,-0.6075949448939653,2.205429623628904,-0.8034837618459576,-0.5082045053012073,-0.4994868109086019,0.2000432251821716,-0.7594435171525026,-0.5050475573515606,1.906706895948655,-0.3986942789406762,-0.6308353834285477,0.16664856058054256,-0.44108189868362296,4.022047624968833,-0.7186712288442116,-0.49001252516693866,1.6923237811325367,-0.6262719363322846,-0.20550284862705917,0.03430686816873323,-0.024151890422485545,-0.7508936916698834,-0.36348815065888285,-0.6050884126968797,-0.27524518837844714,-0.41900492118622645,-0.5601316652039429
245,0.05292976361921688,-0.32362677637397935,-0.8145298735165075,-0.7877327479076812,-0.808801775168252,-0.3862232814004173,-0.11183163018217612,-0.25009385358021813,-0.5770334502158236,-0.2792697756330167,-0.468550800726496,-0.7909527058006495,-0.4524586946164393,0.05458604894366627,-0.8025750897177983,-0.044068429650048924,0.22640575386120995,-0.22888545881765018,-0.2877637457726659,-0.273492702756522,-0.7861516052445882,-0.7847112945850717,0.12338283629545041,-0.3625844344175933,-0.4405572811137129,0.48687762133646134,-0.6395345852979323,0.22519058759632074,-0.5032105831331162,-0.2641575924508828,-0.4460932048108154,-0.44995091409767635,-0.11103904601218505,0.7260918413226173,-0.6528124635485747,-0.38776760747576106,-0.1386152319910405,0.1858967068149322,-0.5000715614916658,-0.7879083074628513,-0.6201077787653655,-0.769623511749598,-0.7647308197458192,-0.2547661774872668,-0.32489733024806805,-0.7449192187227722,-0.2899951370047859,0.4858123703806852,0.3321319169313229,-0.8427037075136988,0.02011505580519431,-0.37349488386405544,1.0326581984836163,0.39304191635367136,-0.4602047549454916,2.5926685383060355,-0.555286867111459,0.16257405949236417,-0.4837964700093306,0.23765779838839335,-0.7622697554452618,3.3110151708968787,-0.08730259138169293,-0.7672934622289077,2.2861553837997097,-0.580718106374496,-0.7079958569601353,1.6431103957307527,-0.7627516478195191,0.08529975322067489,-0.03383923053478791,-0.44121268737243435,3.721405335671114,-0.6075949448939653,-0.6513445002427333,-0.4119224743966605,-0.5082045053012073,2.293696013251343,0.03897782648477095,-0.17993682722308435,-0.36855875720250164,-0.768599907544836,0.12406919869132926,0.9102934034490118,-0.36634257134016923,-0.4996015208334049,4.226409579390297,0.36787274565027683,0.21861007088069498,3.4754043602824805,-0.4711773508116594,-0.31198100853745253,0.8669978431379848,-0.2689345636233524,-0.22184693849711443,0.26052584188855554,-0.6050884126968797,-0.7655869729006214,-0.41900492118622645,-0.7184503947697831
246,1.4277288186638117,-0.3621813125157448,-0.44943356086903663,0.1654772568208779,-0.808801775168252,-0.3862232814004173,-0.3580018853001739,0.4267501344582614,-0.7473502891225012,-0.6419577959356357,-0.7925831663741418,3.2508653662938642,-0.7655788985032485,-0.21879983892110627,-0.6397809538724032,0.3673588181201172,-0.25944350335168703,1.6380432427945049,0.7848380755312004,-0.4697699402737618,-0.7861516052445882,-0.3159470803765462,-0.556412405001797,-0.30615984144878017,-0.47807386811138924,-0.13265228605274848,-0.6395345852979323,0.42203550682387386,-0.5032105831331162,-0.10069373573622757,-0.27129179226739236,-0.0894133226732562,-0.11103904601218505,1.022214125711939,-0.6528124635485747,-0.6083407630364898,-0.2997957343062038,-0.4675187828684851,0.38095655952959173,-0.7879083074628513,-0.2622844788430542,-0.7235584996740864,0.21276916288624628,-0.14253438123736956,-0.11716246436055651,1.8803467503442666,-0.46158989262891953,-0.4037366476503546,2.0020689294351808,0.1011848537695659,0.12826051712344333,-0.2095615039676156,-0.463947886275248,-0.4576981623339291,-0.3033524185632518,3.2874878249883572,2.439597885710496,-0.31746745475674265,-0.4837964700093306,-0.27601179467009374,-0.28585115829197316,2.373175557693391,-0.7640668656583823,-0.4268793263687002,0.1541596887210709,-0.2877220890311579,1.0717012240639707,4.598344920426351,-0.7627516478195191,-0.08949482305119973,0.7017962158736443,-0.4985776029534911,-0.4222591420114625,2.37253028972733,-0.8298928829847106,-0.8034837618459576,-0.48715561094645216,-0.828096554927419,-0.28315297091003033,0.5444465351886884,-0.15407635696826621,1.1198519537446872,-0.05018529385267257,-0.4595988515532633,-0.18867886069993195,-0.460588439400217,3.23014505158566,-0.40823009327435783,-0.8443238231907555,2.734123670074077,-0.4711773508116594,-0.25874192858225586,-0.7983841068005183,-0.45252156852400244,-0.7508936916698834,-0.311486984613263,-0.6214509982214033,-0.7655869729006214,-0.750496156301912,-0.5601316652039429
247,-0.6344697639030806,-0.3621813125157448,-0.44943356086903663,-0.5970907469619694,-0.808801775168252,-0.3862232814004173,-0.00633009227446279,-0.7577268446090778,-0.40671661130914605,0.627450275123531,-0.30653461790267306,-0.6354981645662451,0.17378171315717916,-0.3554927828534925,-0.8025750897177983,-0.22692498421456722,1.036154515882705,0.5178860218272118,0.7848380755312004,-0.4697699402737618,-0.6330250752008428,1.0903455622490301,-0.7263612153261089,0.2016614952705382,-0.4030406941160366,-0.3148669646966337,0.5226518365830454,0.9703892103863432,-0.6686315506324968,-0.427621449165538,0.6027152704497225,-0.23362835924302425,-0.8367844447846362,0.9037652119562105,-0.10020597634605656,-0.6083407630364898,-0.7833372412516937,0.1858967068149322,0.9095734321423462,0.47303319967934343,-0.7990194287265212,-0.769623511749598,-0.4388974922017974,-0.03030258498747228,-0.32489733024806805,-0.08860272645601257,-0.46158989262891953,-0.3444333797816186,-0.03896519695842335,-0.6539259952570459,-0.35839405880867725,-0.07295035405391573,2.5292642832424805,-0.7979941938089693,-0.28374587651547184,1.1831779853218969,-0.731456558453927,-0.31746745475674265,0.8058361613940639,-0.7896813877285809,0.03176123981021927,1.87667223305625,0.08188847718747941,-0.4268793263687002,-0.1738396489833351,0.5912659629988559,2.0424450864407557,2.76208269148928,0.07103895976631291,-0.2642893993230743,0.7017962158736443,-0.4985776029534911,0.564327638389151,0.6195154458324504,-0.6513445002427333,-0.8034837618459576,-0.5082045053012073,-0.17087706688978485,1.0053702186691749,0.2546931902239793,-0.3880571572237958,0.6477389884223064,-0.7472032640286799,-0.802071915303832,-0.24790009758001105,-0.4996015208334049,2.284971012386389,-0.7186712288442116,-0.667168174178847,1.8125314606257912,-0.7813665218529099,0.11393163110412086,2.3658415980826373,-0.4933186807241469,-0.7508936916698834,-0.36348815065888285,-0.5560006561233092,-0.7655869729006214,0.24397754904514463,0.5480994417569389
248,1.4277288186638117,-0.3621813125157448,-0.08433724822156573,-0.7877327479076812,1.2634140461142227,0.1548740929152358,-0.0414972715770339,-0.419304850589838,-0.5770334502158236,1.7155143360313883,0.17951393056879578,0.14177454160577677,-0.6090187965598439,-0.08210689498872,-0.8025750897177983,-0.08978256829117849,-0.421393255755986,1.8247361129557202,-0.74745024061718,-0.3520035977634179,-0.6330250752008428,-0.7847112945850717,1.822870939538569,-0.02403687660471441,-0.49683216161022736,-0.35130990042541077,-0.8055612169952149,0.7313632370386002,-0.5032105831331162,0.5531616911223933,-0.7956960298976613,0.1990167504662799,1.703324450918943,0.9629896688340748,0.26819834845562224,-0.38776760747576106,-0.7833372412516937,-0.14081103802677644,-0.8524828099001687,-0.24750480440191075,-0.7990194287265212,-0.769623511749598,-0.4388974922017974,0.30639280376221956,-0.32489733024806805,0.4036346427440572,-0.2899951370047859,-0.4037366476503546,0.14658335998644975,0.28996256602621884,-0.0339576748539302,-0.4008171138467954,-0.838099407464964,0.05274588487863117,-0.4994178390410515,2.275036864394117,-0.555286867111459,1.442684764156649,-0.8522629361245863,-0.27601179467009374,-0.6034635563941656,3.724767941427829,3.804091985709271,0.08374187742161104,1.3021573706864917,-0.2877220890311579,-0.5462052132306712,5.40170964558632,-0.7627516478195191,0.2600943294925495,-0.401656953739004,-0.47945596442647215,-0.4222591420114625,-0.4322934605044773,-0.8298928829847106,-0.6077031181213091,-0.3187644561084113,1.8007813972231175,1.3275010160639762,-0.17993682722308435,-0.44655235728767817,-0.6112289191040424,-0.7472032640286799,-0.6308353834285477,-0.12945762381985287,-0.3240426543840591,1.722975637727363,-0.7186712288442116,0.04145442186878656,2.393535244843189,-0.160988179770409,-0.25874192858225586,-0.4653077168128177,-0.43212301242393025,0.13085089695139818,0.20852467584293566,-0.6214509982214033,-0.7655869729006214,-0.750496156301912,-0.5601316652039429
249,-0.4626198820225062,-0.2465177040904484,3.2015295656056724,-0.7877327479076812,0.1476055269621209,-0.2659794204413833,-0.28766752669503165,2.28807110156408,-0.23639977240246846,-0.4606137857843262,-0.468550800726496,-0.4800436233318407,-0.29589859267303464,-0.30992846820936376,0.011395589509177712,-0.31835326149682636,-0.745292760564584,-0.042192588656434694,-0.74745024061718,-0.5090253877772097,1.0513667552803547,-0.15969234230703772,-0.2165147843531733,1.0480303898027354,-0.4405572811137129,-0.3148669646966337,0.19059857318848028,0.19706988484952742,-0.6686315506324968,-0.2641575924508828,1.4767223331668373,-0.44995091409767635,0.2518336533740405,0.19307172942183787,-0.6528124635485747,-0.3708004416633973,-0.1386152319910405,1.4927276861817669,2.4954240499806093,-0.7879083074628513,0.09553882107925708,-0.7849785157747685,-0.6018141559738084,-0.2547661774872668,-0.2418033838930634,0.07547639661067736,-0.46158989262891953,0.1299927631682693,-0.5956108677930426,-0.46514828300039296,0.6689878237146883,-0.3188504238985755,0.0972793955093261,-0.7979941938089693,-0.4798112969932716,1.0045101687464426,0.1493918982584128,-0.7975089690058494,0.2531364622211805,0.06643460070223098,-0.4446573573430694,5.1315273612330605,-0.7640668656583823,-0.7672934622289077,-0.1738396489833351,-0.580718106374496,-0.7079958569601353,4.684419712407776,-0.7627516478195191,-0.2642893993230743,-0.03383923053478791,-0.42209104884541543,-0.8168938541717079,-0.4322934605044773,0.06284903072517607,-0.8034837618459576,-0.46610671659169706,-0.6637916829180104,-0.28315297091003033,-0.614566844670148,-0.5050475573515606,-0.768599907544836,0.2983236912353311,-0.6308353834285477,0.16664856058054256,-0.3630557358172471,3.255690295888343,-0.40823009327435783,-0.8443238231907555,1.1914584499106422,-0.31608276529103424,-0.31198100853745253,-0.2987695218189674,-0.5137172368242192,-0.04549802077285813,0.20852467584293566,-0.6214509982214033,-0.7655869729006214,-0.41900492118622645,-0.5601316652039429
250,0.9121791730220887,-0.32362677637397935,-0.44943356086903663,-0.4064487460162575,1.901018914201138,-0.32610135092090026,-0.3580018853001739,-0.7577268446090778,0.10423390541088669,-0.8233018060869453,-0.7925831663741418,-0.6354981645662451,1.2697024267610113,-0.3554927828534925,1.4765428121177346,-0.31835326149682636,0.38835550626550897,-0.7889640693012967,-0.4409925773875039,-0.4305144927703138,2.2763789956303166,-0.7847112945850717,-0.7263612153261089,0.03238771636409874,-0.45931557461255107,-0.2419810932390796,0.6886784682803279,1.1531737782404996,1.4818410268594526,-0.7545491625948485,0.2531124453628765,-0.23362835924302425,-0.29247539570529785,-0.2214994687232128,2.662826459666534,-0.38776760747576106,-0.7833372412516937,0.8393121964983495,1.7906015531636035,-0.6077738064425378,-0.4411961288042099,-0.7849785157747685,-0.2759808284297865,-0.3669979737371641,-0.32489733024806805,-0.5808400956560823,0.053194374243481356,-0.2851301119128826,-0.4100623108481696,0.28996256602621884,-0.1961758668313037,-0.4008171138467954,-0.463947886275248,-0.28755014659640904,-0.4994178390410515,2.5926685383060355,-0.731456558453927,-0.15745361667370703,0.06890322916355274,0.4088809960745557,-0.7622697554452618,2.373175557693391,0.08188847718747941,-0.597086394298804,-0.5018389866877411,0.44476795432718697,0.9099105803345066,4.139279363192084,-0.5959935263023527,-0.43908397559494894,-0.21774809213689597,-0.44121268737243435,-0.8168938541717079,-0.6075949448939653,-0.8298928829847106,0.5669807442265821,-0.48715561094645216,-0.6637916829180104,-0.1220875722126297,0.2546931902239793,-0.4660507573089723,0.018255034659132002,-0.2244397863966744,-0.802071915303832,-0.30712133446009016,-0.4996015208334049,3.9965023806661497,-0.7186712288442116,1.2815439649521454,2.9545044158117104,-0.7813665218529099,0.8060396705216777,1.5331506231133858,-0.3097316758234968,-0.7508936916698834,-0.36348815065888285,-0.5723632416478327,-0.7655869729006214,-0.750496156301912,-0.7184503947697831
251,-0.8063196457836549,-0.32362677637397935,-0.8145298735165075,0.7374032596580133,-0.808801775168252,-0.14573555948234926,-0.28766752669503165,-0.7577268446090778,3.169937005731083,-0.6419577959356357,0.8275786618640876,-0.7909527058006495,0.01722161121377456,-0.21879983892110627,1.9649252196539204,-0.2726391228556968,1.360054020691303,-0.7889640693012967,-0.594221409002342,-0.5090253877772097,0.5919871651491191,-0.6284565565155632,-0.04656597402886146,0.2016614952705382,-0.2342160526264932,-0.35130990042541077,-0.8055612169952149,1.5328032653222092,-0.17236864813435468,-0.5910853058801933,-0.6208946173542383,-0.23362835924302425,-0.47391174539841063,-0.2807239256010772,-0.10020597634605656,-0.591373597224126,-0.4609762366213671,-0.6308726552893394,-0.32386593728741425,-0.6077738064425378,-0.08337282888189856,-0.769623511749598,-0.6018141559738084,0.044518612512459234,-0.2418033838930634,-0.7449192187227722,4.171468509222688,-0.10722030830667466,-0.7811594247379158,-0.08759285848708705,0.02011505580519431,-0.23688373395035558,0.4714309166990422,-0.7979941938089693,-0.4602047549454916,3.2676358453688623,-0.2029474844265231,-0.47748129283977825,-0.8522629361245863,-0.7896813877285809,-0.7622697554452618,4.497106446418937,-0.7640668656583823,-0.4268793263687002,1.466157039538695,-0.7272161150461649,-0.06083328204227859,4.512270128444926,0.23779708128347932,0.43488890576442407,1.2535228006799686,-0.4985776029534911,-0.8168938541717079,-0.25699197611498936,-0.8298928829847106,0.9585420316758791,-0.46610671659169706,2.6223057572701602,-0.7663491670022323,-0.7594435171525026,-0.48554915733026643,1.906706895948655,0.8210871688673366,-0.802071915303832,0.16664856058054256,-0.44108189868362296,2.821421142742732,0.36787274565027683,1.104388315940237,0.9310084776752572,-0.6262719363322846,-0.09902468871666582,2.1993034030887872,-0.411724456323858,4.715922757782063,0.052521177706076054,-0.5887258271723562,-0.11179792687105575,-0.750496156301912,2.2896054669811816
252,-0.8063196457836549,-0.09229955952338653,-0.44943356086903663,0.1654772568208779,0.944611612070765,-0.3862232814004173,-0.3228347059976028,-0.7577268446090778,0.10423390541088669,3.710298447695793,0.5035462962164416,-0.32458908209743637,-0.13933849072963006,-0.264364153565235,-0.3141926821816127,0.13878812491446937,-0.5833430081602851,-0.6022711991400812,0.018693917457010226,-0.39125904526686583,-0.7861516052445882,-0.7847112945850717,-0.7263612153261089,0.540209053083417,-0.47807386811138924,-0.35130990042541077,-0.4735079536006498,1.3218979947212595,1.9781039293575946,-0.2641575924508828,-0.7956960298976613,-0.30573587752790826,1.703324450918943,0.015398358788244727,0.636602673257301,-0.6083407630364898,-0.2997957343062038,0.6759583240774952,-0.6762771856959172,-0.6077738064425378,-0.4411961288042099,-0.631428475523063,-0.4388974922017974,-0.21735557873730108,-0.2833503570705657,-0.08860272645601257,1.082762907988283,-0.4037366476503546,-0.7811594247379158,0.1011848537695659,-0.35839405880867725,-0.37349488386405544,-0.838099407464964,0.9034859635662317,-0.3621720447065917,3.2477838657493674,-0.731456558453927,0.9626432499075422,-0.8522629361245863,-0.44723499235625613,-0.7622697554452618,1.8490887150208533,1.2662259571716858,-0.4268793263687002,-0.665838655539944,-0.43422009770282693,-0.7079958569601353,3.9097465845749495,-0.7627516478195191,-0.7886731281386982,3.092611416701049,-0.4985776029534911,-0.8168938541717079,1.4960228677798901,-0.11569935201680126,-0.8034837618459576,-0.42400892788218686,0.15773267712903216,-0.28315297091003033,0.8341998801533975,-0.5050475573515606,0.9624809653038936,-0.7472032640286799,-0.28836231967797893,-0.24790009758001105,-0.460588439400217,4.379681045206395,-0.40823009327435783,-0.667168174178847,2.0329122063634246,-0.6262719363322846,-0.25874192858225586,1.033536038131835,-0.24853600752328012,-0.22184693849711443,0.41652934002541514,-0.6214509982214033,-0.7655869729006214,-0.5847505387440692,0.5480994417569389
253,-0.29077000014193183,-0.09229955952338653,-0.2668854045453012,-0.5970907469619694,0.6258091780273074,0.5156056757923378,-0.07666445087960501,1.6112271135256004,-0.7473502891225012,0.2647622548209119,-0.7925831663741418,-0.4800436233318407,-0.7655788985032485,-0.03654258034459124,-0.1513985463362175,0.2302164021967285,1.036154515882705,-0.7889640693012967,1.8574398968350667,-0.3716313215151419,-0.6330250752008428,2.4966382048746065,0.46328045694407416,-0.1368860625423407,-0.45931557461255107,-0.3148669646966337,-0.3074813219033673,0.15488883072933748,0.15847328686440676,5.620541249276705,0.9523180955365684,-0.3778433958127923,0.7961427024533789,-0.399172839356806,-0.46861030114773533,-0.591373597224126,0.34492627495444944,0.6759583240774952,-0.6762771856959172,-0.7879083074628513,-0.4411961288042099,-0.7389135036992569,1.5161024730623338,-0.2547661774872668,-0.2833503570705657,0.4036346427440572,1.082762907988283,-0.10722030830667466,2.0020689294351808,-0.46514828300039296,-0.1961758668313037,0.03633856587704417,-0.838099407464964,-0.4576981623339291,-0.42099167084993167,1.6993294554287643,0.5017312809433487,-0.31746745475674265,-0.8522629361245863,-0.7896813877285809,-0.12704495924087694,3.200681098755292,-0.7640668656583823,0.5943630812119223,-0.3378393178355381,2.788736093073891,-0.7079958569601353,2.245633939600729,-0.5959935263023527,0.959272634580048,-0.5855658153411121,-0.47945596442647215,2.932135911350623,-0.7828964292834533,1.1341393271770401,-0.8034837618459576,-0.48715561094645216,-0.6637916829180104,-0.7663491670022323,-0.7594435171525026,-0.4075555572450899,-0.768599907544836,-0.7472032640286799,1.9377125947007179,-0.30712133446009016,-0.460588439400217,2.514878211110536,-0.5634506610592848,0.5729213689045117,3.4954389735313565,-0.31608276529103424,-0.20550284862705917,1.033536038131835,-0.4933186807241469,-0.39819585622137077,-0.311486984613263,-0.6050884126968797,-0.7655869729006214,0.7412144017186729,-0.0851754765064221
254,-0.8063196457836549,-0.09229955952338653,-0.8145298735165075,0.1654772568208779,-0.33059812410306555,-0.3862232814004173,-0.3580018853001739,0.2575391374486415,-0.5770334502158236,-0.8233018060869453,-0.468550800726496,1.074501789012203,-0.4524586946164393,-0.3554927828534925,-0.6397809538724032,-0.18121084557343764,1.036154515882705,2.758200463761798,-0.594221409002342,-0.4697699402737618,1.5107463454115906,-0.4722018184460547,-0.7263612153261089,-0.3625844344175933,-0.49683216161022736,-0.3148669646966337,-0.6395345852979323,0.3657941013302872,-0.8340525181318775,-0.427621449165538,-0.7956960298976613,-0.3778433958127923,0.6147063527602661,0.25229618629970224,-0.28440813874689597,-0.3708004416633973,-0.4609762366213671,-0.4675187828684851,-0.5000715614916658,-0.4276393054222243,-0.7990194287265212,-0.7542685077244274,-0.2759808284297865,-0.1799449799873353,-0.32489733024806805,-0.7449192187227722,-0.11840038138065227,-0.3444333797816186,0.8887775877659422,0.8562957027961777,-0.2502485974904282,-0.4281393438295354,-0.838099407464964,-0.7979941938089693,-0.4602047549454916,2.6323724975450253,2.08725850302556,-0.47748129283977825,-0.8522629361245863,-0.7896813877285809,-0.7622697554452618,2.6490107380473575,0.7586527514641688,-0.7672934622289077,-0.8298383243921471,-0.2877220890311579,-0.06083328204227859,1.8726431743478866,-0.7627516478195191,1.1340672108519225,-0.7694746769432201,-0.4985776029534911,-0.8168938541717079,-0.7828964292834533,-0.8298928829847106,-0.21614183067201198,-0.5082045053012073,2.950915501288977,-0.444218369607431,0.2546931902239793,-0.5050475573515606,-0.6112289191040424,-0.2244397863966744,-0.28836231967797893,-0.0702363869397738,-0.48009498011681095,4.303045312298346,-0.7186712288442116,-0.667168174178847,1.4919776486437788,-0.4711773508116594,-0.31198100853745253,2.0327652080949368,-0.45252156852400244,-0.7508936916698834,-0.10348232043078355,-0.6214509982214033,1.849569211217641,-0.25325930362838367,-0.5601316652039429
255,-0.4626198820225062,-0.2850722402322139,-0.8145298735165075,-0.7877327479076812,0.1476055269621209,-0.3862232814004173,-0.00633009227446279,-0.7577268446090778,0.10423390541088669,0.8087942852748405,-0.14451843507885012,-0.013679999628627598,3.461543853968676,-0.21879983892110627,-0.1513985463362175,-0.13549670693230806,2.493702287521396,1.2646575024720736,-0.4409925773875039,-0.48939766402548573,0.13260757501788334,-0.0034376042375292245,-0.556412405001797,-0.3625844344175933,-0.4405572811137129,-0.2784240289678567,2.016891521858588,0.6329407774248236,0.9855781243613103,0.7166255478370486,-0.6208946173542383,-0.44995091409767635,-0.8367844447846362,-0.399172839356806,-0.46861030114773533,-0.6083407630364898,1.150828786530266,1.4927276861817669,-0.8524828099001687,-0.0673703033815972,-0.7990194287265212,-0.7542685077244274,-0.7647308197458192,-0.06771318373743804,-0.2833503570705657,-0.7449192187227722,-0.2899951370047859,-0.4037366476503546,1.0743261447108152,1.9889619763360955,0.39862417041906584,-0.3188504238985755,-0.463947886275248,0.22289390061615127,-0.4405982128977116,2.1162210274381574,1.0302403549707526,-0.47748129283977825,-0.29956323695170284,0.23765779838839335,0.9845984341167966,2.373175557693391,-0.08730259138169293,-0.0864651905084927,-0.8298383243921471,-0.7272161150461649,-0.7079958569601353,1.6718019930578945,0.23779708128347932,-0.7886731281386982,-0.03383923053478791,-0.4603343258994532,-0.027624429851217113,-0.6075949448939653,-0.47279611750075595,0.9585420316758791,-0.48715561094645216,-0.4994868109086019,-0.1220875722126297,-0.3248134997054389,-0.44655235728767817,2.064077884389449,0.6468326763233347,1.0815299353242962,-0.12945762381985287,-0.44108189868362296,2.898056875650781,5.334930914767938,-0.8443238231907555,1.1113199969151393,-0.7813665218529099,-0.3652200884926492,2.0327652080949368,-0.5137172368242192,-0.7508936916698834,-0.25948581856764313,-0.21238636010831524,0.051649334636335656,1.0727056368343586,-0.24349420607226235
256,-0.8063196457836549,-0.130854095665152,-0.44943356086903663,-0.025164744124833896,-0.808801775168252,-0.3862232814004173,-0.3580018853001739,0.4267501344582614,1.97771913338434,-0.4606137857843262,-0.468550800726496,-0.7909527058006495,2.3656231403648436,-0.264364153565235,-0.8025750897177983,0.04735984763221022,-0.5833430081602851,0.14450028150478078,-0.594221409002342,-0.273492702756522,1.0513667552803547,-0.15969234230703772,-0.3864635946774852,-0.08046146957352757,-0.49683216161022736,-0.13265228605274848,-0.8055612169952149,0.5626390205578403,-0.8340525181318775,0.5531616911223933,-0.7956960298976613,0.631661860175584,0.07039730368092774,-0.33994838247894155,-0.6528124635485747,-0.5574392655993985,-0.7833372412516937,0.6759583240774952,-0.8524828099001687,-0.7879083074628513,-0.2622844788430542,-0.5085884433216987,-0.6018141559738084,-0.2547661774872668,-0.0340685180055519,-0.7449192187227722,-0.8047794038771868,-0.10722030830667466,-0.7811594247379158,-0.6539259952570459,-0.0339576748539302,-0.34617265388131546,1.4068097196733322,1.0736339793037517,-0.4994178390410515,1.2625859037998763,-0.555286867111459,0.3225878975753998,1.3585358605669473,-0.10478859698393139,-0.6034635563941656,1.600837052702283,-0.5948757970892099,-0.4268793263687002,-0.8298383243921471,-0.7272161150461649,0.5863292928755782,4.454886933790642,1.5718620534208105,0.43488890576442407,-0.7694746769432201,-0.4985776029534911,-0.8168938541717079,-0.6075949448939653,-0.47279611750075595,-0.6077031181213091,-0.40296003352743176,-0.828096554927419,-0.444218369607431,1.5585832425651702,-0.4075555572450899,-0.768599907544836,0.4725781837793329,1.0815299353242962,-0.36634257134016923,-0.421575357967029,3.766595181942003,-0.40823009327435783,-0.49001252516693866,3.3752312940381017,-0.005893594249783797,-0.3652200884926492,0.8669978431379848,-0.43212301242393025,0.13085089695139818,-0.36348815065888285,-0.5723632416478327,-0.60213971139323,-0.750496156301912,-0.7184503947697831
257,-0.8063196457836549,-0.2850722402322139,-0.8145298735165075,-0.7877327479076812,3.654432301440155,-0.3862232814004173,-0.21733316808988945,1.4420161165159806,-0.7473502891225012,0.2647622548209119,2.771772855749963,1.2299563302466074,-0.4524586946164393,-0.12767120963284875,0.011395589509177712,-0.31835326149682636,0.06445600145691095,0.14450028150478078,0.3251515806866863,-0.273492702756522,-0.020518955025861915,-0.7847112945850717,1.4829733188899452,-0.249735248479967,-0.29049093312300767,0.8877499143530089,0.6886784682803279,0.5626390205578403,1.9781039293575946,0.06277012097842767,0.4279138579062995,0.054801713896511846,0.4332700030671533,-0.04382609808961965,-0.28440813874689597,-0.6083407630364898,0.02256527032412281,-0.4675187828684851,-0.5000715614916658,1.013436702740284,-0.6201077787653655,-0.7542685077244274,1.027352481746301,-0.03030258498747228,0.1321193747044573,-0.5808400956560823,-0.8047794038771868,-0.3444333797816186,-0.22451375390329645,1.6114065518227896,-0.0880304055130547,-0.34617265388131546,0.6585066772939002,-0.11740213085888894,-0.3817785867543717,1.6199215369507847,-0.731456558453927,0.9626432499075422,-0.11533000389407506,0.7513273914468804,-0.7622697554452618,2.5662601839411674,0.9278438200333411,-0.0864651905084927,-0.1738396489833351,-0.2877220890311579,1.233491867793435,2.76208269148928,0.07103895976631291,-0.08949482305119973,-0.7694746769432201,-0.4029694103183965,-0.8168938541717079,2.021927320948354,0.9555909444350628,1.5458839628498247,-0.5082045053012073,-0.828096554927419,0.2000432251821716,-0.614566844670148,-0.4075555572450899,-0.45385793066324875,0.2983236912353311,-0.11712578780269454,-0.36634257134016923,-0.4996015208334049,3.562233227520539,0.2126521778653499,-0.667168174178847,2.0329122063634246,-0.7813665218529099,0.4333661108353009,0.7004596481441344,-0.18734033922306342,-0.22184693849711443,-0.10348232043078355,-0.6050884126968797,-0.7655869729006214,0.24397754904514463,-0.7184503947697831
258,-0.6344697639030806,-0.130854095665152,-0.8145298735165075,-0.7877327479076812,-0.808801775168252,0.034630231956201775,0.02883708702810832,2.28807110156408,0.10423390541088669,0.44610626497222144,-0.7925831663741418,0.9190472477777987,-0.7655788985032485,-0.3554927828534925,0.011395589509177712,-0.22692498421456722,-0.421393255755986,-0.41557832897886565,-0.594221409002342,-0.4501422165220378,-0.6330250752008428,0.30907187190148777,-0.556412405001797,0.03238771636409874,-0.45931557461255107,-0.3148669646966337,-0.6395345852979323,0.6751218315450136,0.15847328686440676,-0.427621449165538,-0.09649037972396941,-0.44995091409767635,-0.8367844447846362,-0.33994838247894155,-0.46861030114773533,-0.5744064314117623,-0.7833372412516937,-0.7942265277101938,0.38095655952959173,-0.4276393054222243,0.09553882107925708,-0.6774934875985748,0.5386024904302681,0.15675040876235652,-0.36644430342557033,-0.7449192187227722,-0.2899951370047859,0.01138622743079732,-0.22451375390329645,1.8001842640794425,0.18233324778256782,-0.34617265388131546,-0.27687212568039,-0.7979941938089693,-0.4994178390410515,3.4860076211833064,0.3255615896008807,-0.6374951309228138,0.2531364622211805,0.06643460070223098,0.03176123981021927,2.4559261117995805,-0.7640668656583823,0.764570149142026,-0.8298383243921471,-0.43422009770282693,-0.7079958569601353,2.3317087315821543,0.07103895976631291,-0.2642893993230743,-0.7694746769432201,-0.11614483241311288,0.7616449944692737,1.1454198990009143,3.8123650683067,-0.020361186947363465,-0.46610671659169706,-0.828096554927419,-0.444218369607431,-0.7594435171525026,-0.427053957266384,1.1198519537446872,-0.7472032640286799,0.2253472759478742,-0.36634257134016923,-0.48009498011681095,2.157244790872974,0.5230933134352038,-0.667168174178847,1.6923237811325367,-0.005893594249783797,0.007453471193727517,-0.631845911806668,-0.411724456323858,0.8362465678484234,-0.311486984613263,-0.5396380705987857,-0.7655869729006214,0.5754687841608302,-0.7184503947697831
259,-0.6344697639030806,0.37035487417779905,0.28075906442590515,-0.025164744124833896,-0.808801775168252,0.09475216243571878,-0.3228347059976028,-0.25009385358021813,-0.7473502891225012,-0.2792697756330167,-0.6305669835503189,-0.7909527058006495,-0.13933849072963006,-0.3554927828534925,-0.3141926821816127,-0.18121084557343764,1.198104268287004,0.14450028150478078,-0.74745024061718,-0.39125904526686583,0.28573410506162855,1.5591097764575557,0.12338283629545041,0.6530582390210434,-0.49683216161022736,-0.09620935032397142,-0.8055612169952149,1.982734509270902,-0.17236864813435468,0.06277012097842767,0.9523180955365684,-0.44995091409767635,-0.8367844447846362,-0.2214994687232128,0.26819834845562224,-0.6083407630364898,-0.6221567389365305,-0.7942265277101938,3.2002465467976156,0.11276419763871634,-0.6201077787653655,-0.769623511749598,-0.2759808284297865,-0.3669979737371641,-0.2418033838930634,-0.41676097258939243,1.082762907988283,-0.4037366476503546,-0.22451375390329645,0.4787402782828718,-0.1421031361721792,-0.2915281939158355,-0.27687212568039,-0.4576981623339291,-0.4602047549454916,1.4015497611363408,-0.731456558453927,-0.7975089690058494,0.9900693944516917,-0.10478859698393139,-0.7622697554452618,4.8005251448083,-0.5948757970892099,1.445398420862441,-0.665838655539944,0.298269945655518,-0.7079958569601353,2.704699496834997,0.07103895976631291,-0.6138785518668235,-0.21774809213689597,-0.47945596442647215,0.7616449944692737,1.1454198990009143,-0.47279611750075595,-0.8034837618459576,-0.5082045053012073,0.3220375491384407,1.3275010160639762,0.3995698627063339,-0.48554915733026643,1.7493359075078616,-0.05018529385267257,0.7390568715737273,-0.18867886069993195,-0.1679903286513073,1.799611370635412,-0.5634506610592848,0.7500770179164202,1.0912853836662635,-0.31608276529103424,-0.04578560876146916,1.3666124281195355,-0.3505287880236413,-0.7508936916698834,0.36452817397979526,-0.6050884126968797,0.8688856421732927,1.2384512543922013,0.5480994417569389
260,0.22477964549979124,-0.3621813125157448,0.09821090810216972,0.35611925776658976,-0.17119690708133672,-0.32610135092090026,-0.00633009227446279,-0.25009385358021813,-0.7473502891225012,-0.6419577959356357,-0.468550800726496,0.4526836240745855,-0.6090187965598439,-0.1732355242769775,0.49977799704536335,0.0016457089910806458,0.06445600145691095,-0.7889640693012967,1.8574398968350667,-0.5090253877772097,-0.4798985451570976,-0.6284565565155632,0.12338283629545041,-0.1368860625423407,-0.32800752012068396,-0.2419810932390796,-0.8055612169952149,0.5907597233046337,-0.6686315506324968,1.0435532612663592,-0.7956960298976613,-0.3778433958127923,-0.11103904601218505,-0.2807239256010772,-0.8370146259494141,-0.6083407630364898,-0.6221567389365305,0.022542834394077883,0.38095655952959173,-0.4276393054222243,-0.4411961288042099,-0.3243283950196522,-0.7647308197458192,-0.32958737498719837,0.007478455171950403,-0.5808400956560823,-0.6331846482530531,-0.4037366476503546,-0.7811594247379158,0.1011848537695659,-0.2502485974904282,-0.37349488386405544,-0.838099407464964,-0.7979941938089693,-0.4798112969932716,2.7713363548814898,2.615767577052964,1.442684764156649,-0.4837964700093306,0.23765779838839335,0.6669860360146042,3.366182206967672,-0.5948757970892099,-0.7672934622289077,-0.8298383243921471,-0.7272161150461649,0.424538649146114,4.885260893697768,1.2383458103864777,0.6096834820362987,-0.7694746769432201,-0.4603343258994532,0.7616449944692737,0.09361099266398654,0.06284903072517607,-0.4119224743966605,0.06011564227718062,-0.828096554927419,0.03897782648477095,-0.7594435171525026,-0.5050475573515606,-0.2964869422224552,1.8666141241313476,-0.28836231967797893,-0.0702363869397738,-0.4996015208334049,2.795875898440049,0.36787274565027683,-0.8443238231907555,1.752427620879164,1.8552414319977186,-0.3652200884926492,-0.7983841068005183,-0.43212301242393025,-0.04549802077285813,-0.36348815065888285,-0.5887258271723562,-0.43869244988583855,-0.5847505387440692,0.07314325305941816
261,-0.8063196457836549,-0.32362677637397935,0.09821090810216972,-0.5970907469619694,0.7852103950490362,-0.3862232814004173,-0.14699880948474722,-0.25009385358021813,0.10423390541088669,-0.6419577959356357,-0.6305669835503189,-0.7909527058006495,0.17378171315717916,-0.3554927828534925,-0.8025750897177983,-0.044068429650048924,-0.421393255755986,-0.6022711991400812,-0.594221409002342,-0.21460953150135004,0.8982402252366095,-0.7847112945850717,-0.7263612153261089,-0.19331065551115387,-0.45931557461255107,-0.05976641459519438,-0.8055612169952149,0.14082847935594084,0.3238942543637875,0.7166255478370486,-0.4460932048108154,-0.3778433958127923,-0.29247539570529785,0.07462281566610911,0.08399618605478285,-0.591373597224126,-0.6221567389365305,-0.7942265277101938,-0.8524828099001687,-0.7879083074628513,0.2744504710404127,-0.7389135036992569,-0.7647308197458192,-0.2547661774872668,-0.36644430342557033,-0.2526818495227025,-0.6331846482530531,-0.3444333797816186,-0.4100623108481696,1.9889619763360955,-0.1961758668313037,-0.4281393438295354,-0.838099407464964,-0.11740213085888894,-0.4602047549454916,3.049264069554418,-0.731456558453927,-0.31746745475674265,-0.8522629361245863,1.949889775250017,0.1905674388613155,3.531683315180052,-0.7640668656583823,-0.7672934622289077,3.434153065765131,-0.2877220890311579,0.10095736168718561,2.5038583155450045,0.23779708128347932,-0.7886731281386982,-0.7694746769432201,-0.42209104884541543,-0.8168938541717079,1.4960228677798901,-0.2942477347587786,0.3712001005019336,-0.48715561094645216,-0.6637916829180104,-0.6052837683048317,-0.7594435171525026,-0.34906035718120754,-0.768599907544836,-0.7472032640286799,1.0815299353242962,-0.36634257134016923,-0.30453611366746514,3.153509318677611,0.8335344490050577,-0.8443238231907555,1.2315276764083938,-0.31608276529103424,0.3268879509249075,-0.7983841068005183,-0.5137172368242192,-0.7508936916698834,-0.15548348647640342,-0.4741877285006915,-0.43869244988583855,-0.750496156301912,-0.7184503947697831
262,-0.6344697639030806,-0.3621813125157448,-0.6319817171927721,0.1654772568208779,0.1476055269621209,-0.3862232814004173,-0.14699880948474722,-0.5885158475994579,2.488669650104373,-0.4606137857843262,-0.7925831663741418,-0.16913454086303198,-0.6090187965598439,-0.1732355242769775,-0.8025750897177983,-0.31835326149682636,-0.745292760564584,-0.41557832897886565,4.309101202672475,-0.5090253877772097,2.7357585857615523,-0.7847112945850717,0.12338283629545041,0.4837844601146039,-0.49683216161022736,-0.35130990042541077,2.1829181535558706,1.462501508455226,-0.6686315506324968,-0.7545491625948485,-0.09649037972396941,-0.16152084095814023,-0.11103904601218505,0.4299695569332954,-0.10020597634605656,-0.48957060234994354,5.1803413444093485,-0.6308726552893394,0.38095655952959173,-0.7879083074628513,-0.7990194287265212,-0.7235584996740864,-0.7647308197458192,-0.3669979737371641,-0.32489733024806805,-0.7449192187227722,-0.8047794038771868,-0.4037366476503546,-0.4100623108481696,-0.8427037075136988,-0.0339576748539302,-0.34617265388131546,0.28435515610418416,0.05274588487863117,-0.24453279241991188,1.540513618472805,-0.37911717576899107,0.6426155737414709,3.7535678903161083,-0.7896813877285809,0.03176123981021927,3.3110151708968787,-0.7640668656583823,-0.597086394298804,-0.8298383243921471,-0.2877220890311579,1.233491867793435,2.876849080797847,-0.09571916175085349,-0.6138785518668235,0.5178873542715363,-0.42209104884541543,-0.027624429851217113,-0.4322934605044773,-0.47279611750075595,2.5247871814730676,-0.48715561094645216,-0.6637916829180104,-0.28315297091003033,1.5585832425651702,-0.19307315701085448,-0.768599907544836,-0.572948771484678,1.4240029990748646,0.7588609293813334,-0.4996015208334049,2.617059188321268,-0.7186712288442116,1.4586996139640538,1.8726353003724185,0.45939016231209184,-0.20550284862705917,-0.4653077168128177,-0.5137172368242192,-0.04549802077285813,-0.25948581856764313,-0.6214509982214033,0.051649334636335656,-0.08751368607054091,-0.0851754765064221
263,0.05292976361921688,0.13902765732720626,2.1062406276632597,-0.5970907469619694,-0.17119690708133672,0.1548740929152358,-0.3228347059976028,-0.7577268446090778,0.10423390541088669,-0.8233018060869453,0.5035462962164416,2.1626835776530333,0.4869019170439884,-0.264364153565235,-0.6397809538724032,-0.08978256829117849,0.550305258669808,-0.41557832897886565,-0.4409925773875039,-0.4501422165220378,-0.7861516052445882,-0.6284565565155632,-0.7263612153261089,-0.249735248479967,-0.47807386811138924,0.04956239259113676,-0.14145469020608475,0.9703892103863432,0.15847328686440676,0.5531616911223933,0.4279138579062995,0.2711242687511639,-0.6553480950915234,-0.399172839356806,-0.46861030114773533,-0.523504933974671,-0.7833372412516937,-0.6308726552893394,-0.8524828099001687,-0.4276393054222243,-0.6201077787653655,-0.7849785157747685,-0.2759808284297865,-0.2921767762372326,-0.32489733024806805,0.7317928888774371,-0.8047794038771868,-0.22582684404414663,1.8165203724903074,-0.46514828300039296,0.29047870910081686,-0.2915281939158355,1.4068097196733322,0.05274588487863117,-0.18571316627657194,2.2948888440136117,-0.37911717576899107,-0.7975089690058494,-0.4837964700093306,-0.7896813877285809,0.1905674388613155,3.3385986889322754,-0.7640668656583823,2.807054964303271,0.31815935757327385,-0.43422009770282693,0.2627480054166498,3.6228306113035322,-0.7627516478195191,0.08529975322067489,-0.401656953739004,-0.42209104884541543,-0.8168938541717079,-0.7828964292834533,5.240752130242519,0.5669807442265821,-0.2135199843346358,-0.6637916829180104,0.6832394212743735,1.1239532251181066,-0.271066757096031,-0.45385793066324875,-0.2244397863966744,-0.6308353834285477,-0.24790009758001105,-0.07045762506833742,3.051328341466879,1.2991961523598385,1.6358552629759622,3.315127454291474,-0.4711773508116594,-0.3652200884926492,0.36738325815643386,-0.37092734412371353,0.4835487323999108,-0.36348815065888285,-0.5887258271723562,0.5419911191585098,-0.41900492118622645,-0.4018129356381026
264,0.05292976361921688,0.17758219346897175,1.7411443150157888,-0.7877327479076812,-0.808801775168252,-0.08561362900283224,-0.07666445087960501,-0.419304850589838,-0.7473502891225012,1.3528263157287692,2.2857243072784943,-0.7909527058006495,3.6181039559120807,-0.3554927828534925,-0.8025750897177983,-0.31835326149682636,-0.745292760564584,-0.6022711991400812,-0.594221409002342,-0.5090253877772097,0.13260757501788334,-0.6284565565155632,-0.7263612153261089,-0.30615984144878017,-0.49683216161022736,-0.023323478866417332,0.19059857318848028,0.12676812798254417,0.9855781243613103,-0.427621449165538,-0.7956960298976613,-0.16152084095814023,0.07039730368092774,-0.399172839356806,-0.6528124635485747,-0.3538332758510335,-0.6221567389365305,-0.7942265277101938,1.4381903047551006,-0.24750480440191075,-0.4411961288042099,-0.7849785157747685,-0.7647308197458192,-0.2547661774872668,-0.36644430342557033,-0.41676097258939243,1.5975471748606838,-0.4037366476503546,0.14658335998644975,-0.8427037075136988,-0.1961758668313037,-0.2915281939158355,1.0326581984836163,-0.11740213085888894,-0.4405982128977116,1.8779972720042186,-0.731456558453927,-0.31746745475674265,-0.8522629361245863,-0.44723499235625613,-0.7622697554452618,3.173097580719895,3.296518780001754,0.764570149142026,-0.665838655539944,-0.2877220890311579,-0.22262392577174278,4.397503739136359,-0.5959935263023527,0.43488890576442407,-0.401656953739004,-0.3647261332643587,0.564327638389151,-0.08169049172550143,-0.8298928829847106,0.17541945677728507,-0.2345688786893909,0.3220375491384407,0.5221740225769729,-0.0350601547407298,-0.48554915733026643,-0.2964869422224552,0.6468326763233347,-0.6308353834285477,0.22586979746062164,-0.4996015208334049,4.6862239768385905,1.1439755845749116,-0.667168174178847,2.072981432861176,-0.7813665218529099,-0.3652200884926492,1.2000742331256853,-0.39132590022378577,-0.39819585622137077,-0.10348232043078355,-0.1796611890592682,-0.60213971139323,-0.750496156301912,0.2314619826252584
265,1.084029054902663,-0.32362677637397935,-0.8145298735165075,1.309329262495149,-0.33059812410306555,0.034630231956201775,-0.14699880948474722,0.08832814043902161,-0.7473502891225012,0.9901382954261501,0.01749774774497282,1.2299563302466074,-0.7655788985032485,-0.03654258034459124,2.1277193554993157,0.3673588181201172,-0.5833430081602851,1.6380432427945049,-0.594221409002342,-0.48939766402548573,-0.17364548506960717,-0.15969234230703772,-0.7263612153261089,-0.08046146957352757,-0.4405572811137129,-0.35130990042541077,-0.6395345852979323,0.11270777660914753,-0.17236864813435468,-0.7545491625948485,0.2531124453628765,-0.0894133226732562,-0.6553480950915234,0.07462281566610911,-0.28440813874689597,-0.591373597224126,0.5061067772696127,-0.7942265277101938,1.7906015531636035,1.5538402058012248,-0.7990194287265212,-0.769623511749598,-0.4388974922017974,-0.3669979737371641,-0.2833503570705657,-0.5808400956560823,-0.8047794038771868,-0.4037366476503546,-0.03896519695842335,-0.46514828300039296,-0.35839405880867725,-0.4008171138467954,-0.27687212568039,0.9034859635662317,-0.16610662422879197,2.8507442733594694,4.025125107792707,-0.47748129283977825,-0.8522629361245863,1.949889775250017,0.5081798369635079,3.1179305446491017,0.25107954575665176,-0.597086394298804,-0.8298383243921471,-0.7272161150461649,-0.22262392577174278,3.2785314433778314,-0.5959935263023527,0.08529975322067489,-0.7694746769432201,-0.44121268737243435,-0.6195764980915852,-0.7828964292834533,-0.8298928829847106,-0.8034837618459576,-0.42400892788218686,0.4863424211478492,-0.7663491670022323,0.6893232076710429,-0.4660507573089723,0.1756260230999256,-0.05018529385267257,1.2527664671995804,0.462754744980938,-0.38256227653384106,3.383416517401758,-0.7186712288442116,-0.667168174178847,3.1348159350515923,-0.6262719363322846,0.007453471193727517,0.7004596481441344,-0.5137172368242192,-0.39819585622137077,0.052521177706076054,-0.6050884126968797,-0.7655869729006214,-0.750496156301912,-0.7184503947697831
266,-0.8063196457836549,0.1004731211854408,-0.2668854045453012,-0.7877327479076812,-0.808801775168252,-0.20585748996186626,-0.3580018853001739,-0.7577268446090778,-0.23639977240246846,-0.2792697756330167,-0.30653461790267306,-0.16913454086303198,-0.13933849072963006,0.10015036358779503,0.8253662687361538,0.27593054083785806,-0.745292760564584,-0.042192588656434694,0.17192274907184826,-0.4501422165220378,-0.6330250752008428,-0.6284565565155632,0.2933316466197623,-0.3625844344175933,-0.49683216161022736,0.1588911997774679,-0.8055612169952149,0.9422685076395498,-0.3377896156337354,-0.10069373573622757,-0.7956960298976613,-0.0894133226732562,0.2518336533740405,-0.33994838247894155,-0.28440813874689597,-0.6083407630364898,0.8284677818999393,-0.14081103802677644,-0.8524828099001687,0.8333022017199705,-0.7990194287265212,-0.769623511749598,-0.7647308197458192,0.30639280376221956,-0.0340685180055519,0.07547639661067736,-0.8047794038771868,-0.4037366476503546,-0.7811594247379158,-0.8427037075136988,-0.1421031361721792,0.09098302584252412,-0.651023646870106,-0.7979941938089693,-0.28374587651547184,1.5008096592338152,2.615767577052964,-0.47748129283977825,-0.8522629361245863,-0.7896813877285809,-0.12704495924087694,3.8626855316048125,-0.7640668656583823,0.4241560132818185,-0.1738396489833351,0.151771936983849,0.5863292928755782,2.6473163021807133,0.07103895976631291,2.3576292447550444,-0.7694746769432201,-0.4985776029534911,-0.8168938541717079,-0.7828964292834533,-0.8298928829847106,1.1543226754005278,-0.42400892788218686,0.15773267712903216,-0.6052837683048317,1.268829897600461,-0.271066757096031,0.018255034659132002,0.4725781837793329,-0.802071915303832,-0.36634257134016923,-0.40206881725043503,3.434507006007124,-0.7186712288442116,0.9272326669283286,0.9310084776752572,-0.7813665218529099,0.3268879509249075,-0.2987695218189674,-0.4933186807241469,0.13085089695139818,-0.15548348647640342,-0.37601221535355045,-0.7655869729006214,0.9069600192765157,-0.24349420607226235
267,-0.6344697639030806,-0.16940863180691748,-0.6319817171927721,-0.4064487460162575,-0.33059812410306555,-0.20585748996186626,-0.3228347059976028,-0.7577268446090778,-0.40671661130914605,-0.8233018060869453,2.447740490102317,-0.7909527058006495,1.1131423248176069,-0.264364153565235,-0.3141926821816127,-0.22692498421456722,0.06445600145691095,0.3311931516659963,2.0106687284499047,-0.5090253877772097,0.4388606351053738,0.9340908241795217,0.12338283629545041,-0.1368860625423407,-0.49683216161022736,-0.3148669646966337,1.1867583633721754,0.08458707386235423,-0.8340525181318775,-0.427621449165538,-0.6208946173542383,0.12690923218139588,-0.8367844447846362,-0.33994838247894155,2.4786242972656947,-0.455636270725216,-0.7833372412516937,1.1660199413400583,1.7906015531636035,0.6531677006996569,-0.7990194287265212,-0.769623511749598,1.1902691455183119,-0.2547661774872668,-0.2002564107155611,1.5521885042108867,-0.6331846482530531,-0.22582684404414663,-0.7811594247379158,1.0450734150528307,0.18233324778256782,0.11830525582526409,0.4714309166990422,-0.4576981623339291,-0.4798112969932716,1.2427339241803814,0.5017312809433487,1.442684764156649,-0.8522629361245863,-0.27601179467009374,-0.7622697554452618,5.986616420330359,0.9278438200333411,-0.0864651905084927,-0.665838655539944,0.298269945655518,-0.7079958569601353,4.91395249102491,-0.5959935263023527,-0.7886731281386982,0.5178873542715363,-0.4603343258994532,1.3535970627096416,-0.7828964292834533,-0.8298928829847106,0.7627613879512306,-0.5082045053012073,-0.828096554927419,0.5221740225769729,4.166363347247552,-0.23206995705344274,-0.45385793066324875,-0.05018529385267257,-0.802071915303832,0.6404184556211753,-0.34354919510065307,2.438242478202487,-0.40823009327435783,-0.8443238231907555,1.311666129403897,-0.7813665218529099,-0.31198100853745253,-0.2987695218189674,-0.22813745142320788,-0.7508936916698834,-0.10348232043078355,-0.457825142976168,-0.43869244988583855,-0.5847505387440692,-0.7184503947697831
268,-0.8063196457836549,-0.053745023381621064,0.28075906442590515,0.1654772568208779,-0.33059812410306555,0.09475216243571878,-0.28766752669503165,-0.7577268446090778,1.97771913338434,0.2647622548209119,0.01749774774497282,0.9190472477777987,0.9565822228742022,-0.30992846820936376,0.011395589509177712,-0.22692498421456722,-0.5833430081602851,3.50497194440666,1.2445245703757146,-0.5090253877772097,0.28573410506162855,1.7153645145270642,-0.7263612153261089,0.03238771636409874,-0.02787482413927351,-0.35130990042541077,-0.6395345852979323,0.33767339858349393,-0.6686315506324968,-0.427621449165538,-0.4460932048108154,-0.0894133226732562,1.8847608006120555,-0.10305055496748404,0.26819834845562224,-0.523504933974671,-0.2997957343062038,-0.7942265277101938,-0.14766031308316277,-0.0673703033815972,0.45336212100156836,-0.6621384835734042,-0.2759808284297865,-0.2921767762372326,-0.36644430342557033,0.2395555196773673,-0.46158989262891953,0.01138622743079732,-0.7811594247379158,0.6675179905395248,-0.35839405880867725,-0.4281393438295354,-0.27687212568039,1.584078026516312,-0.42099167084993167,3.585267519280781,0.6779009722858166,0.4826017356584354,1.1743026275093196,-0.44723499235625613,-0.7622697554452618,3.807518495534019,0.25107954575665176,0.08374187742161104,-0.3378393178355381,-0.580718106374496,-0.7079958569601353,3.020307067433556,-0.2624772832680199,2.18283466848317,0.15006963106732016,-0.3456044947373398,-0.8168938541717079,1.3207213833904021,2.3839780063708815,0.5669807442265821,-0.5082045053012073,-0.17087706688978485,1.8106972121561782,-0.46969017218779346,-0.4660507573089723,0.9624809653038936,-0.7472032640286799,0.9102934034490118,-0.30712133446009016,-0.3630557358172471,3.076873585769562,-0.40823009327435783,-0.8443238231907555,2.2933621785988096,-0.7813665218529099,0.22040979101451422,-0.2987695218189674,-0.5137172368242192,-0.39819585622137077,-0.20748465252202328,-0.6214509982214033,2.5033582572472066,0.24397754904514463,0.7064181713227792
269,-0.8063196457836549,-0.2850722402322139,0.645855377073376,2.8344652700608433,-0.4899993411247944,-0.2659794204413833,-0.3228347059976028,-0.25009385358021813,-0.7473502891225012,-0.8233018060869453,0.5035462962164416,0.4526836240745855,-0.13933849072963006,-0.3554927828534925,-0.6397809538724032,-0.08978256829117849,-0.745292760564584,-0.22888545881765018,0.47838041230152434,-0.5090253877772097,0.13260757501788334,-0.3159470803765462,-0.7263612153261089,0.2016614952705382,-0.45931557461255107,-0.35130990042541077,-0.8055612169952149,-0.871516819528618,1.4818410268594526,-0.427621449165538,-0.6208946173542383,-0.23362835924302425,-0.6553480950915234,-0.399172839356806,-0.6528124635485747,-0.5744064314117623,1.3120092888454293,-0.6308726552893394,0.028545311121088726,1.013436702740284,0.8111854209238797,-0.6928484916237453,-0.2759808284297865,-0.2921767762372326,-0.36644430342557033,-0.7449192187227722,-0.2899951370047859,-0.2851301119128826,4.043103055828785,-0.8427037075136988,-0.0880304055130547,4.87237327282202,-0.651023646870106,0.22289390061615127,-0.26413933446769183,2.69192843640351,0.8540706636282845,-0.7975089690058494,2.648168491970342,-0.44723499235625613,-0.7622697554452618,-0.3851762458462796,-0.25649365995086526,-0.7672934622289077,3.434153065765131,0.151771936983849,1.233491867793435,-0.39399301449631025,-0.7627516478195191,-0.6138785518668235,-0.5855658153411121,-0.32648285621032086,-0.8168938541717079,0.7948169302219383,-0.11569935201680126,-0.8034837618459576,-0.17142219562512556,0.4863424211478492,0.03897782648477095,-0.7594435171525026,-0.48554915733026643,-0.768599907544836,1.518105139043344,3.1363683178277086,-0.12945762381985287,-0.20700341008449524,-0.42282488369800897,-0.5634506610592848,-0.667168174178847,3.2950928410425986,-0.7813665218529099,0.3268879509249075,-0.7983841068005183,-0.411724456323858,-0.7508936916698834,0.8325386683903739,2.503802836962589,-0.27524518837844714,0.24397754904514463,-0.7184503947697831
270,-0.8063196457836549,-0.32362677637397935,-0.2668854045453012,-0.5970907469619694,-0.6494005581465232,-0.20585748996186626,-0.14699880948474722,-0.25009385358021813,-0.40671661130914605,-0.8233018060869453,0.6655624790402646,-0.7909527058006495,-0.7655788985032485,-0.03654258034459124,-0.6397809538724032,-0.13549670693230806,-0.5833430081602851,0.5178860218272118,-0.2877637457726659,-0.4697699402737618,-0.3267720151133524,-0.3159470803765462,-0.7263612153261089,-0.02403687660471441,-0.49683216161022736,-0.35130990042541077,-0.8055612169952149,-0.6465511975542716,-0.3377896156337354,0.38969783440773814,2.001126570797106,-0.23362835924302425,-0.29247539570529785,0.3115206431775666,0.26819834845562224,-0.455636270725216,-0.7833372412516937,-0.7942265277101938,-0.32386593728741425,1.1935712037605974,-0.7990194287265212,-0.7542685077244274,-0.7647308197458192,-0.1799449799873353,-0.32489733024806805,-0.5808400956560823,-0.6331846482530531,-0.3444333797816186,-0.7811594247379158,-0.8427037075136988,-0.2502485974904282,2.7685615641510415,0.0972793955093261,-0.11740213085888894,-0.4994178390410515,2.969856151076439,-0.731456558453927,-0.7975089690058494,-0.6680297030669584,-0.27601179467009374,1.9374356284233738,-0.3851762458462796,-0.5948757970892099,-0.7672934622289077,1.9581560460953038,-0.43422009770282693,-0.7079958569601353,-0.16446023587917638,-0.09571916175085349,-0.7886731281386982,-0.21774809213689597,-0.4603343258994532,-0.6195764980915852,-0.4322934605044773,-0.8298928829847106,-0.4119224743966605,-0.3187644561084113,-0.828096554927419,-0.7663491670022323,-0.7594435171525026,-0.36855875720250164,-0.13911595378166158,-0.7472032640286799,-0.4595988515532633,-0.24790009758001105,-0.421575357967029,-0.42282488369800897,-0.7186712288442116,-0.3128568761550302,2.553812150834195,-0.160988179770409,-0.31198100853745253,-0.7983841068005183,-0.4729201246240747,2.247037909642474,-0.311486984613263,0.6384680871669077,-0.27524518837844714,1.569942489507887,-0.0851754765064221
271,-0.8063196457836549,-0.09229955952338653,-0.8145298735165075,0.9280452606037252,0.7852103950490362,0.2751179538742698,-0.3580018853001739,4.318603065679518,-0.7473502891225012,-0.09792576548170716,0.6655624790402646,-0.7909527058006495,0.3303418151005838,-0.3554927828534925,-0.3141926821816127,-0.31835326149682636,-0.745292760564584,-0.6022711991400812,-0.74745024061718,-0.39125904526686583,-0.7861516052445882,1.4028550383880471,-0.7263612153261089,0.6530582390210434,-0.47807386811138924,-0.35130990042541077,-0.3074813219033673,-0.7871547112882381,-0.6686315506324968,0.2262339776930829,-0.7956960298976613,-0.44995091409767635,-0.6553480950915234,-0.2214994687232128,0.26819834845562224,-0.48957060234994354,-0.4609762366213671,-0.7942265277101938,0.9095734321423462,-0.4276393054222243,-0.7990194287265212,-0.7389135036992569,-0.4388974922017974,-0.2921767762372326,-0.36644430342557033,1.0599511350108168,-0.2899951370047859,0.0706894952995333,-0.7811594247379158,0.28996256602621884,-0.2502485974904282,3.1510727839094015,0.28435515610418416,-0.7979941938089693,-0.28374587651547184,1.778737373906744,-0.731456558453927,-0.7975089690058494,0.2531364622211805,0.23765779838839335,-0.7622697554452618,-0.24725865566929606,-0.7640668656583823,-0.597086394298804,-0.8298383243921471,0.7377639716705249,-0.7079958569601353,-0.3653014171691685,-0.5959935263023527,0.7844780583081733,-0.5855658153411121,-0.44121268737243435,0.9589623505493964,0.9701184146114263,0.9555909444350628,-0.020361186947363465,-0.38191113917267666,-0.828096554927419,1.3275010160639762,4.4561166922122615,-0.48554915733026643,2.378819861271036,0.4725781837793329,0.2253472759478742,-0.30712133446009016,-0.4996015208334049,-0.29509866218459396,-0.2530095254894309,-0.8443238231907555,2.3534660183454372,-0.31608276529103424,-0.31198100853745253,-0.631845911806668,-0.4729201246240747,-0.39819585622137077,-0.36348815065888285,1.71839873178546,0.21509659614372706,-0.750496156301912,-0.7184503947697831
272,-0.8063196457836549,-0.2465177040904484,-0.8145298735165075,-0.7877327479076812,0.6258091780273074,0.1548740929152358,-0.3228347059976028,0.5959611314678812,1.126134938850952,0.8087942852748405,-0.30653461790267306,3.2508653662938642,-0.29589859267303464,0.10015036358779503,-0.47698681802700793,-0.08978256829117849,-0.745292760564584,0.3311931516659963,0.6316092439163624,-0.48939766402548573,-0.6330250752008428,0.6215813480405047,-0.2165147843531733,0.03238771636409874,-0.49683216161022736,-0.35130990042541077,-0.8055612169952149,-0.7730943599148414,-0.8340525181318775,-0.7545491625948485,-0.6208946173542383,0.054801713896511846,1.3404517515327172,-0.33994838247894155,3.583837271670731,-0.6083407630364898,0.9896482842151026,-0.6308726552893394,-0.8524828099001687,0.8333022017199705,-0.7990194287265212,-0.7542685077244274,-0.6018141559738084,-0.21735557873730108,0.33985424059196884,-0.41676097258939243,-0.8047794038771868,-0.4037366476503546,1.2598747016556884,-0.8427037075136988,-0.35839405880867725,3.998061913374341,-0.838099407464964,-0.7979941938089693,-0.4994178390410515,3.2279318861298725,-0.37911717576899107,0.002560221409328572,0.6216029283364362,-0.27601179467009374,-0.28585115829197316,-0.35759272781088286,-0.4256847285200376,-0.597086394298804,-0.8298383243921471,-0.7272161150461649,-0.7079958569601353,-0.049693846570609455,0.07103895976631291,-0.7886731281386982,-0.7694746769432201,-0.4985776029534911,0.16969292622890558,0.9701184146114263,-0.8298928829847106,1.5458839628498247,-0.48715561094645216,0.3220375491384407,-0.7663491670022323,-0.614566844670148,-0.2905651571173251,-0.45385793066324875,-0.3986942789406762,-0.6308353834285477,-0.36634257134016923,-0.4996015208334049,-0.371734395092643,0.9887550167899846,1.8130109119878706,2.553812150834195,-0.160988179770409,0.007453471193727517,-0.7983841068005183,0.05744233397780339,-0.22184693849711443,-0.20748465252202328,2.732879034305918,-0.27524518837844714,0.24397754904514463,-0.7184503947697831
273,0.05292976361921688,-0.2850722402322139,0.4633072207496406,-0.7877327479076812,-0.808801775168252,-0.14573555948234926,0.3101745214486772,-0.5885158475994579,-0.40671661130914605,-0.8233018060869453,-0.468550800726496,-0.32458908209743637,0.643462018987393,-0.3554927828534925,0.49977799704536335,0.18450226355559893,-0.5833430081602851,-0.7889640693012967,-0.74745024061718,-0.4697699402737618,0.13260757501788334,2.3403834668050982,-0.7263612153261089,-0.1368860625423407,-0.47807386811138924,-0.35130990042541077,1.1867583633721754,-0.871516819528618,-0.3377896156337354,1.69740868812498,2.875133633514221,0.703769378460468,-0.6553480950915234,-0.33994838247894155,-0.8370146259494141,-0.42170193910048853,-0.4609762366213671,0.34925057923578656,3.9050690436146214,-0.6077738064425378,-0.4411961288042099,-0.7235584996740864,-0.6018141559738084,0.2689822050122538,0.21521332105946192,-0.7449192187227722,0.39638388549174863,0.24859929890574126,-0.5956108677930426,-0.27637057074374,-0.3043213281495527,3.943417453408861,-0.463947886275248,-0.6278461780714493,-0.42099167084993167,3.069116049173913,-0.37911717576899107,-0.15745361667370703,-0.4837964700093306,-0.7896813877285809,0.1905674388613155,-0.30242569174008943,-0.25649365995086526,-0.7672934622289077,-0.009839980131132115,-0.14122408035948897,-0.5462052132306712,-0.3653014171691685,3.0726851470753083,-0.7886731281386982,1.2535228006799686,-0.38384777179137763,-0.8168938541717079,-0.6075949448939653,-0.2942477347587786,1.1543226754005278,-0.5082045053012073,3.7724398613360197,-0.444218369607431,0.3995698627063339,-0.3295619571599134,-0.768599907544836,-0.05018529385267257,-0.6308353834285477,-0.18867886069993195,-0.4996015208334049,-0.065191463460447,0.05743161008042298,0.3957657198926034,1.8526006871235428,0.614484747832717,-0.3652200884926492,0.7004596481441344,-0.28933311972342457,-0.39819585622137077,0.41652934002541514,0.6057429161178607,-0.43869244988583855,2.895907429970629,-0.7184503947697831
274,-0.8063196457836549,-0.3621813125157448,-0.2668854045453012,-0.2158067450705457,-0.6494005581465232,-0.32610135092090026,-0.28766752669503165,1.94964910754484,1.8074022944776624,0.9901382954261501,0.17951393056879578,-0.7909527058006495,-0.13933849072963006,-0.12767120963284875,1.1509545404269443,0.5502153726846355,0.8742047634784059,-0.6022711991400812,2.317126391679581,-0.29312042650824593,-0.6330250752008428,-0.6284565565155632,0.46328045694407416,-0.3625844344175933,-0.45931557461255107,-0.3148669646966337,-0.8055612169952149,-0.8293357654084281,1.316420059360072,-0.7545491625948485,0.07831103281945356,0.8479844150302361,-0.6553480950915234,-0.04382609808961965,1.9260178100631766,-0.6083407630364898,-0.1386152319910405,-0.3041649104476308,-0.14766031308316277,-0.6077738064425378,-0.7990194287265212,-0.769623511749598,-0.7647308197458192,-0.2547661774872668,-0.32489733024806805,0.4036346427440572,0.053194374243481356,-0.4037366476503546,-0.4100623108481696,-0.6539259952570459,-0.35839405880867725,1.7576390547896625,1.5938854802681903,-0.7979941938089693,-0.4798112969932716,1.6397735165702796,-0.37911717576899107,-0.7975089690058494,-0.4837964700093306,0.9225505891330428,2.890272822729951,-0.35759272781088286,-0.4256847285200376,1.445398420862441,-0.665838655539944,-0.580718106374496,-0.5462052132306712,-0.19315183320631812,0.07103895976631291,0.43488890576442407,-0.5855658153411121,-0.47945596442647215,2.7348185552705004,0.09361099266398654,0.9555909444350628,0.17541945677728507,-0.19247108997988066,0.3220375491384407,0.8443048199717742,4.021486674765198,-0.427053957266384,-0.13911595378166158,-0.2244397863966744,0.7390568715737273,0.10742732370046347,-0.421575357967029,-0.42282488369800897,-0.09778895770450395,0.5729213689045117,2.994573642309462,-0.31608276529103424,-0.1522637686718625,-0.4653077168128177,-0.45252156852400244,-0.39819585622137077,-0.25948581856764313,2.2583640540947365,-0.43869244988583855,-0.41900492118622645,-0.7184503947697831
275,-0.4626198820225062,-0.3621813125157448,2.4713369403107306,2.6438232691151318,0.1476055269621209,-0.32610135092090026,-0.3228347059976028,-0.08088285657059825,-0.23639977240246846,-0.6419577959356357,1.3136272103355564,2.1626835776530333,0.01722161121377456,-0.21879983892110627,0.49977799704536335,-0.2726391228556968,-0.25944350335168703,0.3311931516659963,-0.594221409002342,-0.4697699402737618,-0.7861516052445882,-0.3159470803765462,1.4829733188899452,-0.3625844344175933,-0.49683216161022736,-0.35130990042541077,2.5149714169504356,-0.6746719003010649,-0.17236864813435468,0.7166255478370486,-0.27129179226739236,-0.16152084095814023,-0.6553480950915234,-0.399172839356806,-0.28440813874689597,-0.6083407630364898,-0.7833372412516937,0.5126044516566408,-0.6762771856959172,0.47303319967934343,-0.7990194287265212,-0.5239434473468693,0.86443581797429,0.4560351987620826,-0.0756154911830542,-0.7449192187227722,1.082762907988283,-0.4037366476503546,3.6720059419390387,-0.8427037075136988,-0.1961758668313037,1.4570945249795229,0.4714309166990422,-0.11740213085888894,-0.40138512880215166,1.9375532108627034,-0.555286867111459,-0.7975089690058494,-0.11533000389407506,-0.27601179467009374,-0.4446573573430694,-0.35759272781088286,0.08188847718747941,1.9560196246527524,-0.5018389866877411,1.323756006357201,1.0717012240639707,0.15114733471938266,-0.2624772832680199,0.08529975322067489,-0.21774809213689597,-0.09702319388609397,-0.4222591420114625,-0.7828964292834533,0.2413974134671534,-0.8034837618459576,-0.3398133504631664,-0.17087706688978485,-0.7663491670022323,0.5444465351886884,-0.15407635696826621,-0.768599907544836,-0.05018529385267257,-0.4595988515532633,1.2326308244219661,-0.4996015208334049,-0.42282488369800897,-0.2530095254894309,-0.667168174178847,1.2916315161550211,-0.005893594249783797,-0.3652200884926492,0.36738325815643386,-0.45252156852400244,0.13085089695139818,-0.20748465252202328,0.83481911346119,0.8688856421732927,-0.750496156301912,-0.7184503947697831
276,-0.11892011826135748,-0.2465177040904484,-0.44943356086903663,-0.7877327479076812,-0.808801775168252,-0.32610135092090026,-0.3580018853001739,-0.25009385358021813,0.9558180999442746,-0.8233018060869453,-0.7925831663741418,-0.32458908209743637,-0.13933849072963006,-0.08210689498872,-0.3141926821816127,-0.31835326149682636,-0.5833430081602851,-0.042192588656434694,-0.1345349141578278,-0.07721546523928216,-0.7861516052445882,-0.15969234230703772,0.633229267268386,-0.3625844344175933,-0.49683216161022736,0.04956239259113676,-0.4735079536006498,-0.8855771709020147,-0.8340525181318775,0.06277012097842767,0.07831103281945356,-0.30573587752790826,-0.47391174539841063,-0.2807239256010772,1.5576134852614978,-0.48957060234994354,-0.1386152319910405,-0.7942265277101938,-0.6762771856959172,-0.4276393054222243,0.45336212100156836,-0.7389135036992569,-0.6018141559738084,-0.2547661774872668,-0.2418033838930634,-0.7449192187227722,0.9111681523641495,-0.4037366476503546,-0.5956108677930426,0.28996256602621884,0.18233324778256782,3.2330394738576214,-0.463947886275248,2.6049661209414325,-0.4798112969932716,1.8581452923847237,-0.555286867111459,-0.31746745475674265,0.4373696952788083,-0.27601179467009374,0.1905674388613155,-0.3851762458462796,-0.5948757970892099,-0.7672934622289077,-0.5018389866877411,-0.43422009770282693,1.233491867793435,-0.30791822251488504,-0.7627516478195191,-0.2642893993230743,-0.21774809213689597,-0.4029694103183965,-0.4222591420114625,-0.7828964292834533,-0.8298928829847106,0.3712001005019336,-0.48715561094645216,-0.6637916829180104,0.03897782648477095,-0.7594435171525026,-0.48554915733026643,-0.2964869422224552,-0.572948771484678,-0.802071915303832,0.16664856058054256,-0.4996015208334049,0.190260979566383,-0.40823009327435783,-0.8443238231907555,0.9109738644263814,-0.4711773508116594,-0.3652200884926492,-0.13223132682511707,-0.3505287880236413,0.8362465678484234,-0.05148115438516368,1.8983871725552188,-0.7655869729006214,-0.08751368607054091,-0.0851754765064221
277,-0.6344697639030806,-0.2850722402322139,-0.8145298735165075,1.6906132643865726,-0.17119690708133672,-0.14573555948234926,-0.28766752669503165,0.08832814043902161,0.9558180999442746,0.08341824466960238,-0.30653461790267306,-0.6354981645662451,0.643462018987393,-0.21879983892110627,-0.8025750897177983,-0.08978256829117849,-0.421393255755986,-0.6022711991400812,0.6316092439163624,-0.3520035977634179,3.0420116458490427,-0.7847112945850717,-0.7263612153261089,-0.3625844344175933,-0.45931557461255107,-0.20553815751030255,2.348944785253153,-0.8012150626616348,4.624839409347686,0.2262339776930829,0.6027152704497225,-0.44995091409767635,-0.8367844447846362,-0.33994838247894155,1.9260178100631766,-0.47260343653757975,-0.6221567389365305,-0.7942265277101938,0.20475093532534022,-0.6077738064425378,-0.7990194287265212,-0.7235584996740864,-0.7647308197458192,-0.3669979737371641,-0.32489733024806805,-0.5808400956560823,-0.6331846482530531,-0.3444333797816186,-0.7811594247379158,-0.46514828300039296,0.23640597844169234,2.0035391246343224,-0.08979636508553193,-0.11740213085888894,-0.3817785867543717,2.0566650885796727,-0.731456558453927,-0.7975089690058494,-0.11533000389407506,-0.44723499235625613,-0.7622697554452618,-0.33000920977548615,0.9278438200333411,-0.2566722584385965,-0.8298383243921471,1.6167520237005388,-0.7079958569601353,-0.3653014171691685,0.9048295673521449,2.5324238210269194,-0.401656953739004,-0.47945596442647215,-0.8168938541717079,1.1454198990009143,0.06284903072517607,-0.4119224743966605,-0.5082045053012073,-0.006572194880376346,0.03897782648477095,-0.614566844670148,-0.3100635571386193,0.6477389884223064,0.2983236912353311,0.2253472759478742,-0.30712133446009016,-0.40206881725043503,-0.34618915078996,1.6096372879296925,-0.49001252516693866,2.533777537585319,-0.160988179770409,-0.31198100853745253,-0.4653077168128177,-0.5137172368242192,0.4835487323999108,-0.10348232043078355,2.0456504422759307,-0.7655869729006214,0.24397754904514463,-0.7184503947697831
278,1.084029054902663,-0.3621813125157448,1.7411443150157888,0.35611925776658976,-0.17119690708133672,0.39536181483330385,-0.3228347059976028,0.2575391374486415,-0.5770334502158236,-0.2792697756330167,-0.6305669835503189,-0.7909527058006495,0.17378171315717916,-0.3554927828534925,-0.6397809538724032,-0.22692498421456722,-0.745292760564584,-0.41557832897886565,-0.74745024061718,-0.4305144927703138,-0.4798985451570976,0.46532660997099623,1.822870939538569,-0.30615984144878017,-0.49683216161022736,-0.2419810932390796,0.19059857318848028,-0.8293357654084281,-0.6686315506324968,-0.7545491625948485,0.7775166829931455,-0.3778433958127923,-0.8367844447846362,-0.399172839356806,0.8208048356581404,-0.6083407630364898,0.5061067772696127,-0.7942265277101938,-0.6762771856959172,-0.24750480440191075,-0.6201077787653655,-0.7542685077244274,-0.7647308197458192,-0.3669979737371641,-0.2833503570705657,0.4036346427440572,-0.6331846482530531,-0.2851301119128826,-0.7811594247379158,-0.46514828300039296,0.07418778646431881,2.0035391246343224,-0.651023646870106,1.4139300107787918,-0.4602047549454916,2.3345928032526015,-0.37911717576899107,0.8026294118245066,-0.11533000389407506,0.23765779838839335,-0.6034635563941656,-0.19209161959850263,-0.4256847285200376,2.29643376051296,0.9741580329820858,2.642238084402222,-0.7079958569601353,-0.39399301449631025,-0.5959935263023527,-0.7886731281386982,-0.5855658153411121,-0.4985776029534911,-0.027624429851217113,-0.08169049172550143,-0.6513445002427333,1.7416646065744734,-0.2766666673989011,0.8149521651666662,-0.1220875722126297,-0.0350601547407298,-0.427053957266384,-0.45385793066324875,0.6468326763233347,0.5678203396984429,-0.30712133446009016,-0.3240426543840591,-0.192917684973862,-0.5634506610592848,-0.667168174178847,2.133085272607804,-0.4711773508116594,-0.09902468871666582,-0.4653077168128177,-0.5137172368242192,-0.7508936916698834,-0.311486984613263,1.7838490738835542,0.051649334636335656,0.5754687841608302,1.3396930895861403
279,0.56847940926094,-0.20796316794868294,3.384077721929408,0.1654772568208779,-0.6494005581465232,-0.2659794204413833,0.239840162843535,-0.419304850589838,-0.7473502891225012,0.8087942852748405,-0.6305669835503189,3.0954108250594596,-0.7655788985032485,-0.30992846820936376,-0.8025750897177983,0.5502153726846355,-0.421393255755986,-0.042192588656434694,0.47838041230152434,-0.5090253877772097,-0.3267720151133524,0.30907187190148777,-0.7263612153261089,-0.02403687660471441,-0.47807386811138924,0.04956239259113676,-0.8055612169952149,-0.8012150626616348,-0.00694768063497396,-0.7545491625948485,-0.09649037972396941,-0.44995091409767635,-0.8367844447846362,-0.399172839356806,-0.28440813874689597,-0.591373597224126,2.4402728050515723,-0.6308726552893394,-0.14766031308316277,-0.7879083074628513,0.8111854209238797,-0.7849785157747685,1.5161024730623338,0.044518612512459234,-0.2002564107155611,0.2395555196773673,-0.6331846482530531,0.36720583464321327,-0.7811594247379158,1.2338511273094837,-0.3043213281495527,4.489862053063661,-0.27687212568039,-0.7979941938089693,-0.4798112969932716,2.9897081306959334,0.5017312809433487,0.3225878975753998,0.06890322916355274,-0.27601179467009374,0.03176123981021927,-0.3851762458462796,-0.7640668656583823,0.08374187742161104,-0.665838655539944,0.151771936983849,-0.22262392577174278,0.15114733471938266,2.4056526610066427,-0.7886731281386982,-0.21774809213689597,-0.4985776029534911,1.5509144187897643,-0.6075949448939653,-0.11569935201680126,-0.4119224743966605,-0.5082045053012073,-0.4994868109086019,-0.28315297091003033,0.2546931902239793,-0.5050475573515606,0.1756260230999256,-0.7472032640286799,-0.802071915303832,-0.0702363869397738,-0.4996015208334049,-0.116281952065813,-0.09778895770450395,-0.49001252516693866,1.2515622896572696,0.9246739188739674,-0.1522637686718625,-0.2987695218189674,-0.411724456323858,-0.04549802077285813,0.10452234375169592,2.6510661066833006,1.6861219497102495,-0.750496156301912,0.7064181713227792
280,-0.8063196457836549,-0.3621813125157448,0.09821090810216972,-0.7877327479076812,-0.808801775168252,-0.025491698523315235,0.13433862493582166,-0.25009385358021813,-0.06608293349579088,-0.2792697756330167,-0.14451843507885012,0.4526836240745855,-0.4524586946164393,0.28240762216431003,0.011395589509177712,-0.31835326149682636,-0.421393255755986,-0.7889640693012967,-0.74745024061718,-0.3716313215151419,-0.17364548506960717,-0.0034376042375292245,-0.2165147843531733,-0.19331065551115387,-0.4405572811137129,-0.05976641459519438,-0.6395345852979323,-0.8574564681552214,-0.6686315506324968,-0.7545491625948485,-0.6208946173542383,-0.3778433958127923,4.061996996929409,-0.33994838247894155,-0.28440813874689597,-0.523504933974671,-0.7833372412516937,-0.4675187828684851,0.5571621837338432,-0.6077738064425378,0.9900970708850353,-0.7082034956489158,4.28568575718652,0.11933981001239075,-0.2418033838930634,0.5677137658107472,1.2543576636124167,-0.22582684404414663,0.8887775877659422,1.9889619763360955,-0.2502485974904282,1.4570945249795229,-0.838099407464964,0.05274588487863117,-0.26413933446769183,3.069116049173913,-0.2029474844265231,-0.47748129283977825,-0.29956323695170284,-0.7896813877285809,1.302210832218989,-0.35759272781088286,-0.4256847285200376,-0.4268793263687002,-0.665838655539944,-0.7272161150461649,2.8513983050880767,-0.2792266251877433,-0.5959935263023527,-0.08949482305119973,-0.7694746769432201,-0.4985776029534911,-0.8168938541717079,-0.7828964292834533,0.9555909444350628,-0.8034837618459576,-0.46610671659169706,-0.828096554927419,-0.7663491670022323,0.3995698627063339,-0.2125715570321486,-0.768599907544836,-0.3986942789406762,-0.28836231967797893,0.04820608682038438,-0.30453611366746514,-0.39727963939532596,-0.7186712288442116,-0.667168174178847,1.7724622341280398,-0.6262719363322846,-0.04578560876146916,-0.4653077168128177,-0.14654322702291894,-0.5745447739456271,-0.25948581856764313,2.029287856751407,-0.43869244988583855,-0.750496156301912,-0.7184503947697831
281,0.9121791730220887,-0.32362677637397935,-0.2668854045453012,0.1654772568208779,-0.808801775168252,-0.2659794204413833,-0.28766752669503165,0.765172128477501,-0.7473502891225012,1.1714823055774597,0.01749774774497282,-0.6354981645662451,-0.6090187965598439,-0.21879983892110627,-0.8025750897177983,0.27593054083785806,-0.745292760564584,-0.7889640693012967,-0.74745024061718,-0.4501422165220378,-0.7861516052445882,-0.15969234230703772,-0.7263612153261089,-0.3625844344175933,-0.49683216161022736,-0.023323478866417332,-0.6395345852979323,-0.871516819528618,0.4893152218631682,2.6781918284129116,-0.7956960298976613,-0.16152084095814023,-0.11103904601218505,-0.399172839356806,-0.46861030114773533,-0.5574392655993985,0.34492627495444944,-0.4675187828684851,-0.8524828099001687,-0.7879083074628513,-0.7990194287265212,-0.7542685077244274,-0.11306416465777558,-0.1051237824874038,0.090572401526955,0.07547639661067736,0.7395733967400159,-0.4037366476503546,0.3321319169313229,0.8562957027961777,-0.3043213281495527,1.9215724346861025,0.0972793955093261,-0.6278461780714493,-0.4798112969932716,3.6646754377587607,-0.555286867111459,-0.15745361667370703,-0.4837964700093306,-0.6184581900424185,-0.6034635563941656,-0.21967513763389934,0.08188847718747941,0.5943630812119223,-0.5018389866877411,3.6677241451039047,0.10095736168718561,-0.13576863855203467,-0.09571916175085349,-0.2642893993230743,1.0696139390778605,-0.4985776029534911,-0.6195764980915852,0.6195154458324504,-0.8298928829847106,-0.8034837618459576,-0.2766666673989011,-0.828096554927419,-0.7663491670022323,0.2546931902239793,-0.5050475573515606,-0.768599907544836,-0.7472032640286799,-0.802071915303832,-0.30712133446009016,-0.4996015208334049,0.139170490961017,-0.7186712288442116,-0.667168174178847,2.81426212306958,-0.6262719363322846,-0.3652200884926492,-0.631845911806668,-0.5137172368242192,-0.04549802077285813,-0.05148115438516368,1.4729599489176073,-0.60213971139323,-0.5847505387440692,-0.7184503947697831
282,-0.8063196457836549,0.023364048901909868,-0.44943356086903663,-0.5970907469619694,-0.808801775168252,0.1548740929152358,0.38050888005381944,-0.08088285657059825,-0.5770334502158236,-0.8233018060869453,-0.468550800726496,-0.7909527058006495,-0.6090187965598439,0.28240762216431003,1.3137486762723394,0.2302164021967285,-0.25944350335168703,-0.41557832897886565,-0.4409925773875039,-0.5090253877772097,0.5919871651491191,0.7778360861100132,-0.2165147843531733,-0.3625844344175933,-0.4405572811137129,-0.20553815751030255,-0.6395345852979323,-0.8855771709020147,0.8201571568619297,0.06277012097842767,-0.6208946173542383,-0.3778433958127923,4.606306046008747,0.19307172942183787,-0.8370146259494141,-0.47260343653757975,-0.4609762366213671,1.4927276861817669,-0.8524828099001687,0.6531677006996569,1.3479203708073466,-0.7849785157747685,0.5386024904302681,-0.3669979737371641,-0.0340685180055519,-0.08860272645601257,-0.8047794038771868,-0.4037366476503546,0.14658335998644975,-0.8427037075136988,-0.3043213281495527,1.7576390547896625,-0.838099407464964,-0.7979941938089693,-0.4405982128977116,3.366895743466337,-0.731456558453927,0.002560221409328572,1.3585358605669473,-0.7896813877285809,0.3493736379124117,-0.026590511386122433,-0.25649365995086526,-0.0864651905084927,3.762152403469537,-0.2877220890311579,-0.06083328204227859,-0.39399301449631025,-0.7627516478195191,-0.43908397559494894,0.15006963106732016,-0.47945596442647215,-0.22494178593133982,0.7948169302219383,-0.6513445002427333,0.17541945677728507,-0.46610671659169706,-0.17087706688978485,3.5824165978275855,-0.3248134997054389,-0.3880571572237958,-0.45385793066324875,-0.05018529385267257,1.4240029990748646,-0.30712133446009016,-0.421575357967029,-0.269553417881911,-0.09778895770450395,-0.8443238231907555,1.6722891678836609,1.5450522609564683,0.007453471193727517,-0.7983841068005183,-0.4933186807241469,-0.22184693849711443,0.26052584188855554,0.5239299884952432,-0.27524518837844714,1.9014337246235726,0.38978071219109867
283,-0.4626198820225062,-0.2850722402322139,-0.6319817171927721,0.35611925776658976,-0.17119690708133672,0.2751179538742698,-0.14699880948474722,-0.08088285657059825,-0.7473502891225012,1.3528263157287692,-0.7925831663741418,-0.4800436233318407,-0.7655788985032485,-0.3554927828534925,-0.8025750897177983,0.27593054083785806,-0.09749375094738805,-0.6022711991400812,-0.4409925773875039,-0.234237255253074,3.1951381758927884,-0.3159470803765462,-0.3864635946774852,-0.3625844344175933,-0.49683216161022736,-0.35130990042541077,0.5226518365830454,-0.8855771709020147,0.9855781243613103,2.1878002582689455,0.07831103281945356,-0.44995091409767635,2.0661971503051686,0.1338472725439735,0.8208048356581404,-0.5574392655993985,0.02256527032412281,-0.6308726552893394,-0.8524828099001687,-0.6077738064425378,1.7057436707296578,-0.7235584996740864,-0.2759808284297865,-0.14253438123736956,-0.11716246436055651,-0.7449192187227722,-0.46158989262891953,-0.2851301119128826,1.4454232586005615,0.1011848537695659,-0.3043213281495527,3.0964283239439214,-0.651023646870106,3.625854215366553,-0.3817785867543717,1.2824378834193713,2.791937268395432,0.4826017356584354,0.06890322916355274,-0.7896813877285809,0.9845984341167966,-0.35759272781088286,-0.25649365995086526,0.4241560132818185,1.9581560460953038,-0.7272161150461649,1.395282511522899,-0.33660981984202676,-0.2624772832680199,-0.6138785518668235,0.7017962158736443,-0.42209104884541543,-0.8168938541717079,-0.7828964292834533,-0.11569935201680126,-0.6077031181213091,-0.42400892788218686,-0.3351819388991934,-0.7663491670022323,-0.3248134997054389,-0.2905651571173251,0.1756260230999256,-0.7472032640286799,-0.802071915303832,-0.24790009758001105,-0.4996015208334049,-0.371734395092643,0.05743161008042298,1.2815439649521454,1.7924968473769154,-0.7813665218529099,0.06069255114892419,-0.4653077168128177,-0.4729201246240747,-0.39819585622137077,-0.36348815065888285,0.8511816989857135,0.8688856421732927,-0.750496156301912,1.1813743600203
284,-0.8063196457836549,-0.09229955952338653,-0.2668854045453012,0.1654772568208779,-0.33059812410306555,0.2149960233947528,-0.28766752669503165,-0.5885158475994579,-0.23639977240246846,-0.4606137857843262,1.7996757588070253,-0.4800436233318407,1.426262528704416,0.009021734299537511,0.011395589509177712,-0.31835326149682636,-0.421393255755986,0.5178860218272118,0.018693917457010226,-0.4697699402737618,1.2044932853241,0.30907187190148777,1.1430756982413217,-0.30615984144878017,-0.4030406941160366,-0.05976641459519438,-0.8055612169952149,-0.8433961167818247,0.8201571568619297,-0.10069373573622757,1.4767223331668373,-0.44995091409767635,-0.47391174539841063,-0.399172839356806,-0.8370146259494141,-0.6083407630364898,-0.6221567389365305,-0.6308726552893394,-0.32386593728741425,1.5538402058012248,-0.6201077787653655,-0.6621384835734042,0.21276916288624628,-0.3669979737371641,-0.32489733024806805,-0.08860272645601257,0.39638388549174863,0.7230254418556291,-0.7811594247379158,-0.8427037075136988,-0.2502485974904282,2.358728114409942,-0.838099407464964,0.5631899320911915,-0.3229589606110318,1.798589353526239,-0.731456558453927,-0.7975089690058494,0.6216029283364362,0.4088809960745557,-0.7622697554452618,-0.30242569174008943,-0.7640668656583823,-0.7672934622289077,-0.1738396489833351,-0.2877220890311579,0.9099105803345066,-0.33660981984202676,-0.4292354047851863,-0.7886731281386982,-0.401656953739004,-0.28823957915628307,-0.8168938541717079,-0.4322934605044773,0.7770425616930854,-0.8034837618459576,-0.2977155617536562,-0.828096554927419,-0.1220875722126297,2.4278432774592975,-0.5050475573515606,-0.768599907544836,-0.572948771484678,1.2527664671995804,-0.30712133446009016,-0.48009498011681095,-0.34618915078996,-0.5634506610592848,-0.8443238231907555,1.0311815439196361,1.3899576754358431,-0.1522637686718625,1.699688818107236,-0.43212301242393025,0.3071998146756545,0.052521177706076054,0.83481911346119,-0.43869244988583855,-0.08751368607054091,-0.7184503947697831
285,-0.6344697639030806,0.06191858504367534,-0.8145298735165075,-0.7877327479076812,1.1040128290924938,-0.08561362900283224,-0.3228347059976028,0.934383125487121,-0.40671661130914605,-0.2792697756330167,1.1516110275117335,-0.6354981645662451,2.8353034461950575,-0.30992846820936376,-0.3141926821816127,0.2302164021967285,-0.745292760564584,1.4513503726332893,-0.1345349141578278,-0.48939766402548573,-0.020518955025861915,-0.15969234230703772,0.633229267268386,-0.02403687660471441,-0.29049093312300767,0.26822000696379905,0.3566252048857628,-0.8855771709020147,-0.00694768063497396,0.7166255478370486,0.07831103281945356,-0.44995091409767635,-0.8367844447846362,-0.2807239256010772,-0.8370146259494141,-0.5744064314117623,0.6672872795847761,0.022542834394077883,-0.8524828099001687,-0.24750480440191075,-0.08337282888189856,-0.7849785157747685,-0.6018141559738084,-0.3669979737371641,-0.0340685180055519,-0.7449192187227722,1.2543576636124167,-0.3444333797816186,-0.22451375390329645,-0.6539259952570459,-0.1421031361721792,2.0855058145825422,-0.651023646870106,-0.6278461780714493,-0.4798112969932716,1.6000695573312897,-0.731456558453927,-0.47748129283977825,0.06890322916355274,-0.10478859698393139,-0.7622697554452618,-0.27484217370469277,-0.08730259138169293,-0.2566722584385965,-0.8298383243921471,0.005273928312180023,-0.7079958569601353,-0.02100224924346773,-0.7627516478195191,0.959272634580048,-0.7694746769432201,-0.4603343258994532,-0.027624429851217113,-0.7828964292834533,0.2413974134671534,-0.6077031181213091,-0.5082045053012073,-0.4994868109086019,-0.444218369607431,0.10981651774162475,-0.5050475573515606,2.693561838152623,-0.3986942789406762,-0.28836231967797893,-0.30712133446009016,-0.44108189868362296,-0.39727963939532596,4.093166372488524,0.3957657198926034,2.633950603829698,-0.6262719363322846,-0.31198100853745253,0.36738325815643386,-0.3505287880236413,-0.7508936916698834,-0.311486984613263,0.6057429161178607,-0.7655869729006214,0.7412144017186729,1.3396930895861403
286,-0.4626198820225062,-0.3621813125157448,-0.6319817171927721,-0.7877327479076812,-0.33059812410306555,-0.3862232814004173,-0.3580018853001739,-0.7577268446090778,1.126134938850952,0.08341824466960238,-0.7925831663741418,-0.4800436233318407,0.9565822228742022,-0.08210689498872,4.406837257334849,0.5045012340435059,-0.5833430081602851,0.8912717621496428,-0.4409925773875039,-0.4697699402737618,0.13260757501788334,-0.7847112945850717,-0.7263612153261089,0.25808608823935136,-0.2342160526264932,-0.20553815751030255,-0.8055612169952149,-0.7590340085414449,-0.00694768063497396,-0.427621449165538,0.2531124453628765,-0.23362835924302425,0.07039730368092774,-0.33994838247894155,-0.8370146259494141,-0.591373597224126,-0.4609762366213671,-0.3041649104476308,-0.6762771856959172,-0.7879083074628513,-0.4411961288042099,-0.7542685077244274,-0.4388974922017974,-0.3669979737371641,0.33985424059196884,2.5366632426110263,-0.8047794038771868,-0.22582684404414663,-0.7811594247379158,2.366517400849401,0.45269690107819033,2.5499837242891217,-0.27687212568039,-0.7979941938089693,-0.4798112969932716,1.0243621483659375,-0.731456558453927,-0.6374951309228138,-0.8522629361245863,2.8060057636808287,0.9845984341167966,-0.3851762458462796,-0.7640668656583823,-0.4268793263687002,-0.1738396489833351,0.005273928312180023,-0.7079958569601353,-0.10707704122489292,0.7380714458349785,0.43488890576442407,-0.7694746769432201,-0.3456044947373398,-0.027624429851217113,-0.6075949448939653,1.3126877099190175,-0.6077031181213091,-0.48715561094645216,1.4721716532043005,-0.1220875722126297,-0.3248134997054389,-0.3295619571599134,-0.45385793066324875,-0.2244397863966744,-0.4595988515532633,-0.30712133446009016,-0.4996015208334049,-0.244008173579228,-0.40823009327435783,-0.8443238231907555,1.1714238366617664,-0.6262719363322846,-0.04578560876146916,-0.7983841068005183,-0.5137172368242192,-0.7508936916698834,-0.36348815065888285,1.3911470212949897,-0.27524518837844714,-0.25325930362838367,1.1813743600203
287,1.943278464305535,-0.0151904872398556,0.28075906442590515,-0.025164744124833896,-0.808801775168252,-0.20585748996186626,-0.11183163018217612,2.964915089602559,-0.7473502891225012,0.9901382954261501,-0.14451843507885012,1.6963199539498204,-0.7655788985032485,-0.21879983892110627,-0.8025750897177983,-0.13549670693230806,-0.745292760564584,0.7045788919884273,-0.74745024061718,-0.273492702756522,-0.6330250752008428,-0.7847112945850717,0.8031780775926979,-0.3625844344175933,-0.47807386811138924,0.013119456862359716,-0.4735079536006498,-0.7168529544212549,-0.8340525181318775,-0.5910853058801933,-0.27129179226739236,-0.30573587752790826,0.7961427024533789,-0.399172839356806,0.08399618605478285,-0.48957060234994354,-0.7833372412516937,-0.7942265277101938,-0.6762771856959172,-0.24750480440191075,-0.4411961288042099,-0.7849785157747685,4.122769093414509,-0.32958737498719837,-0.1587094375380588,-0.41676097258939243,-0.8047794038771868,0.1299927631682693,-0.22451375390329645,0.8562957027961777,-0.2502485974904282,2.7958837941337817,-0.463947886275248,0.22289390061615127,-0.4994178390410515,1.322141842658361,-0.731456558453927,-0.47748129283977825,-0.6680297030669584,-0.27601179467009374,1.6198232303211813,-0.33000920977548615,-0.25649365995086526,1.7858125567226486,0.31815935757327385,2.0562460497155457,-0.5462052132306712,-0.3653014171691685,2.0721364179723096,-0.08949482305119973,-0.5855658153411121,-0.47945596442647215,-0.8168938541717079,0.7948169302219383,-0.47279611750075595,-0.6077031181213091,-0.5082045053012073,0.3220375491384407,0.6832394212743735,-0.7594435171525026,-0.48554915733026643,-0.768599907544836,0.6468326763233347,-0.6308353834285477,-0.36634257134016923,-0.2655230322342772,-0.34618915078996,-0.40823009327435783,-0.13570122714312183,3.795958172264493,-0.6262719363322846,-0.3652200884926492,-0.7983841068005183,-0.411724456323858,-0.04549802077285813,0.31252700793417537,1.9311123436042659,-0.7655869729006214,3.061653047528472,2.7645616556787025
288,-0.29077000014193183,-0.2850722402322139,-0.6319817171927721,-0.5970907469619694,-0.808801775168252,-0.14573555948234926,-0.2525003473924606,-0.25009385358021813,-0.40671661130914605,0.2647622548209119,-0.14451843507885012,-0.7909527058006495,-0.6090187965598439,0.5102291953849538,1.8021310838085252,-0.22692498421456722,-0.745292760564584,-0.6022711991400812,-0.594221409002342,-0.5090253877772097,-0.7861516052445882,-0.7847112945850717,-0.7263612153261089,-0.3625844344175933,-0.30924922662184584,-0.09620935032397142,2.016891521858588,-0.7730943599148414,-0.5032105831331162,0.5531616911223933,-0.4460932048108154,0.1990167504662799,-0.29247539570529785,-0.399172839356806,-0.46861030114773533,-0.591373597224126,0.6672872795847761,0.022542834394077883,0.9095734321423462,-0.7879083074628513,-0.6201077787653655,-0.769623511749598,-0.7647308197458192,-0.21735557873730108,-0.36644430342557033,-0.7449192187227722,2.2839261973572182,-0.4037366476503546,-0.4100623108481696,-0.27637057074374,-0.3043213281495527,4.98166219275298,-0.838099407464964,0.05274588487863117,-0.4994178390410515,1.8978492516237135,1.3825797376556883,-0.31746745475674265,0.4373696952788083,-0.7896813877285809,-0.6034635563941656,-0.30242569174008943,-0.7640668656583823,0.4241560132818185,-0.009839980131132115,-0.14122408035948897,-0.7079958569601353,-0.07838544389775119,-0.7627516478195191,-0.6138785518668235,0.7017962158736443,-0.4029694103183965,-0.8168938541717079,0.6195154458324504,1.4912360926609949,3.50369040009631,-0.40296003352743176,2.293696013251343,-0.6052837683048317,0.8341998801533975,-0.5050475573515606,-0.6112289191040424,0.6468326763233347,0.3965838078231586,-0.36634257134016923,-0.34354919510065307,-0.29509866218459396,-0.7186712288442116,3.2302561040831383,3.6356812662734868,-0.160988179770409,-0.3652200884926492,1.2000742331256853,-0.4933186807241469,0.3071998146756545,-0.36348815065888285,0.7693687713630959,-0.60213971139323,2.232924959739258,-0.4018129356381026
289,0.3966295273803656,-0.3621813125157448,-0.08433724822156573,-0.5970907469619694,2.857426216331511,-0.3862232814004173,-0.18216598878731835,-0.08088285657059825,0.10423390541088669,1.8968583461826978,-0.468550800726496,0.14177454160577677,0.17378171315717916,-0.30992846820936376,-0.6397809538724032,-0.18121084557343764,-0.421393255755986,0.3311931516659963,-0.74745024061718,-0.48939766402548573,0.13260757501788334,-0.7847112945850717,0.46328045694407416,-0.249735248479967,-0.49683216161022736,-0.3148669646966337,-0.4735079536006498,-0.8152754140350315,-0.5032105831331162,1.69740868812498,-0.7956960298976613,-0.3778433958127923,-0.11103904601218505,-0.2214994687232128,-0.8370146259494141,-0.6083407630364898,0.6672872795847761,-0.6308726552893394,0.9095734321423462,-0.7879083074628513,0.45336212100156836,-0.769623511749598,-0.6018141559738084,-0.21735557873730108,-0.32489733024806805,0.4036346427440572,1.2543576636124167,0.01138622743079732,-0.03896519695842335,-0.8427037075136988,-0.1421031361721792,3.6701951535814614,0.0972793955093261,-0.7979941938089693,-0.4994178390410515,2.5926685383060355,-0.026777793084055153,-0.47748129283977825,2.8324017250279696,-0.7896813877285809,-0.4446573573430694,-0.3851762458462796,-0.7640668656583823,-0.597086394298804,-0.665838655539944,0.44476795432718697,-0.7079958569601353,-0.39399301449631025,-0.5959935263023527,-0.7886731281386982,2.724793693496833,-0.23087466357522635,-0.6195764980915852,-0.6075949448939653,-0.6513445002427333,-0.21614183067201198,-0.2766666673989011,1.965086269232526,-0.6052837683048317,-0.7594435171525026,-0.5050475573515606,-0.768599907544836,0.4725781837793329,-0.11712578780269454,-0.30712133446009016,-0.40206881725043503,-0.244008173579228,-0.7186712288442116,-0.13570122714312183,2.473673697838692,0.614484747832717,-0.31198100853745253,-0.7983841068005183,-0.45252156852400244,-0.04549802077285813,-0.15548348647640342,1.4565973633930838,-0.60213971139323,-0.5847505387440692,-0.4018129356381026
290,-0.8063196457836549,-0.3621813125157448,-0.44943356086903663,-0.025164744124833896,0.1476055269621209,0.2149960233947528,-0.28766752669503165,-0.419304850589838,0.27455074431756427,1.3528263157287692,1.3136272103355564,-0.16913454086303198,-0.6090187965598439,-0.30992846820936376,-0.6397809538724032,-0.2726391228556968,-0.745292760564584,-0.042192588656434694,-0.1345349141578278,-0.4305144927703138,0.4388606351053738,0.30907187190148777,-0.7263612153261089,-0.3625844344175933,-0.49683216161022736,-0.2784240289678567,-0.6395345852979323,-0.871516819528618,0.15847328686440676,-0.2641575924508828,-0.09649037972396941,0.415339305320932,-0.29247539570529785,-0.2807239256010772,-0.46861030114773533,-0.5744064314117623,-0.2997957343062038,-0.7942265277101938,-0.6762771856959172,-0.7879083074628513,0.45336212100156836,-0.7849785157747685,-0.7647308197458192,-0.2547661774872668,-0.0340685180055519,0.07547639661067736,-0.8047794038771868,-0.22582684404414663,-0.7811594247379158,0.1011848537695659,-0.35839405880867725,4.9543399627702405,-0.651023646870106,-0.7979941938089693,-0.4798112969932716,3.2080799065103776,-0.555286867111459,-0.7975089690058494,1.3585358605669473,-0.6184581900424185,-0.6034635563941656,-0.33000920977548615,-0.25649365995086526,-0.597086394298804,0.31815935757327385,-0.14122408035948897,0.9099105803345066,-0.33660981984202676,3.0726851470753083,-0.7886731281386982,-0.7694746769432201,-0.4985776029534911,-0.6195764980915852,-0.6075949448939653,0.9555909444350628,-0.8034837618459576,-0.2766666673989011,-0.3351819388991934,-0.7663491670022323,-0.614566844670148,-0.48554915733026643,0.018255034659132002,-0.7472032640286799,-0.4595988515532633,-0.36634257134016923,-0.4996015208334049,-0.371734395092643,0.05743161008042298,-0.8443238231907555,2.8543313495673317,-0.4711773508116594,-0.3652200884926492,2.8654561830641883,-0.06494900262263001,-0.5745447739456271,-0.36348815065888285,1.0148075542309487,-0.7655869729006214,-0.5847505387440692,0.07314325305941816
291,0.3966295273803656,-0.32362677637397935,0.09821090810216972,-0.5970907469619694,2.857426216331511,-0.08561362900283224,-0.28766752669503165,-0.7577268446090778,-0.7473502891225012,-0.2792697756330167,0.8275786618640876,-0.4800436233318407,0.01722161121377456,-0.30992846820936376,0.8253662687361538,-0.2726391228556968,0.38835550626550897,-0.7889640693012967,-0.594221409002342,-0.4501422165220378,1.816999405499081,-0.3159470803765462,0.12338283629545041,-0.3625844344175933,-0.4405572811137129,-0.20553815751030255,-0.8055612169952149,-0.8855771709020147,-0.8340525181318775,-0.10069373573622757,-0.27129179226739236,-0.44995091409767635,-0.8367844447846362,-0.399172839356806,-0.46861030114773533,-0.5744064314117623,-0.6221567389365305,-0.7942265277101938,1.0857790563465977,-0.4276393054222243,-0.2622844788430542,-0.7849785157747685,-0.7647308197458192,-0.2921767762372326,-0.2833503570705657,-0.7449192187227722,-0.2899951370047859,0.42650910251194923,-0.7811594247379158,-0.27637057074374,0.07418778646431881,5.17291780263216,-0.463947886275248,-0.28755014659640904,-0.3229589606110318,1.540513618472805,0.5017312809433487,-0.31746745475674265,-0.8522629361245863,-0.6184581900424185,-0.7622697554452618,-0.30242569174008943,-0.7640668656583823,5.700575119115034,0.48215902642547687,-0.14122408035948897,-0.5462052132306712,-0.25053502786060156,3.2394432685924746,0.7844780583081733,1.9891582470884006,-0.47945596442647215,0.16969292622890558,-0.7828964292834533,-0.8298928829847106,-0.21614183067201198,-0.46610671659169706,-0.3351819388991934,-0.7663491670022323,-0.614566844670148,-0.5050475573515606,-0.768599907544836,0.4725781837793329,-0.802071915303832,-0.30712133446009016,-0.48009498011681095,-0.371734395092643,-0.7186712288442116,0.5729213689045117,2.994573642309462,1.2348630899152178,0.4333661108353009,-0.2987695218189674,-0.5137172368242192,-0.7508936916698834,-0.20748465252202328,1.685673560736413,0.8688856421732927,1.2384512543922013,-0.5601316652039429
292,0.22477964549979124,0.1004731211854408,-0.6319817171927721,0.5467612587123015,-0.808801775168252,-0.3862232814004173,1.0486852868026706,1.103594122496741,0.44486758322424186,0.08341824466960238,2.60975667292614,0.9190472477777987,-0.13933849072963006,-0.1732355242769775,0.33698386119996815,-0.31835326149682636,-0.25944350335168703,-0.7889640693012967,-0.1345349141578278,-0.41088676901858984,0.8982402252366095,0.30907187190148777,-0.04656597402886146,-0.02403687660471441,-0.49683216161022736,-0.35130990042541077,-0.14145469020608475,-0.8855771709020147,-0.5032105831331162,-0.7545491625948485,-0.4460932048108154,1.4248445613093081,-0.6553480950915234,-0.399172839356806,-0.8370146259494141,-0.6083407630364898,-0.6221567389365305,-0.6308726552893394,0.20475093532534022,0.47303319967934343,-0.08337282888189856,-0.6928484916237453,-0.6018141559738084,-0.32958737498719837,-0.36644430342557033,-0.08860272645601257,3.485089486726154,-0.22582684404414663,-0.5956108677930426,-0.46514828300039296,-0.35839405880867725,3.069106093961181,-0.27687212568039,-0.6278461780714493,-0.3229589606110318,1.1236220464634121,-0.731456558453927,-0.15745361667370703,-0.4837964700093306,-0.7896813877285809,-0.6034635563941656,-0.35759272781088286,-0.7640668656583823,-0.597086394298804,-0.3378393178355381,-0.7272161150461649,-0.5462052132306712,-0.33660981984202676,-0.7627516478195191,-0.43908397559494894,-0.5855658153411121,-0.44121268737243435,-0.22494178593133982,-0.08169049172550143,1.4912360926609949,-0.8034837618459576,-0.2135199843346358,0.4863424211478492,-0.7663491670022323,1.5585832425651702,-0.48554915733026643,1.4345939306262743,-0.2244397863966744,0.9102934034490118,0.16664856058054256,-0.4996015208334049,-0.39727963939532596,-0.7186712288442116,-0.8443238231907555,3.4754043602824805,-0.160988179770409,-0.09902468871666582,0.5339214531502842,-0.33013023192356905,1.0125954855726798,-0.36348815065888285,0.8511816989857135,-0.60213971139323,0.24397754904514463,-0.0851754765064221
293,0.05292976361921688,-0.3621813125157448,1.376048002368318,0.35611925776658976,-0.17119690708133672,0.87633725866944,-0.28766752669503165,-0.5885158475994579,-0.40671661130914605,-0.8233018060869453,2.2857243072784943,-0.4800436233318407,-0.7655788985032485,-0.30992846820936376,-0.8025750897177983,0.13878812491446937,-0.745292760564584,-0.7889640693012967,-0.74745024061718,-0.48939766402548573,-0.4798985451570976,0.15281713383197926,0.46328045694407416,0.3145106812081645,-0.30924922662184584,-0.05976641459519438,-0.8055612169952149,-0.8574564681552214,0.3238942543637875,0.5531616911223933,0.7775166829931455,-0.44995091409767635,-0.8367844447846362,0.1338472725439735,-0.8370146259494141,-0.5574392655993985,-0.4609762366213671,-0.3041649104476308,-0.32386593728741425,-0.7879083074628513,2.0635669706519693,-0.6621384835734042,-0.7647308197458192,-0.14253438123736956,0.21521332105946192,-0.7449192187227722,-0.6331846482530531,-0.047917040437938666,-0.5956108677930426,1.6114065518227896,0.18233324778256782,2.577305954271862,0.6585066772939002,-0.7979941938089693,-0.4405982128977116,1.0839180872244223,-0.731456558453927,0.8026294118245066,-0.4837964700093306,-0.44723499235625613,0.03176123981021927,-0.27484217370469277,-0.7640668656583823,-0.4268793263687002,-0.009839980131132115,1.177257997685532,0.424538649146114,-0.39399301449631025,-0.7627516478195191,0.2600943294925495,0.15006963106732016,-0.4985776029534911,-0.027624429851217113,0.9701184146114263,1.1341393271770401,0.7627613879512306,-0.3398133504631664,-0.006572194880376346,-0.7663491670022323,-0.46969017218779346,-0.3880571572237958,-0.768599907544836,-0.572948771484678,-0.4595988515532633,-0.18867886069993195,-0.30453611366746514,-0.42282488369800897,2.3857401268543272,-0.667168174178847,2.213223725603307,0.1492009912708414,-0.09902468871666582,-0.631845911806668,-0.5137172368242192,-0.7508936916698834,-0.20748465252202328,1.4565973633930838,-0.60213971139323,-0.5847505387440692,-0.5601316652039429
294,-0.8063196457836549,-0.130854095665152,-0.8145298735165075,-0.7877327479076812,-0.6494005581465232,-0.32610135092090026,-0.2525003473924606,-0.5885158475994579,-0.23639977240246846,-0.8233018060869453,-0.7925831663741418,4.494501696169099,-0.7655788985032485,-0.264364153565235,-0.6397809538724032,-0.31835326149682636,3.46540080194719,-0.6022711991400812,-0.594221409002342,-0.5090253877772097,-0.6330250752008428,-0.6284565565155632,-0.556412405001797,-0.30615984144878017,-0.49683216161022736,-0.20553815751030255,-0.6395345852979323,-0.8855771709020147,-0.8340525181318775,-0.2641575924508828,0.07831103281945356,-0.44995091409767635,-0.47391174539841063,-0.33994838247894155,-0.28440813874689597,-0.6083407630364898,-0.6221567389365305,-0.3041649104476308,-0.6762771856959172,-0.24750480440191075,-0.08337282888189856,-0.6160734714978925,-0.7647308197458192,-0.3669979737371641,-0.11716246436055651,-0.7449192187227722,-0.8047794038771868,-0.047917040437938666,-0.5956108677930426,-0.46514828300039296,-0.35839405880867725,3.396972853754061,-0.463947886275248,-0.7979941938089693,-0.34256550265881175,0.8258423521709883,-0.731456558453927,-0.15745361667370703,-0.8522629361245863,0.4088809960745557,-0.7622697554452618,-0.3851762458462796,-0.5948757970892099,-0.597086394298804,3.106153728060725,-0.580718106374496,-0.5462052132306712,-0.33660981984202676,-0.4292354047851863,-0.2642893993230743,-0.7694746769432201,-0.47945596442647215,-0.8168938541717079,-0.7828964292834533,-0.8298928829847106,-0.8034837618459576,-0.2345688786893909,-0.3351819388991934,0.5221740225769729,0.5444465351886884,-0.48554915733026643,0.9624809653038936,-0.7472032640286799,0.3965838078231586,-0.30712133446009016,-0.38256227653384106,-0.42282488369800897,1.7648578557146193,-0.3128568761550302,1.2315276764083938,-0.160988179770409,-0.20550284862705917,-0.7983841068005183,-0.4933186807241469,-0.39819585622137077,-0.36348815065888285,0.6384680871669077,-0.7655869729006214,-0.25325930362838367,-0.5601316652039429
295,2.458828109947258,-0.3621813125157448,-0.2668854045453012,-0.5970907469619694,-0.808801775168252,-0.14573555948234926,-0.18216598878731835,-0.08088285657059825,0.9558180999442746,2.622234386787936,-0.6305669835503189,-0.32458908209743637,0.01722161121377456,-0.3554927828534925,0.011395589509177712,-0.044068429650048924,-0.745292760564584,0.5178860218272118,-0.1345349141578278,-0.3716313215151419,1.3576198153678452,-0.15969234230703772,-0.556412405001797,0.03238771636409874,-0.47807386811138924,0.3046629426925761,-0.3074813219033673,-0.6465511975542716,-0.8340525181318775,-0.10069373573622757,-0.6208946173542383,-0.0894133226732562,1.52188810122583,-0.399172839356806,-0.28440813874689597,-0.5744064314117623,-0.2997957343062038,0.6759583240774952,-0.6762771856959172,-0.24750480440191075,-0.2622844788430542,-0.7542685077244274,0.04985249911423535,0.007108013762493475,0.090572401526955,1.5521885042108867,0.7395733967400159,-0.4037366476503546,3.6720059419390387,-0.8427037075136988,0.29047870910081686,2.8778504840820016,0.0972793955093261,0.5631899320911915,-0.3817785867543717,1.2427339241803814,2.9681069597379,0.4826017356584354,0.9900693944516917,-0.44723499235625613,0.03176123981021927,0.05616004272006767,-0.7640668656583823,-0.7672934622289077,-0.665838655539944,-0.7272161150461649,-0.7079958569601353,-0.02100224924346773,0.5713133243178121,-0.08949482305119973,-0.5855658153411121,-0.4985776029534911,-0.4222591420114625,0.9701184146114263,0.41994579620913075,-0.6077031181213091,-0.48715561094645216,-0.006572194880376346,-0.444218369607431,-0.7594435171525026,-0.3100635571386193,-0.768599907544836,2.0408686166753496,-0.802071915303832,-0.12945762381985287,-0.3240426543840591,-0.21846292927654498,0.5230933134352038,-0.3128568761550302,2.714089056825201,-0.7813665218529099,-0.25874192858225586,-0.2987695218189674,-0.4933186807241469,-0.39819585622137077,-0.25948581856764313,0.9166320410838076,2.8302527802619895,-0.750496156301912,-0.7184503947697831
296,-0.8063196457836549,-0.053745023381621064,-0.8145298735165075,3.597033273843691,-0.808801775168252,0.09475216243571878,-0.2525003473924606,0.5959611314678812,-0.7473502891225012,0.44610626497222144,1.4756433931593795,3.4063199075282684,2.209063038421439,-0.1732355242769775,-0.1513985463362175,-0.2726391228556968,1.036154515882705,1.0779646323108583,-0.4409925773875039,-0.5090253877772097,-0.7861516052445882,0.30907187190148777,-0.7263612153261089,-0.3625844344175933,-0.49683216161022736,0.4504346856076843,-0.6395345852979323,-0.8855771709020147,-0.3377896156337354,0.06277012097842767,0.9523180955365684,-0.3778433958127923,-0.6553480950915234,-0.2214994687232128,0.45240051085646166,-0.5744064314117623,1.150828786530266,-0.6308726552893394,-0.6762771856959172,-0.6077738064425378,1.7057436707296578,-0.7235584996740864,-0.4388974922017974,-0.3669979737371641,-0.32489733024806805,-0.7449192187227722,-0.8047794038771868,-0.3444333797816186,-0.7811594247379158,0.28996256602621884,-0.3043213281495527,3.205717243874881,-0.08979636508553193,-0.6278461780714493,-0.4994178390410515,3.307339804607852,5.082143255847515,-0.6374951309228138,0.6216029283364362,0.06643460070223098,-0.7622697554452618,-0.35759272781088286,-0.4256847285200376,1.7858125567226486,-0.8298383243921471,-0.7272161150461649,1.395282511522899,-0.25053502786060156,-0.2624772832680199,-0.43908397559494894,-0.5855658153411121,-0.44121268737243435,-0.4222591420114625,-0.08169049172550143,-0.47279611750075595,-0.8034837618459576,-0.5082045053012073,0.8149521651666662,-0.6052837683048317,-0.46969017218779346,-0.48554915733026643,-0.2964869422224552,-0.2244397863966744,-0.28836231967797893,0.22586979746062164,-0.460588439400217,-0.42282488369800897,-0.2530095254894309,0.21861007088069498,1.2715969029061454,0.3042955767914666,-0.09902468871666582,-0.7983841068005183,-0.5137172368242192,-0.5745447739456271,-0.25948581856764313,1.554772876540225,-0.11179792687105575,-0.5847505387440692,-0.7184503947697831
297,2.6306779918278322,-0.053745023381621064,0.4633072207496406,-0.5970907469619694,0.944611612070765,0.034630231956201775,-0.07666445087960501,-0.419304850589838,-0.5770334502158236,-0.2792697756330167,-0.7925831663741418,-0.7909527058006495,-0.6090187965598439,-0.21879983892110627,-0.47698681802700793,-0.08978256829117849,-0.745292760564584,2.1981218532781512,-0.4409925773875039,-0.3323758740116939,0.28573410506162855,0.30907187190148777,-0.556412405001797,-0.3625844344175933,-0.17794117212997876,-0.2784240289678567,-0.6395345852979323,-0.5481287379404951,-0.5032105831331162,-0.5910853058801933,-0.7956960298976613,-0.44995091409767635,-0.8367844447846362,-0.2807239256010772,0.45240051085646166,-0.5065377681623072,1.150828786530266,1.1660199413400583,-0.14766031308316277,3.5353197170246737,-0.2622844788430542,-0.6774934875985748,1.5161024730623338,-0.32958737498719837,0.17366634788195962,-0.7449192187227722,0.053194374243481356,-0.3444333797816186,-0.7811594247379158,0.4787402782828718,-0.35839405880867725,3.8887729934433812,-0.08979636508553193,-0.6278461780714493,-0.4994178390410515,2.910300212217954,-0.731456558453927,-0.47748129283977825,0.06890322916355274,-0.7896813877285809,-0.6034635563941656,-0.08175754745691584,-0.7640668656583823,-0.7672934622289077,-0.3378393178355381,-0.43422009770282693,-0.5462052132306712,-0.30791822251488504,0.9048295673521449,-0.43908397559494894,-0.5855658153411121,-0.4603343258994532,-0.8168938541717079,-0.4322934605044773,-0.11569935201680126,-0.6077031181213091,-0.5082045053012073,-0.4994868109086019,-0.7663491670022323,-0.17993682722308435,-0.3880571572237958,0.018255034659132002,-0.05018529385267257,2.108949126576002,-0.0702363869397738,-0.48009498011681095,-0.42282488369800897,5.645372050337792,-0.8443238231907555,3.9963043047532505,1.2348630899152178,-0.3652200884926492,-0.2987695218189674,-0.4729201246240747,-0.7508936916698834,-0.36348815065888285,2.372902152766401,0.21509659614372706,-0.750496156301912,-0.5601316652039429
298,0.9121791730220887,-0.32362677637397935,-0.44943356086903663,-0.2158067450705457,0.30700674398384975,-0.20585748996186626,-0.28766752669503165,0.5959611314678812,-0.5770334502158236,-0.2792697756330167,-0.468550800726496,-0.6354981645662451,-0.7655788985032485,0.14571467823192377,-0.8025750897177983,-0.13549670693230806,-0.745292760564584,-0.7889640693012967,-0.594221409002342,0.07980632477450969,-0.6330250752008428,-0.7847112945850717,-0.7263612153261089,0.03238771636409874,-0.4030406941160366,0.04956239259113676,-0.4735079536006498,-0.8855771709020147,1.6472619943588331,2.6781918284129116,-0.4460932048108154,2.0738122258732643,0.6147063527602661,0.37074510005543104,0.8208048356581404,-0.4047347732881248,0.8284677818999393,-0.7942265277101938,-0.6762771856959172,-0.6077738064425378,-0.2622844788430542,-0.6160734714978925,3.471102438326465,-0.32958737498719837,-0.11716246436055651,-0.5808400956560823,-0.8047794038771868,0.6637221739868931,1.2598747016556884,-0.08759285848708705,-0.35839405880867725,3.1510727839094015,0.0972793955093261,-0.6278461780714493,-0.4994178390410515,2.195628945916137,-0.555286867111459,0.002560221409328572,0.4373696952788083,-0.7896813877285809,1.461017031270085,-0.21967513763389934,-0.25649365995086526,-0.2566722584385965,-0.8298383243921471,-0.14122408035948897,1.8806544427112917,-0.2792266251877433,-0.7627516478195191,-0.7886731281386982,0.5178873542715363,-0.4603343258994532,-0.8168938541717079,-0.4322934605044773,-0.8298928829847106,-0.8034837618459576,-0.40296003352743176,-0.828096554927419,-0.1220875722126297,-0.7594435171525026,-0.5050475573515606,4.73938468788294,-0.572948771484678,0.2253472759478742,-0.18867886069993195,-0.3240426543840591,-0.320643906487277,0.2126521778653499,-0.3128568761550302,1.832566073874667,-0.7813665218529099,0.752800590566481,-0.4653077168128177,-0.5137172368242192,0.4835487323999108,0.10452234375169592,1.7838490738835542,0.3785438576511185,-0.08751368607054091,2.447924196547022
299,-0.6344697639030806,-0.16940863180691748,0.28075906442590515,-0.2158067450705457,-0.33059812410306555,0.2751179538742698,-0.14699880948474722,-0.7577268446090778,-0.7473502891225012,-0.6419577959356357,0.3415301133926187,1.540865412715416,-0.7655788985032485,-0.3554927828534925,2.290513491344711,-0.08978256829117849,0.22640575386120995,3.50497194440666,-0.2877637457726659,-0.273492702756522,-0.7861516052445882,-0.7847112945850717,-0.556412405001797,-0.19331065551115387,-0.49683216161022736,-0.35130990042541077,-0.8055612169952149,-0.8433961167818247,1.9781039293575946,-0.7545491625948485,-0.7956960298976613,-0.44995091409767635,-0.11103904601218505,-0.33994838247894155,0.45240051085646166,-0.5065377681623072,-0.7833372412516937,1.6560815586026212,-0.8524828099001687,-0.0673703033815972,-0.2622844788430542,-0.7849785157747685,0.21276916288624628,-0.3669979737371641,0.33985424059196884,-0.2526818495227025,-0.11840038138065227,-0.3444333797816186,-0.4100623108481696,-0.27637057074374,-0.1421031361721792,4.080028603322561,-0.08979636508553193,-0.28755014659640904,-0.18571316627657194,0.9449542298879579,-0.731456558453927,-0.7975089690058494,-0.29956323695170284,2.2923361706223417,0.9845984341167966,-0.33000920977548615,-0.08730259138169293,-0.0864651905084927,1.7941563772431008,-0.7272161150461649,1.395282511522899,-0.3653014171691685,-0.2624772832680199,-0.6138785518668235,-0.7694746769432201,-0.4603343258994532,-0.4222591420114625,0.44421396144296244,-0.8298928829847106,1.7416646065744734,-0.5082045053012073,0.6506472931572577,0.2000432251821716,-0.7594435171525026,-0.48554915733026643,-0.45385793066324875,-0.7472032640286799,-0.4595988515532633,0.16664856058054256,-0.4996015208334049,-0.39727963939532596,1.1439755845749116,-0.8443238231907555,1.6923237811325367,4.0265656292864715,0.38012703088010424,-0.2987695218189674,-0.4933186807241469,-0.7508936916698834,-0.36348815065888285,1.3911470212949897,-0.7655869729006214,-0.5847505387440692,0.7064181713227792
300,-0.8063196457836549,-0.3621813125157448,0.8284035333971115,-0.4064487460162575,-0.808801775168252,0.034630231956201775,-0.3228347059976028,-0.25009385358021813,-0.5770334502158236,-0.6419577959356357,0.8275786618640876,0.9190472477777987,-0.13933849072963006,-0.3554927828534925,0.33698386119996815,-0.22692498421456722,-0.5833430081602851,-0.7889640693012967,-0.74745024061718,-0.3520035977634179,-0.3267720151133524,1.5591097764575557,0.46328045694407416,-0.3625844344175933,-0.47807386811138924,0.12244826404869086,-0.4735079536006498,-0.8855771709020147,0.4893152218631682,0.7166255478370486,-0.6208946173542383,-0.23362835924302425,-0.11103904601218505,-0.2807239256010772,-0.8370146259494141,-0.3708004416633973,-0.7833372412516937,0.1858967068149322,-0.14766031308316277,-0.0673703033815972,-0.7990194287265212,-0.5853634634475514,0.04985249911423535,-0.14253438123736956,-0.32489733024806805,-0.7449192187227722,1.082762907988283,-0.4037366476503546,-0.4100623108481696,2.1777396885927485,-0.1961758668313037,1.6756723648414427,-0.838099407464964,-0.6278461780714493,-0.4994178390410515,1.6397735165702796,-0.026777793084055153,1.6026986022396845,-0.8522629361245863,0.23765779838839335,-0.6034635563941656,0.19407763289705118,-0.5948757970892099,-0.4268793263687002,0.8101583641298828,-0.7272161150461649,-0.384414569501207,-0.22184343053345984,-0.7627516478195191,-0.43908397559494894,-0.21774809213689597,-0.44121268737243435,0.9589623505493964,-0.7828964292834533,0.2413974134671534,1.5458839628498247,-0.40296003352743176,-0.828096554927419,-0.444218369607431,0.10981651774162475,-0.4660507573089723,-0.2964869422224552,-0.3986942789406762,-0.802071915303832,-0.36634257134016923,-0.38256227653384106,-0.269553417881911,-0.2530095254894309,-0.8443238231907555,2.133085272607804,4.0265656292864715,-0.25874192858225586,-0.4653077168128177,-0.33013023192356905,-0.22184693849711443,-0.36348815065888285,2.4547150803890183,0.051649334636335656,-0.41900492118622645,-0.7184503947697831
301,-0.8063196457836549,-0.3621813125157448,1.1934998460445825,0.1654772568208779,-0.33059812410306555,-0.32610135092090026,0.06400426633067943,-0.5885158475994579,0.10423390541088669,-0.6419577959356357,-0.7925831663741418,-0.7909527058006495,1.2697024267610113,-0.3554927828534925,-0.1513985463362175,-0.31835326149682636,0.06445600145691095,0.5178860218272118,-0.594221409002342,-0.4501422165220378,0.28573410506162855,-0.15969234230703772,-0.3864635946774852,-0.19331065551115387,-0.47807386811138924,-0.3148669646966337,-0.4735079536006498,-0.8855771709020147,-0.5032105831331162,-0.7545491625948485,-0.7956960298976613,-0.3778433958127923,0.2518336533740405,-0.2214994687232128,-0.10020597634605656,-0.6083407630364898,1.634370293475756,-0.7942265277101938,-0.32386593728741425,-0.7879083074628513,-0.7990194287265212,-0.769623511749598,0.21276916288624628,-0.03030258498747228,-0.36644430342557033,-0.08860272645601257,-0.8047794038771868,0.1299927631682693,-0.4100623108481696,0.1011848537695659,-0.35839405880867725,4.107350833305301,1.0326581984836163,2.0945220737288723,-0.3229589606110318,2.6125205179255304,-0.731456558453927,-0.7975089690058494,-0.11533000389407506,-0.44723499235625613,-0.6034635563941656,-0.3851762458462796,-0.5948757970892099,-0.0864651905084927,-0.8298383243921471,-0.14122408035948897,-0.5462052132306712,-0.39399301449631025,-0.7627516478195191,-0.7886731281386982,-0.03383923053478791,-0.4603343258994532,1.5509144187897643,-0.25699197611498936,-0.11569935201680126,-0.6077031181213091,-0.42400892788218686,-0.17087706688978485,-0.1220875722126297,-0.614566844670148,-0.427053957266384,-0.45385793066324875,-0.7472032640286799,1.4240029990748646,-0.36634257134016923,-0.38256227653384106,-0.42282488369800897,-0.7186712288442116,0.9272326669283286,3.5755774265268596,-0.7813665218529099,-0.3652200884926492,-0.631845911806668,-0.22813745142320788,-0.39819585622137077,-0.15548348647640342,2.1929137119966424,0.21509659614372706,-0.750496156301912,-0.0851754765064221
302,-0.8063196457836549,-0.20796316794868294,-0.8145298735165075,-0.5970907469619694,-0.011795690059607908,-0.08561362900283224,-0.3228347059976028,-0.25009385358021813,-0.7473502891225012,-0.8233018060869453,0.5035462962164416,0.7635927065433943,0.3303418151005838,-0.3554927828534925,0.33698386119996815,-0.31835326149682636,-0.5833430081602851,1.0779646323108583,0.3251515806866863,-0.48939766402548573,0.7451136951928643,0.15281713383197926,0.46328045694407416,-0.3625844344175933,-0.2342160526264932,-0.35130990042541077,0.6886784682803279,-0.8012150626616348,-0.6686315506324968,-0.7545491625948485,-0.4460932048108154,-0.44995091409767635,0.4332700030671533,-0.399172839356806,0.636602673257301,-0.6083407630364898,-0.7833372412516937,-0.6308726552893394,0.38095655952959173,-0.24750480440191075,1.3479203708073466,-0.5546534553972103,0.21276916288624628,-0.3669979737371641,-0.0340685180055519,-0.7449192187227722,0.053194374243481356,-0.2851301119128826,-0.22451375390329645,-0.8427037075136988,-0.2502485974904282,2.1401502745480223,-0.838099407464964,-0.28755014659640904,-0.4405982128977116,2.8507442733594694,-0.2029474844265231,3.2028369830700405,4.122034356431364,0.9225505891330428,-0.4446573573430694,-0.21967513763389934,-0.5948757970892099,-0.4268793263687002,-0.1738396489833351,-0.7272161150461649,-0.06083328204227859,-0.39399301449631025,0.9048295673521449,-0.43908397559494894,-0.7694746769432201,-0.4985776029534911,-0.8168938541717079,-0.7828964292834533,0.2413974134671534,0.17541945677728507,-0.12932440691561534,0.3220375491384407,-0.7663491670022323,0.10981651774162475,-0.4660507573089723,-0.45385793066324875,-0.572948771484678,-0.4595988515532633,-0.18867886069993195,-0.2460164915176832,-0.39727963939532596,-0.40823009327435783,0.5729213689045117,2.213223725603307,-0.7813665218529099,0.27364887096971086,0.8669978431379848,-0.45252156852400244,-0.7508936916698834,0.36452817397979526,2.143825955423072,1.032332903680684,-0.750496156301912,0.2314619826252584
303,0.56847940926094,-0.20796316794868294,-0.8145298735165075,-0.5970907469619694,-0.4899993411247944,0.5156056757923378,-0.14699880948474722,1.103594122496741,0.27455074431756427,0.627450275123531,-0.468550800726496,-0.6354981645662451,1.1131423248176069,-0.12767120963284875,3.5928665781078726,-0.31835326149682636,0.38835550626550897,1.8247361129557202,-0.74745024061718,-0.4305144927703138,-0.6330250752008428,-0.3159470803765462,0.12338283629545041,-0.19331065551115387,-0.4405572811137129,0.4504346856076843,0.19059857318848028,-0.49188733244690847,-0.5032105831331162,0.7166255478370486,0.7775166829931455,-0.16152084095814023,0.4332700030671533,-0.2807239256010772,-0.28440813874689597,-0.5574392655993985,-0.7833372412516937,-0.7942265277101938,-0.8524828099001687,-0.6077738064425378,-0.7990194287265212,-0.7235584996740864,0.86443581797429,-0.3669979737371641,-0.2833503570705657,-0.41676097258939243,1.5975471748606838,-0.16652357617541064,-0.7811594247379158,-0.8427037075136988,-0.3043213281495527,2.9051727140647414,1.2197339590784744,2.7751141366789525,-0.40138512880215166,2.1162210274381574,-0.731456558453927,-0.47748129283977825,-0.6680297030669584,0.9225505891330428,-0.7622697554452618,-0.3851762458462796,-0.25649365995086526,0.2539489453517148,-0.665838655539944,-0.43422009770282693,-0.22262392577174278,-0.2792266251877433,0.4045552028006457,-0.7886731281386982,-0.401656953739004,-0.3456044947373398,1.3535970627096416,-0.08169049172550143,-0.11569935201680126,0.17541945677728507,-0.5082045053012073,0.8149521651666662,-0.28315297091003033,-0.7594435171525026,-0.1345779569469721,-0.768599907544836,0.2983236912353311,-0.6308353834285477,-0.12945762381985287,-0.4996015208334049,-0.039646219157764,0.36787274565027683,0.3957657198926034,2.7541582833229525,-0.4711773508116594,-0.3652200884926492,3.3650707680457392,-0.45252156852400244,-0.7508936916698834,-0.05148115438516368,0.8839068700347605,-0.7655869729006214,-0.5847505387440692,0.38978071219109867
304,-0.8063196457836549,-0.16940863180691748,2.4713369403107306,-0.5970907469619694,0.30700674398384975,0.09475216243571878,-0.3580018853001739,-0.5885158475994579,-0.40671661130914605,-0.6419577959356357,-0.7925831663741418,1.6963199539498204,1.2697024267610113,-0.21879983892110627,-0.6397809538724032,-0.18121084557343764,-0.25944350335168703,-0.7889640693012967,0.9380669071460385,-0.5090253877772097,-0.3267720151133524,1.7153645145270642,-0.3864635946774852,-0.30615984144878017,-0.49683216161022736,-0.35130990042541077,-0.8055612169952149,-0.6887322516744616,-0.8340525181318775,-0.427621449165538,-0.4460932048108154,0.054801713896511846,-0.47391174539841063,0.07462281566610911,1.1892091604598192,-0.5574392655993985,0.18374577263928613,2.9629125379694554,-0.8524828099001687,-0.4276393054222243,3.494860170341214,-0.7542685077244274,0.21276916288624628,-0.32958737498719837,-0.36644430342557033,-0.7449192187227722,0.5679786411158823,-0.2851301119128826,-0.7811594247379158,-0.08759285848708705,0.9934242076694354,2.659272644220082,-0.838099407464964,0.5631899320911915,-0.4994178390410515,1.4214017407558357,-0.555286867111459,-0.7975089690058494,-0.4837964700093306,0.23765779838839335,0.5081798369635079,-0.35759272781088286,-0.7640668656583823,-0.0864651905084927,-0.5018389866877411,-0.14122408035948897,0.10095736168718561,-0.39399301449631025,0.23779708128347932,0.7844780583081733,0.8857050774757523,-0.4985776029534911,0.16969292622890558,-0.7828964292834533,-0.6513445002427333,-0.6077031181213091,-0.2766666673989011,-0.828096554927419,-0.7663491670022323,-0.3248134997054389,-0.4660507573089723,-0.6112289191040424,0.4725781837793329,0.2253472759478742,-0.36634257134016923,-0.421575357967029,-0.371734395092643,-0.7186712288442116,-0.49001252516693866,3.2750582277937226,0.3042955767914666,-0.25874192858225586,0.36738325815643386,-0.37092734412371353,-0.22184693849711443,-0.25948581856764313,2.8146919619285358,-0.11179792687105575,1.569942489507887,-0.24349420607226235
305,-0.8063196457836549,-0.3621813125157448,-0.6319817171927721,-0.5970907469619694,-0.4899993411247944,-0.3862232814004173,-0.2525003473924606,-0.08088285657059825,-0.40671661130914605,-0.8233018060869453,-0.7925831663741418,-0.7909527058006495,0.8000221209307976,-0.264364153565235,-0.1513985463362175,-0.13549670693230806,-0.421393255755986,-0.7889640693012967,-0.1345349141578278,-0.48939766402548573,-0.6330250752008428,0.46532660997099623,-0.7263612153261089,0.14523690230172503,-0.2342160526264932,-0.16909522178152553,-0.8055612169952149,-0.7309133057946515,-0.8340525181318775,0.7166255478370486,3.574339283687913,0.2711242687511639,-0.6553480950915234,-0.33994838247894155,-0.8370146259494141,-0.47260343653757975,-0.7833372412516937,-0.6308726552893394,-0.14766031308316277,1.1935712037605974,0.632273770962724,-0.769623511749598,-0.7647308197458192,-0.2547661774872668,-0.36644430342557033,-0.7449192187227722,-0.8047794038771868,0.42650910251194923,-0.7811594247379158,-0.27637057074374,-0.2502485974904282,2.0855058145825422,-0.838099407464964,-0.6278461780714493,-0.4405982128977116,1.4214017407558357,-0.731456558453927,-0.47748129283977825,-0.8522629361245863,-0.6184581900424185,-0.6034635563941656,-0.24725865566929606,-0.4256847285200376,1.1049842850022336,-0.3378393178355381,0.44476795432718697,0.5863292928755782,-0.3653014171691685,-0.4292354047851863,0.43488890576442407,-0.21774809213689597,-0.42209104884541543,-0.4222591420114625,-0.25699197611498936,0.9555909444350628,-0.6077031181213091,-0.5082045053012073,-0.828096554927419,-0.7663491670022323,0.3995698627063339,-0.5050475573515606,-0.6112289191040424,-0.3986942789406762,-0.6308353834285477,0.22586979746062164,-0.4996015208334049,-0.42282488369800897,-0.5634506610592848,0.21861007088069498,2.2332583388521825,-0.7813665218529099,-0.3652200884926492,-0.2987695218189674,-0.5137172368242192,2.070688991918218,-0.311486984613263,1.5384102910157014,-0.60213971139323,-0.08751368607054091,-0.4018129356381026
306,-0.6344697639030806,-0.053745023381621064,-0.8145298735165075,0.1654772568208779,-0.17119690708133672,-0.3862232814004173,-0.3580018853001739,-0.5885158475994579,1.97771913338434,-0.09792576548170716,-0.7925831663741418,-0.16913454086303198,-0.7655788985032485,-0.3554927828534925,0.011395589509177712,-0.31835326149682636,-0.25944350335168703,-0.22888545881765018,4.922016529131827,-0.29312042650824593,0.5919871651491191,-0.4722018184460547,-0.7263612153261089,-0.1368860625423407,-0.4405572811137129,-0.16909522178152553,-0.3074813219033673,-0.8293357654084281,-0.6686315506324968,1.8608725448396353,-0.6208946173542383,-0.44995091409767635,-0.8367844447846362,0.37074510005543104,-0.46861030114773533,-0.5065377681623072,-0.7833372412516937,-0.7942265277101938,0.5571621837338432,-0.7879083074628513,-0.08337282888189856,-0.7389135036992569,-0.11306416465777558,-0.3669979737371641,-0.1587094375380588,1.0599511350108168,-0.2899951370047859,-0.4037366476503546,-0.5956108677930426,-0.46514828300039296,-0.2502485974904282,4.87237327282202,-0.838099407464964,-0.11740213085888894,-0.4798112969932716,3.069116049173913,-0.555286867111459,0.002560221409328572,-0.8522629361245863,-0.7896813877285809,-0.7622697554452618,-0.08175754745691584,0.4202706143258241,0.764570149142026,-0.665838655539944,-0.43422009770282693,-0.7079958569601353,-0.22184343053345984,2.0721364179723096,-0.2642893993230743,0.3339784926694282,-0.42209104884541543,0.16969292622890558,-0.08169049172550143,-0.6513445002427333,-0.8034837618459576,-0.46610671659169706,-0.6637916829180104,0.5221740225769729,-0.0350601547407298,-0.3880571572237958,0.018255034659132002,3.9576680346593696,-0.28836231967797893,-0.011015150059694707,-0.4996015208334049,-0.09073670776313,-0.2530095254894309,-0.49001252516693866,2.8944005760650833,-0.4711773508116594,-0.25874192858225586,-0.7983841068005183,-0.5137172368242192,-0.04549802077285813,-0.36348815065888285,2.60197835010973,-0.60213971139323,-0.5847505387440692,-0.24349420607226235
307,1.2558789367832375,-0.3621813125157448,-0.6319817171927721,-0.7877327479076812,-0.808801775168252,-0.2659794204413833,-0.3580018853001739,1.6112271135256004,1.8074022944776624,-0.8233018060869453,0.01749774774497282,-0.6354981645662451,0.17378171315717916,-0.264364153565235,-0.3141926821816127,-0.08978256829117849,-0.421393255755986,0.5178860218272118,-0.4409925773875039,-0.273492702756522,5.492036126548967,-0.7847112945850717,0.2933316466197623,-0.08046146957352757,-0.49683216161022736,-0.35130990042541077,-0.6395345852979323,-0.7871547112882381,-0.6686315506324968,-0.7545491625948485,-0.27129179226739236,-0.23362835924302425,-0.6553480950915234,-0.399172839356806,-0.46861030114773533,-0.3538332758510335,-0.2997957343062038,0.1858967068149322,-0.8524828099001687,-0.24750480440191075,-0.4411961288042099,-0.7389135036992569,-0.7647308197458192,-0.1799449799873353,-0.36644430342557033,-0.5808400956560823,0.5679786411158823,-0.3444333797816186,0.517680473876196,-0.08759285848708705,1.04749693832856,2.9324949440474817,-0.27687212568039,-0.7979941938089693,-0.4798112969932716,1.2625859037998763,-0.2029474844265231,-0.7975089690058494,-0.8522629361245863,-0.10478859698393139,-0.28585115829197316,-0.33000920977548615,-0.5948757970892099,-0.7672934622289077,1.3021573706864917,2.788736093073891,-0.06083328204227859,-0.3653014171691685,3.5729595116268076,0.43488890576442407,-0.5855658153411121,-0.3647261332643587,-0.22494178593133982,0.44421396144296244,-0.2942477347587786,-0.8034837618459576,-0.40296003352743176,0.3220375491384407,-0.7663491670022323,5.1805000546240345,-0.17357475698956035,0.1756260230999256,-0.572948771484678,-0.11712578780269454,-0.18867886069993195,-0.38256227653384106,-0.192917684973862,0.05743161008042298,-0.8443238231907555,3.0146082555583376,-0.7813665218529099,-0.3652200884926492,-0.4653077168128177,-0.5137172368242192,-0.7508936916698834,-0.36348815065888285,1.4893225344421308,0.051649334636335656,0.07823193148730186,0.8647369008886194
308,-0.8063196457836549,-0.2850722402322139,-0.2668854045453012,2.262539267223708,-0.011795690059607908,0.1548740929152358,-0.3580018853001739,0.2575391374486415,-0.7473502891225012,-0.8233018060869453,-0.7925831663741418,-0.32458908209743637,-0.7655788985032485,-0.30992846820936376,-0.3141926821816127,-0.2726391228556968,0.06445600145691095,1.6380432427945049,0.17192274907184826,-0.48939766402548573,0.8982402252366095,2.809147681013624,0.46328045694407416,0.08881230933291188,-0.14042458513230244,-0.2784240289678567,-0.6395345852979323,-0.8855771709020147,2.1435248968569756,-0.7545491625948485,-0.6208946173542383,-0.44995091409767635,2.429069849691394,0.1338472725439735,-0.6528124635485747,-0.6083407630364898,0.34492627495444944,2.636204793127747,-0.8524828099001687,-0.0673703033815972,-0.7990194287265212,-0.7235584996740864,-0.7647308197458192,-0.32958737498719837,-0.2002564107155611,-0.7449192187227722,-0.8047794038771868,-0.047917040437938666,-0.7811594247379158,0.1011848537695659,-0.0880304055130547,2.0035391246343224,-0.838099407464964,-0.6278461780714493,-0.4602047549454916,3.128671988032398,-0.731456558453927,-0.31746745475674265,0.6216029283364362,-0.7896813877285809,-0.28585115829197316,-0.3851762458462796,-0.08730259138169293,0.4241560132818185,2.1221557149475068,-0.7272161150461649,3.498560880005934,-0.3653014171691685,-0.2624772832680199,4.629958736289415,-0.21774809213689597,-0.26911794062926414,3.129453267430746,-0.08169049172550143,-0.6513445002427333,-0.21614183067201198,0.03906674792242552,0.4863424211478492,-0.6052837683048317,0.2546931902239793,-0.3880571572237958,2.378819861271036,-0.3986942789406762,-0.28836231967797893,-0.36634257134016923,-0.44108189868362296,-0.39727963939532596,-0.7186712288442116,-0.49001252516693866,1.6722891678836609,-0.7813665218529099,-0.1522637686718625,3.0319943780580387,-0.5137172368242192,1.3652933210211924,-0.36348815065888285,0.5893803305933372,-0.43869244988583855,-0.25325930362838367,-0.24349420607226235
309,-0.8063196457836549,-0.053745023381621064,-0.6319817171927721,-0.4064487460162575,-0.4899993411247944,-0.2659794204413833,-0.3580018853001739,-0.5885158475994579,0.44486758322424186,-0.8233018060869453,0.9895948446879105,-0.013679999628627598,-0.13933849072963006,-0.3554927828534925,-0.3141926821816127,-0.31835326149682636,-0.745292760564584,1.0779646323108583,0.3251515806866863,-0.5090253877772097,3.3482647059365336,-0.7847112945850717,-0.7263612153261089,-0.02403687660471441,-0.4217989876148748,-0.05976641459519438,2.016891521858588,-0.871516819528618,-0.8340525181318775,0.38969783440773814,0.6027152704497225,-0.3778433958127923,0.2518336533740405,-0.16227501184534843,-0.6528124635485747,-0.5065377681623072,-0.6221567389365305,-0.14081103802677644,1.614395928959352,-0.4276393054222243,-0.7990194287265212,-0.7849785157747685,-0.7647308197458192,-0.3669979737371641,-0.0756154911830542,0.7317928888774371,-0.2899951370047859,-0.2851301119128826,-0.22451375390329645,3.4991836743893194,1.1556423996468088,2.6319504142373416,4.400021889191061,0.39304191635367136,-0.3621720447065917,3.0095601103154284,0.1493918982584128,0.002560221409328572,3.0166349580855973,-0.6184581900424185,-0.7622697554452618,0.304411705038638,-0.5948757970892099,-0.0864651905084927,-0.8298383243921471,0.005273928312180023,-0.06083328204227859,-0.13576863855203467,0.07103895976631291,-0.7886731281386982,-0.21774809213689597,-0.47945596442647215,-0.8168938541717079,1.1454198990009143,-0.47279611750075595,-0.6077031181213091,-0.3187644561084113,-0.4994868109086019,0.03897782648477095,1.5585832425651702,-0.5050475573515606,-0.768599907544836,0.9953416614113384,-0.11712578780269454,-0.18867886069993195,-0.3630557358172471,-0.39727963939532596,1.4544167201447655,-0.8443238231907555,2.393535244843189,1.2348630899152178,-0.25874192858225586,-0.7983841068005183,-0.33013023192356905,-0.7508936916698834,0.20852467584293566,1.9802001001778364,0.3785438576511185,-0.750496156301912,0.38978071219109867
310,-0.8063196457836549,-0.3621813125157448,1.376048002368318,-0.7877327479076812,1.741617697179409,0.09475216243571878,-0.3580018853001739,-0.7577268446090778,-0.7473502891225012,-0.09792576548170716,-0.6305669835503189,-0.6354981645662451,-0.29589859267303464,-0.30992846820936376,0.011395589509177712,-0.2726391228556968,-0.745292760564584,-0.7889640693012967,0.7848380755312004,-0.41088676901858984,0.28573410506162855,-0.6284565565155632,1.652922129214257,-0.249735248479967,-0.45931557461255107,-0.16909522178152553,-0.4735079536006498,-0.8855771709020147,1.4818410268594526,0.8800894045517038,-0.4460932048108154,0.12690923218139588,0.2518336533740405,0.07462281566610911,0.26819834845562224,-0.5065377681623072,0.5061067772696127,-0.6308726552893394,2.1430128015721066,-0.7879083074628513,3.3159485203800587,-0.7849785157747685,-0.7647308197458192,0.007108013762493475,-0.36644430342557033,-0.5808400956560823,-0.6331846482530531,0.1299927631682693,-0.03896519695842335,1.8001842640794425,-0.35839405880867725,2.386050344392682,-0.27687212568039,-0.7979941938089693,-0.4994178390410515,1.8184413331457339,-0.2029474844265231,-0.7975089690058494,-0.6680297030669584,-0.7896813877285809,-0.6034635563941656,-0.3851762458462796,1.2662259571716858,0.764570149142026,-0.3378393178355381,-0.7272161150461649,-0.06083328204227859,-0.39399301449631025,2.0721364179723096,-0.43908397559494894,0.8857050774757523,-0.23087466357522635,1.156279706629519,-0.7828964292834533,-0.6513445002427333,1.5458839628498247,-0.48715561094645216,-0.828096554927419,-0.6052837683048317,-0.3248134997054389,-0.271066757096031,-0.2964869422224552,-0.7472032640286799,1.0815299353242962,-0.011015150059694707,-0.421575357967029,-0.371734395092643,-0.5634506610592848,0.04145442186878656,1.8926699136212943,-0.7813665218529099,0.22040979101451422,-0.7983841068005183,-0.4933186807241469,1.3652933210211924,-0.36348815065888285,1.8165742449326012,0.051649334636335656,-0.750496156301912,-0.7184503947697831
311,0.22477964549979124,-0.130854095665152,-0.8145298735165075,1.309329262495149,-0.808801775168252,-0.32610135092090026,-0.2525003473924606,-0.419304850589838,0.785501261037597,-0.8233018060869453,-0.30653461790267306,-0.4800436233318407,-0.6090187965598439,-0.30992846820936376,-0.47698681802700793,-0.31835326149682636,-0.745292760564584,-0.042192588656434694,0.3251515806866863,-0.4501422165220378,0.28573410506162855,0.15281713383197926,-0.7263612153261089,0.08881230933291188,-0.49683216161022736,-0.3148669646966337,-0.8055612169952149,-0.7590340085414449,-0.8340525181318775,-0.7545491625948485,-0.09649037972396941,-0.23362835924302425,-0.8367844447846362,0.37074510005543104,-0.28440813874689597,-0.5574392655993985,-0.6221567389365305,0.1858967068149322,0.028545311121088726,1.013436702740284,-0.6201077787653655,-0.6467834795482337,1.027352481746301,0.11933981001239075,-0.36644430342557033,2.0444258734109564,-0.2899951370047859,0.0706894952995333,-0.4100623108481696,-0.8427037075136988,-0.0880304055130547,4.107350833305301,-0.651023646870106,-0.11740213085888894,-0.4798112969932716,1.9177012312432085,-0.555286867111459,-0.7975089690058494,-0.29956323695170284,-0.7896813877285809,0.03176123981021927,-0.3851762458462796,-0.4256847285200376,-0.4268793263687002,-0.665838655539944,1.323756006357201,-0.7079958569601353,-0.30791822251488504,-0.7627516478195191,-0.7886731281386982,0.15006963106732016,-0.21175302504820742,0.36701028230902827,-0.7828964292834533,-0.8298928829847106,0.3712001005019336,-0.2135199843346358,1.3078667811948919,-0.28315297091003033,0.3995698627063339,-0.4660507573089723,-0.45385793066324875,-0.05018529385267257,0.5678203396984429,-0.011015150059694707,-0.460588439400217,-0.269553417881911,-0.7186712288442116,-0.8443238231907555,0.8308354114308784,-0.005893594249783797,-0.25874192858225586,0.03430686816873323,-0.37092734412371353,-0.5745447739456271,-0.36348815065888285,2.5201654224871124,-0.43869244988583855,-0.750496156301912,0.7064181713227792
312,0.05292976361921688,-0.2850722402322139,-0.2668854045453012,-0.4064487460162575,1.1040128290924938,-0.14573555948234926,-0.3228347059976028,0.765172128477501,-0.7473502891225012,-0.09792576548170716,-0.468550800726496,-0.6354981645662451,-0.7655788985032485,-0.3554927828534925,-0.47698681802700793,-0.31835326149682636,0.38835550626550897,-0.7889640693012967,0.018693917457010226,-0.5090253877772097,-0.7861516052445882,-0.7847112945850717,0.2933316466197623,-0.30615984144878017,-0.49683216161022736,-0.2419810932390796,0.6886784682803279,-0.8855771709020147,-0.8340525181318775,0.8800894045517038,-0.6208946173542383,-0.44995091409767635,0.7961427024533789,-0.399172839356806,-0.6528124635485747,-0.47260343653757975,-0.7833372412516937,3.289620282811164,0.9095734321423462,-0.7879083074628513,-0.6201077787653655,-0.7849785157747685,-0.4388974922017974,-0.3669979737371641,0.5475891064794803,0.2395555196773673,-0.6331846482530531,0.1299927631682693,1.6309718155454345,-0.46514828300039296,0.23640597844169234,1.4297722949967828,1.4068097196733322,-0.4576981623339291,-0.34256550265881175,3.049264069554418,-0.731456558453927,-0.6374951309228138,-0.4837964700093306,-0.6184581900424185,0.5081798369635079,-0.21967513763389934,-0.7640668656583823,-0.0864651905084927,-0.665838655539944,-0.7272161150461649,-0.22262392577174278,-0.049693846570609455,0.4045552028006457,0.08529975322067489,0.3339784926694282,-0.4603343258994532,0.16969292622890558,1.3207213833904021,0.06284903072517607,-0.4119224743966605,-0.46610671659169706,0.8149521651666662,-0.6052837683048317,-0.17993682722308435,-0.2905651571173251,-0.6112289191040424,-0.7472032640286799,-0.802071915303832,-0.30712133446009016,-0.44108189868362296,-0.371734395092643,-0.5634506610592848,-0.8443238231907555,1.932739140119046,-0.7813665218529099,-0.3652200884926492,-0.2987695218189674,-0.4933186807241469,0.4835487323999108,-0.311486984613263,2.1929137119966424,-0.7655869729006214,-0.5847505387440692,-0.7184503947697831
313,-0.4626198820225062,-0.3621813125157448,0.8284035333971115,-0.7877327479076812,2.3792225652663244,-0.025491698523315235,-0.0414972715770339,-0.08088285657059825,-0.23639977240246846,-0.8233018060869453,2.60975667292614,-0.7909527058006495,-0.6090187965598439,-0.30992846820936376,0.011395589509177712,-0.31835326149682636,-0.745292760564584,-0.7889640693012967,-0.594221409002342,-0.5090253877772097,-0.7861516052445882,-0.7847112945850717,-0.2165147843531733,-0.3625844344175933,-0.34676581361952213,-0.3148669646966337,-0.8055612169952149,0.07052672248895757,-0.8340525181318775,-0.7545491625948485,-0.7956960298976613,0.9921994516000042,-0.29247539570529785,-0.2214994687232128,-0.8370146259494141,-0.5744064314117623,0.6672872795847761,0.022542834394077883,0.5571621837338432,1.7339747068215383,0.8111854209238797,1.2725920235980843,0.5386024904302681,-0.21735557873730108,-0.2833503570705657,0.2395555196773673,-0.2899951370047859,-0.4037366476503546,-0.22451375390329645,1.8001842640794425,-0.35839405880867725,-0.34617265388131546,-0.651023646870106,0.9034859635662317,-0.4405982128977116,-0.5042402823351707,-0.555286867111459,3.042823144987005,-0.8522629361245863,-0.7896813877285809,-0.28585115829197316,-0.33000920977548615,-0.25649365995086526,6.721817526695657,1.9581560460953038,-0.580718106374496,-0.22262392577174278,-0.30791822251488504,-0.7627516478195191,0.2600943294925495,1.6213405238841845,-0.4985776029534911,-0.8168938541717079,-0.6075949448939653,-0.2942477347587786,-0.8034837618459576,-0.48715561094645216,0.9792570371760747,-0.6052837683048317,-0.17993682722308435,-0.5050475573515606,-0.6112289191040424,-0.7472032640286799,-0.802071915303832,-0.36634257134016923,-0.38256227653384106,0.011444269447601994,0.05743161008042298,-0.8443238231907555,-0.49144906299492275,-0.7813665218529099,0.007453471193727517,-0.7983841068005183,-0.4729201246240747,1.3652933210211924,-0.25948581856764313,-0.6214509982214033,-0.7655869729006214,-0.5847505387440692,-0.7184503947697831
314,-0.29077000014193183,-0.20796316794868294,0.4633072207496406,1.6906132643865726,-0.808801775168252,-0.20585748996186626,-0.18216598878731835,0.08832814043902161,-0.7473502891225012,-0.8233018060869453,0.3415301133926187,-0.32458908209743637,0.17378171315717916,-0.21879983892110627,-0.47698681802700793,-0.08978256829117849,-0.745292760564584,-0.6022711991400812,-0.74745024061718,-0.4305144927703138,-0.7861516052445882,-0.7847112945850717,-0.7263612153261089,-0.30615984144878017,-0.49683216161022736,-0.3148669646966337,-0.14145469020608475,0.7735442911587901,0.9855781243613103,-0.7545491625948485,-0.7956960298976613,-0.30573587752790826,0.4332700030671533,-0.33994838247894155,-0.6528124635485747,-0.455636270725216,2.9238143119970625,3.289620282811164,-0.8524828099001687,-0.4276393054222243,-0.6201077787653655,2.0710522329069523,-0.7647308197458192,0.6056775937619455,0.1321193747044573,-0.41676097258939243,-0.2899951370047859,-0.10722030830667466,-0.22451375390329645,-0.27637057074374,-0.35839405880867725,-0.4281393438295354,-0.463947886275248,-0.11740213085888894,-0.34256550265881175,-0.20646058804274706,-0.2029474844265231,0.002560221409328572,-0.11533000389407506,-0.7896813877285809,-0.7622697554452618,-0.30242569174008943,-0.25649365995086526,-0.7672934622289077,0.8101583641298828,0.298269945655518,-0.7079958569601353,-0.2792266251877433,-0.5959935263023527,-0.7886731281386982,-0.7694746769432201,-0.4985776029534911,1.156279706629519,-0.4322934605044773,-0.2942477347587786,-0.6077031181213091,-0.5082045053012073,-0.17087706688978485,-0.7663491670022323,1.8483365875298792,-0.5050475573515606,-0.768599907544836,0.6468326763233347,0.2253472759478742,-0.36634257134016923,-0.4996015208334049,0.08808000235565099,-0.7186712288442116,-0.8443238231907555,-0.25103370400841346,-0.6262719363322846,1.231952310163251,0.20084506316258355,-0.5137172368242192,-0.04549802077285813,-0.15548348647640342,-0.6050884126968797,0.051649334636335656,-0.41900492118622645,-0.7184503947697831
315,-0.4626198820225062,-0.32362677637397935,-0.2668854045453012,1.118687261549437,-0.808801775168252,0.996581119628474,-0.2525003473924606,-0.5885158475994579,-0.7473502891225012,-0.6419577959356357,-0.7925831663741418,0.2972290828401812,-0.6090187965598439,-0.3554927828534925,-0.6397809538724032,0.18450226355559893,5.246848078394478,1.0779646323108583,-0.594221409002342,-0.0379600177358342,-0.6330250752008428,-0.6284565565155632,-0.7263612153261089,-0.08046146957352757,-0.32800752012068396,-0.35130990042541077,2.680998048647718,1.378139400214846,0.654736189362549,0.06277012097842767,-0.27129179226739236,-0.23362835924302425,-0.6553480950915234,-0.04382609808961965,-0.10020597634605656,-0.5404720997870348,-0.1386152319910405,-0.4675187828684851,0.9095734321423462,0.6531677006996569,-0.7990194287265212,0.8272969068681385,-0.6018141559738084,0.6430881925119113,-0.0340685180055519,1.0599511350108168,1.2543576636124167,-0.22582684404414663,-0.03896519695842335,-0.6539259952570459,-0.0880304055130547,-0.4281393438295354,-0.651023646870106,0.22289390061615127,-0.4994178390410515,-0.48438830271567584,-0.2029474844265231,-0.7975089690058494,-0.4837964700093306,-0.6184581900424185,0.3493736379124117,-0.27484217370469277,-0.5948757970892099,0.08374187742161104,-0.8298383243921471,-0.14122408035948897,-0.06083328204227859,-0.39399301449631025,-0.5959935263023527,-0.08949482305119973,1.4374316622820766,-0.44121268737243435,0.16969292622890558,-0.7828964292834533,-0.8298928829847106,-0.21614183067201198,-0.5082045053012073,-0.828096554927419,-0.7663491670022323,-0.614566844670148,-0.25156835707473685,-0.6112289191040424,0.2983236912353311,-0.6308353834285477,-0.24790009758001105,-0.421575357967029,-0.39727963939532596,-0.09778895770450395,-0.8443238231907555,-0.471414449746047,-0.7813665218529099,-0.3652200884926492,-0.13223132682511707,-0.45252156852400244,3.1287824982637558,-0.311486984613263,-0.6214509982214033,1.5226746882028581,-0.750496156301912,-0.24349420607226235
316,-0.11892011826135748,0.1004731211854408,-0.8145298735165075,0.5467612587123015,-0.808801775168252,-0.3862232814004173,0.16950580423839276,-0.7577268446090778,0.27455074431756427,-0.09792576548170716,-0.7925831663741418,-0.7909527058006495,0.4869019170439884,-0.08210689498872,-0.47698681802700793,-0.2726391228556968,-0.745292760564584,-0.41557832897886565,0.3251515806866863,0.020923153519337743,-0.6330250752008428,-0.3159470803765462,1.1430756982413217,-0.3625844344175933,-0.2529743461253314,-0.13265228605274848,-0.8055612169952149,1.5046825625754159,-0.5032105831331162,-0.7545491625948485,1.4767223331668373,-0.3778433958127923,-0.6553480950915234,0.1338472725439735,3.2154329468690523,-0.5574392655993985,3.0849948143122257,-0.7942265277101938,-0.8524828099001687,0.6531677006996569,-0.4411961288042099,0.8272969068681385,0.21276916288624628,-0.2921767762372326,-0.2002564107155611,-0.5808400956560823,-0.2899951370047859,-0.2851301119128826,-0.4100623108481696,1.4226288395661366,-0.0339576748539302,-0.3188504238985755,0.0972793955093261,-0.11740213085888894,-0.28374587651547184,0.15087504510816135,-0.555286867111459,0.9626432499075422,-0.29956323695170284,-0.7896813877285809,0.03176123981021927,-0.35759272781088286,-0.7640668656583823,-0.7672934622289077,-0.8298383243921471,0.44476795432718697,0.7481199366050424,-0.33660981984202676,-0.5959935263023527,0.08529975322067489,-0.03383923053478791,-0.4603343258994532,-0.8168938541717079,-0.7828964292834533,-0.8298928829847106,-0.8034837618459576,-0.42400892788218686,0.3220375491384407,0.2000432251821716,-0.7594435171525026,-0.3880571572237958,-0.768599907544836,-0.3986942789406762,0.9102934034490118,-0.12945762381985287,-0.48009498011681095,-0.141827196368496,1.6096372879296925,-0.13570122714312183,-0.43134522324829544,-0.7813665218529099,-0.3652200884926492,1.8662270131010865,-0.411724456323858,0.8362465678484234,-0.25948581856764313,-0.6214509982214033,-0.11179792687105575,0.9069600192765157,-0.24349420607226235
317,-0.8063196457836549,-0.32362677637397935,-0.44943356086903663,-0.7877327479076812,-0.808801775168252,-0.3862232814004173,-0.3228347059976028,-0.5885158475994579,-0.7473502891225012,0.627450275123531,-0.6305669835503189,-0.013679999628627598,-0.7655788985032485,-0.30992846820936376,-0.6397809538724032,0.0016457089910806458,-0.745292760564584,1.0779646323108583,-0.74745024061718,-0.4501422165220378,-0.6330250752008428,-0.7847112945850717,-0.556412405001797,-0.3625844344175933,-0.32800752012068396,-0.3148669646966337,-0.8055612169952149,0.85790639939917,-0.3377896156337354,-0.2641575924508828,-0.27129179226739236,0.054801713896511846,-0.6553480950915234,0.4299695569332954,-0.8370146259494141,-0.5744064314117623,-0.6221567389365305,-0.7942265277101938,-0.8524828099001687,-0.7879083074628513,-0.7990194287265212,2.0710522329069523,1.027352481746301,0.19416100751232226,-0.0340685180055519,0.5677137658107472,-0.8047794038771868,-0.4037366476503546,-0.4100623108481696,2.9328505376193603,0.02011505580519431,-0.37349488386405544,-0.463947886275248,-0.4576981623339291,-0.4994178390410515,-0.444684343476686,-0.731456558453927,-0.7975089690058494,0.4373696952788083,-0.44723499235625613,-0.4446573573430694,0.02857652468467097,-0.4256847285200376,-0.7672934622289077,-0.009839980131132115,-0.14122408035948897,0.7481199366050424,-0.39399301449631025,-0.7627516478195191,-0.2642893993230743,-0.7694746769432201,-0.4985776029534911,-0.6195764980915852,-0.7828964292834533,-0.47279611750075595,-0.8034837618459576,-0.48715561094645216,-0.17087706688978485,-0.444218369607431,-0.46969017218779346,-0.25156835707473685,-0.45385793066324875,-0.3986942789406762,-0.802071915303832,-0.0702363869397738,-0.44108189868362296,-0.42282488369800897,0.36787274565027683,-0.49001252516693866,-0.3912759967505439,-0.160988179770409,0.22040979101451422,1.033536038131835,-0.5137172368242192,-0.22184693849711443,0.15652350979731577,-0.3923748008780739,-0.7655869729006214,-0.08751368607054091,0.7064181713227792
318,-0.4626198820225062,-0.20796316794868294,0.4633072207496406,-0.4064487460162575,-0.6494005581465232,-0.32610135092090026,-0.2525003473924606,-0.25009385358021813,-0.06608293349579088,-0.4606137857843262,-0.7925831663741418,-0.4800436233318407,0.17378171315717916,0.2368433075201813,-0.47698681802700793,-0.2726391228556968,0.06445600145691095,0.3311931516659963,-0.74745024061718,-0.41088676901858984,-0.7861516052445882,-0.3159470803765462,-0.2165147843531733,-0.19331065551115387,-0.47807386811138924,0.013119456862359716,2.5149714169504356,0.5626390205578403,-0.17236864813435468,-0.7545491625948485,-0.6208946173542383,0.12690923218139588,-0.8367844447846362,-0.399172839356806,-0.8370146259494141,-0.5744064314117623,-0.7833372412516937,-0.7942265277101938,1.614395928959352,-0.0673703033815972,0.2744504710404127,1.3340120396987665,-0.4388974922017974,-0.06771318373743804,-0.2833503570705657,-0.7449192187227722,0.39638388549174863,0.01138622743079732,-0.7811594247379158,0.8562957027961777,-0.1961758668313037,-0.2095615039676156,-0.27687212568039,-0.11740213085888894,-0.34256550265881175,-0.2858685065207267,-0.555286867111459,-0.7975089690058494,-0.8522629361245863,0.9225505891330428,0.9845984341167966,-0.27484217370469277,1.7737991628792027,-0.0864651905084927,-0.8298383243921471,-0.580718106374496,1.395282511522899,-0.39399301449631025,-0.09571916175085349,-0.7886731281386982,-0.03383923053478791,-0.47945596442647215,0.36701028230902827,0.44421396144296244,-0.8298928829847106,2.329006537748419,-0.46610671659169706,-0.17087706688978485,1.6496318134587775,-0.614566844670148,-0.4660507573089723,0.018255034659132002,-0.7472032640286799,0.05411074407258983,-0.0702363869397738,-0.40206881725043503,-0.42282488369800897,-0.2530095254894309,-0.3128568761550302,-0.4513798364971712,1.0797685043945926,-0.31198100853745253,1.5331506231133858,-0.5137172368242192,-0.04549802077285813,0.15652350979731577,-0.6214509982214033,-0.7655869729006214,-0.41900492118622645,1.1813743600203
319,2.2869782280666837,0.13902765732720626,0.4633072207496406,-0.5970907469619694,3.973234735483613,-0.32610135092090026,-0.3228347059976028,-0.5885158475994579,-0.40671661130914605,0.8087942852748405,-0.6305669835503189,-0.6354981645662451,-0.29589859267303464,-0.1732355242769775,-0.47698681802700793,0.0016457089910806458,-0.745292760564584,2.758200463761798,-0.74745024061718,-0.48939766402548573,0.4388606351053738,0.6215813480405047,-0.7263612153261089,-0.249735248479967,-0.4030406941160366,-0.3148669646966337,-0.8055612169952149,1.2656565892276728,-0.6686315506324968,-0.7545491625948485,-0.7956960298976613,-0.30573587752790826,-0.6553480950915234,-0.399172839356806,-0.10020597634605656,-0.591373597224126,-0.6221567389365305,-0.7942265277101938,-0.6762771856959172,-0.7879083074628513,-0.4411961288042099,1.7946621604538828,-0.11306416465777558,-0.2921767762372326,-0.32489733024806805,-0.7449192187227722,-0.8047794038771868,-0.2851301119128826,0.703229030821069,-0.6539259952570459,-0.35839405880867725,-0.4281393438295354,-0.27687212568039,1.0736339793037517,-0.4798112969932716,-0.444684343476686,-0.731456558453927,-0.6374951309228138,-0.4837964700093306,-0.7896813877285809,-0.7622697554452618,-0.35759272781088286,-0.7640668656583823,-0.597086394298804,1.6301567083908979,-0.7272161150461649,-0.22262392577174278,-0.02100224924346773,-0.7627516478195191,0.2600943294925495,-0.401656953739004,-0.4603343258994532,-0.8168938541717079,-0.7828964292834533,2.205429623628904,3.112129112647013,-0.5082045053012073,-0.17087706688978485,2.777089604340582,1.9932132600122339,-0.44655235728767817,-0.768599907544836,-0.572948771484678,-0.28836231967797893,-0.36634257134016923,-0.18749686936790128,-0.34618915078996,0.05743161008042298,3.7617230511188633,-0.471414449746047,0.9246739188739674,-0.04578560876146916,-0.631845911806668,-0.33013023192356905,-0.7508936916698834,-0.311486984613263,-0.5887258271723562,0.5419911191585098,0.7412144017186729,-0.4018129356381026
320,0.22477964549979124,-0.3621813125157448,0.645855377073376,-0.7877327479076812,0.944611612070765,-0.3862232814004173,-0.3228347059976028,-0.7577268446090778,0.10423390541088669,-0.6419577959356357,-0.7925831663741418,-0.7909527058006495,-0.4524586946164393,-0.30992846820936376,-0.47698681802700793,-0.31835326149682636,0.7122550110741069,1.2646575024720736,-0.74745024061718,-0.48939766402548573,-0.7861516052445882,-0.6284565565155632,0.633229267268386,-0.3625844344175933,-0.4030406941160366,-0.2419810932390796,-0.8055612169952149,1.8843120496571255,-0.3377896156337354,0.06277012097842767,1.3019209206234144,-0.3778433958127923,3.880560647236296,-0.33994838247894155,-0.8370146259494141,-0.4047347732881248,0.02256527032412281,-0.6308726552893394,-0.8524828099001687,-0.4276393054222243,-0.4411961288042099,0.9654919430946735,0.5386024904302681,-0.03030258498747228,0.049025428349452706,-0.7449192187227722,-0.8047794038771868,-0.047917040437938666,0.517680473876196,-0.8427037075136988,-0.35839405880867725,-0.34617265388131546,-0.838099407464964,0.05274588487863117,-0.4994178390410515,-0.36527642499870633,1.5587494289981563,-0.7975089690058494,-0.8522629361245863,0.06643460070223098,-0.7622697554452618,-0.24725865566929606,0.7586527514641688,-0.7672934622289077,3.106153728060725,-0.580718106374496,3.1749795925470052,-0.3653014171691685,-0.7627516478195191,-0.7886731281386982,-0.401656953739004,-0.47945596442647215,1.9455491309500097,-0.7828964292834533,-0.8298928829847106,0.9585420316758791,-0.44505782223694196,1.636476525213709,-0.444218369607431,-0.0350601547407298,-0.5050475573515606,-0.768599907544836,-0.7472032640286799,-0.802071915303832,0.521975981861017,-0.4996015208334049,-0.42282488369800897,-0.40823009327435783,-0.8443238231907555,-0.3912759967505439,-0.7813665218529099,-0.31198100853745253,-0.13223132682511707,-0.5137172368242192,-0.5745447739456271,-0.311486984613263,-0.24511153115736226,-0.43869244988583855,-0.08751368607054091,-0.7184503947697831
321,-0.29077000014193183,-0.3621813125157448,-0.6319817171927721,0.1654772568208779,-0.6494005581465232,-0.32610135092090026,-0.18216598878731835,1.6112271135256004,-0.7473502891225012,5.342394539057579,-0.7925831663741418,0.2972290828401812,1.5828226306478206,-0.3554927828534925,0.011395589509177712,-0.22692498421456722,-0.09749375094738805,-0.6022711991400812,-0.2877637457726659,-0.5090253877772097,-0.7861516052445882,0.7778360861100132,-0.7263612153261089,-0.30615984144878017,-0.49683216161022736,-0.13265228605274848,0.19059857318848028,2.067096617511282,0.15847328686440676,-0.7545491625948485,-0.09649037972396941,0.12690923218139588,0.4332700030671533,-0.04382609808961965,-0.6528124635485747,-0.5744064314117623,-0.4609762366213671,-0.7942265277101938,-0.8524828099001687,1.013436702740284,-0.08337282888189856,0.9501369390695029,-0.2759808284297865,-0.2921767762372326,-0.36644430342557033,0.895872011944127,-0.46158989262891953,-0.3444333797816186,-0.7811594247379158,1.4226288395661366,-0.2502485974904282,-0.4281393438295354,0.8455824378887582,-0.6278461780714493,-0.4798112969932716,-0.48438830271567584,1.0302403549707526,-0.7975089690058494,-0.6680297030669584,-0.6184581900424185,0.03176123981021927,-0.3851762458462796,-0.7640668656583823,-0.7672934622289077,-0.8298383243921471,-0.580718106374496,0.5863292928755782,-0.39399301449631025,-0.09571916175085349,0.959272634580048,-0.7694746769432201,-0.47945596442647215,-0.6195764980915852,0.2689124770534745,-0.2942477347587786,0.17541945677728507,-0.3187644561084113,-0.17087706688978485,-0.7663491670022323,-0.46969017218779346,-0.5050475573515606,-0.768599907544836,-0.572948771484678,0.3965838078231586,-0.18867886069993195,-0.421575357967029,-0.320643906487277,-0.5634506610592848,-0.3128568761550302,-0.43134522324829544,-0.7813665218529099,0.912517830432071,-0.631845911806668,-0.5137172368242192,-0.5745447739456271,-0.15548348647640342,-0.5396380705987857,-0.27524518837844714,3.890381135317686,-0.7184503947697831
322,-0.11892011826135748,-0.16940863180691748,-0.44943356086903663,-0.7877327479076812,-0.6494005581465232,-0.32610135092090026,-0.18216598878731835,1.6112271135256004,-0.06608293349579088,-0.8233018060869453,-0.7925831663741418,-0.7909527058006495,0.17378171315717916,-0.3554927828534925,-0.47698681802700793,-0.18121084557343764,-0.421393255755986,-0.41557832897886565,1.2445245703757146,-0.48939766402548573,-0.7861516052445882,1.0903455622490301,0.633229267268386,0.2016614952705382,-0.34676581361952213,0.013119456862359716,0.024571941491197763,0.7032425342918068,-0.17236864813435468,-0.7545491625948485,-0.7956960298976613,-0.16152084095814023,-0.8367844447846362,-0.399172839356806,1.1892091604598192,-0.5744064314117623,1.150828786530266,-0.7942265277101938,-0.8524828099001687,-0.4276393054222243,1.526832020768502,0.7505218867422858,-0.6018141559738084,-0.32958737498719837,0.007478455171950403,0.5677137658107472,-0.8047794038771868,-0.16652357617541064,-0.03896519695842335,-0.8427037075136988,-0.35839405880867725,-0.4281393438295354,-0.651023646870106,1.2437819950412718,-0.42099167084993167,-0.38512840461820125,-0.731456558453927,-0.15745361667370703,-0.6680297030669584,-0.6184581900424185,0.1905674388613155,-0.30242569174008943,1.9429902314483751,0.2539489453517148,0.1541596887210709,0.005273928312180023,0.5863292928755782,-0.39399301449631025,0.9048295673521449,-0.7886731281386982,3.460429139905265,-0.47945596442647215,-0.4222591420114625,0.2689124770534745,-0.8298928829847106,1.3501033191251761,-0.5082045053012073,-0.828096554927419,0.03897782648477095,0.10981651774162475,-0.36855875720250164,1.906706895948655,2.0408686166753496,0.7390568715737273,-0.011015150059694707,-0.4996015208334049,-0.42282488369800897,0.8335344490050577,-0.667168174178847,-0.49144906299492275,-0.6262719363322846,-0.25874192858225586,1.033536038131835,-0.12614467092284673,1.541642238745449,-0.36348815065888285,-0.6214509982214033,-0.7655869729006214,-0.5847505387440692,0.7064181713227792
323,0.7403292911415144,0.1004731211854408,-0.08433724822156573,2.45318126816942,-0.808801775168252,-0.3862232814004173,-0.21733316808988945,-0.419304850589838,-0.23639977240246846,-0.8233018060869453,-0.6305669835503189,-0.32458908209743637,-0.7655788985032485,-0.30992846820936376,-0.6397809538724032,0.04735984763221022,-0.745292760564584,-0.7889640693012967,-0.74745024061718,-0.4305144927703138,-0.020518955025861915,-0.7847112945850717,-0.556412405001797,-0.30615984144878017,-0.45931557461255107,-0.3148669646966337,0.3566252048857628,1.0266306158799297,-0.8340525181318775,1.0435532612663592,1.8263251582536832,-0.30573587752790826,0.4332700030671533,-0.399172839356806,-0.6528124635485747,-0.6083407630364898,1.634370293475756,4.433097389757145,-0.5000715614916658,-0.24750480440191075,-0.4411961288042099,1.8100171644790533,-0.6018141559738084,-0.3669979737371641,-0.36644430342557033,-0.08860272645601257,-0.8047794038771868,-0.10722030830667466,-0.4100623108481696,0.4787402782828718,0.5067696317373148,-0.37349488386405544,2.7163400438373384,0.22289390061615127,-0.4994178390410515,-0.4645363230961809,-0.731456558453927,0.16257405949236417,0.06890322916355274,-0.6184581900424185,-0.4446573573430694,-0.21967513763389934,-0.5948757970892099,-0.7672934622289077,-0.8298383243921471,0.005273928312180023,2.0424450864407557,-0.19315183320631812,-0.7627516478195191,-0.2642893993230743,-0.7694746769432201,-0.4603343258994532,-0.8168938541717079,-0.7828964292834533,-0.47279611750075595,-0.8034837618459576,-0.3608622448179215,-0.3351819388991934,0.6832394212743735,-0.7594435171525026,-0.48554915733026643,-0.768599907544836,-0.2244397863966744,-0.802071915303832,-0.30712133446009016,-0.4996015208334049,-0.371734395092643,0.8335344490050577,0.21861007088069498,-0.49144906299492275,-0.4711773508116594,-0.25874192858225586,-0.631845911806668,-0.33013023192356905,-0.5745447739456271,0.0005200116604561876,-0.6050884126968797,-0.43869244988583855,-0.41900492118622645,-0.0851754765064221
324,-0.8063196457836549,-0.2850722402322139,-0.8145298735165075,-0.7877327479076812,-0.4899993411247944,0.09475216243571878,-0.11183163018217612,1.7804381105352203,1.126134938850952,-0.2792697756330167,-0.30653461790267306,0.7635927065433943,-0.4524586946164393,-0.3554927828534925,1.3137486762723394,-0.13549670693230806,-0.5833430081602851,-0.7889640693012967,-0.74745024061718,-0.5090253877772097,-0.7861516052445882,1.4028550383880471,-0.04656597402886146,0.03238771636409874,-0.47807386811138924,-0.05976641459519438,-0.4735079536006498,1.1531737782404996,1.316420059360072,-0.427621449165538,2.525530808427375,-0.23362835924302425,-0.29247539570529785,0.3115206431775666,-0.6528124635485747,-0.591373597224126,0.5061067772696127,-0.4675187828684851,0.38095655952959173,-0.7879083074628513,-0.7990194287265212,0.39735679416336334,-0.7647308197458192,-0.21735557873730108,-0.32489733024806805,-0.7449192187227722,-0.6331846482530531,-0.16652357617541064,0.14658335998644975,-0.6539259952570459,-0.35839405880867725,-0.3188504238985755,-0.463947886275248,-0.11740213085888894,-0.4798112969932716,-0.5042402823351707,-0.731456558453927,0.6426155737414709,-0.8522629361245863,0.23765779838839335,0.3493736379124117,0.02857652468467097,4.988429465693478,-0.597086394298804,-0.8298383243921471,0.005273928312180023,-0.384414569501207,-0.16446023587917638,-0.7627516478195191,-0.43908397559494894,-0.21774809213689597,-0.4029694103183965,-0.027624429851217113,-0.4322934605044773,0.2413974134671534,-0.4119224743966605,-0.48715561094645216,-0.006572194880376346,-0.444218369607431,-0.3248134997054389,-0.5050475573515606,0.018255034659132002,-0.7472032640286799,-0.11712578780269454,-0.24790009758001105,-0.0899641657849314,-0.116281952065813,-0.5634506610592848,-0.49001252516693866,-0.471414449746047,-0.31608276529103424,-0.1522637686718625,4.863914522990392,0.01664522177765892,-0.04549802077285813,-0.36348815065888285,-0.6050884126968797,-0.60213971139323,2.398670577297101,-0.7184503947697831
325,-0.8063196457836549,-0.20796316794868294,2.288788783986995,-0.025164744124833896,-0.808801775168252,-0.32610135092090026,0.20467298354096386,0.765172128477501,-0.7473502891225012,1.1714823055774597,-0.30653461790267306,-0.013679999628627598,-0.7655788985032485,0.2368433075201813,-0.3141926821816127,-0.22692498421456722,0.38835550626550897,-0.22888545881765018,-0.594221409002342,-0.4697699402737618,-0.17364548506960717,1.2466003003185386,-0.7263612153261089,0.14523690230172503,-0.49683216161022736,-0.09620935032397142,-0.8055612169952149,0.28143199308990735,0.9855781243613103,1.2070171179810143,-0.7956960298976613,-0.44995091409767635,1.52188810122583,-0.16227501184534843,0.45240051085646166,-0.5574392655993985,-0.2997957343062038,-0.7942265277101938,0.028545311121088726,-0.0673703033815972,-0.6201077787653655,2.0249872208314406,-0.4388974922017974,-0.3669979737371641,-0.2833503570705657,0.07547639661067736,1.7691419304848175,-0.047917040437938666,-0.5956108677930426,-0.6539259952570459,-0.35839405880867725,-0.04562812407117576,-0.838099407464964,-0.4576981623339291,-0.3621720447065917,-0.48438830271567584,0.5017312809433487,-0.31746745475674265,0.06890322916355274,-0.7896813877285809,-0.7622697554452618,-0.21967513763389934,0.25107954575665176,-0.0864651905084927,-0.009839980131132115,-0.7272161150461649,-0.5462052132306712,-0.3653014171691685,-0.09571916175085349,-0.7886731281386982,0.5178873542715363,-0.42209104884541543,2.340183843110255,-0.6075949448939653,0.41994579620913075,2.5247871814730676,-0.46610671659169706,-0.828096554927419,-0.28315297091003033,2.282966604976943,-0.48554915733026643,1.906706895948655,-0.05018529385267257,-0.28836231967797893,0.10742732370046347,-0.4996015208334049,-0.39727963939532596,-0.40823009327435783,-0.8443238231907555,-0.43134522324829544,-0.6262719363322846,-0.25874192858225586,-0.631845911806668,-0.5137172368242192,0.13085089695139818,-0.15548348647640342,-0.5069128995497386,-0.7655869729006214,1.9014337246235726,1.6563305487178208
326,-0.8063196457836549,-0.3621813125157448,-0.8145298735165075,0.9280452606037252,0.1476055269621209,-0.14573555948234926,-0.3580018853001739,-0.5885158475994579,0.10423390541088669,-0.8233018060869453,2.447740490102317,-0.6354981645662451,-0.6090187965598439,0.8291793978938551,1.3137486762723394,-0.31835326149682636,0.38835550626550897,0.3311931516659963,-0.2877637457726659,-0.5090253877772097,-0.4798985451570976,1.5591097764575557,-0.04656597402886146,-0.19331065551115387,-0.47807386811138924,-0.35130990042541077,0.3566252048857628,1.5328032653222092,1.4818410268594526,0.2262339776930829,-0.27129179226739236,-0.44995091409767635,-0.29247539570529785,-0.33994838247894155,1.7418156476623372,-0.5404720997870348,0.9896482842151026,-0.14081103802677644,-0.6762771856959172,-0.0673703033815972,-0.4411961288042099,2.4242173254858748,0.21276916288624628,-0.1799449799873353,-0.11716246436055651,0.2395555196773673,-0.8047794038771868,-0.3444333797816186,-0.7811594247379158,-0.6539259952570459,-0.35839405880867725,-0.2095615039676156,-0.27687212568039,-0.28755014659640904,-0.4405982128977116,-0.06749673070628268,0.1493918982584128,-0.47748129283977825,0.4373696952788083,-0.6184581900424185,1.9374356284233738,-0.08175754745691584,-0.4256847285200376,0.5943630812119223,-0.009839980131132115,-0.14122408035948897,0.10095736168718561,-0.39399301449631025,2.7391689040409757,-0.7886731281386982,1.2535228006799686,-0.09702319388609397,-0.4222591420114625,-0.7828964292834533,2.026881240886927,0.7627613879512306,-0.48715561094645216,-0.4994868109086019,-0.444218369607431,-0.0350601547407298,-0.34906035718120754,-0.768599907544836,3.0863955719393603,-0.802071915303832,-0.18867886069993195,-0.28502957295087117,-0.42282488369800897,-0.5634506610592848,3.2302561040831383,-0.41131060999941965,-0.160988179770409,-0.3652200884926492,-0.2987695218189674,-0.4729201246240747,-0.7508936916698834,0.26052584188855554,-0.6214509982214033,-0.7655869729006214,0.24397754904514463,-0.4018129356381026
327,0.05292976361921688,-0.2850722402322139,1.010951689720847,1.8812552653322843,0.944611612070765,-0.025491698523315235,-0.3228347059976028,-0.7577268446090778,0.785501261037597,-0.8233018060869453,2.123708124454671,-0.7909527058006495,-0.13933849072963006,-0.03654258034459124,0.33698386119996815,0.0016457089910806458,2.979551544734293,-0.7889640693012967,1.7042110652202287,-0.5090253877772097,0.4388606351053738,-0.6284565565155632,2.8425638014844403,-0.1368860625423407,-0.3842824006171984,-0.2419810932390796,-0.8055612169952149,0.576699371931237,-0.17236864813435468,0.06277012097842767,2.350729395883952,-0.23362835924302425,0.7961427024533789,-0.399172839356806,-0.6528124635485747,-0.5574392655993985,-0.7833372412516937,-0.7942265277101938,-0.5000715614916658,0.29289869865902984,0.09553882107925708,2.316732297309681,0.04985249911423535,-0.3669979737371641,-0.36644430342557033,-0.7449192187227722,1.5975471748606838,-0.3444333797816186,-0.4100623108481696,1.6114065518227896,-0.1961758668313037,0.009016335894304194,-0.838099407464964,-0.7979941938089693,-0.3817785867543717,-0.3057204861402216,-0.731456558453927,-0.31746745475674265,-0.6680297030669584,-0.6184581900424185,-0.6034635563941656,-0.13692458352770923,-0.4256847285200376,-0.0864651905084927,0.8101583641298828,-0.580718106374496,0.5863292928755782,-0.3653014171691685,-0.4292354047851863,-0.2642893993230743,-0.5855658153411121,-0.42209104884541543,-0.8168938541717079,1.671324352169378,-0.8298928829847106,-0.21614183067201198,-0.5082045053012073,-0.828096554927419,-0.7663491670022323,-0.7594435171525026,-0.48554915733026643,0.1756260230999256,-0.2244397863966744,0.3965838078231586,-0.18867886069993195,-0.38256227653384106,-0.42282488369800897,-0.7186712288442116,-0.667168174178847,-0.471414449746047,-0.7813665218529099,-0.3652200884926492,-0.7983841068005183,-0.28933311972342457,-0.39819585622137077,-0.311486984613263,-0.1796611890592682,-0.7655869729006214,-0.750496156301912,0.7064181713227792
328,0.7403292911415144,-0.3621813125157448,2.288788783986995,-0.7877327479076812,-0.4899993411247944,-0.2659794204413833,0.16950580423839276,-0.7577268446090778,-0.5770334502158236,1.3528263157287692,-0.7925831663741418,-0.6354981645662451,-0.13933849072963006,1.0570009711144988,0.17418972535457292,-0.08978256829117849,0.38835550626550897,-0.6022711991400812,0.47838041230152434,-0.273492702756522,-0.4798985451570976,-0.7847112945850717,0.2933316466197623,-0.3625844344175933,-0.3842824006171984,-0.35130990042541077,1.1867583633721754,0.2673716417165107,-0.8340525181318775,-0.2641575924508828,4.448346346405028,-0.44995091409767635,-0.8367844447846362,-0.399172839356806,-0.8370146259494141,0.07034586945806011,-0.7833372412516937,-0.6308726552893394,-0.8524828099001687,-0.7879083074628513,-0.2622844788430542,2.0249872208314406,2.6565191194664104,-0.3669979737371641,-0.11716246436055651,-0.7449192187227722,0.5679786411158823,-0.4037366476503546,-0.22451375390329645,-0.6539259952570459,-0.35839405880867725,-0.34617265388131546,-0.838099407464964,-0.7979941938089693,-0.28374587651547184,-0.5042402823351707,-0.37911717576899107,-0.7975089690058494,-0.4837964700093306,0.5801041937607181,-0.7622697554452618,-0.3851762458462796,-0.4256847285200376,-0.7672934622289077,-0.8298383243921471,-0.7272161150461649,0.10095736168718561,-0.25053502786060156,-0.7627516478195191,-0.6138785518668235,-0.21774809213689597,-0.4985776029534911,-0.4222591420114625,-0.25699197611498936,-0.47279611750075595,-0.8034837618459576,-0.19247108997988066,0.4863424211478492,-0.7663491670022323,-0.46969017218779346,-0.4660507573089723,-0.768599907544836,0.4725781837793329,-0.802071915303832,-0.36634257134016923,-0.18749686936790128,-0.42282488369800897,0.5230933134352038,-0.8443238231907555,-0.43134522324829544,-0.160988179770409,-0.20550284862705917,-0.7983841068005183,-0.4729201246240747,-0.5745447739456271,-0.25948581856764313,-0.6214509982214033,-0.7655869729006214,0.9069600192765157,-0.0851754765064221
329,1.5995787005443862,0.023364048901909868,0.09821090810216972,-0.7877327479076812,-0.33059812410306555,-0.3862232814004173,-0.28766752669503165,-0.25009385358021813,-0.7473502891225012,-0.6419577959356357,1.9616919416308483,-0.7909527058006495,-0.7655788985032485,0.6924864539614688,-0.8025750897177983,-0.31835326149682636,-0.745292760564584,-0.6022711991400812,-0.4409925773875039,-0.41088676901858984,-0.7861516052445882,2.1841287287355895,1.822870939538569,-0.3625844344175933,-0.4405572811137129,-0.2419810932390796,0.3566252048857628,0.6891821829184102,-0.8340525181318775,-0.5910853058801933,-0.4460932048108154,-0.44995091409767635,0.4332700030671533,-0.33994838247894155,0.636602673257301,-0.6083407630364898,-0.6221567389365305,0.022542834394077883,-0.8524828099001687,2.4545127109027924,0.09553882107925708,1.856082176554565,1.6790191368343448,-0.03030258498747228,-0.36644430342557033,-0.2526818495227025,-0.11840038138065227,-0.4037366476503546,-0.22451375390329645,0.28996256602621884,-0.1961758668313037,-0.37349488386405544,-0.838099407464964,-0.7979941938089693,-0.4798112969932716,-0.5042402823351707,-0.555286867111459,0.002560221409328572,-0.4837964700093306,-0.10478859698393139,1.302210832218989,-0.27484217370469277,0.25107954575665176,-0.597086394298804,-0.665838655539944,0.5912659629988559,-0.7079958569601353,-0.30791822251488504,-0.4292354047851863,0.6096834820362987,-0.5855658153411121,-0.4985776029534911,-0.6195764980915852,-0.6075949448939653,1.3126877099190175,-0.020361186947363465,-0.42400892788218686,0.15773267712903216,-0.6052837683048317,-0.614566844670148,-0.5050475573515606,-0.2964869422224552,-0.7472032640286799,0.05411074407258983,-0.24790009758001105,-0.4996015208334049,-0.29509866218459396,-0.40823009327435783,-0.8443238231907555,-0.29110293050616504,1.5450522609564683,-0.20550284862705917,-0.4653077168128177,-0.2689345636233524,3.6578292514365245,0.0005200116604561876,-0.5723632416478327,-0.7655869729006214,0.5754687841608302,0.07314325305941816
330,0.05292976361921688,-0.16940863180691748,0.8284035333971115,-0.4064487460162575,-0.808801775168252,-0.2659794204413833,-0.18216598878731835,-0.5885158475994579,-0.7473502891225012,-0.8233018060869453,-0.6305669835503189,-0.7909527058006495,-0.7655788985032485,-0.21879983892110627,-0.1513985463362175,-0.31835326149682636,0.7122550110741069,-0.7889640693012967,0.6316092439163624,-0.4697699402737618,1.0513667552803547,-0.6284565565155632,0.633229267268386,-0.19331065551115387,-0.45931557461255107,-0.2784240289678567,1.1867583633721754,1.8280706441635388,0.8201571568619297,-0.7545491625948485,2.700332220970798,0.415339305320932,-0.6553480950915234,-0.399172839356806,-0.8370146259494141,-0.5744064314117623,-0.7833372412516937,-0.6308726552893394,-0.6762771856959172,-0.24750480440191075,0.45336212100156836,0.5509068344150687,0.3756858266582572,-0.3669979737371641,-0.11716246436055651,-0.7449192187227722,0.7395733967400159,-0.22582684404414663,-0.03896519695842335,-0.6539259952570459,-0.35839405880867725,-0.15491704400213566,0.4714309166990422,-0.4576981623339291,-0.4602047549454916,-0.34542444537921146,1.3825797376556883,-0.7975089690058494,0.6216029283364362,-0.27601179467009374,-0.7622697554452618,-0.16450810156310594,-0.4256847285200376,1.2751913529323373,-0.665838655539944,2.93523410174556,0.2627480054166498,-0.39399301449631025,1.2383458103864777,-0.7886731281386982,-0.5855658153411121,-0.32648285621032086,-0.8168938541717079,-0.08169049172550143,-0.8298928829847106,-0.8034837618459576,-0.5082045053012073,0.15773267712903216,0.8443048199717742,0.2546931902239793,-0.09558115690438385,0.018255034659132002,-0.2244397863966744,0.5678203396984429,-0.36634257134016923,-0.4996015208334049,-0.34618915078996,-0.7186712288442116,-0.8443238231907555,-0.41131060999941965,-0.7813665218529099,0.3268879509249075,-0.13223132682511707,-0.5137172368242192,-0.22184693849711443,0.10452234375169592,-0.5887258271723562,1.849569211217641,-0.5847505387440692,-0.24349420607226235
331,1.7714285824249605,-0.32362677637397935,0.645855377073376,-0.7877327479076812,-0.808801775168252,0.2149960233947528,-0.2525003473924606,-0.7577268446090778,0.9558180999442746,-0.8233018060869453,0.17951393056879578,0.4526836240745855,0.643462018987393,-0.30992846820936376,5.220807936561824,-0.18121084557343764,3.46540080194719,1.0779646323108583,1.5509822336053907,0.0012954297676137621,-0.4798985451570976,0.6215813480405047,-0.7263612153261089,0.37093527417697764,-0.4405572811137129,-0.35130990042541077,-0.14145469020608475,1.3640790488414494,0.3238942543637875,0.38969783440773814,-0.27129179226739236,-0.30573587752790826,2.247633499998281,-0.399172839356806,-0.6528124635485747,-0.47260343653757975,2.117911800421246,2.4728509207068927,-0.8524828099001687,0.47303319967934343,0.2744504710404127,1.0576219672456966,1.6790191368343448,0.08192921126242499,-0.2833503570705657,-0.2526818495227025,-0.46158989262891953,-0.2851301119128826,1.0743261447108152,1.0450734150528307,-0.35839405880867725,-0.18223927398487563,1.5938854802681903,-0.6278461780714493,-0.4994178390410515,-0.4645363230961809,-0.731456558453927,-0.6374951309228138,1.1743026275093196,-0.7896813877285809,-0.7622697554452618,-0.35759272781088286,0.9278438200333411,-0.4268793263687002,-0.8298383243921471,0.7377639716705249,-0.5462052132306712,-0.30791822251488504,-0.5959935263023527,0.7844780583081733,-0.5855658153411121,-0.4603343258994532,3.721405335671114,0.44421396144296244,-0.8298928829847106,-0.8034837618459576,-0.2766666673989011,3.1152203732983854,-0.7663491670022323,-0.7594435171525026,-0.48554915733026643,0.9624809653038936,-0.7472032640286799,-0.6308353834285477,0.8773034031414916,-0.4996015208334049,-0.39727963939532596,0.36787274565027683,-0.8443238231907555,-0.33117215700391656,-0.4711773508116594,-0.1522637686718625,-0.4653077168128177,-0.4933186807241469,0.8362465678484234,-0.36348815065888285,-0.6214509982214033,-0.60213971139323,-0.5847505387440692,-0.7184503947697831
332,0.56847940926094,-0.3621813125157448,-0.8145298735165075,-0.2158067450705457,0.30700674398384975,-0.20585748996186626,-0.3580018853001739,-0.5885158475994579,-0.23639977240246846,-0.8233018060869453,0.6655624790402646,-0.013679999628627598,-0.29589859267303464,-0.264364153565235,0.6625721328907586,0.0016457089910806458,-0.09749375094738805,-0.41557832897886565,1.5509822336053907,-0.4501422165220378,-0.6330250752008428,-0.3159470803765462,-0.7263612153261089,-0.3625844344175933,-0.4217989876148748,-0.3148669646966337,0.6886784682803279,0.6470011287982202,-0.3377896156337354,-0.7545491625948485,-0.6208946173542383,0.054801713896511846,0.2518336533740405,-0.10305055496748404,0.26819834845562224,-0.6083407630364898,-0.7833372412516937,1.6560815586026212,-0.6762771856959172,-0.7879083074628513,-0.08337282888189856,0.5048418223395571,-0.7647308197458192,-0.1051237824874038,-0.2833503570705657,0.4036346427440572,-0.11840038138065227,-0.4037366476503546,-0.7811594247379158,-0.46514828300039296,0.6149150930555639,-0.2095615039676156,-0.463947886275248,0.39304191635367136,-0.4994178390410515,-0.16675662880375725,-0.555286867111459,-0.31746745475674265,-0.8522629361245863,-0.7896813877285809,-0.28585115829197316,-0.19209161959850263,1.0970348886025134,-0.4268793263687002,-0.8298383243921471,-0.7272161150461649,-0.5462052132306712,-0.25053502786060156,-0.5959935263023527,-0.43908397559494894,1.2535228006799686,-0.38384777179137763,-0.8168938541717079,2.1972288053378417,0.9555909444350628,-0.21614183067201198,-0.2977155617536562,0.4863424211478492,-0.28315297091003033,-0.614566844670148,-0.48554915733026643,-0.768599907544836,-0.3986942789406762,1.0815299353242962,-0.30712133446009016,-0.460588439400217,0.03698951375028499,-0.7186712288442116,-0.8443238231907555,-0.33117215700391656,0.3042955767914666,0.007453471193727517,-0.13223132682511707,-0.43212301242393025,-0.5745447739456271,0.15652350979731577,-0.6214509982214033,-0.27524518837844714,-0.25325930362838367,-0.4018129356381026
333,0.3966295273803656,-0.3621813125157448,1.1934998460445825,-0.7877327479076812,-0.808801775168252,-0.3862232814004173,-0.18216598878731835,0.2575391374486415,-0.40671661130914605,-0.6419577959356357,-0.14451843507885012,-0.16913454086303198,0.643462018987393,-0.3554927828534925,0.33698386119996815,-0.31835326149682636,3.627350554351489,-0.042192588656434694,-0.74745024061718,-0.4697699402737618,-0.7861516052445882,-0.0034376042375292245,-0.3864635946774852,-0.30615984144878017,-0.009116530640435355,-0.2419810932390796,-0.14145469020608475,0.7173028856652035,1.6472619943588331,1.2070171179810143,-0.7956960298976613,-0.0894133226732562,0.2518336533740405,-0.2807239256010772,-0.8370146259494141,-0.6083407630364898,0.9896482842151026,1.4927276861817669,0.7333678079380946,-0.7879083074628513,-0.7990194287265212,1.9328571966804176,-0.2759808284297865,-0.2921767762372326,0.049025428349452706,0.4036346427440572,1.5975471748606838,-0.3444333797816186,0.3321319169313229,1.0450734150528307,-0.1421031361721792,-0.23688373395035558,2.3421885226476227,-0.11740213085888894,-0.3229589606110318,-0.5042402823351707,-0.555286867111459,0.002560221409328572,-0.8522629361245863,1.0937737868192052,1.461017031270085,0.16649411486165447,-0.4256847285200376,0.9347772170721298,-0.5018389866877411,-0.7272161150461649,3.1749795925470052,-0.16446023587917638,-0.2624772832680199,-0.7886731281386982,0.8857050774757523,-0.24999630210224524,-0.22494178593133982,-0.7828964292834533,-0.8298928829847106,1.1543226754005278,-0.48715561094645216,0.3220375491384407,-0.7663491670022323,-0.614566844670148,-0.5050475573515606,1.7493359075078616,-0.7472032640286799,-0.6308353834285477,-0.36634257134016923,-0.20700341008449524,-0.34618915078996,-0.7186712288442116,-0.49001252516693866,-0.43134522324829544,-0.005893594249783797,-0.25874192858225586,3.1985325730518888,-0.4933186807241469,0.3071998146756545,-0.15548348647640342,-0.49055031402521504,-0.27524518837844714,0.5754687841608302,-0.5601316652039429
334,-0.29077000014193183,-0.3621813125157448,0.4633072207496406,1.8812552653322843,-0.4899993411247944,-0.3862232814004173,-0.14699880948474722,-0.7577268446090778,-0.7473502891225012,-0.2792697756330167,-0.6305669835503189,-0.16913454086303198,-0.29589859267303464,-0.264364153565235,-0.47698681802700793,-0.18121084557343764,-0.5833430081602851,0.7045788919884273,0.018693917457010226,-0.253864979004798,-0.7861516052445882,0.15281713383197926,4.712000715051871,2.2329468421478116,-0.3842824006171984,0.34110587842135315,-0.6395345852979323,1.490622211202019,0.9855781243613103,-0.7545491625948485,2.001126570797106,-0.3778433958127923,-0.8367844447846362,-0.399172839356806,-0.10020597634605656,-0.591373597224126,-0.6221567389365305,1.002666068919204,-0.8524828099001687,0.6531677006996569,-0.4411961288042099,1.14975199139672,-0.7647308197458192,0.044518612512459234,-0.36644430342557033,1.0599511350108168,0.39638388549174863,-0.4037366476503546,2.3731660433249266,-0.46514828300039296,-0.3043213281495527,-0.4281393438295354,-0.838099407464964,-0.4576981623339291,-0.4994178390410515,-0.444684343476686,1.3825797376556883,1.2826709260736133,-0.8522629361245863,-0.44723499235625613,0.3493736379124117,-0.24725865566929606,2.1121813000175473,0.5943630812119223,-0.8298383243921471,3.3747281277605667,1.233491867793435,-0.39399301449631025,-0.09571916175085349,-0.43908397559494894,-0.7694746769432201,-0.4985776029534911,-0.8168938541717079,0.9701184146114263,-0.6513445002427333,-0.8034837618459576,-0.5082045053012073,2.6223057572701602,-0.28315297091003033,-0.0350601547407298,-0.48554915733026643,0.1756260230999256,-0.572948771484678,-0.802071915303832,-0.18867886069993195,-0.40206881725043503,-0.269553417881911,0.5230933134352038,-0.3128568761550302,-0.4513798364971712,-0.7813665218529099,-0.04578560876146916,0.7004596481441344,-0.411724456323858,-0.5745447739456271,-0.36348815065888285,-0.6050884126968797,-0.27524518837844714,2.232924959739258,-0.7184503947697831
335,-0.6344697639030806,-0.32362677637397935,1.5585961586920534,-0.4064487460162575,-0.011795690059607908,0.5757276062718549,-0.28766752669503165,-0.7577268446090778,-0.23639977240246846,1.7155143360313883,0.01749774774497282,1.540865412715416,1.426262528704416,-0.12767120963284875,-0.3141926821816127,-0.2726391228556968,-0.5833430081602851,0.14450028150478078,-0.74745024061718,-0.4697699402737618,-0.3267720151133524,-0.4722018184460547,0.46328045694407416,-0.249735248479967,-0.47807386811138924,-0.3148669646966337,-0.6395345852979323,2.109277671631472,-0.8340525181318775,3.658974968700843,-0.7956960298976613,-0.44995091409767635,1.3404517515327172,-0.33994838247894155,0.8208048356581404,-0.5744064314117623,-0.6221567389365305,-0.7942265277101938,-0.5000715614916658,0.11276419763871634,-0.7990194287265212,0.980846947119844,-0.7647308197458192,-0.3669979737371641,0.21521332105946192,0.5677137658107472,3.1418999754778865,0.1892960310370053,-0.22451375390329645,-0.8427037075136988,-0.1421031361721792,-0.2915281939158355,1.5938854802681903,-0.7979941938089693,-0.3621720447065917,-0.3057204861402216,-0.731456558453927,-0.6374951309228138,0.6216029283364362,-0.27601179467009374,-0.7622697554452618,-0.27484217370469277,-0.4256847285200376,-0.0864651905084927,0.9741580329820858,-0.7272161150461649,1.233491867793435,-0.39399301449631025,-0.5959935263023527,0.08529975322067489,-0.7694746769432201,-0.3647261332643587,1.748231774869887,1.4960228677798901,-0.8298928829847106,-0.8034837618459576,-0.3187644561084113,1.3078667811948919,-0.7663491670022323,-0.0350601547407298,-0.017587556819207324,-0.768599907544836,-0.3986942789406762,-0.6308353834285477,-0.36634257134016923,-0.28502957295087117,-0.34618915078996,-0.7186712288442116,-0.667168174178847,-0.471414449746047,0.1492009912708414,-0.09902468871666582,-0.7983841068005183,-0.4933186807241469,-0.22184693849711443,0.052521177706076054,-0.42509997192712096,-0.7655869729006214,4.221872370433371,1.4980118191519805
336,-0.11892011826135748,-0.20796316794868294,-0.2668854045453012,-0.7877327479076812,0.944611612070765,-0.025491698523315235,-0.3228347059976028,-0.5885158475994579,1.126134938850952,0.9901382954261501,0.8275786618640876,0.14177454160577677,-0.7655788985032485,0.05458604894366627,2.290513491344711,-0.31835326149682636,-0.745292760564584,-0.22888545881765018,1.3977534019905526,-0.1360986364944541,-0.3267720151133524,-0.7847112945850717,-0.556412405001797,-0.249735248479967,-0.4030406941160366,-0.20553815751030255,-0.6395345852979323,0.04240601974216427,0.3238942543637875,-0.427621449165538,-0.6208946173542383,-0.44995091409767635,2.6105061993845067,-0.2807239256010772,3.3996351092698918,-0.523504933974671,-0.6221567389365305,0.022542834394077883,-0.8524828099001687,-0.7879083074628513,0.2744504710404127,1.7639521524035418,0.5386024904302681,-0.1051237824874038,-0.2002564107155611,1.0599511350108168,2.6271157086054857,-0.22582684404414663,-0.7811594247379158,-0.8427037075136988,-0.1421031361721792,-0.4008171138467954,-0.651023646870106,-0.6278461780714493,-0.4994178390410515,-0.5042402823351707,-0.2029474844265231,-0.7975089690058494,2.8324017250279696,-0.7896813877285809,0.1905674388613155,-0.35759272781088286,0.08188847718747941,-0.2566722584385965,-0.5018389866877411,1.9097480410438767,-0.7079958569601353,-0.39399301449631025,-0.09571916175085349,1.4836563633956716,0.8857050774757523,-0.09702319388609397,-0.22494178593133982,0.2689124770534745,-0.11569935201680126,-0.21614183067201198,-0.3398133504631664,-0.828096554927419,-0.6052837683048317,0.10981651774162475,-0.48554915733026643,-0.768599907544836,-0.572948771484678,-0.802071915303832,0.462754744980938,-0.20700341008449524,-0.141827196368496,4.403607508058377,0.3957657198926034,-0.49144906299492275,-0.4711773508116594,-0.20550284862705917,-0.7983841068005183,-0.39132590022378577,-0.5745447739456271,-0.05148115438516368,-0.5232754850742621,-0.7655869729006214,-0.750496156301912,-0.24349420607226235
337,-0.6344697639030806,-0.2850722402322139,-0.08433724822156573,-0.5970907469619694,-0.6494005581465232,-0.2659794204413833,0.09917144563325055,-0.7577268446090778,2.1480359722910176,0.08341824466960238,-0.7925831663741418,-0.16913454086303198,-0.7655788985032485,-0.30992846820936376,-0.6397809538724032,-0.13549670693230806,0.06445600145691095,-0.042192588656434694,0.17192274907184826,-0.5090253877772097,-0.6330250752008428,-0.3159470803765462,-0.556412405001797,-0.3625844344175933,-0.49683216161022736,-0.35130990042541077,-0.8055612169952149,0.33767339858349393,1.316420059360072,0.38969783440773814,1.8263251582536832,-0.017305804388372183,-0.8367844447846362,0.3115206431775666,-0.8370146259494141,-0.3708004416633973,1.634370293475756,-0.7942265277101938,-0.6762771856959172,0.29289869865902984,-0.7990194287265212,1.2111720074974022,-0.2759808284297865,-0.1799449799873353,-0.36644430342557033,-0.5808400956560823,0.7395733967400159,-0.10722030830667466,-0.7811594247379158,-0.6539259952570459,0.07418778646431881,-0.37349488386405544,-0.27687212568039,0.5631899320911915,-0.3033524185632518,-0.5042402823351707,5.962991712559855,0.6426155737414709,-0.6680297030669584,-0.7896813877285809,-0.6034635563941656,0.304411705038638,-0.4256847285200376,-0.4268793263687002,0.31815935757327385,-0.580718106374496,0.9099105803345066,0.20853052937366612,-0.7627516478195191,-0.7886731281386982,0.15006963106732016,-0.47945596442647215,-0.6195764980915852,-0.6075949448939653,-0.2942477347587786,1.7416646065744734,-0.48715561094645216,0.3220375491384407,-0.28315297091003033,3.5868566573181337,-0.5050475573515606,0.8051099768630999,0.8210871688673366,0.5678203396984429,0.04820608682038438,-0.460588439400217,0.03698951375028499,-0.09778895770450395,0.9272326669283286,-0.49144906299492275,-0.7813665218529099,-0.25874192858225586,-0.7983841068005183,-0.411724456323858,-0.39819585622137077,-0.311486984613263,-0.5560006561233092,1.849569211217641,-0.08751368607054091,-0.5601316652039429
338,1.4277288186638117,-0.20796316794868294,1.5585961586920534,-0.2158067450705457,-0.808801775168252,-0.025491698523315235,-0.07666445087960501,0.08832814043902161,-0.7473502891225012,-0.8233018060869453,0.01749774774497282,-0.7909527058006495,-0.7655788985032485,-0.30992846820936376,-0.6397809538724032,-0.18121084557343764,-0.745292760564584,2.1981218532781512,3.6961858762131232,-0.48939766402548573,-0.4798985451570976,-0.0034376042375292245,-0.2165147843531733,0.4273598671457908,-0.49683216161022736,0.1588911997774679,1.684838258464023,1.7999499414167455,1.8126829618582139,-0.7545491625948485,-0.7956960298976613,-0.0894133226732562,-0.8367844447846362,-0.399172839356806,-0.6528124635485747,-0.523504933974671,-0.7833372412516937,-0.7942265277101938,1.0857790563465977,-0.24750480440191075,-0.6201077787653655,0.4280668022137044,-0.7647308197458192,0.30639280376221956,-0.2833503570705657,0.4036346427440572,-0.6331846482530531,0.7230254418556291,-0.03896519695842335,1.0450734150528307,-0.3043213281495527,-0.34617265388131546,-0.463947886275248,-0.7979941938089693,-0.4602047549454916,-0.48438830271567584,-0.555286867111459,-0.47748129283977825,-0.29956323695170284,-0.7896813877285809,-0.7622697554452618,-0.24725865566929606,-0.08730259138169293,-0.597086394298804,-0.665838655539944,0.151771936983849,-0.384414569501207,-0.13576863855203467,1.405103931903644,-0.43908397559494894,-0.7694746769432201,-0.11614483241311288,-0.8168938541717079,-0.25699197611498936,-0.8298928829847106,0.5669807442265821,-0.38191113917267666,-0.006572194880376346,-0.7663491670022323,-0.46969017218779346,-0.017587556819207324,-0.45385793066324875,0.6468326763233347,-0.11712578780269454,0.16664856058054256,-0.1484837879347133,-0.371734395092643,0.5230933134352038,1.4586996139640538,-0.1508606377640346,-0.160988179770409,-0.3652200884926492,-0.7983841068005183,0.13903655837809234,0.4835487323999108,0.26052584188855554,-0.6214509982214033,0.051649334636335656,-0.750496156301912,0.2314619826252584
339,-0.29077000014193183,-0.09229955952338653,1.010951689720847,-0.025164744124833896,0.6258091780273074,-0.32610135092090026,-0.2525003473924606,0.765172128477501,0.9558180999442746,-0.8233018060869453,-0.7925831663741418,-0.013679999628627598,0.8000221209307976,-0.264364153565235,-0.3141926821816127,-0.22692498421456722,-0.745292760564584,-0.41557832897886565,-0.2877637457726659,-0.17535408399790206,-0.17364548506960717,-0.6284565565155632,-0.04656597402886146,-0.30615984144878017,-0.4217989876148748,-0.2784240289678567,0.8547050999776103,0.12676812798254417,-0.6686315506324968,-0.5910853058801933,-0.7956960298976613,-0.30573587752790826,-0.8367844447846362,0.19307172942183787,1.9260178100631766,-0.591373597224126,-0.4609762366213671,1.1660199413400583,0.5571621837338432,-0.6077738064425378,-0.4411961288042099,0.6276818545409215,-0.11306416465777558,-0.2547661774872668,-0.36644430342557033,1.2240302580775069,2.6271157086054857,0.01138622743079732,0.8887775877659422,-0.46514828300039296,0.23640597844169234,-0.18223927398487563,-0.651023646870106,2.6049661209414325,-0.4994178390410515,-0.444684343476686,-0.026777793084055153,-0.7975089690058494,0.06890322916355274,-0.7896813877285809,0.5081798369635079,-0.3851762458462796,0.25107954575665176,0.2539489453517148,1.7941563772431008,0.5912659629988559,-0.7079958569601353,-0.16446023587917638,-0.7627516478195191,-0.2642893993230743,-0.7694746769432201,-0.4603343258994532,-0.8168938541717079,1.671324352169378,0.7770425616930854,1.937445250299122,-0.46610671659169706,-0.4994868109086019,-0.7663491670022323,-0.46969017218779346,-0.48554915733026643,-0.768599907544836,-0.572948771484678,2.2801856584512867,-0.36634257134016923,-0.44108189868362296,-0.34618915078996,-0.7186712288442116,-0.13570122714312183,-0.471414449746047,0.9246739188739674,-0.20550284862705917,1.033536038131835,-0.2689345636233524,-0.7508936916698834,-0.20748465252202328,-0.6050884126968797,-0.60213971139323,-0.25325930362838367,-0.5601316652039429
340,-0.4626198820225062,0.1004731211854408,-0.6319817171927721,-0.7877327479076812,-0.33059812410306555,0.034630231956201775,0.5915119558692461,3.6417590776410385,4.021521200264472,-0.8233018060869453,-0.7925831663741418,-0.16913454086303198,-0.7655788985032485,-0.1732355242769775,-0.6397809538724032,-0.13549670693230806,-0.745292760564584,-0.6022711991400812,0.17192274907184826,-0.4501422165220378,-0.7861516052445882,-0.6284565565155632,1.652922129214257,-0.3625844344175933,-0.4405572811137129,-0.20553815751030255,-0.6395345852979323,0.6891821829184102,-0.6686315506324968,0.2262339776930829,0.2531124453628765,-0.16152084095814023,0.6147063527602661,-0.399172839356806,-0.10020597634605656,-0.5744064314117623,0.8284677818999393,-0.6308726552893394,-0.8524828099001687,-0.7879083074628513,-0.7990194287265212,0.5201968263647276,0.86443581797429,-0.3669979737371641,0.17366634788195962,-0.5808400956560823,-0.8047794038771868,-0.4037366476503546,-0.7811594247379158,-0.27637057074374,-0.35839405880867725,-0.18223927398487563,-0.08979636508553193,1.2437819950412718,-0.28374587651547184,-0.20646058804274706,1.9110888116830922,-0.7975089690058494,-0.8522629361245863,-0.6184581900424185,0.3493736379124117,-0.3851762458462796,0.08188847718747941,0.08374187742161104,0.31815935757327385,-0.2877220890311579,-0.22262392577174278,-0.33660981984202676,-0.4292354047851863,1.308861787123797,-0.7694746769432201,-0.307361217683302,-0.6195764980915852,-0.4322934605044773,-0.8298928829847106,0.5669807442265821,-0.44505782223694196,-0.828096554927419,0.2000432251821716,1.4137065700828155,-0.44655235728767817,-0.768599907544836,1.8666141241313476,0.2253472759478742,-0.36634257134016923,-0.460588439400217,-0.34618915078996,-0.5634506610592848,-0.3128568761550302,-0.35120677025279234,1.8552414319977186,-0.04578560876146916,0.5339214531502842,-0.5137172368242192,0.4835487323999108,-0.10348232043078355,-0.6214509982214033,0.051649334636335656,-0.750496156301912,2.9228803852445426
341,-0.8063196457836549,-0.130854095665152,-0.6319817171927721,-0.7877327479076812,0.4664079610055785,0.034630231956201775,0.13433862493582166,-0.25009385358021813,-0.7473502891225012,-0.09792576548170716,2.123708124454671,-0.32458908209743637,-0.7655788985032485,-0.3554927828534925,-0.6397809538724032,-0.13549670693230806,0.22640575386120995,-0.41557832897886565,0.7848380755312004,-0.48939766402548573,-0.6330250752008428,-0.15969234230703772,0.12338283629545041,0.25808608823935136,-0.49683216161022736,-0.35130990042541077,0.5226518365830454,0.85790639939917,1.6472619943588331,0.38969783440773814,1.6515237457102603,0.415339305320932,1.8847608006120555,-0.399172839356806,0.26819834845562224,-0.6083407630364898,-0.4609762366213671,-0.14081103802677644,1.0857790563465977,-0.6077738064425378,-0.08337282888189856,1.548982096051154,-0.2759808284297865,-0.2921767762372326,0.049025428349452706,-0.7449192187227722,-0.8047794038771868,-0.10722030830667466,-0.03896519695842335,-0.27637057074374,0.5608423623964394,-0.4281393438295354,-0.838099407464964,-0.7979941938089693,-0.4994178390410515,-0.444684343476686,-0.731456558453927,0.002560221409328572,0.06890322916355274,-0.27601179467009374,0.6669860360146042,-0.24725865566929606,-0.4256847285200376,-0.597086394298804,1.1381577018342888,-0.7272161150461649,-0.7079958569601353,-0.39399301449631025,0.5713133243178121,-0.43908397559494894,-0.21774809213689597,-0.4985776029534911,-0.8168938541717079,0.2689124770534745,-0.47279611750075595,-0.8034837618459576,-0.40296003352743176,-0.6637916829180104,-0.7663491670022323,-0.17993682722308435,-0.017587556819207324,-0.6112289191040424,-0.2244397863966744,1.0815299353242962,0.8773034031414916,-0.3240426543840591,-0.42282488369800897,0.9887550167899846,-0.49001252516693866,-0.41131060999941965,0.9246739188739674,-0.1522637686718625,-0.7983841068005183,-0.2689345636233524,0.13085089695139818,-0.36348815065888285,-0.6050884126968797,-0.11179792687105575,-0.25325930362838367,-0.5601316652039429
342,0.3966295273803656,-0.3621813125157448,-0.8145298735165075,-0.4064487460162575,-0.808801775168252,-0.3862232814004173,-0.3580018853001739,-0.5885158475994579,-0.7473502891225012,1.3528263157287692,-0.30653461790267306,-0.6354981645662451,-0.13933849072963006,0.4191005660966963,4.244043121489454,-0.13549670693230806,0.550305258669808,-0.41557832897886565,-0.4409925773875039,-0.29312042650824593,0.5919871651491191,2.027873990666081,-0.04656597402886146,0.08881230933291188,-0.21545775912765505,-0.13265228605274848,1.8508648901613054,0.9844495617597397,0.654736189362549,0.06277012097842767,-0.4460932048108154,-0.30573587752790826,-0.6553480950915234,-0.33994838247894155,-0.8370146259494141,-0.43866910491285227,-0.4609762366213671,-0.3041649104476308,0.38095655952959173,-0.6077738064425378,-0.7990194287265212,1.6564671242273479,0.5386024904302681,-0.2921767762372326,-0.36644430342557033,-0.5808400956560823,-0.6331846482530531,-0.3444333797816186,-0.22451375390329645,0.8562957027961777,-0.2502485974904282,-0.2095615039676156,0.6585066772939002,-0.6278461780714493,-0.4798112969932716,-0.4645363230961809,-0.026777793084055153,0.3225878975753998,0.9900693944516917,-0.6184581900424185,0.6669860360146042,-0.35759272781088286,-0.4256847285200376,-0.7672934622289077,0.6461586952776799,2.2027440583872147,-0.5462052132306712,-0.3653014171691685,4.907024483764139,0.43488890576442407,-0.401656953739004,-0.4603343258994532,-0.8168938541717079,-0.7828964292834533,-0.8298928829847106,0.7627613879512306,-0.3608622448179215,-0.828096554927419,-0.7663491670022323,-0.7594435171525026,-0.44655235728767817,-0.45385793066324875,-0.7472032640286799,-0.6308353834285477,-0.30712133446009016,-0.4996015208334049,-0.244008173579228,3.1618429657789617,0.04145442186878656,-0.3912759967505439,0.45939016231209184,0.007453471193727517,-0.13223132682511707,-0.4933186807241469,-0.7508936916698834,0.5725328381622747,-0.6050884126968797,1.1957801651880755,-0.750496156301912,-0.4018129356381026
343,-0.6344697639030806,-0.32362677637397935,-0.8145298735165075,-0.7877327479076812,-0.17119690708133672,-0.3862232814004173,-0.3580018853001739,0.2575391374486415,-0.7473502891225012,-0.8233018060869453,1.3136272103355564,0.6081381653089899,-0.7655788985032485,-0.30992846820936376,0.6625721328907586,-0.18121084557343764,-0.745292760564584,1.6380432427945049,0.6316092439163624,-0.5090253877772097,-0.3267720151133524,-0.6284565565155632,-0.556412405001797,-0.3625844344175933,-0.45931557461255107,-0.35130990042541077,0.8547050999776103,0.22519058759632074,1.4818410268594526,-0.7545491625948485,-0.27129179226739236,-0.0894133226732562,0.07039730368092774,0.6076429275668885,-0.8370146259494141,-0.6083407630364898,-0.4609762366213671,-0.6308726552893394,-0.14766031308316277,-0.4276393054222243,-0.7990194287265212,0.8272969068681385,2.0048524643783665,-0.3669979737371641,-0.2418033838930634,0.7317928888774371,-0.2899951370047859,0.5451156382494212,1.4454232586005615,-0.8427037075136988,0.02011505580519431,-0.4281393438295354,0.8455824378887582,-0.28755014659640904,-0.4994178390410515,-0.40498038423769617,0.8540706636282845,-0.7975089690058494,0.2531364622211805,-0.6184581900424185,2.5726604246277587,-0.13692458352770923,3.804091985709271,0.08374187742161104,-0.1738396489833351,-0.7272161150461649,-0.7079958569601353,-0.39399301449631025,-0.4292354047851863,0.7844780583081733,-0.7694746769432201,-0.4603343258994532,-0.8168938541717079,0.9701184146114263,-0.6513445002427333,2.1332258940237705,-0.024079935141839807,2.4580008852607516,-0.7663491670022323,-0.614566844670148,-0.5050475573515606,0.1756260230999256,-0.572948771484678,-0.6308353834285477,0.40353350810085886,-0.20700341008449524,-0.42282488369800897,1.1439755845749116,-0.8443238231907555,-0.49144906299492275,3.09599811616272,-0.20550284862705917,0.8669978431379848,-0.45252156852400244,0.8362465678484234,0.20852467584293566,-0.5887258271723562,-0.7655869729006214,0.24397754904514463,-0.4018129356381026
344,-0.8063196457836549,-0.2465177040904484,-0.8145298735165075,0.7374032596580133,0.30700674398384975,-0.3862232814004173,-0.3580018853001739,0.08832814043902161,-0.5770334502158236,1.1714823055774597,0.5035462962164416,-0.7909527058006495,-0.7655788985032485,-0.3554927828534925,0.49977799704536335,0.0016457089910806458,5.570747583203076,-0.7889640693012967,-0.74745024061718,-0.39125904526686583,-0.6330250752008428,-0.4722018184460547,-0.7263612153261089,-0.02403687660471441,-0.4405572811137129,-0.2784240289678567,-0.3074813219033673,1.054751318626723,-0.3377896156337354,-0.7545491625948485,0.4279138579062995,-0.3778433958127923,0.2518336533740405,-0.33994838247894155,3.031230784468213,-0.48957060234994354,-0.1386152319910405,-0.6308726552893394,0.5571621837338432,-0.7879083074628513,-0.6201077787653655,1.0576219672456966,-0.11306416465777558,-0.21735557873730108,-0.36644430342557033,-0.08860272645601257,-0.11840038138065227,0.24859929890574126,-0.5956108677930426,2.1777396885927485,-0.0880304055130547,-0.4281393438295354,-0.463947886275248,1.754226042253832,-0.4405982128977116,-0.5042402823351707,1.5587494289981563,0.8026294118245066,-0.8522629361245863,-0.7896813877285809,0.9845984341167966,-0.3851762458462796,-0.7640668656583823,0.2539489453517148,-0.5018389866877411,-0.7272161150461649,-0.7079958569601353,-0.3653014171691685,2.572410782523809,-0.08949482305119973,-0.21774809213689597,-0.4985776029534911,-0.6195764980915852,1.4960228677798901,-0.8298928829847106,0.17541945677728507,-0.5082045053012073,-0.828096554927419,-0.7663491670022323,-0.7594435171525026,-0.36855875720250164,-0.13911595378166158,1.1695961539553403,-0.28836231967797893,0.2850910343407007,-0.460588439400217,-0.141827196368496,0.8335344490050577,-0.13570122714312183,-0.49144906299492275,-0.160988179770409,0.22040979101451422,-0.7983841068005183,-0.5137172368242192,1.0125954855726798,-0.25948581856764313,-0.6214509982214033,-0.60213971139323,-0.5847505387440692,1.0230556304544598
345,-0.8063196457836549,-0.053745023381621064,-0.44943356086903663,-0.5970907469619694,1.1040128290924938,-0.20585748996186626,-0.00633009227446279,-0.419304850589838,-0.23639977240246846,-0.6419577959356357,-0.30653461790267306,-0.16913454086303198,-0.7655788985032485,-0.3554927828534925,1.8021310838085252,0.4587870954023764,-0.745292760564584,-0.042192588656434694,-0.1345349141578278,0.0601786010227857,-0.7861516052445882,-0.7847112945850717,1.1430756982413217,-0.3625844344175933,-0.4217989876148748,-0.3148669646966337,1.020731731674893,1.8561913469103322,-0.6686315506324968,-0.2641575924508828,-0.09649037972396941,0.054801713896511846,-0.8367844447846362,-0.16227501184534843,-0.46861030114773533,-0.42170193910048853,-0.6221567389365305,0.6759583240774952,-0.14766031308316277,-0.7879083074628513,-0.7990194287265212,0.612326850515751,0.21276916288624628,0.044518612512459234,-0.2418033838930634,-0.5808400956560823,-0.8047794038771868,0.4858123703806852,-0.4100623108481696,-0.6539259952570459,-0.2502485974904282,-0.12759481401939568,1.4068097196733322,-0.28755014659640904,-0.4798112969932716,-0.40498038423769617,0.6779009722858166,-0.7975089690058494,-0.8522629361245863,-0.7896813877285809,-0.7622697554452618,0.24924466896784458,-0.25649365995086526,-0.4268793263687002,-0.5018389866877411,-0.7272161150461649,-0.7079958569601353,-0.39399301449631025,-0.7627516478195191,0.7844780583081733,0.7017962158736443,-0.44121268737243435,-0.6195764980915852,0.6195154458324504,-0.2942477347587786,-0.8034837618459576,-0.5082045053012073,-0.828096554927419,-0.7663491670022323,4.166363347247552,-0.5050475573515606,5.840981606968495,-0.7472032640286799,-0.4595988515532633,-0.36634257134016923,-0.421575357967029,-0.192917684973862,-0.7186712288442116,3.938878700130772,-0.49144906299492275,-0.7813665218529099,-0.1522637686718625,-0.631845911806668,-0.10574611482277449,-0.7508936916698834,-0.20748465252202328,-0.6214509982214033,-0.27524518837844714,-0.750496156301912,-0.5601316652039429
346,1.5995787005443862,-0.3621813125157448,-0.6319817171927721,-0.7877327479076812,1.1040128290924938,-0.20585748996186626,-0.3580018853001739,3.303337083621799,-0.23639977240246846,1.3528263157287692,1.6376595759832024,-0.4800436233318407,0.01722161121377456,-0.21879983892110627,0.011395589509177712,0.09307398627333979,-0.25944350335168703,-0.7889640693012967,-0.74745024061718,-0.3716313215151419,-0.7861516052445882,-0.15969234230703772,-0.7263612153261089,-0.19331065551115387,-0.49683216161022736,-0.16909522178152553,-0.3074813219033673,1.2094151837340863,-0.8340525181318775,2.0243364015542906,0.6027152704497225,-0.44995091409767635,-0.8367844447846362,-0.399172839356806,0.45240051085646166,-0.4047347732881248,-0.6221567389365305,5.249866751861416,0.38095655952959173,-0.7879083074628513,0.45336212100156836,2.1631822570579757,0.7015191542022791,-0.2921767762372326,-0.32489733024806805,-0.08860272645601257,-0.11840038138065227,-0.10722030830667466,-0.22451375390329645,-0.46514828300039296,-0.1421031361721792,-0.2915281939158355,1.0326581984836163,3.1154101681539927,-0.3033524185632518,-0.5042402823351707,1.0302403549707526,0.8026294118245066,2.279702025855086,-0.27601179467009374,-0.7622697554452618,-0.21967513763389934,0.08188847718747941,-0.2566722584385965,-0.1738396489833351,-0.580718106374496,0.5863292928755782,-0.2792266251877433,-0.09571916175085349,-0.7886731281386982,1.9891582470884006,0.20892302254620856,2.932135911350623,-0.6075949448939653,-0.8298928829847106,-0.8034837618459576,-0.38191113917267666,-0.4994868109086019,1.0053702186691749,0.2546931902239793,-0.48554915733026643,-0.45385793066324875,-0.2244397863966744,2.2801856584512867,0.462754744980938,-0.48009498011681095,-0.39727963939532596,-0.5634506610592848,2.1673222100116876,-0.471414449746047,-0.31608276529103424,-0.04578560876146916,0.03430686816873323,-0.43212301242393025,-0.7508936916698834,-0.20748465252202328,-0.3432870443045034,1.849569211217641,-0.41900492118622645,1.9729680078495013
347,-0.6344697639030806,-0.3621813125157448,-0.44943356086903663,1.118687261549437,-0.6494005581465232,-0.20585748996186626,0.5211775972641038,0.5959611314678812,0.44486758322424186,-0.6419577959356357,-0.14451843507885012,-0.013679999628627598,0.4869019170439884,0.009021734299537511,-0.47698681802700793,-0.31835326149682636,0.7122550110741069,2.1981218532781512,1.7042110652202287,-0.48939766402548573,0.28573410506162855,0.30907187190148777,-0.556412405001797,-0.30615984144878017,-0.49683216161022736,-0.2419810932390796,-0.6395345852979323,1.6312257249359856,-0.6686315506324968,0.38969783440773814,-0.27129179226739236,-0.44995091409767635,-0.8367844447846362,-0.2807239256010772,-0.6528124635485747,-0.2520302809768511,-0.7833372412516937,-0.3041649104476308,-0.5000715614916658,1.5538402058012248,-0.7990194287265212,0.8580069149184796,-0.7647308197458192,0.6804987912618771,-0.0756154911830542,3.357058857944476,-0.2899951370047859,-0.22582684404414663,-0.7811594247379158,0.6675179905395248,-0.35839405880867725,-0.34617265388131546,1.7809612408630484,-0.28755014659640904,-0.4994178390410515,-0.4645363230961809,-0.731456558453927,1.2826709260736133,5.227433754777131,-0.7896813877285809,-0.4446573573430694,-0.35759272781088286,-0.25649365995086526,-0.4268793263687002,-0.8298383243921471,2.349242067058884,-0.7079958569601353,-0.39399301449631025,-0.4292354047851863,-0.6138785518668235,-0.7694746769432201,-0.32648285621032086,-0.8168938541717079,-0.7828964292834533,-0.2942477347587786,-0.8034837618459576,-0.5082045053012073,-0.17087706688978485,-0.6052837683048317,-0.0350601547407298,-0.48554915733026643,-0.6112289191040424,-0.7472032640286799,-0.6308353834285477,-0.36634257134016923,-0.38256227653384106,-0.371734395092643,0.5230933134352038,-0.3128568761550302,-0.49144906299492275,-0.31608276529103424,0.8060396705216777,-0.7983841068005183,-0.2689345636233524,0.4835487323999108,-0.311486984613263,-0.5069128995497386,-0.27524518837844714,0.9069600192765157,-0.24349420607226235
348,-0.8063196457836549,-0.09229955952338653,-0.8145298735165075,-0.4064487460162575,0.944611612070765,-0.3862232814004173,-0.3580018853001739,-0.7577268446090778,-0.40671661130914605,-0.4606137857843262,-0.7925831663741418,-0.4800436233318407,-0.13933849072963006,0.3279719368084388,-0.47698681802700793,-0.08978256829117849,-0.5833430081602851,-0.6022711991400812,-0.1345349141578278,-0.48939766402548573,1.3576198153678452,-0.0034376042375292245,-0.7263612153261089,-0.3625844344175933,-0.49683216161022736,-0.3148669646966337,-0.4735079536006498,0.5204579664376504,0.15847328686440676,-0.7545491625948485,-0.09649037972396941,-0.30573587752790826,2.0661971503051686,0.015398358788244727,0.08399618605478285,-0.591373597224126,-0.6221567389365305,-0.7942265277101938,-0.6762771856959172,-0.7879083074628513,-0.6201077787653655,0.9040719269939912,1.8419358006063558,0.007108013762493475,0.3814012137694711,-0.5808400956560823,0.7395733967400159,0.30790256677447725,1.8165203724903074,-0.6539259952570459,0.02011505580519431,-0.4281393438295354,-0.838099407464964,-0.11740213085888894,-0.42099167084993167,-0.2461645472817369,-0.2029474844265231,-0.7975089690058494,1.5427690936245748,-0.10478859698393139,0.5081798369635079,-0.35759272781088286,1.435417025740858,2.29643376051296,-0.8298383243921471,2.349242067058884,-0.06083328204227859,-0.3653014171691685,-0.4292354047851863,-0.43908397559494894,-0.5855658153411121,-0.47945596442647215,-0.22494178593133982,-0.7828964292834533,-0.8298928829847106,-0.8034837618459576,-0.5082045053012073,0.4863424211478492,-0.444218369607431,-0.7594435171525026,-0.44655235728767817,0.1756260230999256,-0.05018529385267257,-0.802071915303832,-0.12945762381985287,-0.421575357967029,-0.42282488369800897,0.8335344490050577,-0.49001252516693866,-0.27106831725728925,-0.7813665218529099,-0.31198100853745253,-0.631845911806668,-0.0037533343224133127,2.070688991918218,-0.15548348647640342,-0.5887258271723562,-0.60213971139323,-0.750496156301912,-0.7184503947697831
349,-0.8063196457836549,-0.32362677637397935,1.376048002368318,1.118687261549437,-0.6494005581465232,-0.32610135092090026,0.3101745214486772,-0.7577268446090778,-0.7473502891225012,-0.4606137857843262,-0.7925831663741418,-0.4800436233318407,-0.6090187965598439,-0.3554927828534925,1.8021310838085252,-0.13549670693230806,-0.745292760564584,0.14450028150478078,-0.74745024061718,-0.4697699402737618,-0.4798985451570976,1.0903455622490301,2.8425638014844403,-0.19331065551115387,-0.21545775912765505,-0.16909522178152553,-0.8055612169952149,1.012570264506533,0.4893152218631682,-0.5910853058801933,-0.09649037972396941,-0.3778433958127923,-0.6553480950915234,-0.10305055496748404,-0.10020597634605656,-0.6083407630364898,-0.7833372412516937,-0.7942265277101938,1.966807177367855,-0.7879083074628513,1.3479203708073466,1.349367043723937,0.04985249911423535,0.2689822050122538,-0.2418033838930634,0.07547639661067736,-0.6331846482530531,-0.2851301119128826,1.0743261447108152,0.1011848537695659,-0.1421031361721792,-0.12759481401939568,-0.651023646870106,-0.7979941938089693,-0.4602047549454916,-0.48438830271567584,-0.555286867111459,-0.31746745475674265,-0.4837964700093306,-0.44723499235625613,-0.7622697554452618,-0.3851762458462796,0.08188847718747941,-0.597086394298804,-0.8298383243921471,-0.43422009770282693,0.2627480054166498,-0.16446023587917638,-0.5959935263023527,-0.08949482305119973,-0.21774809213689597,-0.42209104884541543,-0.22494178593133982,-0.08169049172550143,-0.47279611750075595,0.3712001005019336,-0.40296003352743176,-0.006572194880376346,-0.444218369607431,-0.0350601547407298,-0.48554915733026643,-0.768599907544836,0.8210871688673366,0.5678203396984429,-0.36634257134016923,-0.44108189868362296,-0.116281952065813,0.05743161008042298,1.2815439649521454,-0.49144906299492275,-0.6262719363322846,0.6995615106112842,0.5339214531502842,-0.4729201246240747,0.3071998146756545,0.0005200116604561876,-0.6050884126968797,2.176463734232424,-0.750496156301912,0.7064181713227792
350,-0.29077000014193183,-0.32362677637397935,-0.6319817171927721,-0.5970907469619694,0.30700674398384975,-0.32610135092090026,-0.21733316808988945,-0.7577268446090778,-0.5770334502158236,-0.8233018060869453,-0.7925831663741418,-0.32458908209743637,-0.6090187965598439,0.14571467823192377,2.1277193554993157,-0.13549670693230806,0.38835550626550897,0.8912717621496428,1.3977534019905526,-0.5090253877772097,1.2044932853241,-0.7847112945850717,-0.3864635946774852,-0.1368860625423407,-0.45931557461255107,-0.35130990042541077,-0.8055612169952149,0.9844495617597397,-0.5032105831331162,-0.427621449165538,-0.27129179226739236,0.415339305320932,0.4332700030671533,0.3115206431775666,-0.28440813874689597,-0.5744064314117623,-0.7833372412516937,-0.7942265277101938,-0.32386593728741425,0.11276419763871634,1.169008720846191,0.39735679416336334,-0.2759808284297865,-0.1051237824874038,-0.0756154911830542,-0.5808400956560823,-0.46158989262891953,-0.3444333797816186,-0.4100623108481696,-0.08759285848708705,-0.3043213281495527,-0.15491704400213566,0.28435515610418416,-0.6278461780714493,-0.3033524185632518,-0.444684343476686,0.6779009722858166,-0.31746745475674265,-0.8522629361245863,0.23765779838839335,-0.6034635563941656,-0.19209161959850263,1.0970348886025134,-0.597086394298804,-0.009839980131132115,0.7377639716705249,-0.7079958569601353,-0.39399301449631025,2.4056526610066427,3.5811912786581668,-0.5855658153411121,-0.4985776029534911,0.9589623505493964,-0.4322934605044773,-0.11569935201680126,-0.21614183067201198,-0.44505782223694196,0.15773267712903216,-0.7663491670022323,-0.0350601547407298,-0.48554915733026643,0.018255034659132002,-0.3986942789406762,-0.802071915303832,-0.30712133446009016,-0.40206881725043503,-0.39727963939532596,-0.7186712288442116,-0.49001252516693866,-0.49144906299492275,-0.6262719363322846,-0.3652200884926492,-0.631845911806668,-0.18734033922306342,4.8922716755063185,-0.311486984613263,-0.6214509982214033,-0.43869244988583855,0.24397754904514463,0.38978071219109867
351,-0.6344697639030806,-0.32362677637397935,1.010951689720847,-0.2158067450705457,-0.33059812410306555,-0.025491698523315235,0.7321806730795305,-0.419304850589838,0.27455074431756427,-0.2792697756330167,-0.468550800726496,-0.32458908209743637,-0.4524586946164393,-0.3554927828534925,0.17418972535457292,-0.31835326149682636,-0.745292760564584,1.4513503726332893,-0.74745024061718,-0.5090253877772097,-0.7861516052445882,0.46532660997099623,1.822870939538569,-0.30615984144878017,-0.4030406941160366,-0.3148669646966337,-0.8055612169952149,1.5749843194423991,0.15847328686440676,0.38969783440773814,-0.7956960298976613,0.1990167504662799,-0.8367844447846362,-0.2807239256010772,-0.8370146259494141,-0.47260343653757975,1.3120092888454293,-0.7942265277101938,1.0857790563465977,-0.7879083074628513,-0.08337282888189856,0.8272969068681385,-0.11306416465777558,0.6430881925119113,-0.36644430342557033,1.0599511350108168,0.9111681523641495,-0.4037366476503546,-0.22451375390329645,0.4787402782828718,-0.35839405880867725,-0.26420596393309553,-0.08979636508553193,0.39304191635367136,-0.42099167084993167,-0.4248323638571911,-0.731456558453927,-0.7975089690058494,-0.6680297030669584,-0.6184581900424185,2.255048026525566,-0.35759272781088286,-0.25649365995086526,-0.597086394298804,-0.009839980131132115,-0.580718106374496,-0.7079958569601353,-0.39399301449631025,0.9048295673521449,-0.08949482305119973,-0.5855658153411121,-0.42209104884541543,-0.22494178593133982,-0.7828964292834533,-0.2942477347587786,0.3712001005019336,-0.44505782223694196,0.15773267712903216,0.6832394212743735,-0.7594435171525026,-0.5050475573515606,0.49036799998151276,0.9953416614113384,-0.4595988515532633,-0.36634257134016923,-0.4996015208334049,-0.16737244067117898,0.2126521778653499,0.21861007088069498,-0.3912759967505439,-0.31608276529103424,0.5930833507008909,-0.7983841068005183,-0.2689345636233524,-0.7508936916698834,0.10452234375169592,-0.6214509982214033,-0.60213971139323,1.569942489507887,-0.7184503947697831
352,-0.29077000014193183,-0.32362677637397935,-0.8145298735165075,-0.5970907469619694,-0.808801775168252,-0.3862232814004173,-0.18216598878731835,-0.419304850589838,1.2964517777576297,-0.8233018060869453,-0.7925831663741418,-0.16913454086303198,-0.7655788985032485,-0.21879983892110627,-0.6397809538724032,-0.2726391228556968,0.8742047634784059,0.3311931516659963,-0.4409925773875039,-0.5090253877772097,0.7451136951928643,2.027873990666081,1.4829733188899452,-0.08046146957352757,-0.47807386811138924,0.04956239259113676,1.8508648901613054,1.0266306158799297,-0.00694768063497396,0.06277012097842767,3.224736458601067,0.054801713896511846,-0.8367844447846362,-0.04382609808961965,1.3734113228606586,-0.26899744678921483,-0.6221567389365305,1.9827893034443298,-0.5000715614916658,-0.7879083074628513,-0.7990194287265212,0.5201968263647276,2.1677691281503777,1.166836575011432,-0.32489733024806805,-0.5808400956560823,1.082762907988283,-0.047917040437938666,-0.4100623108481696,-0.8427037075136988,1.2097151303059335,-0.4281393438295354,-0.651023646870106,-0.7979941938089693,-0.4405982128977116,-0.40498038423769617,-0.555286867111459,0.002560221409328572,0.06890322916355274,-0.6184581900424185,-0.7622697554452618,-0.08175754745691584,0.5894616828949965,1.2751913529323373,-0.1738396489833351,-0.43422009770282693,-0.384414569501207,-0.39399301449631025,0.4045552028006457,0.959272634580048,1.4374316622820766,-0.3647261332643587,0.9589623505493964,-0.6075949448939653,-0.8298928829847106,-0.6077031181213091,-0.48715561094645216,-0.4994868109086019,1.0053702186691749,-0.7594435171525026,-0.44655235728767817,0.49036799998151276,-0.7472032640286799,-0.6308353834285477,-0.18867886069993195,-0.460588439400217,-0.39727963939532596,-0.40823009327435783,0.04145442186878656,-0.49144906299492275,0.45939016231209184,-0.20550284862705917,-0.631845911806668,-0.5137172368242192,-0.5745447739456271,-0.36348815065888285,-0.5232754850742621,0.7054383806659013,-0.25325930362838367,-0.7184503947697831
353,1.084029054902663,-0.2465177040904484,-0.8145298735165075,6.456663288029368,-0.6494005581465232,-0.3862232814004173,-0.3228347059976028,-0.7577268446090778,0.27455074431756427,-0.2792697756330167,-0.7925831663741418,0.6081381653089899,-0.29589859267303464,-0.30992846820936376,-0.47698681802700793,-0.2726391228556968,-0.421393255755986,-0.22888545881765018,-0.1345349141578278,-0.3520035977634179,-0.7861516052445882,-0.0034376042375292245,0.633229267268386,-0.249735248479967,-0.06539141113694982,-0.13265228605274848,-0.8055612169952149,0.29549234446330397,-0.3377896156337354,-0.427621449165538,2.001126570797106,1.0643069698848882,-0.47391174539841063,-0.399172839356806,-0.46861030114773533,-0.5744064314117623,-0.6221567389365305,-0.6308726552893394,-0.32386593728741425,-0.6077738064425378,0.632273770962724,0.36664678611302226,-0.2759808284297865,-0.21735557873730108,0.5475891064794803,-0.7449192187227722,-0.2899951370047859,-0.2851301119128826,1.0743261447108152,-0.46514828300039296,-0.3043213281495527,0.28223863572170393,-0.27687212568039,0.39304191635367136,-0.42099167084993167,-0.48438830271567584,2.615767577052964,0.002560221409328572,0.2531364622211805,0.5801041937607181,-0.6034635563941656,-0.24725865566929606,-0.4256847285200376,-0.2566722584385965,-0.665838655539944,-0.7272161150461649,-0.384414569501207,-0.22184343053345984,-0.4292354047851863,-0.2642893993230743,2.724793693496833,-0.4985776029534911,1.3535970627096416,-0.4322934605044773,-0.8298928829847106,0.7627613879512306,-0.12932440691561534,-0.828096554927419,-0.1220875722126297,1.7034599150475247,-0.5050475573515606,0.49036799998151276,0.9953416614113384,-0.802071915303832,-0.0702363869397738,-0.2655230322342772,-0.039646219157764,0.6783138812201307,2.5216335080355043,-0.471414449746047,2.010336017518344,-0.3652200884926492,-0.2987695218189674,-0.06494900262263001,2.070688991918218,-0.15548348647640342,-0.5396380705987857,-0.60213971139323,-0.750496156301912,-0.24349420607226235
354,-0.8063196457836549,0.2161367296107372,0.09821090810216972,-0.7877327479076812,-0.33059812410306555,-0.3862232814004173,-0.2525003473924606,-0.7577268446090778,-0.40671661130914605,1.5341703258800787,0.01749774774497282,-0.7909527058006495,-0.4524586946164393,0.14571467823192377,-0.8025750897177983,-0.13549670693230806,5.894647088011674,-0.7889640693012967,0.47838041230152434,-0.17535408399790206,0.8982402252366095,-0.15969234230703772,-0.3864635946774852,-0.249735248479967,-0.47807386811138924,0.19533413550624495,-0.8055612169952149,0.9985099131331364,-0.6686315506324968,-0.5910853058801933,-0.7956960298976613,-0.3778433958127923,0.6147063527602661,-0.2214994687232128,1.9260178100631766,-0.455636270725216,-0.4609762366213671,2.3094970482860386,0.38095655952959173,-0.6077738064425378,-0.7990194287265212,0.5662618384402393,0.21276916288624628,-0.3669979737371641,-0.36644430342557033,-0.7449192187227722,-0.8047794038771868,-0.2851301119128826,0.3321319169313229,-0.8427037075136988,0.02011505580519431,-0.26420596393309553,0.28435515610418416,-0.7979941938089693,-0.4994178390410515,-0.40498038423769617,-0.37911717576899107,2.0827401164887913,0.2531364622211805,-0.10478859698393139,-0.6034635563941656,-0.13692458352770923,2.9581366428634093,-0.2566722584385965,0.6461586952776799,1.323756006357201,-0.384414569501207,-0.3653014171691685,-0.7627516478195191,-0.7886731281386982,-0.7694746769432201,-0.26911794062926414,-0.8168938541717079,-0.6075949448939653,1.3126877099190175,-0.6077031181213091,-0.40296003352743176,1.4721716532043005,-0.7663491670022323,0.9790765526357521,-0.25156835707473685,-0.45385793066324875,3.9576680346593696,-0.802071915303832,-0.36634257134016923,-0.460588439400217,-0.34618915078996,-0.5634506610592848,-0.8443238231907555,-0.49144906299492275,4.0265656292864715,-0.31198100853745253,-0.13223132682511707,-0.28933311972342457,0.13085089695139818,-0.36348815065888285,-0.5723632416478327,-0.7655869729006214,0.07823193148730186,-0.24349420607226235
355,-0.8063196457836549,-0.3621813125157448,0.4633072207496406,-0.025164744124833896,-0.4899993411247944,-0.025491698523315235,-0.3580018853001739,1.6112271135256004,-0.06608293349579088,0.08341824466960238,-0.30653461790267306,-0.4800436233318407,0.01722161121377456,0.05458604894366627,0.33698386119996815,-0.31835326149682636,-0.5833430081602851,2.5715075936005825,-0.1345349141578278,-0.5090253877772097,-0.7861516052445882,-0.7847112945850717,-0.7263612153261089,-0.1368860625423407,-0.4405572811137129,-0.35130990042541077,-0.6395345852979323,1.898372401030522,-0.5032105831331162,0.8800894045517038,0.07831103281945356,0.12690923218139588,0.07039730368092774,-0.10305055496748404,0.636602673257301,-0.455636270725216,-0.6221567389365305,-0.6308726552893394,-0.5000715614916658,0.8333022017199705,-0.7990194287265212,1.825372168504224,0.86443581797429,-0.2547661774872668,-0.2002564107155611,0.07547639661067736,-0.46158989262891953,-0.3444333797816186,0.517680473876196,1.9889619763360955,-0.3043213281495527,-0.4281393438295354,-0.838099407464964,2.0945220737288723,-0.3621720447065917,-0.5042402823351707,-0.026777793084055153,0.3225878975753998,-0.4837964700093306,-0.7896813877285809,-0.6034635563941656,-0.35759272781088286,2.450563437155892,-0.2566722584385965,-0.665838655539944,-0.7272161150461649,-0.7079958569601353,-0.39399301449631025,-0.2624772832680199,-0.7886731281386982,1.8052493854862925,-0.23087466357522635,-0.4222591420114625,-0.4322934605044773,-0.47279611750075595,1.7416646065744734,-0.3398133504631664,0.4863424211478492,-0.7663491670022323,2.862473294906361,-0.36855875720250164,-0.45385793066324875,-0.7472032640286799,0.7390568715737273,0.22586979746062164,-0.48009498011681095,-0.34618915078996,1.2991961523598385,-0.49001252516693866,-0.49144906299492275,-0.160988179770409,-0.1522637686718625,-0.2987695218189674,-0.45252156852400244,0.8362465678484234,-0.36348815065888285,-0.5887258271723562,0.21509659614372706,-0.750496156301912,-0.7184503947697831
356,0.22477964549979124,-0.32362677637397935,1.010951689720847,1.8812552653322843,-0.6494005581465232,-0.20585748996186626,-0.3228347059976028,-0.5885158475994579,-0.06608293349579088,-0.6419577959356357,-0.14451843507885012,-0.4800436233318407,-0.6090187965598439,-0.3554927828534925,-0.47698681802700793,-0.31835326149682636,-0.745292760564584,-0.6022711991400812,-0.4409925773875039,-0.41088676901858984,-0.6330250752008428,0.15281713383197926,-0.2165147843531733,-0.3625844344175933,-0.4405572811137129,-0.35130990042541077,0.6886784682803279,0.3517337499568906,-0.5032105831331162,0.8800894045517038,-0.7956960298976613,0.12690923218139588,0.07039730368092774,0.37074510005543104,1.1892091604598192,-0.591373597224126,-0.4609762366213671,-0.7942265277101938,0.38095655952959173,1.1935712037605974,-0.7990194287265212,0.8272969068681385,0.04985249911423535,-0.3669979737371641,-0.2002564107155611,2.3725841195443365,-0.8047794038771868,0.0706894952995333,-0.7811594247379158,1.9889619763360955,-0.35839405880867725,-0.4281393438295354,-0.838099407464964,1.9243740579913522,-0.4602047549454916,-0.4645363230961809,-0.731456558453927,-0.47748129283977825,0.4373696952788083,-0.10478859698393139,-0.6034635563941656,-0.30242569174008943,-0.5948757970892099,0.764570149142026,-0.8298383243921471,1.7632500323722078,-0.5462052132306712,-0.19315183320631812,-0.7627516478195191,-0.6138785518668235,0.15006963106732016,-0.4029694103183965,-0.22494178593133982,0.6195154458324504,-0.8298928829847106,-0.8034837618459576,-0.46610671659169706,-0.006572194880376346,-0.7663491670022323,-0.17993682722308435,-0.427053957266384,-0.768599907544836,-0.2244397863966744,0.05411074407258983,-0.30712133446009016,-0.4996015208334049,-0.42282488369800897,-0.40823009327435783,-0.49001252516693866,-0.471414449746047,1.8552414319977186,-0.3652200884926492,-0.2987695218189674,-0.4933186807241469,-0.5745447739456271,-0.05148115438516368,-0.5232754850742621,-0.7655869729006214,0.24397754904514463,-0.4018129356381026
357,0.56847940926094,-0.2850722402322139,-0.6319817171927721,-0.5970907469619694,-0.011795690059607908,-0.14573555948234926,-0.14699880948474722,-0.7577268446090778,0.785501261037597,-0.8233018060869453,-0.6305669835503189,-0.4800436233318407,0.643462018987393,-0.30992846820936376,-0.6397809538724032,0.18450226355559893,-0.09749375094738805,3.50497194440666,-0.74745024061718,-0.3323758740116939,2.7357585857615523,0.30907187190148777,-0.556412405001797,1.3301533546468012,-0.47807386811138924,-0.2419810932390796,0.3566252048857628,0.39391480407708057,-0.6686315506324968,-0.5910853058801933,-0.7956960298976613,-0.23362835924302425,-0.8367844447846362,0.015398358788244727,-0.8370146259494141,-0.43866910491285227,0.34492627495444944,0.6759583240774952,0.38095655952959173,-0.0673703033815972,-0.7990194287265212,0.5509068344150687,0.5386024904302681,-0.32958737498719837,-0.36644430342557033,-0.41676097258939243,-0.2899951370047859,-0.16652357617541064,0.517680473876196,-0.8427037075136988,-0.35839405880867725,-0.4281393438295354,-0.27687212568039,-0.7979941938089693,-0.4798112969932716,-0.38512840461820125,0.1493918982584128,0.3225878975753998,-0.11533000389407506,-0.44723499235625613,0.9845984341167966,-0.35759272781088286,-0.7640668656583823,-0.7672934622289077,-0.1738396489833351,-0.7272161150461649,0.424538649146114,-0.30791822251488504,-0.2624772832680199,0.08529975322067489,0.3339784926694282,-0.4985776029534911,-0.8168938541717079,-0.7828964292834533,-0.6513445002427333,-0.8034837618459576,-0.44505782223694196,1.3078667811948919,-0.7663491670022323,-0.614566844670148,-0.5050475573515606,-0.6112289191040424,2.737886586851357,0.05411074407258983,0.10742732370046347,-0.48009498011681095,-0.371734395092643,-0.40823009327435783,-0.8443238231907555,-0.29110293050616504,-0.6262719363322846,-0.3652200884926492,-0.7983841068005183,-0.5137172368242192,-0.5745447739456271,-0.36348815065888285,-0.4741877285006915,-0.7655869729006214,-0.08751368607054091,-0.7184503947697831
358,0.7403292911415144,-0.16940863180691748,0.645855377073376,-0.2158067450705457,-0.4899993411247944,-0.08561362900283224,-0.2525003473924606,-0.7577268446090778,-0.40671661130914605,1.3528263157287692,-0.30653461790267306,2.473592660121842,2.522183242308248,-0.30992846820936376,2.453307627190106,-0.08978256829117849,-0.421393255755986,-0.22888545881765018,0.3251515806866863,-0.48939766402548573,-0.7861516052445882,-0.7847112945850717,0.2933316466197623,-0.08046146957352757,-0.47807386811138924,0.12244826404869086,-0.6395345852979323,1.490622211202019,-0.3377896156337354,1.3704809746956694,-0.6208946173542383,0.12690923218139588,-0.6553480950915234,-0.399172839356806,-0.46861030114773533,-0.591373597224126,2.117911800421246,1.6560815586026212,-0.8524828099001687,-0.6077738064425378,-0.08337282888189856,0.5201968263647276,-0.4388974922017974,-0.21735557873730108,-0.32489733024806805,0.4036346427440572,2.9703052198537527,-0.10722030830667466,-0.5956108677930426,0.8562957027961777,-0.35839405880867725,-0.4281393438295354,1.0326581984836163,-0.7979941938089693,-0.4994178390410515,-0.5042402823351707,2.615767577052964,0.3225878975753998,-0.29956323695170284,-0.10478859698393139,0.8257922350657003,-0.3851762458462796,-0.5948757970892099,-0.597086394298804,-0.8298383243921471,1.0307599890138628,0.10095736168718561,-0.25053502786060156,-0.4292354047851863,-0.2642893993230743,0.7017962158736443,-0.47945596442647215,0.36701028230902827,-0.7828964292834533,-0.2942477347587786,-0.8034837618459576,-0.2977155617536562,-0.828096554927419,0.03897782648477095,1.1239532251181066,-0.36855875720250164,0.018255034659132002,-0.7472032640286799,-0.802071915303832,-0.36634257134016923,-0.4996015208334049,-0.42282488369800897,-0.5634506610592848,1.104388315940237,-0.471414449746047,0.614484747832717,0.06069255114892419,-0.7983841068005183,-0.5137172368242192,-0.7508936916698834,-0.05148115438516368,-0.5723632416478327,-0.43869244988583855,-0.750496156301912,-0.4018129356381026
359,-0.8063196457836549,-0.2465177040904484,1.010951689720847,2.6438232691151318,-0.6494005581465232,-0.3862232814004173,0.02883708702810832,0.08832814043902161,0.6151844221309194,-0.6419577959356357,-0.6305669835503189,-0.6354981645662451,1.1131423248176069,-0.12767120963284875,0.17418972535457292,-0.31835326149682636,0.22640575386120995,1.2646575024720736,-0.594221409002342,-0.31274815025996994,-0.17364548506960717,0.9340908241795217,-0.556412405001797,-0.19331065551115387,-0.45931557461255107,-0.35130990042541077,-0.3074813219033673,0.33767339858349393,-0.5032105831331162,-0.7545491625948485,0.2531124453628765,0.2711242687511639,-0.29247539570529785,-0.33994838247894155,0.636602673257301,-0.5065377681623072,2.4402728050515723,-0.6308726552893394,-0.8524828099001687,0.29289869865902984,2.4213902705742805,1.4261420638497897,-0.4388974922017974,-0.3669979737371641,0.049025428349452706,3.685217104077856,-0.8047794038771868,-0.3444333797816186,2.929811714159546,-0.8427037075136988,-0.35839405880867725,-0.018305894088435783,1.7809612408630484,0.9034859635662317,-0.4405982128977116,-0.4248323638571911,-0.731456558453927,-0.15745361667370703,-0.4837964700093306,-0.10478859698393139,0.8257922350657003,0.46991281325101825,-0.7640668656583823,-0.7672934622289077,-0.3378393178355381,-0.43422009770282693,-0.7079958569601353,-0.10707704122489292,-0.09571916175085349,-0.2642893993230743,-0.21774809213689597,-0.4985776029534911,0.9589623505493964,-0.7828964292834533,-0.6513445002427333,-0.020361186947363465,-0.48715561094645216,-0.17087706688978485,-0.1220875722126297,-0.0350601547407298,-0.48554915733026643,-0.2964869422224552,0.2983236912353311,-0.4595988515532633,-0.30712133446009016,-0.460588439400217,-0.244008173579228,-0.5634506610592848,0.21861007088069498,-0.471414449746047,2.165430603038969,-0.20550284862705917,-0.631845911806668,-0.024151890422485545,0.8362465678484234,-0.10348232043078355,-0.4414625574516445,1.849569211217641,-0.750496156301912,-0.5601316652039429
360,-0.8063196457836549,0.8330093078789848,-0.2668854045453012,0.5467612587123015,-0.6494005581465232,-0.08561362900283224,-0.18216598878731835,-0.7577268446090778,-0.40671661130914605,-0.8233018060869453,-0.468550800726496,0.9190472477777987,-0.6090187965598439,-0.21879983892110627,-0.8025750897177983,-0.044068429650048924,-0.421393255755986,-0.7889640693012967,-0.74745024061718,-0.234237255253074,0.4388606351053738,-0.0034376042375292245,-0.04656597402886146,-0.08046146957352757,-0.47807386811138924,-0.09620935032397142,0.024571941491197763,2.038975914764489,1.316420059360072,-0.2641575924508828,-0.6208946173542383,-0.44995091409767635,0.9775790521464917,-0.04382609808961965,1.5576134852614978,-0.5574392655993985,-0.4609762366213671,-0.7942265277101938,-0.5000715614916658,-0.4276393054222243,-0.7990194287265212,0.643036858566092,-0.6018141559738084,-0.3669979737371641,-0.2418033838930634,-0.5808400956560823,-0.6331846482530531,-0.16652357617541064,0.14658335998644975,-0.6539259952570459,0.39862417041906584,-0.23688373395035558,-0.838099407464964,0.05274588487863117,-0.4994178390410515,-0.5042402823351707,0.6779009722858166,-0.15745361667370703,-0.11533000389407506,3.833344949797803,-0.28585115829197316,-0.3851762458462796,-0.4256847285200376,-0.597086394298804,1.1381577018342888,0.005273928312180023,-0.06083328204227859,-0.30791822251488504,0.07103895976631291,-0.7886731281386982,-0.401656953739004,-0.38384777179137763,-0.027624429851217113,-0.4322934605044773,0.7770425616930854,-0.21614183067201198,-0.2345688786893909,3.1152203732983854,0.36110862387957227,-0.7594435171525026,-0.5050475573515606,1.4345939306262743,-0.3986942789406762,-0.28836231967797893,-0.36634257134016923,-0.4996015208334049,-0.42282488369800897,-0.5634506610592848,0.5729213689045117,-0.471414449746047,-0.7813665218529099,-0.3652200884926492,0.8669978431379848,-0.20773889532313566,5.774016264127599,-0.15548348647640342,-0.6050884126968797,1.5226746882028581,-0.750496156301912,0.8647369008886194
361,0.7403292911415144,-0.053745023381621064,-0.8145298735165075,0.5467612587123015,-0.17119690708133672,-0.32610135092090026,-0.18216598878731835,-0.419304850589838,0.10423390541088669,0.2647622548209119,-0.30653461790267306,-0.4800436233318407,0.643462018987393,-0.264364153565235,-0.6397809538724032,0.13878812491446937,-0.745292760564584,1.6380432427945049,1.3977534019905526,-0.3323758740116939,-0.3267720151133524,-0.4722018184460547,-0.7263612153261089,-0.3625844344175933,-0.45931557461255107,-0.3148669646966337,0.19059857318848028,0.6470011287982202,-0.8340525181318775,0.38969783440773814,-0.4460932048108154,0.5595543418907,-0.47391174539841063,-0.399172839356806,-0.8370146259494141,-0.3708004416633973,0.9896482842151026,-0.7942265277101938,1.4381903047551006,2.4545127109027924,0.2744504710404127,2.147827253032805,-0.6018141559738084,-0.32958737498719837,-0.0756154911830542,0.2395555196773673,-0.8047794038771868,0.5451156382494212,-0.7811594247379158,-0.6539259952570459,-0.1421031361721792,-0.4281393438295354,-0.838099407464964,-0.4576981623339291,-0.42099167084993167,-0.5042402823351707,-0.731456558453927,0.3225878975753998,-0.8522629361245863,2.463559368308504,-0.7622697554452618,-0.35759272781088286,0.25107954575665176,0.9347772170721298,-0.8298383243921471,-0.7272161150461649,-0.5462052132306712,-0.30791822251488504,0.9048295673521449,6.377904499008161,-0.7694746769432201,-0.4985776029534911,1.9455491309500097,-0.6075949448939653,-0.2942477347587786,-0.4119224743966605,-0.2977155617536562,-0.828096554927419,-0.444218369607431,0.5444465351886884,-0.271066757096031,-0.45385793066324875,-0.7472032640286799,-0.28836231967797893,-0.24790009758001105,-0.22650995080108924,-0.42282488369800897,-0.2530095254894309,-0.667168174178847,-0.49144906299492275,-0.6262719363322846,-0.04578560876146916,-0.13223132682511707,-0.3097316758234968,-0.7508936916698834,-0.36348815065888285,-0.5887258271723562,-0.60213971139323,1.0727056368343586,-0.4018129356381026
362,-0.4626198820225062,-0.20796316794868294,-0.6319817171927721,-0.4064487460162575,-0.4899993411247944,0.39536181483330385,-0.2525003473924606,-0.7577268446090778,0.9558180999442746,0.44610626497222144,-0.7925831663741418,-0.7909527058006495,-0.7655788985032485,-0.264364153565235,-0.8025750897177983,-0.31835326149682636,-0.745292760564584,-0.042192588656434694,-0.594221409002342,-0.48939766402548573,0.5919871651491191,-0.6284565565155632,-0.7263612153261089,0.2016614952705382,-0.49683216161022736,-0.09620935032397142,-0.4735079536006498,0.3657941013302872,-0.8340525181318775,0.06277012097842767,-0.27129179226739236,0.5595543418907,-0.47391174539841063,-0.33994838247894155,0.26819834845562224,-0.5574392655993985,-0.6221567389365305,0.1858967068149322,-0.32386593728741425,-0.4276393054222243,-0.6201077787653655,2.2553122812089987,-0.7647308197458192,-0.3669979737371641,-0.32489733024806805,-0.7449192187227722,-0.6331846482530531,-0.047917040437938666,0.517680473876196,-0.46514828300039296,-0.3043213281495527,-0.4281393438295354,-0.838099407464964,-0.7979941938089693,-0.4405982128977116,0.07146712663018172,-0.026777793084055153,-0.6374951309228138,-0.8522629361245863,-0.27601179467009374,0.03176123981021927,-0.3851762458462796,-0.25649365995086526,-0.597086394298804,-0.3378393178355381,-0.580718106374496,-0.384414569501207,-0.39399301449631025,-0.5959935263023527,-0.7886731281386982,-0.5855658153411121,0.11331482991111402,3.3267706235108685,0.09361099266398654,1.4912360926609949,0.3712001005019336,-0.42400892788218686,-0.828096554927419,-0.6052837683048317,0.3995698627063339,-0.48554915733026643,0.3329970115407192,-0.2244397863966744,-0.11712578780269454,-0.30712133446009016,-0.48009498011681095,-0.16737244067117898,1.2991961523598385,-0.8443238231907555,-0.49144906299492275,-0.7813665218529099,-0.3652200884926492,-0.2987695218189674,-0.39132590022378577,-0.5745447739456271,0.41652934002541514,-0.6050884126968797,-0.7655869729006214,-0.750496156301912,-0.4018129356381026
363,-0.29077000014193183,-0.2850722402322139,0.09821090810216972,2.071897266277996,-0.808801775168252,0.2149960233947528,-0.07666445087960501,-0.5885158475994579,-0.7473502891225012,-0.6419577959356357,0.3415301133926187,-0.7909527058006495,0.643462018987393,-0.3554927828534925,-0.47698681802700793,-0.044068429650048924,-0.09749375094738805,-0.042192588656434694,2.0106687284499047,-0.48939766402548573,-0.7861516052445882,-0.7847112945850717,-0.04656597402886146,0.8223320179274828,-0.47807386811138924,-0.35130990042541077,0.024571941491197763,0.5485786691844438,-0.17236864813435468,0.7166255478370486,-0.27129179226739236,-0.3778433958127923,-0.8367844447846362,-0.2807239256010772,0.26819834845562224,-0.591373597224126,1.150828786530266,0.1858967068149322,0.028545311121088726,-0.7879083074628513,1.169008720846191,0.7505218867422858,0.3756858266582572,-0.21735557873730108,0.2983072674144665,-0.2526818495227025,-0.6331846482530531,0.36720583464321327,-0.5956108677930426,-0.6539259952570459,-0.1421031361721792,-0.2915281939158355,-0.651023646870106,3.1154101681539927,-0.4994178390410515,-0.4248323638571911,-0.731456558453927,0.16257405949236417,0.2531364622211805,-0.27601179467009374,-0.6034635563941656,-0.33000920977548615,0.25107954575665176,-0.7672934622289077,-0.665838655539944,-0.7272161150461649,-0.5462052132306712,-0.33660981984202676,-0.7627516478195191,-0.7886731281386982,-0.7694746769432201,-0.4985776029534911,-0.6195764980915852,3.0737362272852815,-0.8298928829847106,-0.8034837618459576,-0.5082045053012073,-0.3351819388991934,-0.6052837683048317,-0.46969017218779346,-0.3100635571386193,1.1198519537446872,0.9953416614113384,-0.6308353834285477,-0.36634257134016923,-0.4996015208334049,-0.42282488369800897,2.0752989912844733,1.6358552629759622,-0.49144906299492275,0.9246739188739674,-0.3652200884926492,-0.4653077168128177,-0.5137172368242192,-0.7508936916698834,-0.25948581856764313,-0.4741877285006915,6.426092533424601,-0.750496156301912,-0.24349420607226235
364,-0.8063196457836549,-0.16940863180691748,-0.6319817171927721,2.45318126816942,-0.17119690708133672,-0.3862232814004173,-0.21733316808988945,-0.7577268446090778,-0.23639977240246846,0.9901382954261501,-0.468550800726496,-0.16913454086303198,-0.7655788985032485,-0.1732355242769775,-0.8025750897177983,0.5045012340435059,0.22640575386120995,-0.41557832897886565,-0.2877637457726659,-0.41088676901858984,-0.020518955025861915,-0.4722018184460547,-0.7263612153261089,-0.249735248479967,-0.3842824006171984,-0.35130990042541077,-0.4735079536006498,0.8016649939055834,-0.3377896156337354,-0.7545491625948485,1.6515237457102603,0.703769378460468,0.6147063527602661,-0.399172839356806,0.45240051085646166,-0.20112878353975983,0.18374577263928613,-0.7942265277101938,1.4381903047551006,0.6531677006996569,0.2744504710404127,0.35129178208785167,-0.7647308197458192,-0.2921767762372326,-0.2002564107155611,-0.5808400956560823,0.7395733967400159,-0.22582684404414663,-0.4100623108481696,-0.6539259952570459,-0.2502485974904282,-0.26420596393309553,-0.838099407464964,1.0736339793037517,-0.4798112969932716,-0.48438830271567584,-0.731456558453927,-0.47748129283977825,2.4639352589127137,-0.27601179467009374,-0.6034635563941656,-0.16450810156310594,0.5894616828949965,-0.7672934622289077,-0.3378393178355381,2.0562460497155457,0.2627480054166498,-0.39399301449631025,-0.7627516478195191,1.6584509396675462,0.5178873542715363,-0.47945596442647215,-0.6195764980915852,1.3207213833904021,0.5984941789511081,-0.8034837618459576,-0.5082045053012073,0.4863424211478492,0.5221740225769729,0.6893232076710429,-0.48554915733026643,-0.768599907544836,-0.3986942789406762,-0.802071915303832,-0.24790009758001105,-0.20700341008449524,-0.42282488369800897,2.0752989912844733,-0.8443238231907555,-0.471414449746047,-0.7813665218529099,-0.3652200884926492,-0.631845911806668,-0.5137172368242192,-0.7508936916698834,-0.10348232043078355,0.11486535038215516,0.051649334636335656,1.0727056368343586,-0.7184503947697831
365,-0.4626198820225062,-0.130854095665152,-0.8145298735165075,-0.025164744124833896,1.2634140461142227,-0.32610135092090026,-0.18216598878731835,-0.7577268446090778,-0.06608293349579088,0.2647622548209119,0.17951393056879578,-0.16913454086303198,-0.4524586946164393,-0.3554927828534925,0.49977799704536335,-0.22692498421456722,-0.745292760564584,-0.6022711991400812,0.47838041230152434,-0.39125904526686583,-0.6330250752008428,-0.7847112945850717,-0.556412405001797,-0.30615984144878017,-0.45931557461255107,-0.35130990042541077,-0.4735079536006498,1.4484411570818292,3.3014716693526402,-0.7545491625948485,2.525530808427375,-0.44995091409767635,-0.8367844447846362,-0.33994838247894155,1.1892091604598192,-0.523504933974671,-0.6221567389365305,1.002666068919204,-0.14766031308316277,-0.7879083074628513,2.958125220457747,0.5048418223395571,-0.6018141559738084,-0.1799449799873353,-0.2833503570705657,0.2395555196773673,-0.2899951370047859,-0.16652357617541064,-0.7811594247379158,-0.08759285848708705,-0.1961758668313037,-0.4281393438295354,-0.08979636508553193,-0.7979941938089693,-0.4798112969932716,-0.48438830271567584,1.3825797376556883,-0.6374951309228138,0.06890322916355274,0.7513273914468804,-0.28585115829197316,-0.30242569174008943,6.003575877108512,-0.7672934622289077,0.1541596887210709,-0.7272161150461649,-0.7079958569601353,-0.2792266251877433,-0.7627516478195191,0.08529975322067489,-0.7694746769432201,-0.47945596442647215,-0.8168938541717079,-0.4322934605044773,-0.8298928829847106,-0.6077031181213091,-0.5082045053012073,-0.006572194880376346,-0.444218369607431,-0.3248134997054389,-0.48554915733026643,-0.768599907544836,-0.7472032640286799,-0.6308353834285477,0.10742732370046347,-0.48009498011681095,-0.21846292927654498,-0.7186712288442116,-0.667168174178847,-0.49144906299492275,-0.160988179770409,-0.25874192858225586,-0.2987695218189674,-0.39132590022378577,-0.7508936916698834,-0.05148115438516368,-0.6050884126968797,0.3785438576511185,-0.41900492118622645,-0.5601316652039429
366,-0.8063196457836549,-0.20796316794868294,-0.44943356086903663,-0.025164744124833896,-0.33059812410306555,-0.025491698523315235,-0.3580018853001739,-0.7577268446090778,0.44486758322424186,-0.6419577959356357,0.17951393056879578,1.6963199539498204,-0.7655788985032485,0.5102291953849538,-0.6397809538724032,-0.31835326149682636,-0.25944350335168703,-0.22888545881765018,0.17192274907184826,-0.3520035977634179,0.7451136951928643,-0.0034376042375292245,-0.2165147843531733,-0.02403687660471441,-0.30924922662184584,0.08600532831991381,-0.6395345852979323,1.3078376433478627,0.15847328686440676,-0.10069373573622757,1.8263251582536832,-0.3778433958127923,-0.47391174539841063,-0.2807239256010772,-0.10020597634605656,-0.5404720997870348,-0.2997957343062038,4.9231590070197075,-0.8524828099001687,-0.4276393054222243,-0.6201077787653655,0.6891018706416037,-0.2759808284297865,-0.1799449799873353,-0.36644430342557033,-0.5808400956560823,-0.8047794038771868,-0.2851301119128826,4.228651612773658,-0.8427037075136988,-0.35839405880867725,-0.04562812407117576,1.2197339590784744,0.9034859635662317,-0.4994178390410515,-0.444684343476686,0.1493918982584128,0.002560221409328572,-0.8522629361245863,1.0937737868192052,4.1607224151387205,-0.35759272781088286,-0.5948757970892099,-0.7672934622289077,-0.5018389866877411,-0.7272161150461649,-0.7079958569601353,0.06507254273795747,-0.7627516478195191,1.6584509396675462,1.2535228006799686,-0.4985776029534911,-0.8168938541717079,1.4960228677798901,-0.8298928829847106,-0.8034837618459576,-0.04512882949659491,1.636476525213709,0.8443048199717742,-0.17993682722308435,-0.3295619571599134,0.8051099768630999,-0.2244397863966744,-0.11712578780269454,0.40353350810085886,-0.48009498011681095,-0.42282488369800897,0.36787274565027683,0.04145442186878656,-0.471414449746047,0.45939016231209184,0.27364887096971086,-0.2987695218189674,-0.5137172368242192,-0.5745447739456271,-0.36348815065888285,-0.6214509982214033,2.5033582572472066,-0.750496156301912,-0.7184503947697831
367,1.2558789367832375,-0.2465177040904484,-0.8145298735165075,-0.025164744124833896,-0.808801775168252,-0.3862232814004173,-0.3580018853001739,-0.7577268446090778,-0.7473502891225012,-0.4606137857843262,-0.6305669835503189,0.7635927065433943,-0.4524586946164393,-0.1732355242769775,1.4765428121177346,-0.18121084557343764,-0.5833430081602851,-0.22888545881765018,-0.1345349141578278,-0.5090253877772097,-0.3267720151133524,0.46532660997099623,-0.7263612153261089,-0.30615984144878017,-0.4030406941160366,-0.2419810932390796,-0.3074813219033673,1.378139400214846,-0.5032105831331162,-0.7545491625948485,-0.27129179226739236,-0.23362835924302425,-0.8367844447846362,-0.399172839356806,-0.6528124635485747,-0.5574392655993985,0.9896482842151026,-0.6308726552893394,-0.6762771856959172,-0.4276393054222243,-0.7990194287265212,0.7505218867422858,0.5386024904302681,0.3438034025121853,0.7553239723669919,-0.7449192187227722,1.082762907988283,-0.16652357617541064,-0.7811594247379158,-0.8427037075136988,-0.35839405880867725,-0.18223927398487563,-0.838099407464964,-0.7979941938089693,-0.4798112969932716,-0.444684343476686,-0.37911717576899107,-0.7975089690058494,0.4373696952788083,-0.10478859698393139,-0.12704495924087694,-0.30242569174008943,-0.25649365995086526,-0.4268793263687002,1.466157039538695,-0.7272161150461649,-0.7079958569601353,0.9832036572064928,2.0721364179723096,0.08529975322067489,0.7017962158736443,-0.23087466357522635,2.340183843110255,-0.7828964292834533,-0.11569935201680126,1.1543226754005278,-0.3398133504631664,-0.6637916829180104,-0.6052837683048317,-0.614566844670148,-0.48554915733026643,0.8051099768630999,-0.3986942789406762,-0.28836231967797893,0.8180821662614125,-0.4996015208334049,-0.065191463460447,-0.7186712288442116,-0.13570122714312183,-0.49144906299492275,0.7695793333533423,-0.31198100853745253,3.6981471580334397,-0.5137172368242192,-0.5745447739456271,0.0005200116604561876,-0.6214509982214033,-0.43869244988583855,-0.25325930362838367,-0.5601316652039429
368,-0.11892011826135748,-0.32362677637397935,-0.08433724822156573,-0.7877327479076812,-0.808801775168252,-0.3862232814004173,-0.21733316808988945,-0.7577268446090778,-0.7473502891225012,-0.09792576548170716,-0.7925831663741418,-0.6354981645662451,-0.6090187965598439,-0.264364153565235,-0.8025750897177983,0.6873577886080242,3.46540080194719,-0.7889640693012967,1.3977534019905526,-0.5090253877772097,-0.7861516052445882,6.403006656612319,-0.556412405001797,-0.19331065551115387,-0.47807386811138924,-0.2419810932390796,0.024571941491197763,0.3236130472100973,0.654736189362549,0.06277012097842767,0.07831103281945356,-0.23362835924302425,1.1590154018396044,-0.16227501184534843,0.45240051085646166,-0.5744064314117623,-0.4609762366213671,-0.7942265277101938,-0.32386593728741425,0.47303319967934343,-0.4411961288042099,1.6104021121518362,-0.7647308197458192,0.2689822050122538,-0.32489733024806805,-0.08860272645601257,0.9111681523641495,0.36720583464321327,1.2598747016556884,-0.8427037075136988,-0.3043213281495527,-0.4281393438295354,-0.27687212568039,-0.7979941938089693,-0.42099167084993167,-0.08734871032577758,-0.731456558453927,-0.6374951309228138,-0.6680297030669584,-0.7896813877285809,-0.7622697554452618,-0.21967513763389934,-0.5948757970892099,0.9347772170721298,-0.8298383243921471,0.5912659629988559,-0.7079958569601353,-0.22184343053345984,-0.7627516478195191,0.959272634580048,-0.7694746769432201,-0.4985776029534911,-0.6195764980915852,-0.25699197611498936,0.06284903072517607,-0.6077031181213091,-0.2766666673989011,0.9792570371760747,0.03897782648477095,0.8341998801533975,-0.427053957266384,0.018255034659132002,-0.7472032640286799,2.79389525407714,-0.18867886069993195,-0.48009498011681095,-0.39727963939532596,-0.7186712288442116,-0.8443238231907555,0.3099354669601082,-0.6262719363322846,-0.3652200884926492,-0.4653077168128177,-0.04455044652255778,0.4835487323999108,-0.15548348647640342,-0.6050884126968797,-0.43869244988583855,0.07823193148730186,-0.5601316652039429
369,0.05292976361921688,-0.3621813125157448,-0.2668854045453012,-0.5970907469619694,0.6258091780273074,-0.32610135092090026,0.02883708702810832,-0.5885158475994579,2.1480359722910176,-0.09792576548170716,-0.7925831663741418,-0.32458908209743637,-0.4524586946164393,0.6924864539614688,-0.1513985463362175,-0.31835326149682636,0.550305258669808,-0.7889640693012967,-0.74745024061718,-0.39125904526686583,-0.7861516052445882,1.8716192525965727,-0.3864635946774852,-0.3625844344175933,-0.32800752012068396,-0.35130990042541077,-0.4735079536006498,1.3078376433478627,0.8201571568619297,-0.7545491625948485,-0.27129179226739236,-0.30573587752790826,-0.8367844447846362,-0.33994838247894155,-0.46861030114773533,-0.47260343653757975,0.34492627495444944,-0.4675187828684851,-0.8524828099001687,-0.4276393054222243,-0.2622844788430542,1.4568520719001308,-0.7647308197458192,0.2689822050122538,0.049025428349452706,-0.5808400956560823,-0.8047794038771868,-0.2851301119128826,-0.5956108677930426,-0.6539259952570459,-0.35839405880867725,0.11830525582526409,-0.27687212568039,-0.6278461780714493,-0.4994178390410515,-0.4645363230961809,-0.731456558453927,0.4826017356584354,-0.29956323695170284,-0.10478859698393139,-0.12704495924087694,-0.30242569174008943,-0.7640668656583823,-0.4268793263687002,0.8101583641298828,2.495740075730553,-0.7079958569601353,-0.2792266251877433,-0.4292354047851863,2.5324238210269194,-0.7694746769432201,-0.4985776029534911,-0.027624429851217113,-0.6075949448939653,-0.2942477347587786,1.3501033191251761,-0.5082045053012073,-0.6637916829180104,-0.7663491670022323,0.3995698627063339,-0.48554915733026643,0.018255034659132002,-0.7472032640286799,-0.802071915303832,0.40353350810085886,-0.4996015208334049,-0.116281952065813,-0.7186712288442116,-0.667168174178847,-0.37124138350166813,-0.005893594249783797,-0.31198100853745253,1.2000742331256853,-0.5137172368242192,-0.39819585622137077,-0.05148115438516368,-0.5887258271723562,-0.27524518837844714,-0.5847505387440692,-0.7184503947697831
370,0.9121791730220887,-0.2850722402322139,0.645855377073376,0.1654772568208779,1.1040128290924938,-0.2659794204413833,-0.14699880948474722,0.4267501344582614,-0.40671661130914605,2.8035783969392454,1.1516110275117335,-0.6354981645662451,0.3303418151005838,-0.30992846820936376,-0.3141926821816127,-0.22692498421456722,-0.5833430081602851,-0.6022711991400812,-0.2877637457726659,-0.48939766402548573,-0.3267720151133524,1.0903455622490301,-0.556412405001797,-0.3625844344175933,-0.4217989876148748,-0.35130990042541077,-0.14145469020608475,0.07052672248895757,-0.8340525181318775,0.38969783440773814,-0.7956960298976613,-0.16152084095814023,-0.6553480950915234,-0.33994838247894155,-0.46861030114773533,-0.523504933974671,-0.2997957343062038,-0.7942265277101938,-0.8524828099001687,1.5538402058012248,2.2424786206131246,1.349367043723937,-0.11306416465777558,0.38121400126215105,-0.36644430342557033,-0.5808400956560823,-0.2899951370047859,-0.2851301119128826,0.14658335998644975,-0.8427037075136988,-0.0339576748539302,-0.37349488386405544,-0.651023646870106,-0.11740213085888894,-0.4994178390410515,-0.36527642499870633,-0.731456558453927,-0.47748129283977825,-0.8522629361245863,0.5801041937607181,-0.4446573573430694,-0.24725865566929606,-0.7640668656583823,-0.597086394298804,-0.8298383243921471,0.298269945655518,-0.22262392577174278,-0.33660981984202676,-0.09571916175085349,-0.43908397559494894,-0.5855658153411121,-0.1543881094671507,3.129453267430746,3.0737362272852815,-0.2942477347587786,-0.8034837618459576,-0.38191113917267666,-0.006572194880376346,-0.28315297091003033,1.5585832425651702,-0.3100635571386193,0.6477389884223064,-0.05018529385267257,-0.802071915303832,-0.18867886069993195,-0.460588439400217,-0.34618915078996,-0.40823009327435783,-0.3128568761550302,-0.471414449746047,-0.6262719363322846,-0.31198100853745253,-0.7983841068005183,-0.3505287880236413,-0.39819585622137077,0.052521177706076054,-0.5560006561233092,-0.7655869729006214,-0.5847505387440692,0.2314619826252584
371,-0.8063196457836549,-0.09229955952338653,0.645855377073376,-0.5970907469619694,-0.6494005581465232,-0.32610135092090026,-0.3580018853001739,-0.25009385358021813,-0.5770334502158236,-0.8233018060869453,0.17951393056879578,0.14177454160577677,-0.6090187965598439,-0.3554927828534925,1.8021310838085252,-0.2726391228556968,0.38835550626550897,-0.7889640693012967,-0.74745024061718,-0.5090253877772097,1.5107463454115906,-0.7847112945850717,-0.04656597402886146,-0.30615984144878017,-0.3842824006171984,-0.2419810932390796,0.024571941491197763,1.1953548323606895,1.1509990918606912,-0.5910853058801933,0.07831103281945356,-0.30573587752790826,-0.6553480950915234,-0.10305055496748404,4.136443758873249,-0.5744064314117623,-0.4609762366213671,-0.7942265277101938,-0.6762771856959172,-0.7879083074628513,-0.08337282888189856,1.6411121202021772,-0.7647308197458192,-0.14253438123736956,0.8384179187219964,1.388109381144197,1.082762907988283,-0.2851301119128826,-0.4100623108481696,-0.6539259952570459,-0.3043213281495527,-0.2915281939158355,-0.08979636508553193,-0.4576981623339291,-0.4602047549454916,-0.4248323638571911,-0.555286867111459,0.4826017356584354,-0.4837964700093306,2.1211129729361793,-0.28585115829197316,-0.13692458352770923,0.4202706143258241,-0.0864651905084927,0.1541596887210709,-0.7272161150461649,-0.22262392577174278,-0.39399301449631025,0.9048295673521449,-0.2642893993230743,-0.7694746769432201,-0.47945596442647215,-0.8168938541717079,-0.6075949448939653,-0.8298928829847106,-0.8034837618459576,-0.46610671659169706,-0.006572194880376346,-0.1220875722126297,-0.7594435171525026,-0.5050475573515606,-0.13911595378166158,1.1695961539553403,-0.28836231967797893,-0.36634257134016923,-0.4996015208334049,-0.16737244067117898,-0.7186712288442116,0.5729213689045117,-0.49144906299492275,-0.6262719363322846,-0.3652200884926492,-0.4653077168128177,-0.45252156852400244,-0.39819585622137077,-0.311486984613263,-0.6214509982214033,0.8688856421732927,-0.41900492118622645,-0.7184503947697831
372,-0.8063196457836549,-0.2850722402322139,1.376048002368318,0.1654772568208779,0.1476055269621209,-0.14573555948234926,-0.14699880948474722,-0.5885158475994579,0.27455074431756427,-0.6419577959356357,0.6655624790402646,-0.7909527058006495,-0.29589859267303464,-0.12767120963284875,-0.6397809538724032,-0.044068429650048924,-0.745292760564584,0.8912717621496428,0.7848380755312004,-0.3716313215151419,-0.7861516052445882,-0.4722018184460547,-0.7263612153261089,-0.30615984144878017,-0.4217989876148748,-0.2419810932390796,-0.8055612169952149,1.7015274818029689,-0.6686315506324968,-0.7545491625948485,-0.7956960298976613,-0.3778433958127923,0.6147063527602661,-0.33994838247894155,-0.8370146259494141,-0.5574392655993985,-0.7833372412516937,-0.7942265277101938,0.9095734321423462,4.7962612241668685,0.632273770962724,1.9482122007055882,-0.6018141559738084,-0.3669979737371641,0.4644951601244757,-0.08860272645601257,-0.6331846482530531,-0.3444333797816186,0.3321319169313229,-0.27637057074374,-0.35839405880867725,-0.34617265388131546,0.0972793955093261,-0.4576981623339291,-0.34256550265881175,-0.444684343476686,0.3255615896008807,-0.7975089690058494,3.200868191143225,2.1211129729361793,0.5081798369635079,-0.3851762458462796,-0.7640668656583823,0.08374187742161104,-0.009839980131132115,-0.2877220890311579,-0.22262392577174278,-0.33660981984202676,3.2394432685924746,0.7844780583081733,0.3339784926694282,-0.47945596442647215,-0.6195764980915852,-0.7828964292834533,-0.11569935201680126,-0.020361186947363465,-0.46610671659169706,-0.17087706688978485,-0.7663491670022323,-0.17993682722308435,-0.36855875720250164,-0.6112289191040424,0.2983236912353311,-0.802071915303832,-0.30712133446009016,-0.460588439400217,-0.192917684973862,-0.5634506610592848,-0.8443238231907555,-0.49144906299492275,-0.7813665218529099,0.22040979101451422,-0.631845911806668,-0.4729201246240747,-0.5745447739456271,-0.36348815065888285,-0.6214509982214033,2.8302527802619895,0.5754687841608302,0.2314619826252584
373,-0.8063196457836549,-0.16940863180691748,-0.8145298735165075,1.118687261549437,2.060420131222867,-0.025491698523315235,-0.0414972715770339,0.5959611314678812,2.318352811197695,-0.8233018060869453,-0.7925831663741418,-0.16913454086303198,-0.7655788985032485,0.5102291953849538,-0.8025750897177983,0.32164467947898767,-0.745292760564584,1.4513503726332893,0.018693917457010226,-0.41088676901858984,-0.7861516052445882,2.027873990666081,-0.2165147843531733,-0.3625844344175933,-0.34676581361952213,-0.35130990042541077,4.009211102225978,0.9985099131331364,-0.8340525181318775,-0.7545491625948485,-0.6208946173542383,-0.017305804388372183,2.973378898770732,0.015398358788244727,-0.46861030114773533,-0.455636270725216,0.34492627495444944,-0.7942265277101938,0.20475093532534022,-0.7879083074628513,0.632273770962724,1.4414970678749603,-0.4388974922017974,-0.3669979737371641,-0.32489733024806805,0.07547639661067736,-0.6331846482530531,-0.16652357617541064,-0.5956108677930426,0.6675179905395248,-0.2502485974904282,-0.4008171138467954,0.8455824378887582,-0.7979941938089693,-0.4798112969932716,-0.38512840461820125,1.0302403549707526,-0.7975089690058494,-0.8522629361245863,-0.7896813877285809,-0.7622697554452618,-0.3851762458462796,0.08188847718747941,-0.7672934622289077,-0.8298383243921471,-0.580718106374496,-0.7079958569601353,-0.2792266251877433,0.5713133243178121,-0.7886731281386982,0.8857050774757523,-0.4985776029534911,-0.8168938541717079,-0.7828964292834533,-0.8298928829847106,-0.21614183067201198,-0.5082045053012073,-0.6637916829180104,2.6160242056431815,-0.7594435171525026,-0.4660507573089723,-0.768599907544836,-0.7472032640286799,0.05411074407258983,-0.0702363869397738,-0.4996015208334049,-0.39727963939532596,-0.7186712288442116,-0.8443238231907555,0.04948549472472314,4.336754800327722,-0.31198100853745253,-0.631845911806668,-0.4729201246240747,-0.5745447739456271,-0.311486984613263,-0.5560006561233092,0.3785438576511185,-0.5847505387440692,0.07314325305941816
374,-0.4626198820225062,-0.32362677637397935,2.4713369403107306,-0.4064487460162575,-0.808801775168252,-0.14573555948234926,0.5915119558692461,-0.7577268446090778,-0.23639977240246846,-0.8233018060869453,-0.7925831663741418,-0.32458908209743637,0.01722161121377456,0.10015036358779503,-0.1513985463362175,-0.2726391228556968,-0.421393255755986,-0.7889640693012967,0.17192274907184826,-0.4697699402737618,-0.17364548506960717,-0.3159470803765462,-0.7263612153261089,-0.30615984144878017,-0.2529743461253314,0.08600532831991381,0.5226518365830454,0.9422685076395498,-0.8340525181318775,-0.7545491625948485,0.6027152704497225,-0.30573587752790826,-0.8367844447846362,-0.33994838247894155,-0.28440813874689597,-0.6083407630364898,-0.7833372412516937,-0.6308726552893394,1.4381903047551006,0.8333022017199705,-0.7990194287265212,0.5969718464905804,-0.7647308197458192,-0.03030258498747228,-0.32489733024806805,-0.41676097258939243,-0.6331846482530531,-0.10722030830667466,-0.5956108677930426,-0.27637057074374,0.7771332850329373,-0.2915281939158355,-0.27687212568039,1.4139300107787918,-0.42099167084993167,-0.40498038423769617,-0.37911717576899107,2.7227954688209337,-0.4837964700093306,-0.44723499235625613,-0.12704495924087694,-0.33000920977548615,-0.4256847285200376,-0.0864651905084927,2.4501550526519127,1.0307599890138628,-0.384414569501207,-0.33660981984202676,-0.5959935263023527,-0.6138785518668235,-0.03383923053478791,-0.4985776029534911,-0.4222591420114625,0.44421396144296244,0.41994579620913075,-0.020361186947363465,-0.46610671659169706,-0.17087706688978485,-0.28315297091003033,-0.46969017218779346,-0.4660507573089723,1.1198519537446872,-0.572948771484678,4.677497104705268,-0.36634257134016923,-0.3240426543840591,-0.269553417881911,-0.40823009327435783,-0.8443238231907555,-0.29110293050616504,1.0797685043945926,-0.25874192858225586,-0.2987695218189674,-0.39132590022378577,-0.7508936916698834,-0.25948581856764313,-0.4741877285006915,2.339910995739815,-0.5847505387440692,0.38978071219109867
375,-0.11892011826135748,-0.053745023381621064,-0.08433724822156573,-0.5970907469619694,1.2634140461142227,-0.32610135092090026,-0.2525003473924606,-0.08088285657059825,-0.23639977240246846,2.0782023563340073,2.123708124454671,-0.7909527058006495,0.643462018987393,-0.1732355242769775,-0.1513985463362175,-0.13549670693230806,-0.25944350335168703,-0.41557832897886565,0.47838041230152434,-0.5090253877772097,-0.3267720151133524,2.3403834668050982,-0.3864635946774852,-0.1368860625423407,-0.49683216161022736,-0.20553815751030255,-0.3074813219033673,1.7718292386699521,-0.8340525181318775,-0.7545491625948485,1.1271195080799914,-0.3778433958127923,0.6147063527602661,-0.33994838247894155,1.9260178100631766,-0.6083407630364898,-0.7833372412516937,-0.3041649104476308,1.2619846805508492,-0.7879083074628513,-0.6201077787653655,2.117117244982464,-0.7647308197458192,0.6804987912618771,-0.2418033838930634,-0.2526818495227025,-0.8047794038771868,-0.2851301119128826,-0.4100623108481696,2.9328505376193603,-0.1961758668313037,-0.4281393438295354,-0.651023646870106,3.7960022311040733,-0.4798112969932716,-0.444684343476686,0.8540706636282845,-0.47748129283977825,1.1743026275093196,-0.7896813877285809,-0.7622697554452618,-0.33000920977548615,-0.7640668656583823,-0.7672934622289077,-0.8298383243921471,1.0307599890138628,1.8806544427112917,-0.16446023587917638,-0.7627516478195191,-0.2642893993230743,-0.7694746769432201,-0.1352664709401318,-0.8168938541717079,1.846625836558866,-0.8298928829847106,-0.020361186947363465,-0.255617773044146,0.3220375491384407,-0.6052837683048317,-0.614566844670148,-0.4660507573089723,2.8509328265934166,0.8210871688673366,-0.6308353834285477,-0.30712133446009016,-0.07045762506833742,-0.141827196368496,0.5230933134352038,-0.8443238231907555,-0.471414449746047,1.8552414319977186,-0.3652200884926492,0.20084506316258355,-0.39132590022378577,-0.7508936916698834,0.5205316721166549,-0.6050884126968797,-0.11179792687105575,0.7412144017186729,2.6062429261128623
376,4.349176810633576,-0.32362677637397935,0.4633072207496406,0.5467612587123015,-0.17119690708133672,0.4554837453128208,-0.21733316808988945,-0.419304850589838,-0.7473502891225012,-0.09792576548170716,1.7996757588070253,0.9190472477777987,0.9565822228742022,-0.3554927828534925,-0.6397809538724032,-0.13549670693230806,-0.5833430081602851,-0.7889640693012967,-0.4409925773875039,-0.5090253877772097,0.5919871651491191,-0.7847112945850717,-0.04656597402886146,0.8223320179274828,-0.4405572811137129,-0.35130990042541077,0.19059857318848028,1.6874671304295723,-0.6686315506324968,3.822438825415498,-0.7956960298976613,1.0643069698848882,-0.8367844447846362,-0.16227501184534843,-0.46861030114773533,-0.5404720997870348,0.34492627495444944,-0.7942265277101938,-0.6762771856959172,0.6531677006996569,-0.7990194287265212,0.9194269310191618,-0.6018141559738084,-0.3669979737371641,-0.32489733024806805,-0.7449192187227722,0.5679786411158823,-0.4037366476503546,-0.7811594247379158,0.1011848537695659,-0.35839405880867725,-0.4281393438295354,-0.463947886275248,-0.7979941938089693,-0.20531970832435192,-0.4248323638571911,-0.37911717576899107,0.16257405949236417,0.6216029283364362,1.43622018219153,1.1434046331678929,-0.3851762458462796,1.435417025740858,-0.7672934622289077,0.31815935757327385,-0.7272161150461649,-0.7079958569601353,-0.39399301449631025,-0.2624772832680199,-0.7886731281386982,1.4374316622820766,-0.19263138652118852,-0.8168938541717079,-0.7828964292834533,4.348010216532632,1.3501033191251761,-0.46610671659169706,-0.6637916829180104,-0.6052837683048317,-0.7594435171525026,-0.4075555572450899,-0.6112289191040424,-0.572948771484678,-0.28836231967797893,-0.36634257134016923,-0.44108189868362296,-0.34618915078996,-0.7186712288442116,1.8130109119878706,-0.43134522324829544,-0.7813665218529099,0.007453471193727517,-0.2987695218189674,-0.33013023192356905,-0.5745447739456271,-0.15548348647640342,-0.6214509982214033,0.3785438576511185,0.24397754904514463,-0.4018129356381026
377,2.458828109947258,-0.16940863180691748,-0.6319817171927721,-0.5970907469619694,-0.808801775168252,-0.32610135092090026,0.06400426633067943,-0.7577268446090778,-0.23639977240246846,-0.8233018060869453,-0.6305669835503189,-0.7909527058006495,0.01722161121377456,1.6949013761323015,-0.6397809538724032,-0.08978256829117849,-0.5833430081602851,-0.6022711991400812,-0.74745024061718,-0.5090253877772097,0.4388606351053738,-0.4722018184460547,-0.7263612153261089,-0.249735248479967,-0.49683216161022736,0.3775488141501302,-0.4735079536006498,1.0828720213735163,-0.8340525181318775,-0.5910853058801933,-0.4460932048108154,-0.30573587752790826,-0.6553480950915234,-0.16227501184534843,-0.6528124635485747,-0.523504933974671,-0.6221567389365305,-0.7942265277101938,1.0857790563465977,1.013436702740284,-0.7990194287265212,0.9194269310191618,0.21276916288624628,-0.3669979737371641,-0.36644430342557033,-0.08860272645601257,-0.6331846482530531,-0.4037366476503546,-0.22451375390329645,-0.6539259952570459,0.02011505580519431,-0.2095615039676156,-0.838099407464964,-0.4576981623339291,-0.4994178390410515,-0.5042402823351707,0.6779009722858166,-0.7975089690058494,-0.6680297030669584,-0.6184581900424185,-0.4446573573430694,-0.30242569174008943,3.127327711432582,0.08374187742161104,-0.665838655539944,-0.14122408035948897,-0.22262392577174278,-0.3653014171691685,-0.2624772832680199,-0.7886731281386982,-0.03383923053478791,-0.4029694103183965,-0.027624429851217113,0.6195154458324504,-0.47279611750075595,0.5669807442265821,-0.3608622448179215,-0.3351819388991934,-0.7663491670022323,-0.7594435171525026,-0.48554915733026643,-0.13911595378166158,0.12406919869132926,0.3965838078231586,-0.12945762381985287,-0.4996015208334049,-0.42282488369800897,-0.40823009327435783,0.3957657198926034,-0.471414449746047,0.3042955767914666,-0.31198100853745253,-0.7983841068005183,-0.4933186807241469,0.13085089695139818,-0.20748465252202328,-0.49055031402521504,-0.7655869729006214,-0.750496156301912,-0.4018129356381026
378,-0.8063196457836549,-0.3621813125157448,-0.44943356086903663,0.1654772568208779,0.1476055269621209,-0.20585748996186626,0.02883708702810832,1.6112271135256004,-0.7473502891225012,-0.4606137857843262,1.1516110275117335,-0.4800436233318407,-0.6090187965598439,-0.3554927828534925,-0.8025750897177983,-0.31835326149682636,0.38835550626550897,-0.6022711991400812,-0.594221409002342,-0.4697699402737618,-0.020518955025861915,-0.7847112945850717,1.822870939538569,-0.3625844344175933,-0.45931557461255107,-0.35130990042541077,-0.14145469020608475,1.5749843194423991,-0.3377896156337354,0.7166255478370486,0.07831103281945356,-0.0894133226732562,-0.11103904601218505,-0.04382609808961965,0.26819834845562224,-0.5574392655993985,0.34492627495444944,0.022542834394077883,0.028545311121088726,0.11276419763871634,-0.6201077787653655,2.4242173254858748,0.21276916288624628,0.83014118626174,0.2983072674144665,0.07547639661067736,-0.6331846482530531,-0.3444333797816186,-0.4100623108481696,-0.27637057074374,-0.35839405880867725,-0.34617265388131546,-0.27687212568039,-0.7979941938089693,-0.3229589606110318,-0.5042402823351707,1.9110888116830922,-0.31746745475674265,-0.11533000389407506,-0.44723499235625613,-0.7622697554452618,-0.33000920977548615,0.08188847718747941,-0.7672934622289077,-0.009839980131132115,0.005273928312180023,2.20423573017022,-0.3653014171691685,-0.4292354047851863,-0.6138785518668235,1.0696139390778605,-0.19263138652118852,-0.8168938541717079,-0.7828964292834533,-0.8298928829847106,-0.020361186947363465,-0.2977155617536562,-0.828096554927419,1.9717626108535788,-0.7594435171525026,-0.44655235728767817,-0.768599907544836,-0.7472032640286799,0.3965838078231586,-0.24790009758001105,-0.4996015208334049,-0.39727963939532596,0.2126521778653499,-0.49001252516693866,-0.3912759967505439,-0.160988179770409,-0.31198100853745253,0.7004596481441344,-0.33013023192356905,-0.7508936916698834,0.7285363362991343,-0.3923748008780739,0.21509659614372706,-0.750496156301912,-0.7184503947697831
379,-0.8063196457836549,-0.2850722402322139,1.7411443150157888,-0.5970907469619694,0.30700674398384975,-0.14573555948234926,-0.28766752669503165,2.28807110156408,-0.7473502891225012,-0.6419577959356357,-0.7925831663741418,0.14177454160577677,-0.6090187965598439,-0.3554927828534925,1.1509545404269443,-0.31835326149682636,-0.745292760564584,2.5715075936005825,-0.4409925773875039,-0.5090253877772097,0.7451136951928643,-0.6284565565155632,-0.7263612153261089,0.08881230933291188,-0.1966994656288169,-0.35130990042541077,-0.8055612169952149,1.4062601029616393,-0.3377896156337354,-0.10069373573622757,-0.7956960298976613,-0.44995091409767635,-0.6553480950915234,-0.399172839356806,-0.8370146259494141,-0.43866910491285227,-0.7833372412516937,0.6759583240774952,0.20475093532534022,-0.0673703033815972,-0.7990194287265212,1.9635672047307586,-0.6018141559738084,-0.3669979737371641,-0.36644430342557033,-0.7449192187227722,1.082762907988283,0.1299927631682693,-0.7811594247379158,0.1011848537695659,0.39862417041906584,-0.4281393438295354,0.4714309166990422,-0.4576981623339291,-0.3033524185632518,-0.32557246575971655,-0.555286867111459,0.16257405949236417,-0.6680297030669584,0.06643460070223098,-0.7622697554452618,-0.33000920977548615,-0.25649365995086526,-0.7672934622289077,-0.5018389866877411,-0.7272161150461649,-0.7079958569601353,-0.25053502786060156,3.739717633143974,-0.7886731281386982,-0.7694746769432201,-0.44121268737243435,0.7616449944692737,-0.4322934605044773,1.4912360926609949,-0.020361186947363465,-0.38191113917267666,-0.828096554927419,0.2000432251821716,-0.614566844670148,-0.48554915733026643,1.1198519537446872,-0.572948771484678,-0.802071915303832,-0.36634257134016923,-0.4996015208334049,-0.16737244067117898,0.05743161008042298,2.1673222100116876,-0.471414449746047,-0.31608276529103424,0.22040979101451422,-0.7983841068005183,-0.4729201246240747,-0.5745447739456271,-0.36348815065888285,-0.5560006561233092,0.21509659614372706,3.393144282644158,0.2314619826252584
380,-0.8063196457836549,-0.130854095665152,-0.08433724822156573,-0.5970907469619694,-0.6494005581465232,-0.08561362900283224,-0.3580018853001739,0.2575391374486415,-0.7473502891225012,-0.8233018060869453,0.8275786618640876,-0.7909527058006495,-0.7655788985032485,-0.08210689498872,-0.8025750897177983,-0.18121084557343764,2.493702287521396,-0.6022711991400812,-0.74745024061718,-0.48939766402548573,-0.6330250752008428,-0.15969234230703772,0.8031780775926979,0.3145106812081645,-0.45931557461255107,-0.3148669646966337,0.024571941491197763,0.5204579664376504,-0.17236864813435468,-0.5910853058801933,-0.6208946173542383,-0.23362835924302425,0.07039730368092774,-0.2214994687232128,0.08399618605478285,-0.47260343653757975,0.02256527032412281,-0.14081103802677644,1.0857790563465977,-0.24750480440191075,-0.6201077787653655,1.6718221282525183,-0.7647308197458192,-0.2547661774872668,0.007478455171950403,-0.7449192187227722,0.053194374243481356,-0.4037366476503546,2.187617486380054,-0.8427037075136988,-0.35839405880867725,-0.04562812407117576,0.6585066772939002,-0.7979941938089693,-0.3817785867543717,-0.48438830271567584,0.1493918982584128,0.6426155737414709,-0.11533000389407506,-0.44723499235625613,-0.4446573573430694,-0.19209161959850263,-0.4256847285200376,-0.597086394298804,-0.009839980131132115,-0.7272161150461649,-0.7079958569601353,-0.39399301449631025,-0.7627516478195191,-0.43908397559494894,-0.5855658153411121,-0.23087466357522635,-0.8168938541717079,0.6195154458324504,-0.6513445002427333,-0.6077031181213091,-0.5082045053012073,-0.3351819388991934,-0.6052837683048317,-0.46969017218779346,-0.11507955692567796,0.3329970115407192,-0.05018529385267257,-0.28836231967797893,-0.36634257134016923,-0.3630557358172471,0.03698951375028499,1.9200784234995463,-0.667168174178847,-0.43134522324829544,5.422416898972099,-0.20550284862705917,3.6981471580334397,-0.5137172368242192,2.070688991918218,0.36452817397979526,-0.5723632416478327,1.1957801651880755,-0.25325930362838367,-0.4018129356381026
381,-0.8063196457836549,-0.09229955952338653,3.5666258782531433,-0.7877327479076812,1.741617697179409,-0.3862232814004173,-0.0414972715770339,-0.7577268446090778,-0.7473502891225012,-0.4606137857843262,-0.7925831663741418,-0.6354981645662451,-0.4524586946164393,-0.08210689498872,-0.1513985463362175,0.13878812491446937,2.007853030308499,0.14450028150478078,-0.74745024061718,-0.41088676901858984,3.9607708261115144,-0.7847112945850717,-0.556412405001797,-0.249735248479967,-0.45931557461255107,-0.35130990042541077,-0.4735079536006498,1.6734067790561757,-0.17236864813435468,-0.7545491625948485,0.4279138579062995,0.703769378460468,0.2518336533740405,0.3115206431775666,-0.46861030114773533,-0.48957060234994354,-0.4609762366213671,-0.7942265277101938,0.7333678079380946,-0.24750480440191075,-0.7990194287265212,1.5336270920259836,-0.7647308197458192,-0.32958737498719837,-0.0756154911830542,-0.7449192187227722,-0.8047794038771868,-0.2851301119128826,-0.5956108677930426,0.1011848537695659,-0.3043213281495527,0.06366079585978414,-0.463947886275248,-0.4576981623339291,-0.4798112969932716,-0.40498038423769617,-0.731456558453927,-0.31746745475674265,-0.29956323695170284,-0.44723499235625613,0.6669860360146042,0.19407763289705118,-0.7640668656583823,-0.7672934622289077,0.8101583641298828,-0.7272161150461649,1.233491867793435,-0.39399301449631025,3.5729595116268076,0.7844780583081733,-0.5855658153411121,-0.47945596442647215,-0.6195764980915852,1.846625836558866,0.06284903072517607,-0.8034837618459576,-0.42400892788218686,1.3078667811948919,-0.7663491670022323,-0.17993682722308435,-0.3880571572237958,0.9624809653038936,0.4725781837793329,0.2253472759478742,1.2918520613020452,-0.38256227653384106,-0.014100974855081005,-0.40823009327435783,0.9272326669283286,-0.43134522324829544,-0.160988179770409,-0.1522637686718625,-0.7983841068005183,-0.43212301242393025,-0.5745447739456271,-0.20748465252202328,-0.6214509982214033,-0.27524518837844714,-0.750496156301912,-0.24349420607226235
382,-0.8063196457836549,-0.2465177040904484,0.09821090810216972,-0.7877327479076812,0.30700674398384975,-0.2659794204413833,-0.3228347059976028,-0.7577268446090778,-0.23639977240246846,-0.6419577959356357,-0.30653461790267306,0.14177454160577677,1.2697024267610113,-0.3554927828534925,0.011395589509177712,0.04735984763221022,1.036154515882705,0.14450028150478078,0.018693917457010226,-0.11647091274273012,1.3576198153678452,-0.15969234230703772,-0.7263612153261089,0.540209053083417,-0.4217989876148748,-0.35130990042541077,-0.6395345852979323,1.3500186974680528,-0.6686315506324968,0.5531616911223933,-0.7956960298976613,-0.23362835924302425,0.6147063527602661,-0.33994838247894155,-0.6528124635485747,-0.6083407630364898,0.5061067772696127,-0.7942265277101938,-0.32386593728741425,1.9141092078418518,0.8111854209238797,1.7639521524035418,-0.7647308197458192,0.007108013762493475,-0.2002564107155611,0.2395555196773673,-0.6331846482530531,0.1892960310370053,-0.5956108677930426,3.4991836743893194,-0.2502485974904282,-0.2915281939158355,-0.838099407464964,-0.4576981623339291,-0.4405982128977116,-0.4645363230961809,-0.37911717576899107,-0.6374951309228138,-0.6680297030669584,-0.27601179467009374,0.3493736379124117,-0.3851762458462796,-0.7640668656583823,-0.597086394298804,-0.8298383243921471,-0.580718106374496,-0.5462052132306712,0.32329691868223304,-0.7627516478195191,-0.43908397559494894,0.7017962158736443,-0.4985776029534911,1.156279706629519,-0.4322934605044773,-0.8298928829847106,0.9585420316758791,-0.44505782223694196,-0.6637916829180104,-0.7663491670022323,-0.614566844670148,-0.4660507573089723,0.6477389884223064,-0.05018529385267257,-0.802071915303832,-0.12945762381985287,-0.38256227653384106,-0.29509866218459396,0.36787274565027683,-0.8443238231907555,-0.4513798364971712,0.3042955767914666,-0.25874192858225586,-0.631845911806668,-0.3505287880236413,-0.7508936916698834,0.36452817397979526,-0.5887258271723562,-0.11179792687105575,-0.5847505387440692,-0.5601316652039429
383,0.3966295273803656,-0.3621813125157448,2.4713369403107306,-0.7877327479076812,0.944611612070765,-0.3862232814004173,-0.3580018853001739,0.5959611314678812,-0.5770334502158236,0.2647622548209119,0.3415301133926187,1.3854108714810116,-0.6090187965598439,-0.264364153565235,-0.8025750897177983,-0.2726391228556968,-0.5833430081602851,-0.41557832897886565,1.8574398968350667,-0.4305144927703138,0.7451136951928643,-0.7847112945850717,0.633229267268386,-0.3625844344175933,-0.2717326396241695,0.26822000696379905,0.19059857318848028,1.4765618598286225,-0.3377896156337354,0.06277012097842767,-0.27129179226739236,-0.44995091409767635,-0.8367844447846362,-0.399172839356806,-0.8370146259494141,-0.4047347732881248,-0.7833372412516937,0.6759583240774952,-0.8524828099001687,0.11276419763871634,-0.08337282888189856,2.378152313410363,1.027352481746301,-0.3669979737371641,-0.2833503570705657,0.07547639661067736,-0.8047794038771868,-0.4037366476503546,0.14658335998644975,-0.27637057074374,-0.35839405880867725,-0.4281393438295354,1.4068097196733322,-0.28755014659640904,-0.4994178390410515,-0.5042402823351707,-0.2029474844265231,-0.7975089690058494,-0.8522629361245863,0.5801041937607181,-0.7622697554452618,-0.24725865566929606,-0.08730259138169293,-0.4268793263687002,-0.665838655539944,1.6167520237005388,2.6896076613586124,-0.07838544389775119,-0.2624772832680199,-0.6138785518668235,-0.5855658153411121,-0.307361217683302,2.5375011991903778,-0.7828964292834533,-0.6513445002427333,-0.6077031181213091,-0.38191113917267666,-0.006572194880376346,-0.7663491670022323,-0.46969017218779346,-0.3880571572237958,3.3230457919157974,-0.7472032640286799,-0.802071915303832,-0.36634257134016923,-0.38256227653384106,-0.42282488369800897,1.7648578557146193,2.3444778590235957,-0.4513798364971712,-0.6262719363322846,-0.25874192858225586,-0.7983841068005183,-0.4729201246240747,1.188944403296936,-0.311486984613263,-0.5723632416478327,-0.7655869729006214,-0.750496156301912,-0.7184503947697831
384,-0.8063196457836549,0.44746394646133003,3.2015295656056724,-0.7877327479076812,-0.17119690708133672,0.8162153281899229,-0.3580018853001739,-0.5885158475994579,-0.23639977240246846,-0.2792697756330167,-0.7925831663741418,-0.16913454086303198,-0.13933849072963006,-0.264364153565235,-0.8025750897177983,-0.31835326149682636,-0.745292760564584,-0.22888545881765018,-0.1345349141578278,-0.41088676901858984,-0.7861516052445882,0.7778360861100132,-0.04656597402886146,-0.19331065551115387,-0.45931557461255107,-0.05976641459519438,1.020731731674893,1.2515962378542762,-0.3377896156337354,-0.7545491625948485,-0.7956960298976613,-0.3778433958127923,0.2518336533740405,-0.16227501184534843,0.08399618605478285,-0.5404720997870348,0.18374577263928613,1.9827893034443298,1.4381903047551006,-0.6077738064425378,-0.7990194287265212,0.7505218867422858,-0.6018141559738084,-0.21735557873730108,-0.11716246436055651,-0.5808400956560823,-0.8047794038771868,-0.047917040437938666,0.8887775877659422,-0.8427037075136988,0.39862417041906584,-0.4281393438295354,0.0972793955093261,0.05274588487863117,-0.4994178390410515,-0.40498038423769617,-0.2029474844265231,-0.47748129283977825,1.5427690936245748,-0.44723499235625613,0.5081798369635079,-0.24725865566929606,-0.08730259138169293,-0.7672934622289077,-0.8298383243921471,0.8842619803421939,0.10095736168718561,-0.33660981984202676,-0.7627516478195191,-0.7886731281386982,-0.7694746769432201,-0.4985776029534911,-0.8168938541717079,-0.08169049172550143,1.1341393271770401,-0.8034837618459576,-0.5082045053012073,0.6506472931572577,0.03897782648477095,0.5444465351886884,-0.5050475573515606,-0.768599907544836,-0.3986942789406762,-0.6308353834285477,-0.36634257134016923,-0.44108189868362296,-0.371734395092643,-0.7186712288442116,3.4074117530950465,-0.49144906299492275,0.614484747832717,0.16717071105931752,0.36738325815643386,-0.43212301242393025,-0.7508936916698834,-0.36348815065888285,-0.31056187325545637,-0.11179792687105575,-0.5847505387440692,-0.7184503947697831
385,-0.29077000014193183,-0.053745023381621064,-0.6319817171927721,1.118687261549437,-0.6494005581465232,-0.025491698523315235,-0.3580018853001739,-0.7577268446090778,-0.23639977240246846,-0.09792576548170716,-0.6305669835503189,1.3854108714810116,0.8000221209307976,-0.264364153565235,0.17418972535457292,0.09307398627333979,0.550305258669808,-0.6022711991400812,0.6316092439163624,-0.4305144927703138,-0.3267720151133524,-0.7847112945850717,-0.7263612153261089,0.08881230933291188,-0.3842824006171984,-0.3148669646966337,2.016891521858588,1.9546138065241088,0.15847328686440676,0.7166255478370486,0.9523180955365684,-0.017305804388372183,1.52188810122583,-0.33994838247894155,-0.46861030114773533,-0.5574392655993985,-0.7833372412516937,-0.3041649104476308,1.614395928959352,-0.0673703033815972,-0.6201077787653655,0.35129178208785167,-0.11306416465777558,-0.32958737498719837,-0.32489733024806805,-0.7449192187227722,-0.6331846482530531,-0.047917040437938666,-0.22451375390329645,0.8562957027961777,-0.1421031361721792,-0.018305894088435783,-0.27687212568039,0.5631899320911915,-0.4405982128977116,-0.2858685065207267,4.025125107792707,0.4826017356584354,-0.8522629361245863,-0.7896813877285809,2.4138542255766624,-0.3851762458462796,-0.4256847285200376,-0.7672934622289077,-0.8298383243921471,-0.7272161150461649,0.9099105803345066,-0.3653014171691685,-0.5959935263023527,-0.7886731281386982,2.3569759702926167,-0.4985776029534911,-0.8168938541717079,-0.08169049172550143,-0.47279611750075595,-0.6077031181213091,-0.46610671659169706,-0.6637916829180104,0.03897782648477095,0.10981651774162475,-0.4660507573089723,0.8051099768630999,1.343850646499342,-0.802071915303832,-0.30712133446009016,-0.48009498011681095,-0.320643906487277,-0.09778895770450395,-0.49001252516693866,-0.4513798364971712,0.3042955767914666,0.6463224306560876,0.03430686816873323,-0.45252156852400244,0.3071998146756545,-0.311486984613263,-0.5887258271723562,1.3592274266954667,-0.25325930362838367,-0.7184503947697831
386,-0.11892011826135748,-0.20796316794868294,-0.44943356086903663,-0.025164744124833896,0.30700674398384975,-0.08561362900283224,0.13433862493582166,-0.419304850589838,0.10423390541088669,-0.8233018060869453,-0.30653461790267306,1.3854108714810116,6.123065587006554,-0.30992846820936376,-0.3141926821816127,-0.044068429650048924,-0.5833430081602851,0.8912717621496428,-0.74745024061718,-0.48939766402548573,-0.4798985451570976,0.9340908241795217,-0.04656597402886146,-0.1368860625423407,-0.34676581361952213,-0.3148669646966337,0.5226518365830454,0.08458707386235423,0.654736189362549,-0.7545491625948485,-0.7956960298976613,-0.3778433958127923,0.6147063527602661,-0.399172839356806,-0.6528124635485747,-0.6083407630364898,-0.1386152319910405,0.6759583240774952,-0.8524828099001687,3.175050714984047,-0.6201077787653655,2.0403422248566114,0.04985249911423535,-0.2547661774872668,-0.2833503570705657,-0.7449192187227722,-0.11840038138065227,-0.22582684404414663,-0.7811594247379158,1.6114065518227896,-0.2502485974904282,-0.34617265388131546,-0.08979636508553193,-0.7979941938089693,-0.4798112969932716,-0.36527642499870633,-0.37911717576899107,0.16257405949236417,0.06890322916355274,2.463559368308504,0.6669860360146042,-0.08175754745691584,-0.7640668656583823,1.1049842850022336,-0.1738396489833351,0.005273928312180023,1.395282511522899,-0.33660981984202676,-0.09571916175085349,0.43488890576442407,1.2535228006799686,-0.4985776029534911,-0.8168938541717079,-0.6075949448939653,-0.8298928829847106,0.17541945677728507,-0.2766666673989011,0.6506472931572577,-0.28315297091003033,0.10981651774162475,-0.4075555572450899,-0.768599907544836,-0.7472032640286799,-0.6308353834285477,-0.36634257134016923,-0.460588439400217,-0.371734395092643,0.05743161008042298,-0.8443238231907555,-0.41131060999941965,1.0797685043945926,-0.09902468871666582,0.5339214531502842,-0.5137172368242192,-0.5745447739456271,-0.15548348647640342,-0.42509997192712096,-0.7655869729006214,-0.750496156301912,3.3978365739420635
387,0.7403292911415144,-0.2850722402322139,-0.6319817171927721,0.1654772568208779,0.4664079610055785,0.1548740929152358,-0.2525003473924606,0.765172128477501,0.44486758322424186,2.622234386787936,-0.7925831663741418,0.14177454160577677,-0.7655788985032485,-0.21879983892110627,-0.3141926821816127,-0.31835326149682636,-0.745292760564584,1.8247361129557202,-0.74745024061718,-0.5090253877772097,-0.7861516052445882,0.15281713383197926,0.8031780775926979,0.4837844601146039,-0.30924922662184584,-0.20553815751030255,-0.14145469020608475,1.0688116700001198,-0.8340525181318775,-0.5910853058801933,-0.7956960298976613,-0.16152084095814023,-0.6553480950915234,-0.33994838247894155,-0.8370146259494141,-0.6083407630364898,-0.7833372412516937,-0.7942265277101938,-0.5000715614916658,0.29289869865902984,-0.2622844788430542,1.6564671242273479,0.21276916288624628,-0.2547661774872668,-0.36644430342557033,-0.41676097258939243,-0.8047794038771868,0.1892960310370053,-0.7811594247379158,-0.8427037075136988,-0.1961758668313037,0.14562748580800408,-0.838099407464964,0.39304191635367136,-0.4798112969932716,-0.14690464918426233,-0.731456558453927,-0.15745361667370703,3.9378011233737364,0.7513273914468804,-0.7622697554452618,-0.3851762458462796,0.25107954575665176,1.1049842850022336,0.1541596887210709,-0.7272161150461649,0.9099105803345066,-0.049693846570609455,2.7391689040409757,-0.08949482305119973,-0.5855658153411121,-0.23087466357522635,-0.22494178593133982,-0.6075949448939653,-0.6513445002427333,-0.8034837618459576,-0.40296003352743176,-0.17087706688978485,-0.7663491670022323,-0.7594435171525026,-0.4075555572450899,-0.45385793066324875,-0.7472032640286799,-0.6308353834285477,0.04820608682038438,-0.460588439400217,-0.29509866218459396,1.4544167201447655,-0.8443238231907555,-0.43134522324829544,-0.7813665218529099,-0.31198100853745253,-0.631845911806668,-0.4933186807241469,0.13085089695139818,-0.25948581856764313,-0.6050884126968797,-0.7655869729006214,-0.25325930362838367,-0.0851754765064221
388,0.22477964549979124,-0.3621813125157448,-0.6319817171927721,-0.2158067450705457,-0.4899993411247944,-0.3862232814004173,0.06400426633067943,0.08832814043902161,-0.40671661130914605,-0.8233018060869453,-0.7925831663741418,-0.013679999628627598,-0.7655788985032485,-0.264364153565235,0.011395589509177712,-0.18121084557343764,-0.5833430081602851,4.065050554890306,3.083270549753771,-0.4697699402737618,0.28573410506162855,-0.4722018184460547,-0.556412405001797,-0.30615984144878017,-0.3655241071183603,-0.35130990042541077,-0.8055612169952149,0.7876046425321868,-0.00694768063497396,0.38969783440773814,-0.27129179226739236,-0.3778433958127923,0.2518336533740405,0.1338472725439735,-0.8370146259494141,-0.5574392655993985,-0.7833372412516937,-0.7942265277101938,0.028545311121088726,-0.4276393054222243,-0.08337282888189856,0.811941902842968,-0.11306416465777558,0.08192921126242499,0.630683052834485,-0.08860272645601257,-0.2899951370047859,-0.2851301119128826,0.703229030821069,-0.8427037075136988,-0.35839405880867725,-0.4281393438295354,2.1551127620527644,1.2437819950412718,-0.4994178390410515,-0.5042402823351707,1.5587494289981563,0.4826017356584354,1.1743026275093196,0.5801041937607181,-0.12704495924087694,-0.13692458352770923,-0.08730259138169293,-0.4268793263687002,0.9741580329820858,-0.7272161150461649,1.0717012240639707,-0.30791822251488504,0.7380714458349785,-0.08949482305119973,3.8282468631094813,-0.307361217683302,0.9589623505493964,-0.6075949448939653,-0.8298928829847106,-0.21614183067201198,-0.42400892788218686,1.1435619091854832,1.0053702186691749,-0.7594435171525026,-0.48554915733026643,-0.2964869422224552,1.8666141241313476,-0.802071915303832,0.04820608682038438,-0.34354919510065307,-0.320643906487277,-0.5634506610592848,-0.8443238231907555,-0.3912759967505439,-0.160988179770409,-0.25874192858225586,2.5323797930764878,-0.12614467092284673,-0.39819585622137077,-0.36348815065888285,-0.6214509982214033,0.7054383806659013,1.2384512543922013,-0.4018129356381026
389,-0.6344697639030806,-0.2850722402322139,0.4633072207496406,2.071897266277996,-0.808801775168252,-0.3862232814004173,-0.3580018853001739,-0.08088285657059825,-0.7473502891225012,-0.8233018060869453,-0.7925831663741418,0.6081381653089899,0.4869019170439884,-0.30992846820936376,-0.3141926821816127,-0.31835326149682636,-0.5833430081602851,0.5178860218272118,-0.74745024061718,-0.4305144927703138,-0.7861516052445882,-0.7847112945850717,-0.7263612153261089,-0.3625844344175933,-0.4217989876148748,-0.3148669646966337,-0.3074813219033673,0.16894918210273413,0.3238942543637875,-0.7545491625948485,-0.4460932048108154,-0.44995091409767635,0.9775790521464917,-0.399172839356806,2.110219972464016,-0.6083407630364898,-0.2997957343062038,0.8393121964983495,-0.5000715614916658,-0.4276393054222243,0.2744504710404127,1.7332421443532007,-0.4388974922017974,0.044518612512459234,0.3814012137694711,0.4036346427440572,-0.2899951370047859,-0.22582684404414663,-0.7811594247379158,-0.46514828300039296,-0.3043213281495527,-0.4008171138467954,1.7809612408630484,-0.7979941938089693,-0.3033524185632518,-0.16675662880375725,-0.731456558453927,0.4826017356584354,-0.8522629361245863,-0.7896813877285809,-0.12704495924087694,-0.3851762458462796,-0.7640668656583823,-0.4268793263687002,-0.1738396489833351,0.151771936983849,-0.7079958569601353,-0.39399301449631025,0.4045552028006457,-0.6138785518668235,-0.401656953739004,-0.42209104884541543,-0.8168938541717079,-0.6075949448939653,-0.6513445002427333,-0.6077031181213091,-0.3398133504631664,0.4863424211478492,1.8106972121561782,-0.3248134997054389,-0.5050475573515606,-0.2964869422224552,-0.3986942789406762,1.2527664671995804,-0.12945762381985287,-0.1484837879347133,-0.42282488369800897,0.8335344490050577,0.04145442186878656,-0.49144906299492275,-0.160988179770409,-0.25874192858225586,-0.631845911806668,-0.5137172368242192,1.188944403296936,0.36452817397979526,-0.6214509982214033,-0.7655869729006214,-0.750496156301912,-0.7184503947697831
390,1.4277288186638117,-0.2850722402322139,-0.8145298735165075,-0.7877327479076812,-0.808801775168252,0.4554837453128208,-0.3228347059976028,-0.419304850589838,1.126134938850952,0.627450275123531,0.5035462962164416,-0.7909527058006495,0.01722161121377456,-0.12767120963284875,-0.8025750897177983,-0.31835326149682636,1.8459032779042,-0.41557832897886565,3.6961858762131232,-0.4501422165220378,2.2763789956303166,-0.7847112945850717,-0.2165147843531733,-0.249735248479967,-0.45931557461255107,0.08600532831991381,-0.3074813219033673,1.6312257249359856,1.9781039293575946,2.0243364015542906,-0.27129179226739236,-0.23362835924302425,2.6105061993845067,-0.33994838247894155,-0.8370146259494141,-0.6083407630364898,0.6672872795847761,-0.6308726552893394,4.081274667818873,-0.7879083074628513,0.09553882107925708,1.14975199139672,-0.7647308197458192,-0.2547661774872668,-0.36644430342557033,0.5677137658107472,0.053194374243481356,-0.22582684404414663,0.703229030821069,3.1216282498760135,0.18233324778256782,-0.4281393438295354,-0.651023646870106,0.7333379478287115,-0.42099167084993167,-0.38512840461820125,-0.731456558453927,0.3225878975753998,-0.8522629361245863,-0.44723499235625613,0.5081798369635079,-0.30242569174008943,-0.7640668656583823,-0.597086394298804,-0.8298383243921471,0.005273928312180023,-0.384414569501207,-0.33660981984202676,-0.2624772832680199,0.7844780583081733,-0.7694746769432201,-0.42209104884541543,-0.027624429851217113,-0.4322934605044773,0.41994579620913075,1.5458839628498247,-0.5082045053012073,-0.3351819388991934,0.03897782648477095,-0.7594435171525026,-0.5050475573515606,-0.2964869422224552,0.2983236912353311,-0.28836231967797893,0.8773034031414916,-0.3630557358172471,-0.371734395092643,0.8335344490050577,-0.8443238231907555,-0.37124138350166813,1.8552414319977186,0.5398442707456943,-0.7983841068005183,-0.45252156852400244,-0.7508936916698834,-0.10348232043078355,-0.6214509982214033,-0.43869244988583855,-0.750496156301912,0.7064181713227792
391,-0.4626198820225062,-0.2465177040904484,0.09821090810216972,0.9280452606037252,-0.4899993411247944,0.034630231956201775,-0.18216598878731835,-0.5885158475994579,-0.7473502891225012,-0.4606137857843262,0.3415301133926187,0.6081381653089899,-0.6090187965598439,0.14571467823192377,0.6625721328907586,-0.18121084557343764,-0.745292760564584,-0.7889640693012967,-0.74745024061718,-0.4697699402737618,-0.6330250752008428,-0.4722018184460547,-0.556412405001797,0.08881230933291188,-0.45931557461255107,-0.13265228605274848,-0.14145469020608475,1.2937772919744661,-0.8340525181318775,-0.10069373573622757,-0.6208946173542383,-0.3778433958127923,0.4332700030671533,-0.33994838247894155,-0.8370146259494141,-0.523504933974671,0.5061067772696127,0.6759583240774952,1.0857790563465977,1.1935712037605974,-0.4411961288042099,1.3340120396987665,-0.7647308197458192,-0.2921767762372326,-0.36644430342557033,2.2085049964776466,-0.8047794038771868,-0.4037366476503546,-0.7811594247379158,-0.6539259952570459,-0.3043213281495527,-0.4008171138467954,-0.08979636508553193,2.0945220737288723,-0.4602047549454916,-0.4645363230961809,-0.026777793084055153,0.002560221409328572,-0.8522629361245863,-0.44723499235625613,-0.7622697554452618,-0.21967513763389934,0.9278438200333411,1.445398420862441,0.8101583641298828,1.177257997685532,-0.7079958569601353,-0.33660981984202676,0.23779708128347932,0.2600943294925495,0.15006963106732016,-0.23087466357522635,-0.4222591420114625,-0.7828964292834533,0.2413974134671534,-0.8034837618459576,-0.5082045053012073,0.8149521651666662,0.03897782648477095,-0.46969017218779346,-0.271066757096031,-0.6112289191040424,-0.572948771484678,-0.6308353834285477,-0.011015150059694707,0.20263394496397827,0.06253475805296799,-0.2530095254894309,1.4586996139640538,-0.43134522324829544,-0.6262719363322846,-0.25874192858225586,-0.7983841068005183,-0.5137172368242192,0.4835487323999108,-0.311486984613263,-0.6214509982214033,2.339910995739815,-0.25325930362838367,-0.5601316652039429
392,-0.8063196457836549,-0.2850722402322139,-0.8145298735165075,-0.7877327479076812,-0.808801775168252,-0.3862232814004173,-0.3580018853001739,0.765172128477501,-0.7473502891225012,1.1714823055774597,-0.7925831663741418,2.1626835776530333,-0.29589859267303464,0.3279719368084388,0.49977799704536335,-0.2726391228556968,0.7122550110741069,-0.6022711991400812,-0.4409925773875039,-0.41088676901858984,-0.6330250752008428,0.46532660997099623,-0.7263612153261089,-0.19331065551115387,-0.49683216161022736,-0.2419810932390796,-0.4735079536006498,1.462501508455226,-0.6686315506324968,-0.7545491625948485,0.7775166829931455,-0.0894133226732562,-0.8367844447846362,0.8445407550783461,-0.10020597634605656,-0.591373597224126,0.34492627495444944,-0.7942265277101938,-0.5000715614916658,0.6531677006996569,0.9900970708850353,1.3954320557994486,-0.7647308197458192,-0.1799449799873353,-0.32489733024806805,-0.2526818495227025,0.22478912986761498,-0.047917040437938666,-0.22451375390329645,-0.8427037075136988,1.04749693832856,-0.1002725840366557,-0.08979636508553193,-0.7979941938089693,-0.4994178390410515,-0.34542444537921146,-0.37911717576899107,-0.7975089690058494,-0.8522629361245863,-0.44723499235625613,0.5081798369635079,-0.35759272781088286,-0.5948757970892099,-0.7672934622289077,0.8101583641298828,0.005273928312180023,-0.7079958569601353,-0.3653014171691685,-0.5959935263023527,-0.6138785518668235,-0.7694746769432201,-0.38384777179137763,-0.4222591420114625,0.09361099266398654,0.41994579620913075,-0.8034837618459576,-0.38191113917267666,-0.17087706688978485,-0.6052837683048317,0.3995698627063339,-0.44655235728767817,-0.768599907544836,0.4725781837793329,-0.6308353834285477,-0.36634257134016923,-0.4996015208334049,-0.34618915078996,0.5230933134352038,0.3957657198926034,-0.471414449746047,-0.7813665218529099,-0.3652200884926492,0.7004596481441344,-0.4729201246240747,-0.7508936916698834,-0.36348815065888285,-0.1796611890592682,-0.7655869729006214,-0.41900492118622645,-0.0851754765064221
393,0.22477964549979124,-0.130854095665152,-0.2668854045453012,-0.7877327479076812,0.1476055269621209,-0.32610135092090026,0.20467298354096386,-0.5885158475994579,-0.23639977240246846,0.8087942852748405,-0.14451843507885012,-0.6354981645662451,-0.7655788985032485,0.8747437125379839,-0.6397809538724032,-0.31835326149682636,0.8742047634784059,-0.6022711991400812,0.6316092439163624,-0.05758774148755818,-0.4798985451570976,-0.0034376042375292245,-0.7263612153261089,0.14523690230172503,-0.49683216161022736,-0.2419810932390796,-0.6395345852979323,0.7735442911587901,1.8126829618582139,0.2262339776930829,0.2531124453628765,-0.44995091409767635,-0.8367844447846362,-0.33994838247894155,0.636602673257301,-0.04842429122848612,-0.4609762366213671,-0.14081103802677644,-0.6762771856959172,-0.4276393054222243,-0.7990194287265212,1.7025321363028596,0.7015191542022791,-0.2921767762372326,0.090572401526955,0.07547639661067736,1.7691419304848175,-0.16652357617541064,-0.7811594247379158,-0.8427037075136988,-0.3043213281495527,-0.4008171138467954,-0.08979636508553193,2.6049661209414325,-0.40138512880215166,-0.5042402823351707,0.8540706636282845,-0.7975089690058494,-0.4837964700093306,-0.7896813877285809,-0.12704495924087694,-0.3851762458462796,-0.7640668656583823,-0.597086394298804,0.31815935757327385,-0.43422009770282693,0.10095736168718561,-0.39399301449631025,-0.7627516478195191,0.6096834820362987,-0.21774809213689597,-0.4603343258994532,-0.6195764980915852,-0.6075949448939653,2.9196231545968137,-0.21614183067201198,-0.5082045053012073,-0.4994868109086019,0.36110862387957227,-0.3248134997054389,-0.48554915733026643,1.2772229421854808,0.4725781837793329,1.2527664671995804,0.04820608682038438,-0.48009498011681095,-0.39727963939532596,-0.7186712288442116,-0.8443238231907555,-0.3912759967505439,-0.005893594249783797,-0.31198100853745253,-0.631845911806668,-0.3505287880236413,-0.7508936916698834,0.15652350979731577,-0.6050884126968797,4.628172656843295,-0.25325930362838367,4.189430221771265
394,0.22477964549979124,-0.2465177040904484,-0.8145298735165075,0.7374032596580133,-0.6494005581465232,-0.025491698523315235,0.48601041796153277,0.5959611314678812,-0.7473502891225012,2.8035783969392454,0.3415301133926187,-0.4800436233318407,1.1131423248176069,-0.264364153565235,0.6625721328907586,-0.22692498421456722,-0.745292760564584,-0.22888545881765018,-0.4409925773875039,-0.4697699402737618,-0.7861516052445882,-0.7847112945850717,-0.7263612153261089,-0.1368860625423407,-0.30924922662184584,-0.2419810932390796,0.3566252048857628,0.5907597233046337,-0.8340525181318775,-0.7545491625948485,0.7775166829931455,-0.0894133226732562,-0.8367844447846362,-0.2807239256010772,-0.10020597634605656,-0.591373597224126,-0.6221567389365305,0.34925057923578656,-0.8524828099001687,1.013436702740284,0.45336212100156836,0.7198118786919447,-0.7647308197458192,-0.32958737498719837,-0.11716246436055651,-0.5808400956560823,2.6271157086054857,0.1299927631682693,-0.7811594247379158,-0.8427037075136988,-0.0339576748539302,0.06366079585978414,-0.651023646870106,-0.28755014659640904,-0.4994178390410515,-0.48438830271567584,-0.2029474844265231,1.442684764156649,-0.11533000389407506,-0.27601179467009374,-0.4446573573430694,-0.33000920977548615,-0.25649365995086526,3.1474691001634785,-0.665838655539944,-0.7272161150461649,-0.7079958569601353,-0.25053502786060156,-0.09571916175085349,-0.7886731281386982,-0.03383923053478791,-0.4985776029534911,-0.8168938541717079,0.09361099266398654,-0.6513445002427333,-0.8034837618459576,-0.5082045053012073,-0.3351819388991934,-0.7663491670022323,-0.7594435171525026,-0.48554915733026643,0.9624809653038936,-0.3986942789406762,0.5678203396984429,-0.30712133446009016,-0.4996015208334049,-0.141827196368496,-0.2530095254894309,1.6358552629759622,-0.49144906299492275,-0.005893594249783797,0.6463224306560876,-0.2987695218189674,-0.4729201246240747,0.6598976501241671,-0.36348815065888285,-0.5232754850742621,1.1957801651880755,-0.750496156301912,0.2314619826252584
395,1.084029054902663,-0.20796316794868294,-0.6319817171927721,-0.7877327479076812,-0.808801775168252,-0.08561362900283224,-0.28766752669503165,-0.7577268446090778,-0.06608293349579088,0.627450275123531,-0.7925831663741418,-0.16913454086303198,1.1131423248176069,0.5102291953849538,-0.8025750897177983,0.09307398627333979,0.06445600145691095,0.14450028150478078,-0.74745024061718,-0.5090253877772097,-0.3267720151133524,0.9340908241795217,-0.556412405001797,-0.3625844344175933,-0.34676581361952213,-0.35130990042541077,2.1829181535558706,0.9844495617597397,-0.5032105831331162,-0.7545491625948485,-0.6208946173542383,0.12690923218139588,0.07039730368092774,-0.399172839356806,0.08399618605478285,-0.6083407630364898,-0.6221567389365305,-0.3041649104476308,-0.32386593728741425,-0.6077738064425378,-0.4411961288042099,1.2572370195729137,-0.11306416465777558,-0.32958737498719837,-0.2002564107155611,2.2085049964776466,-0.8047794038771868,-0.22582684404414663,-0.7811594247379158,-0.27637057074374,0.45269690107819033,-0.23688373395035558,-0.651023646870106,-0.28755014659640904,-0.4994178390410515,-0.5042402823351707,1.7349191203406242,-0.7975089690058494,-0.6680297030669584,0.4088809960745557,0.6669860360146042,-0.33000920977548615,-0.25649365995086526,0.9347772170721298,-0.1738396489833351,-0.7272161150461649,0.424538649146114,-0.3653014171691685,-0.4292354047851863,-0.6138785518668235,0.5178873542715363,-0.3456044947373398,-0.4222591420114625,-0.25699197611498936,2.026881240886927,-0.8034837618459576,-0.48715561094645216,-0.6637916829180104,-0.7663491670022323,-0.7594435171525026,-0.48554915733026643,-0.6112289191040424,0.6468326763233347,-0.11712578780269454,-0.36634257134016923,-0.4996015208334049,-0.29509866218459396,-0.5634506610592848,-0.667168174178847,-0.41131060999941965,0.1492009912708414,-0.25874192858225586,0.8669978431379848,-0.4933186807241469,-0.7508936916698834,0.6765351702535144,-0.6214509982214033,-0.27524518837844714,2.232924959739258,0.38978071219109867
396,-0.8063196457836549,-0.3621813125157448,-0.6319817171927721,1.4999712634408606,-0.808801775168252,-0.32610135092090026,-0.3580018853001739,-0.7577268446090778,0.10423390541088669,0.627450275123531,0.17951393056879578,0.4526836240745855,-0.29589859267303464,-0.3554927828534925,2.616101763035501,-0.31835326149682636,-0.745292760564584,-0.22888545881765018,0.3251515806866863,-0.234237255253074,-0.6330250752008428,0.30907187190148777,0.2933316466197623,-0.30615984144878017,-0.49683216161022736,-0.16909522178152553,0.3566252048857628,1.5749843194423991,-0.5032105831331162,-0.2641575924508828,-0.7956960298976613,-0.30573587752790826,-0.47391174539841063,-0.33994838247894155,-0.46861030114773533,-0.6083407630364898,-0.7833372412516937,-0.6308726552893394,-0.8524828099001687,-0.6077738064425378,-0.2622844788430542,0.612326850515751,0.04985249911423535,-0.14253438123736956,-0.2833503570705657,2.2085049964776466,-0.6331846482530531,-0.4037366476503546,-0.4100623108481696,-0.46514828300039296,-0.3043213281495527,-0.4281393438295354,-0.838099407464964,-0.6278461780714493,-0.4602047549454916,-0.48438830271567584,1.3825797376556883,-0.6374951309228138,-0.4837964700093306,1.43622018219153,-0.7622697554452618,-0.10934106549231254,-0.4256847285200376,0.08374187742161104,-0.8298383243921471,0.151771936983849,0.2627480054166498,-0.049693846570609455,-0.4292354047851863,-0.7886731281386982,-0.7694746769432201,-0.4985776029534911,-0.6195764980915852,-0.08169049172550143,-0.6513445002427333,0.17541945677728507,-0.5082045053012073,-0.6637916829180104,-0.7663491670022323,0.10981651774162475,-0.4660507573089723,-0.768599907544836,-0.7472032640286799,-0.802071915303832,-0.18867886069993195,-0.30453611366746514,-0.21846292927654498,-0.7186712288442116,-0.8443238231907555,-0.471414449746047,-0.160988179770409,-0.3652200884926492,-0.7983841068005183,-0.411724456323858,-0.7508936916698834,-0.25948581856764313,-0.5560006561233092,0.8688856421732927,-0.08751368607054091,-0.7184503947697831
397,-0.8063196457836549,-0.3621813125157448,-0.6319817171927721,-0.5970907469619694,0.30700674398384975,-0.2659794204413833,-0.2525003473924606,-0.25009385358021813,1.126134938850952,1.5341703258800787,-0.7925831663741418,0.9190472477777987,1.5828226306478206,0.5557935100290826,-0.47698681802700793,-0.044068429650048924,-0.5833430081602851,1.0779646323108583,-0.594221409002342,-0.4697699402737618,-0.4798985451570976,0.30907187190148777,-0.2165147843531733,-0.1368860625423407,-0.49683216161022736,0.19533413550624495,-0.3074813219033673,1.1953548323606895,0.8201571568619297,-0.427621449165538,-0.7956960298976613,-0.017305804388372183,-0.8367844447846362,-0.33994838247894155,0.8208048356581404,-0.591373597224126,-0.2997957343062038,-0.3041649104476308,0.028545311121088726,-0.6077738064425378,-0.6201077787653655,1.7639521524035418,-0.7647308197458192,-0.1051237824874038,-0.32489733024806805,-0.2526818495227025,-0.8047794038771868,0.24859929890574126,1.2598747016556884,-0.6539259952570459,-0.35839405880867725,-0.2915281939158355,1.9680370014579065,0.5631899320911915,-0.4994178390410515,-0.444684343476686,-0.37911717576899107,0.6426155737414709,1.1743026275093196,-0.7896813877285809,0.1905674388613155,-0.16450810156310594,0.4202706143258241,1.6156054887925448,5.402149091991566,0.298269945655518,-0.384414569501207,0.20853052937366612,0.23779708128347932,-0.6138785518668235,-0.401656953739004,-0.3456044947373398,-0.8168938541717079,-0.6075949448939653,1.1341393271770401,-0.21614183067201198,-0.42400892788218686,-0.6637916829180104,-0.7663491670022323,-0.0350601547407298,-0.3100635571386193,0.49036799998151276,-0.7472032640286799,-0.6308353834285477,-0.18867886069993195,-0.44108189868362296,-0.09073670776313,1.2991961523598385,0.04145442186878656,-0.43134522324829544,-0.6262719363322846,0.4333661108353009,-0.631845911806668,-0.39132590022378577,-0.04549802077285813,-0.20748465252202328,-0.5560006561233092,-0.7655869729006214,-0.750496156301912,-0.4018129356381026
398,-0.6344697639030806,-0.3621813125157448,0.28075906442590515,0.7374032596580133,0.944611612070765,0.034630231956201775,0.20467298354096386,-0.5885158475994579,-0.7473502891225012,-0.2792697756330167,-0.7925831663741418,-0.16913454086303198,-0.6090187965598439,-0.30992846820936376,-0.47698681802700793,-0.18121084557343764,-0.5833430081602851,-0.7889640693012967,-0.74745024061718,-0.5090253877772097,2.429505525674062,-0.7847112945850717,-0.3864635946774852,0.14523690230172503,-0.29049093312300767,-0.3148669646966337,-0.8055612169952149,0.7173028856652035,-0.5032105831331162,-0.427621449165538,-0.7956960298976613,-0.23362835924302425,-0.47391174539841063,-0.10305055496748404,-0.8370146259494141,-0.47260343653757975,0.34492627495444944,-0.6308726552893394,-0.32386593728741425,-0.6077738064425378,0.09553882107925708,1.2111720074974022,-0.4388974922017974,-0.14253438123736956,-0.2833503570705657,-0.7449192187227722,-0.6331846482530531,-0.22582684404414663,-0.5956108677930426,-0.6539259952570459,-0.2502485974904282,-0.37349488386405544,-0.27687212568039,-0.7979941938089693,-0.40138512880215166,-0.444684343476686,-0.731456558453927,-0.31746745475674265,2.4639352589127137,-0.27601179467009374,-0.6034635563941656,-0.24725865566929606,2.28137236858672,-0.0864651905084927,0.31815935757327385,-0.2877220890311579,0.10095736168718561,-0.39399301449631025,-0.5959935263023527,-0.2642893993230743,-0.5855658153411121,-0.38384777179137763,-0.8168938541717079,-0.6075949448939653,1.4912360926609949,0.17541945677728507,-0.38191113917267666,-0.828096554927419,-0.444218369607431,4.166363347247552,-0.3295619571599134,-0.768599907544836,-0.05018529385267257,-0.4595988515532633,-0.36634257134016923,-0.40206881725043503,-0.39727963939532596,-0.5634506610592848,-0.49001252516693866,-0.27106831725728925,-0.31608276529103424,-0.3652200884926492,0.36738325815643386,-0.43212301242393025,-0.39819585622137077,-0.36348815065888285,-0.2614741166818858,-0.60213971139323,-0.750496156301912,-0.5601316652039429
399,1.943278464305535,0.13902765732720626,3.384077721929408,-0.025164744124833896,0.6258091780273074,-0.14573555948234926,-0.2525003473924606,0.08832814043902161,0.44486758322424186,-0.2792697756330167,-0.7925831663741418,1.6963199539498204,0.643462018987393,-0.3554927828534925,3.4300724422624773,0.27593054083785806,0.38835550626550897,0.5178860218272118,1.8574398968350667,-0.5090253877772097,-0.7861516052445882,-0.6284565565155632,-0.7263612153261089,-0.249735248479967,-0.4405572811137129,0.12244826404869086,1.5188116267667404,0.7032425342918068,-0.6686315506324968,-0.7545491625948485,-0.4460932048108154,-0.0894133226732562,-0.8367844447846362,-0.33994838247894155,1.9260178100631766,-0.5744064314117623,0.5061067772696127,0.34925057923578656,-0.8524828099001687,2.4545127109027924,3.137036870418903,1.0576219672456966,-0.11306416465777558,-0.2547661774872668,-0.2833503570705657,-0.2526818495227025,-0.8047794038771868,-0.2851301119128826,-0.22451375390329645,-0.27637057074374,-0.35839405880867725,-0.4281393438295354,3.6517188468116286,-0.4576981623339291,-0.4798112969932716,-0.4248323638571911,0.3255615896008807,-0.7975089690058494,-0.4837964700093306,0.23765779838839335,0.6669860360146042,-0.3851762458462796,-0.7640668656583823,-0.7672934622289077,1.3021573706864917,0.44476795432718697,1.0717012240639707,-0.39399301449631025,0.4045552028006457,-0.7886731281386982,-0.401656953739004,-0.09702319388609397,0.9589623505493964,1.3207213833904021,-0.2942477347587786,-0.21614183067201198,-0.5082045053012073,-0.6637916829180104,-0.6052837683048317,-0.7594435171525026,-0.48554915733026643,0.3329970115407192,-0.572948771484678,-0.6308353834285477,-0.24790009758001105,-0.44108189868362296,-0.371734395092643,-0.7186712288442116,-0.8443238231907555,-0.471414449746047,-0.7813665218529099,0.11393163110412086,-0.2987695218189674,-0.411724456323858,-0.04549802077285813,-0.15548348647640342,-0.5396380705987857,-0.11179792687105575,-0.750496156301912,-0.7184503947697831
400,2.2869782280666837,-0.2850722402322139,-0.8145298735165075,-0.7877327479076812,-0.17119690708133672,-0.3862232814004173,-0.2525003473924606,1.4420161165159806,-0.7473502891225012,-0.09792576548170716,0.17951393056879578,-0.4800436233318407,-0.7655788985032485,-0.264364153565235,-0.8025750897177983,-0.18121084557343764,-0.421393255755986,-0.7889640693012967,1.5509822336053907,-0.5090253877772097,-0.6330250752008428,-0.15969234230703772,-0.3864635946774852,0.14523690230172503,-0.45931557461255107,0.013119456862359716,-0.3074813219033673,1.3640790488414494,0.15847328686440676,-0.10069373573622757,-0.09649037972396941,0.2711242687511639,0.2518336533740405,0.37074510005543104,-0.28440813874689597,-0.5065377681623072,-0.7833372412516937,-0.4675187828684851,-0.6762771856959172,-0.0673703033815972,0.632273770962724,1.180461999447061,-0.7647308197458192,-0.21735557873730108,0.7137769991894896,0.2395555196773673,2.2839261973572182,-0.4037366476503546,-0.03896519695842335,-0.6539259952570459,-0.1961758668313037,-0.4281393438295354,-0.463947886275248,-0.4576981623339291,-0.4994178390410515,-0.4645363230961809,-0.731456558453927,-0.47748129283977825,0.06890322916355274,-0.7896813877285809,-0.6034635563941656,-0.3851762458462796,5.665193739970167,-0.7672934622289077,0.9741580329820858,-0.7272161150461649,-0.384414569501207,-0.39399301449631025,-0.09571916175085349,0.7844780583081733,0.3339784926694282,-0.44121268737243435,-0.8168938541717079,-0.7828964292834533,-0.8298928829847106,-0.8034837618459576,-0.3398133504631664,-0.828096554927419,-0.6052837683048317,0.6893232076710429,-0.271066757096031,-0.6112289191040424,-0.7472032640286799,-0.4595988515532633,0.10742732370046347,-0.421575357967029,-0.39727963939532596,-0.5634506610592848,0.21861007088069498,-0.4513798364971712,-0.7813665218529099,-0.25874192858225586,-0.631845911806668,-0.4729201246240747,0.3071998146756545,0.15652350979731577,-0.6214509982214033,0.051649334636335656,0.07823193148730186,-0.7184503947697831
401,-0.8063196457836549,-0.3621813125157448,0.09821090810216972,-0.5970907469619694,0.1476055269621209,-0.20585748996186626,0.38050888005381944,-0.7577268446090778,-0.5770334502158236,-0.8233018060869453,1.1516110275117335,-0.32458908209743637,-0.6090187965598439,-0.21879983892110627,-0.47698681802700793,-0.2726391228556968,0.7122550110741069,-0.6022711991400812,0.018693917457010226,-0.3323758740116939,-0.17364548506960717,1.0903455622490301,-0.3864635946774852,-0.30615984144878017,-0.32800752012068396,-0.2419810932390796,-0.8055612169952149,0.576699371931237,-0.6686315506324968,-0.427621449165538,-0.09649037972396941,-0.017305804388372183,1.3404517515327172,0.6076429275668885,-0.8370146259494141,-0.6083407630364898,2.117911800421246,-0.7942265277101938,0.9095734321423462,-0.7879083074628513,0.2744504710404127,1.748597148378371,0.7015191542022791,-0.3669979737371641,-0.36644430342557033,-0.5808400956560823,-0.8047794038771868,-0.10722030830667466,-0.7811594247379158,-0.8427037075136988,0.02011505580519431,-0.34617265388131546,-0.463947886275248,-0.28755014659640904,0.38287655310904734,-0.5042402823351707,0.1493918982584128,-0.6374951309228138,-0.4837964700093306,-0.6184581900424185,-0.7622697554452618,-0.3851762458462796,-0.7640668656583823,-0.4268793263687002,-0.3378393178355381,-0.580718106374496,-0.384414569501207,-0.25053502786060156,-0.4292354047851863,-0.43908397559494894,-0.03383923053478791,-0.4985776029534911,0.9589623505493964,3.5996406804537453,0.9555909444350628,0.17541945677728507,-0.2766666673989011,-0.828096554927419,0.03897782648477095,0.9790765526357521,-0.427053957266384,-0.45385793066324875,0.2983236912353311,-0.802071915303832,-0.24790009758001105,-0.4996015208334049,-0.39727963939532596,-0.7186712288442116,-0.8443238231907555,-0.2109644775106619,-0.7813665218529099,-0.3652200884926492,2.1993034030887872,-0.5137172368242192,-0.7508936916698834,-0.36348815065888285,-0.5887258271723562,0.5419911191585098,-0.5847505387440692,-0.7184503947697831
402,-0.4626198820225062,-0.32362677637397935,1.7411443150157888,-0.7877327479076812,-0.6494005581465232,-0.32610135092090026,-0.28766752669503165,0.5959611314678812,-0.5770334502158236,-0.09792576548170716,-0.30653461790267306,-0.32458908209743637,-0.7655788985032485,-0.12767120963284875,2.290513491344711,0.0016457089910806458,2.007853030308499,-0.41557832897886565,-0.594221409002342,-0.48939766402548573,2.2763789956303166,0.9340908241795217,1.1430756982413217,-0.3625844344175933,-0.49683216161022736,-0.2419810932390796,-0.6395345852979323,1.7296481845497622,-0.3377896156337354,1.2070171179810143,0.7775166829931455,-0.44995091409767635,-0.6553480950915234,-0.399172839356806,-0.8370146259494141,-0.5744064314117623,1.150828786530266,0.022542834394077883,-0.6762771856959172,-0.4276393054222243,1.526832020768502,2.3627973093851926,-0.6018141559738084,-0.1799449799873353,0.4644951601244757,0.4036346427440572,-0.8047794038771868,-0.4037366476503546,-0.5956108677930426,-0.8427037075136988,-0.3043213281495527,-0.4008171138467954,-0.27687212568039,0.39304191635367136,-0.3621720447065917,-0.48438830271567584,1.9110888116830922,-0.6374951309228138,-0.4837964700093306,0.9225505891330428,-0.7622697554452618,-0.33000920977548615,-0.25649365995086526,-0.7672934622289077,-0.8298383243921471,0.298269945655518,-0.7079958569601353,-0.25053502786060156,-0.7627516478195191,-0.7886731281386982,-0.7694746769432201,-0.3647261332643587,-0.027624429851217113,0.9701184146114263,0.5984941789511081,-0.8034837618459576,-0.5082045053012073,-0.828096554927419,-0.444218369607431,-0.7594435171525026,-0.5050475573515606,-0.6112289191040424,-0.7472032640286799,0.7390568715737273,-0.12945762381985287,-0.2655230322342772,-0.116281952065813,1.2991961523598385,-0.8443238231907555,-0.3912759967505439,2.010336017518344,-0.25874192858225586,0.36738325815643386,-0.5137172368242192,2.070688991918218,-0.311486984613263,-0.6214509982214033,-0.7655869729006214,-0.750496156301912,-0.24349420607226235
403,-0.6344697639030806,-0.16940863180691748,-0.08433724822156573,-0.7877327479076812,1.901018914201138,-0.3862232814004173,-0.3228347059976028,0.2575391374486415,0.10423390541088669,-0.2792697756330167,-0.6305669835503189,0.2972290828401812,0.8000221209307976,-0.3554927828534925,-0.8025750897177983,-0.31835326149682636,-0.745292760564584,-0.22888545881765018,-0.74745024061718,-0.4501422165220378,0.28573410506162855,-0.7847112945850717,-0.7263612153261089,0.03238771636409874,-0.3655241071183603,-0.2784240289678567,0.024571941491197763,0.7173028856652035,-0.8340525181318775,-0.7545491625948485,-0.7956960298976613,0.631661860175584,0.07039730368092774,-0.33994838247894155,-0.8370146259494141,-0.5574392655993985,5.341521846724512,0.34925057923578656,-0.8524828099001687,-0.4276393054222243,-0.4411961288042099,0.30522677001234005,-0.6018141559738084,-0.2547661774872668,-0.2418033838930634,-0.2526818495227025,-0.6331846482530531,-0.4037366476503546,-0.7811594247379158,0.6675179905395248,-0.3043213281495527,-0.37349488386405544,-0.651023646870106,0.39304191635367136,-0.28374587651547184,-0.40498038423769617,1.7349191203406242,-0.7975089690058494,-0.6680297030669584,0.7513273914468804,-0.28585115829197316,-0.19209161959850263,-0.4256847285200376,-0.597086394298804,0.48215902642547687,-0.7272161150461649,-0.06083328204227859,-0.33660981984202676,0.7380714458349785,-0.7886731281386982,-0.5855658153411121,-0.47945596442647215,-0.6195764980915852,0.09361099266398654,-0.6513445002427333,-0.4119224743966605,-0.44505782223694196,-0.17087706688978485,-0.7663491670022323,-0.614566844670148,-0.36855875720250164,0.3329970115407192,0.4725781837793329,-0.802071915303832,0.22586979746062164,-0.1484837879347133,-0.42282488369800897,-0.7186712288442116,0.21861007088069498,-0.471414449746047,-0.6262719363322846,0.007453471193727517,0.03430686816873323,-0.4933186807241469,1.7179911564697052,-0.36348815065888285,-0.6214509982214033,-0.60213971139323,0.7412144017186729,0.07314325305941816
404,-0.29077000014193183,0.06191858504367534,-0.6319817171927721,-0.7877327479076812,-0.808801775168252,-0.20585748996186626,-0.3580018853001739,-0.7577268446090778,0.44486758322424186,0.44610626497222144,4.067902318340547,0.6081381653089899,2.3656231403648436,-0.1732355242769775,0.33698386119996815,-0.31835326149682636,-0.421393255755986,-0.22888545881765018,1.2445245703757146,-0.07721546523928216,-0.020518955025861915,-0.7847112945850717,1.3130245085656336,-0.30615984144878017,-0.45931557461255107,-0.2419810932390796,0.5226518365830454,1.1109927241203097,0.8201571568619297,-0.2641575924508828,1.8263251582536832,-0.30573587752790826,1.703324450918943,-0.2807239256010772,0.8208048356581404,-0.6083407630364898,-0.7833372412516937,-0.7942265277101938,-0.5000715614916658,-0.6077738064425378,0.632273770962724,0.48948681831438656,-0.6018141559738084,-0.21735557873730108,-0.36644430342557033,-0.7449192187227722,-0.8047794038771868,-0.047917040437938666,0.3321319169313229,1.6114065518227896,-0.0339576748539302,-0.37349488386405544,1.0326581984836163,0.9034859635662317,-0.3229589606110318,-0.5042402823351707,0.8540706636282845,0.002560221409328572,-0.11533000389407506,-0.6184581900424185,0.03176123981021927,-0.24725865566929606,-0.7640668656583823,-0.7672934622289077,-0.5018389866877411,-0.7272161150461649,-0.06083328204227859,-0.16446023587917638,-0.7627516478195191,1.1340672108519225,1.0696139390778605,-0.07790155535907507,0.16969292622890558,-0.7828964292834533,-0.8298928829847106,2.720567825197716,-0.44505782223694196,-0.828096554927419,-0.1220875722126297,-0.7594435171525026,-0.44655235728767817,1.906706895948655,-0.7472032640286799,0.5678203396984429,-0.36634257134016923,-0.4996015208334049,-0.371734395092643,0.9887550167899846,-0.8443238231907555,-0.37124138350166813,-0.31608276529103424,0.16717071105931752,2.0327652080949368,-0.08534755872270225,0.6598976501241671,-0.311486984613263,-0.2614741166818858,-0.11179792687105575,-0.750496156301912,-0.5601316652039429
405,-0.4626198820225062,-0.16940863180691748,-0.08433724822156573,-0.5970907469619694,-0.4899993411247944,0.034630231956201775,-0.28766752669503165,1.7804381105352203,-0.40671661130914605,-0.4606137857843262,-0.468550800726496,-0.16913454086303198,1.1131423248176069,0.009021734299537511,-0.1513985463362175,-0.31835326149682636,-0.09749375094738805,-0.7889640693012967,-0.74745024061718,-0.39125904526686583,-0.7861516052445882,0.30907187190148777,-0.3864635946774852,-0.249735248479967,-0.47807386811138924,-0.35130990042541077,0.024571941491197763,0.5907597233046337,0.8201571568619297,-0.2641575924508828,-0.7956960298976613,-0.30573587752790826,-0.6553480950915234,0.19307172942183787,-0.6528124635485747,-0.42170193910048853,1.150828786530266,0.6759583240774952,0.20475093532534022,-0.6077738064425378,-0.4411961288042099,1.14975199139672,-0.7647308197458192,-0.32958737498719837,-0.36644430342557033,-0.41676097258939243,1.940736686108951,0.01138622743079732,0.8887775877659422,0.28996256602621884,-0.0880304055130547,-0.4281393438295354,-0.463947886275248,-0.11740213085888894,-0.4405982128977116,-0.40498038423769617,0.3255615896008807,-0.7975089690058494,3.0166349580855973,0.7513273914468804,0.03176123981021927,0.05616004272006767,-0.5948757970892099,-0.0864651905084927,-0.665838655539944,-0.43422009770282693,-0.5462052132306712,-0.30791822251488504,2.4056526610066427,-0.7886731281386982,0.8857050774757523,-0.21175302504820742,-0.027624429851217113,-0.7828964292834533,-0.2942477347587786,0.9585420316758791,-0.5082045053012073,-0.6637916829180104,-0.1220875722126297,0.10981651774162475,-0.36855875720250164,-0.768599907544836,-0.572948771484678,0.05411074407258983,-0.011015150059694707,-0.4996015208334049,-0.42282488369800897,-0.40823009327435783,0.04145442186878656,-0.471414449746047,-0.6262719363322846,-0.3652200884926492,-0.13223132682511707,-0.43212301242393025,-0.39819585622137077,-0.25948581856764313,-0.6214509982214033,-0.7655869729006214,-0.5847505387440692,-0.7184503947697831
406,0.9121791730220887,-0.32362677637397935,-0.8145298735165075,-0.7877327479076812,-0.33059812410306555,0.034630231956201775,-0.3580018853001739,-0.419304850589838,-0.7473502891225012,-0.8233018060869453,0.3415301133926187,-0.32458908209743637,-0.4524586946164393,0.009021734299537511,-0.8025750897177983,0.0016457089910806458,-0.09749375094738805,-0.41557832897886565,0.6316092439163624,-0.4305144927703138,1.9701259355428262,-0.0034376042375292245,0.46328045694407416,-0.249735248479967,-0.29049093312300767,0.013119456862359716,-0.6395345852979323,0.12676812798254417,0.654736189362549,-0.427621449165538,1.4767223331668373,-0.16152084095814023,-0.47391174539841063,-0.399172839356806,-0.6528124635485747,-0.591373597224126,-0.6221567389365305,0.8393121964983495,0.38095655952959173,-0.6077738064425378,1.169008720846191,1.119041983346379,-0.2759808284297865,-0.06771318373743804,0.049025428349452706,2.0444258734109564,-0.46158989262891953,0.24859929890574126,-0.5956108677930426,-0.27637057074374,-0.1961758668313037,-0.15491704400213566,0.4714309166990422,1.2437819950412718,-0.3817785867543717,-0.2858685065207267,-0.2029474844265231,0.6426155737414709,0.06890322916355274,-0.6184581900424185,1.1434046331678929,-0.35759272781088286,-0.25649365995086526,-0.0864651905084927,-0.3378393178355381,-0.7272161150461649,3.013188948817541,-0.39399301449631025,-0.5959935263023527,-0.6138785518668235,-0.401656953739004,-0.42209104884541543,-0.8168938541717079,-0.7828964292834533,-0.6513445002427333,-0.020361186947363465,-0.5082045053012073,0.9792570371760747,-0.7663491670022323,-0.7594435171525026,-0.427053957266384,1.4345939306262743,-0.3986942789406762,-0.6308353834285477,0.22586979746062164,-0.48009498011681095,-0.16737244067117898,-0.2530095254894309,-0.49001252516693866,-0.471414449746047,-0.160988179770409,0.06069255114892419,1.5331506231133858,-0.4933186807241469,0.3071998146756545,0.8845398344359938,-0.6214509982214033,-0.60213971139323,-0.750496156301912,0.38978071219109867
407,-0.11892011826135748,-0.09229955952338653,-0.8145298735165075,-0.7877327479076812,-0.4899993411247944,-0.08561362900283224,-0.3228347059976028,1.6112271135256004,4.532471716984504,-0.8233018060869453,4.553950866812015,-0.7909527058006495,-0.6090187965598439,0.28240762216431003,2.9416900347262915,-0.22692498421456722,-0.421393255755986,-0.41557832897886565,-0.594221409002342,-0.4501422165220378,-0.020518955025861915,-0.7847112945850717,-0.7263612153261089,-0.3625844344175933,-0.30924922662184584,-0.35130990042541077,-0.6395345852979323,1.3218979947212595,-0.17236864813435468,0.38969783440773814,-0.7956960298976613,-0.3778433958127923,-0.47391174539841063,0.19307172942183787,-0.46861030114773533,-0.5065377681623072,-0.2997957343062038,-0.7942265277101938,-0.6762771856959172,-0.7879083074628513,-0.2622844788430542,0.7658768907674564,-0.7647308197458192,-0.2921767762372326,-0.2418033838930634,-0.5808400956560823,-0.8047794038771868,-0.3444333797816186,-0.7811594247379158,-0.6539259952570459,-0.2502485974904282,-0.4008171138467954,-0.27687212568039,-0.4576981623339291,-0.04846737194211213,-0.4248323638571911,-0.731456558453927,-0.6374951309228138,-0.6680297030669584,-0.6184581900424185,-0.7622697554452618,0.22166115093244787,0.4202706143258241,-0.0864651905084927,-0.5018389866877411,-0.7272161150461649,2.6896076613586124,-0.3653014171691685,1.405103931903644,-0.7886731281386982,0.5178873542715363,-0.4985776029534911,-0.8168938541717079,-0.7828964292834533,-0.8298928829847106,-0.21614183067201198,-0.3398133504631664,-0.6637916829180104,-0.7663491670022323,2.4278432774592975,-0.36855875720250164,-0.13911595378166158,-0.572948771484678,0.05411074407258983,-0.30712133446009016,0.04658161923122645,-0.42282488369800897,-0.40823009327435783,1.104388315940237,-0.25103370400841346,-0.31608276529103424,-0.31198100853745253,1.033536038131835,-0.411724456323858,-0.5745447739456271,-0.311486984613263,-0.6214509982214033,0.7054383806659013,-0.25325930362838367,-0.7184503947697831
408,0.05292976361921688,-0.20796316794868294,1.010951689720847,1.4999712634408606,-0.808801775168252,-0.08561362900283224,-0.3228347059976028,-0.419304850589838,-0.06608293349579088,0.2647622548209119,-0.30653461790267306,-0.16913454086303198,2.209063038421439,-0.3554927828534925,-0.8025750897177983,-0.31835326149682636,-0.745292760564584,-0.7889640693012967,0.018693917457010226,-0.5090253877772097,0.5919871651491191,-0.6284565565155632,-0.7263612153261089,0.03238771636409874,-0.32800752012068396,0.7784211071666777,-0.6395345852979323,1.785889590043349,-0.00694768063497396,0.2262339776930829,-0.27129179226739236,-0.44995091409767635,-0.29247539570529785,-0.399172839356806,-0.28440813874689597,-0.6083407630364898,0.9896482842151026,-0.7942265277101938,0.028545311121088726,0.8333022017199705,-0.6201077787653655,1.6104021121518362,-0.4388974922017974,-0.32958737498719837,-0.2418033838930634,-0.5808400956560823,-0.2899951370047859,-0.047917040437938666,-0.22451375390329645,-0.46514828300039296,0.07418778646431881,-0.15491704400213566,1.7809612408630484,0.05274588487863117,-0.3817785867543717,-0.36527642499870633,-0.37911717576899107,-0.15745361667370703,0.6216029283364362,-0.6184581900424185,-0.7622697554452618,-0.35759272781088286,-0.08730259138169293,0.08374187742161104,-0.3378393178355381,1.9097480410438767,-0.5462052132306712,-0.3653014171691685,-0.7627516478195191,-0.2642893993230743,-0.5855658153411121,-0.38384777179137763,-0.8168938541717079,-0.6075949448939653,-0.8298928829847106,-0.6077031181213091,-0.42400892788218686,-0.3351819388991934,-0.444218369607431,-0.0350601547407298,-0.3295619571599134,-0.768599907544836,-0.7472032640286799,-0.6308353834285477,-0.24790009758001105,-0.38256227653384106,-0.39727963939532596,-0.40823009327435783,0.5729213689045117,-0.49144906299492275,-0.005893594249783797,-0.25874192858225586,0.7004596481441344,-0.5137172368242192,-0.22184693849711443,0.15652350979731577,-0.6050884126968797,-0.43869244988583855,2.0671793421814155,0.07314325305941816
409,-0.8063196457836549,0.023364048901909868,-0.6319817171927721,-0.7877327479076812,-0.33059812410306555,0.39536181483330385,0.6266791351718172,-0.08088285657059825,-0.40671661130914605,0.8087942852748405,-0.7925831663741418,1.8517744951842248,-0.29589859267303464,-0.30992846820936376,-0.8025750897177983,-0.31835326149682636,0.38835550626550897,-0.22888545881765018,-0.4409925773875039,-0.48939766402548573,2.1232524655865714,-0.0034376042375292245,-0.7263612153261089,-0.19331065551115387,-0.3655241071183603,-0.35130990042541077,-0.8055612169952149,0.3798544527036839,0.4893152218631682,-0.7545491625948485,-0.6208946173542383,-0.23362835924302425,2.6105061993845067,0.37074510005543104,1.3734113228606586,-0.43866910491285227,-0.2997957343062038,-0.6308726552893394,0.7333678079380946,1.9141092078418518,0.632273770962724,1.7946621604538828,-0.4388974922017974,0.08192921126242499,-0.36644430342557033,0.2395555196773673,-0.6331846482530531,-0.4037366476503546,1.6309718155454345,-0.6539259952570459,-0.2502485974904282,-0.4008171138467954,0.0972793955093261,-0.28755014659640904,-0.4405982128977116,-0.06749673070628268,0.6779009722858166,-0.7975089690058494,0.9900693944516917,0.7513273914468804,-0.4446573573430694,-0.33000920977548615,-0.08730259138169293,0.764570149142026,1.466157039538695,-0.580718106374496,-0.7079958569601353,-0.33660981984202676,3.2394432685924746,0.43488890576442407,-0.5855658153411121,-0.4985776029534911,1.156279706629519,1.4960228677798901,2.9196231545968137,-0.6077031181213091,-0.5082045053012073,-0.828096554927419,-0.7663491670022323,1.268829897600461,-0.3880571572237958,-0.768599907544836,-0.7472032640286799,-0.802071915303832,-0.36634257134016923,-0.460588439400217,-0.116281952065813,0.05743161008042298,-0.667168174178847,-0.37124138350166813,-0.31608276529103424,-0.3652200884926492,0.36738325815643386,-0.4933186807241469,-0.7508936916698834,-0.20748465252202328,-0.6214509982214033,0.21509659614372706,0.07823193148730186,2.1312867374153415
410,0.05292976361921688,0.06191858504367534,-0.2668854045453012,-0.5970907469619694,-0.33059812410306555,-0.32610135092090026,-0.3228347059976028,-0.419304850589838,0.6151844221309194,2.622234386787936,-0.7925831663741418,0.14177454160577677,2.522183242308248,-0.264364153565235,-0.8025750897177983,-0.31835326149682636,0.22640575386120995,-0.6022711991400812,-0.4409925773875039,-0.48939766402548573,0.13260757501788334,-0.4722018184460547,-0.556412405001797,0.14523690230172503,-0.4217989876148748,-0.2784240289678567,-0.14145469020608475,0.8438460480257733,-0.8340525181318775,1.2070171179810143,0.7775166829931455,0.12690923218139588,-0.8367844447846362,-0.2807239256010772,-0.10020597634605656,-0.5404720997870348,-0.6221567389365305,-0.7942265277101938,-0.6762771856959172,1.013436702740284,-0.08337282888189856,0.36664678611302226,-0.7647308197458192,-0.03030258498747228,0.1321193747044573,-0.7449192187227722,-0.8047794038771868,-0.4037366476503546,-0.03896519695842335,-0.27637057074374,-0.2502485974904282,-0.2915281939158355,-0.838099407464964,1.0736339793037517,-0.4798112969932716,-0.2660165269012318,-0.731456558453927,-0.7975089690058494,-0.6680297030669584,0.5801041937607181,-0.7622697554452618,-0.35759272781088286,-0.4256847285200376,-0.7672934622289077,-0.8298383243921471,-0.7272161150461649,0.424538649146114,-0.3653014171691685,-0.7627516478195191,0.08529975322067489,-0.7694746769432201,-0.47945596442647215,-0.4222591420114625,1.846625836558866,1.1341393271770401,1.1543226754005278,-0.3608622448179215,-0.6637916829180104,1.3275010160639762,-0.17993682722308435,-0.36855875720250164,-0.2964869422224552,-0.2244397863966744,-0.6308353834285477,0.3443122712207798,-0.1484837879347133,-0.371734395092643,-0.09778895770450395,-0.667168174178847,-0.29110293050616504,-0.7813665218529099,-0.31198100853745253,0.36738325815643386,-0.5137172368242192,-0.7508936916698834,-0.36348815065888285,-0.5560006561233092,-0.7655869729006214,-0.750496156301912,0.5480994417569389
411,-0.4626198820225062,0.13902765732720626,2.1062406276632597,-0.4064487460162575,1.1040128290924938,-0.14573555948234926,0.02883708702810832,-0.419304850589838,0.10423390541088669,-0.8233018060869453,-0.7925831663741418,-0.013679999628627598,0.4869019170439884,-0.3554927828534925,2.1277193554993157,0.04735984763221022,0.7122550110741069,-0.6022711991400812,-0.2877637457726659,-0.5090253877772097,-0.020518955025861915,-0.0034376042375292245,0.633229267268386,1.0480303898027354,-0.49683216161022736,-0.35130990042541077,-0.6395345852979323,1.5468636166956058,-0.8340525181318775,-0.7545491625948485,3.39953787114449,0.2711242687511639,-0.8367844447846362,-0.16227501184534843,-0.8370146259494141,-0.455636270725216,-0.2997957343062038,0.5126044516566408,0.38095655952959173,-0.6077738064425378,1.526832020768502,0.4280668022137044,-0.7647308197458192,-0.3669979737371641,-0.36644430342557033,1.0599511350108168,-0.8047794038771868,-0.3444333797816186,1.2598747016556884,-0.08759285848708705,-0.0880304055130547,-0.4281393438295354,-0.838099407464964,-0.6278461780714493,-0.42099167084993167,-0.444684343476686,1.7349191203406242,0.8026294118245066,1.1743026275093196,1.43622018219153,-0.7622697554452618,-0.3851762458462796,-0.4256847285200376,0.764570149142026,-0.665838655539944,0.7377639716705249,-0.06083328204227859,-0.25053502786060156,-0.2624772832680199,0.2600943294925495,-0.7694746769432201,-0.4603343258994532,-0.8168938541717079,-0.4322934605044773,0.9555909444350628,-0.21614183067201198,-0.2345688786893909,1.4721716532043005,-0.6052837683048317,-0.46969017218779346,-0.5050475573515606,-0.6112289191040424,-0.2244397863966744,-0.802071915303832,-0.18867886069993195,-0.4996015208334049,-0.371734395092643,0.36787274565027683,2.1673222100116876,-0.49144906299492275,-0.6262719363322846,-0.25874192858225586,-0.13223132682511707,-0.5137172368242192,0.13085089695139818,-0.15548348647640342,-0.5887258271723562,-0.7655869729006214,-0.750496156301912,-0.5601316652039429
412,4.005477046872427,-0.2850722402322139,-0.8145298735165075,0.5467612587123015,2.3792225652663244,-0.3862232814004173,-0.21733316808988945,-0.7577268446090778,3.8512043613577935,-0.4606137857843262,0.8275786618640876,-0.4800436233318407,-0.29589859267303464,0.14571467823192377,-0.47698681802700793,-0.22692498421456722,-0.745292760564584,-0.042192588656434694,-0.74745024061718,-0.5090253877772097,-0.020518955025861915,0.9340908241795217,0.12338283629545041,-0.3625844344175933,-0.4217989876148748,-0.16909522178152553,1.020731731674893,1.6734067790561757,-0.6686315506324968,-0.7545491625948485,1.8263251582536832,-0.3778433958127923,-0.8367844447846362,-0.04382609808961965,-0.8370146259494141,-0.5404720997870348,0.18374577263928613,-0.6308726552893394,1.614395928959352,0.29289869865902984,-0.2622844788430542,1.6564671242273479,-0.7647308197458192,-0.2547661774872668,-0.2833503570705657,-0.7449192187227722,-0.8047794038771868,-0.2851301119128826,-0.7811594247379158,-0.8427037075136988,-0.3043213281495527,-0.4008171138467954,-0.838099407464964,-0.11740213085888894,-0.4798112969932716,-0.36527642499870633,-0.731456558453927,0.16257405949236417,-0.8522629361245863,2.977228961366991,-0.12704495924087694,-0.35759272781088286,-0.7640668656583823,0.4241560132818185,-0.3378393178355381,-0.7272161150461649,6.087211179677361,-0.33660981984202676,-0.5959935263023527,-0.7886731281386982,-0.03383923053478791,-0.47945596442647215,-0.027624429851217113,-0.4322934605044773,1.8483328581449494,0.7627613879512306,-0.5082045053012073,0.3220375491384407,0.03897782648477095,0.5444465351886884,-0.44655235728767817,-0.768599907544836,-0.572948771484678,0.3965838078231586,-0.24790009758001105,-0.44108189868362296,-0.29509866218459396,-0.09778895770450395,-0.8443238231907555,-0.43134522324829544,-0.7813665218529099,-0.31198100853745253,-0.7983841068005183,-0.10574611482277449,-0.5745447739456271,-0.25948581856764313,-0.6214509982214033,0.051649334636335656,-0.5847505387440692,0.5480994417569389
413,-0.4626198820225062,0.2161367296107372,-0.6319817171927721,-0.025164744124833896,0.944611612070765,-0.32610135092090026,-0.3580018853001739,-0.419304850589838,-0.7473502891225012,-0.8233018060869453,-0.7925831663741418,-0.4800436233318407,-0.4524586946164393,0.5102291953849538,-0.1513985463362175,-0.08978256829117849,0.06445600145691095,-0.7889640693012967,0.018693917457010226,-0.5090253877772097,-0.4798985451570976,-0.4722018184460547,-0.7263612153261089,-0.19331065551115387,-0.3842824006171984,0.231777071235022,1.352784995069458,0.9000874535193599,-0.5032105831331162,0.06277012097842767,-0.7956960298976613,-0.30573587752790826,-0.8367844447846362,-0.399172839356806,1.7418156476623372,-0.6083407630364898,0.34492627495444944,-0.7942265277101938,-0.32386593728741425,-0.7879083074628513,0.09553882107925708,0.7351668827171153,0.3756858266582572,-0.2547661774872668,-0.0756154911830542,-0.7449192187227722,-0.8047794038771868,0.1892960310370053,-0.7811594247379158,1.9889619763360955,0.23640597844169234,-0.4281393438295354,-0.651023646870106,1.0736339793037517,-0.4602047549454916,-0.38512840461820125,-0.731456558453927,-0.15745361667370703,-0.8522629361245863,0.9225505891330428,2.4138542255766624,-0.16450810156310594,-0.4256847285200376,0.2539489453517148,-0.009839980131132115,-0.14122408035948897,5.116467317300575,-0.2792266251877433,-0.5959935263023527,0.959272634580048,2.540884831894725,-0.44121268737243435,1.3535970627096416,-0.25699197611498936,0.06284903072517607,3.3079097563716617,-0.5082045053012073,-0.828096554927419,0.2000432251821716,0.8341998801533975,-0.48554915733026643,-0.768599907544836,-0.7472032640286799,-0.6308353834285477,-0.30712133446009016,-0.48009498011681095,0.21580622386906598,0.2126521778653499,-0.3128568761550302,-0.19092986426178615,-0.7813665218529099,-0.3652200884926492,-0.2987695218189674,-0.411724456323858,-0.5745447739456271,0.15652350979731577,-0.5560006561233092,-0.7655869729006214,1.9014337246235726,0.2314619826252584
414,-0.6344697639030806,0.13902765732720626,-0.08433724822156573,-0.7877327479076812,0.1476055269621209,-0.14573555948234926,-0.28766752669503165,0.2575391374486415,-0.23639977240246846,-0.6419577959356357,-0.7925831663741418,-0.4800436233318407,-0.29589859267303464,0.009021734299537511,-0.8025750897177983,-0.2726391228556968,0.06445600145691095,-0.042192588656434694,-0.74745024061718,-0.3323758740116939,0.4388606351053738,-0.6284565565155632,-0.7263612153261089,-0.19331065551115387,-0.47807386811138924,-0.20553815751030255,-0.4735079536006498,1.8280706441635388,-0.5032105831331162,6.437860532849982,-0.6208946173542383,-0.44995091409767635,-0.47391174539841063,0.07462281566610911,-0.6528124635485747,-0.06539145704084987,-0.7833372412516937,0.8393121964983495,-0.6762771856959172,3.3551852160043603,-0.7990194287265212,0.8733619189436501,-0.6018141559738084,-0.06771318373743804,-0.11716246436055651,-0.7449192187227722,0.9111681523641495,0.01138622743079732,-0.7811594247379158,-0.8427037075136988,0.12826051712344333,-0.4281393438295354,-0.08979636508553193,5.837778419954315,-0.24453279241991188,-0.5042402823351707,-0.555286867111459,1.1226570879905777,-0.11533000389407506,0.9225505891330428,2.5726604246277587,-0.3851762458462796,-0.4256847285200376,-0.7672934622289077,0.8101583641298828,-0.580718106374496,-0.7079958569601353,-0.19315183320631812,2.7391689040409757,0.2600943294925495,1.9891582470884006,-0.44121268737243435,1.9455491309500097,-0.6075949448939653,0.41994579620913075,-0.6077031181213091,-0.5082045053012073,1.3078667811948919,-0.6052837683048317,-0.46969017218779346,-0.4660507573089723,3.0083038150342105,-0.7472032640286799,-0.802071915303832,0.40353350810085886,-0.1484837879347133,-0.29509866218459396,-0.2530095254894309,-0.3128568761550302,-0.35120677025279234,-0.6262719363322846,-0.3652200884926492,1.5331506231133858,-0.5137172368242192,-0.04549802077285813,0.20852467584293566,-0.49055031402521504,-0.11179792687105575,-0.750496156301912,-0.4018129356381026
415,-0.11892011826135748,-0.20796316794868294,1.5585961586920534,-0.4064487460162575,-0.808801775168252,-0.20585748996186626,-0.18216598878731835,-0.7577268446090778,1.6370854555709848,0.08341824466960238,-0.14451843507885012,0.4526836240745855,-0.7655788985032485,-0.21879983892110627,-0.47698681802700793,-0.044068429650048924,-0.25944350335168703,0.14450028150478078,2.163897560064743,-0.4501422165220378,-0.3267720151133524,-0.7847112945850717,-0.7263612153261089,0.08881230933291188,-0.30924922662184584,-0.35130990042541077,0.8547050999776103,1.490622211202019,1.1509990918606912,2.0243364015542906,-0.7956960298976613,0.12690923218139588,-0.29247539570529785,-0.2214994687232128,0.45240051085646166,-0.48957060234994354,2.279092302736409,0.8393121964983495,3.5526577952061182,-0.0673703033815972,-0.2622844788430542,1.579692104101495,-0.11306416465777558,-0.3669979737371641,-0.36644430342557033,-0.41676097258939243,-0.2899951370047859,0.01138622743079732,-0.7811594247379158,-0.8427037075136988,0.12826051712344333,-0.2095615039676156,-0.838099407464964,0.5631899320911915,-0.4994178390410515,-0.22631256766224198,-0.731456558453927,-0.6374951309228138,-0.8522629361245863,-0.6184581900424185,-0.12704495924087694,-0.3851762458462796,1.7737991628792027,0.08374187742161104,-0.665838655539944,-0.7272161150461649,-0.5462052132306712,-0.39399301449631025,1.9053782964551433,0.6096834820362987,-0.7694746769432201,-0.4985776029534911,-0.22494178593133982,0.2689124770534745,-0.8298928829847106,4.87415490616885,-0.46610671659169706,-0.828096554927419,0.2000432251821716,-0.7594435171525026,-0.5050475573515606,0.9624809653038936,-0.572948771484678,-0.802071915303832,-0.36634257134016923,-0.38256227653384106,-0.141827196368496,-0.5634506610592848,-0.49001252516693866,-0.41131060999941965,0.3042955767914666,-0.04578560876146916,-0.4653077168128177,-0.43212301242393025,-0.22184693849711443,-0.15548348647640342,-0.6050884126968797,-0.7655869729006214,0.9069600192765157,-0.7184503947697831
416,-0.29077000014193183,0.06191858504367534,-0.08433724822156573,-0.5970907469619694,-0.808801775168252,-0.3862232814004173,0.3453417007512483,1.4420161165159806,0.6151844221309194,-0.6419577959356357,-0.30653461790267306,4.494501696169099,1.2697024267610113,-0.1732355242769775,2.1277193554993157,-0.2726391228556968,0.06445600145691095,-0.7889640693012967,-0.2877637457726659,-0.5090253877772097,1.5107463454115906,-0.3159470803765462,-0.7263612153261089,-0.3625844344175933,-0.49683216161022736,-0.05976641459519438,-0.8055612169952149,1.1109927241203097,0.15847328686440676,-0.5910853058801933,-0.09649037972396941,-0.30573587752790826,-0.6553480950915234,-0.399172839356806,-0.6528124635485747,-0.591373597224126,-0.4609762366213671,-0.6308726552893394,-0.8524828099001687,-0.6077738064425378,-0.6201077787653655,1.0422669632205261,1.6790191368343448,-0.14253438123736956,-0.0756154911830542,1.388109381144197,0.5679786411158823,0.42650910251194923,-0.7811594247379158,-0.27637057074374,-0.1961758668313037,-0.4008171138467954,0.6585066772939002,-0.7979941938089693,-0.3033524185632518,-0.444684343476686,-0.555286867111459,-0.6374951309228138,-0.8522629361245863,0.06643460070223098,0.03176123981021927,-0.21967513763389934,-0.5948757970892099,-0.7672934622289077,-0.1738396489833351,-0.7272161150461649,0.424538649146114,0.03638094541081573,-0.7627516478195191,-0.7886731281386982,0.3339784926694282,-0.26911794062926414,3.524087979590991,0.9701184146114263,0.2413974134671534,-0.6077031181213091,-0.5082045053012073,-0.006572194880376346,-0.7663491670022323,-0.7594435171525026,-0.48554915733026643,-0.768599907544836,2.737886586851357,-0.6308353834285477,-0.0702363869397738,-0.4996015208334049,-0.09073670776313,-0.5634506610592848,2.1673222100116876,-0.3912759967505439,1.5450522609564683,1.1787132302080543,1.033536038131835,-0.5137172368242192,-0.7508936916698834,-0.05148115438516368,-0.5232754850742621,-0.60213971139323,-0.41900492118622645,-0.7184503947697831
417,-0.8063196457836549,-0.09229955952338653,-0.08433724822156573,-0.5970907469619694,1.5822164801576803,-0.20585748996186626,-0.14699880948474722,3.303337083621799,-0.5770334502158236,3.1662664172418644,-0.7925831663741418,-0.4800436233318407,-0.7655788985032485,-0.30992846820936376,-0.8025750897177983,-0.31835326149682636,-0.745292760564584,-0.042192588656434694,-0.74745024061718,-0.48939766402548573,0.28573410506162855,-0.7847112945850717,2.5026661808358166,-0.249735248479967,-0.49683216161022736,-0.35130990042541077,0.024571941491197763,1.3921997515882427,-0.00694768063497396,-0.10069373573622757,-0.7956960298976613,-0.44995091409767635,-0.8367844447846362,-0.2214994687232128,-0.46861030114773533,-0.5744064314117623,-0.2997957343062038,-0.7942265277101938,-0.14766031308316277,0.8333022017199705,0.09553882107925708,2.117117244982464,0.3756858266582572,-0.2921767762372326,-0.36644430342557033,1.0599511350108168,-0.8047794038771868,-0.4037366476503546,-0.03896519695842335,3.4991836743893194,-0.2502485974904282,-0.37349488386405544,1.2197339590784744,-0.11740213085888894,-0.24453279241991188,-0.48438830271567584,-0.731456558453927,-0.15745361667370703,1.1743026275093196,-0.10478859698393139,0.1905674388613155,0.3871622591448281,0.7586527514641688,-0.597086394298804,-0.5018389866877411,-0.7272161150461649,-0.7079958569601353,-0.3653014171691685,0.07103895976631291,-0.7886731281386982,-0.7694746769432201,-0.44121268737243435,1.5509144187897643,-0.08169049172550143,-0.8298928829847106,0.3712001005019336,0.03906674792242552,0.15773267712903216,-0.6052837683048317,-0.46969017218779346,-0.4660507573089723,-0.45385793066324875,-0.7472032640286799,0.2253472759478742,0.6404184556211753,-0.44108189868362296,0.11362524665833398,-0.7186712288442116,1.104388315940237,-0.49144906299492275,0.9246739188739674,-0.25874192858225586,-0.2987695218189674,-0.4729201246240747,0.13085089695139818,0.0005200116604561876,-0.6214509982214033,0.21509659614372706,-0.5847505387440692,-0.24349420607226235
418,-0.11892011826135748,-0.0151904872398556,-0.8145298735165075,0.5467612587123015,-0.33059812410306555,-0.025491698523315235,-0.3228347059976028,0.08832814043902161,-0.06608293349579088,-0.6419577959356357,0.17951393056879578,-0.7909527058006495,-0.7655788985032485,-0.264364153565235,-0.6397809538724032,-0.2726391228556968,-0.5833430081602851,2.758200463761798,0.17192274907184826,-0.19498180774962603,0.28573410506162855,-0.6284565565155632,-0.7263612153261089,-0.08046146957352757,-0.3655241071183603,0.3046629426925761,-0.3074813219033673,1.2797169406010696,-0.6686315506324968,-0.5910853058801933,-0.4460932048108154,-0.44995091409767635,-0.47391174539841063,-0.04382609808961965,-0.46861030114773533,-0.5404720997870348,1.150828786530266,-0.7942265277101938,-0.5000715614916658,-0.6077738064425378,-0.7990194287265212,0.7812318947926269,0.21276916288624628,-0.3669979737371641,0.090572401526955,-0.08860272645601257,-0.6331846482530531,-0.16652357617541064,-0.7811594247379158,-0.27637057074374,-0.35839405880867725,-0.3188504238985755,0.6585066772939002,-0.4576981623339291,-0.4994178390410515,-0.38512840461820125,1.5587494289981563,-0.6374951309228138,0.4373696952788083,0.7513273914468804,1.1434046331678929,-0.33000920977548615,0.08188847718747941,1.2751913529323373,-0.8298383243921471,-0.580718106374496,-0.22262392577174278,-0.39399301449631025,-0.7627516478195191,0.08529975322067489,-0.7694746769432201,-0.4985776029534911,2.5375011991903778,-0.6075949448939653,2.7410747718548363,-0.6077031181213091,-0.40296003352743176,-0.6637916829180104,1.1664356173665755,-0.7594435171525026,-0.427053957266384,-0.768599907544836,-0.7472032640286799,0.05411074407258983,-0.30712133446009016,-0.40206881725043503,-0.244008173579228,-0.09778895770450395,1.4586996139640538,-0.09075679801740728,-0.7813665218529099,-0.3652200884926492,-0.631845911806668,0.05744233397780339,0.13085089695139818,-0.05148115438516368,-0.5560006561233092,-0.7655869729006214,-0.750496156301912,-0.4018129356381026
419,1.4277288186638117,-0.2465177040904484,-0.6319817171927721,1.118687261549437,-0.808801775168252,-0.3862232814004173,-0.3580018853001739,-0.7577268446090778,-0.23639977240246846,1.5341703258800787,3.5818537698690776,-0.6354981645662451,-0.4524586946164393,0.05458604894366627,-0.8025750897177983,0.2302164021967285,0.7122550110741069,0.14450028150478078,-0.2877637457726659,-0.1360986364944541,-0.6330250752008428,-0.7847112945850717,0.633229267268386,0.3145106812081645,-0.47807386811138924,-0.16909522178152553,-0.4735079536006498,0.5626390205578403,0.654736189362549,-0.427621449165538,0.07831103281945356,-0.44995091409767635,-0.8367844447846362,-0.2807239256010772,-0.28440813874689597,-0.6083407630364898,-0.7833372412516937,-0.14081103802677644,-0.8524828099001687,0.29289869865902984,-0.6201077787653655,1.6411121202021772,-0.7647308197458192,-0.2921767762372326,-0.32489733024806805,-0.41676097258939243,-0.8047794038771868,-0.3444333797816186,-0.4100623108481696,-0.8427037075136988,-0.0880304055130547,-0.4281393438295354,0.28435515610418416,-0.6278461780714493,-0.0680739139898921,-0.48438830271567584,-0.731456558453927,-0.47748129283977825,-0.29956323695170284,-0.7896813877285809,2.731466623678855,-0.3851762458462796,-0.7640668656583823,1.445398420862441,-0.5018389866877411,0.005273928312180023,-0.7079958569601353,-0.2792266251877433,-0.5959935263023527,-0.2642893993230743,-0.7694746769432201,-0.47945596442647215,-0.8168938541717079,2.8984347428957937,-0.47279611750075595,-0.8034837618459576,-0.48715561094645216,-0.828096554927419,-0.6052837683048317,0.9790765526357521,-0.427053957266384,-0.768599907544836,-0.2244397863966744,-0.4595988515532633,-0.0702363869397738,-0.48009498011681095,0.16471573526369998,-0.7186712288442116,0.5729213689045117,-0.41131060999941965,-0.4711773508116594,-0.04578560876146916,-0.7983841068005183,-0.411724456323858,-0.04549802077285813,-0.10348232043078355,-0.19602377458379172,-0.7655869729006214,-0.41900492118622645,0.2314619826252584
420,2.115128346186109,0.023364048901909868,-0.2668854045453012,-0.5970907469619694,1.1040128290924938,-0.20585748996186626,-0.3580018853001739,6.349135029794956,0.10423390541088669,-0.8233018060869453,-0.6305669835503189,-0.4800436233318407,2.209063038421439,-0.12767120963284875,-0.3141926821816127,-0.31835326149682636,0.22640575386120995,-0.7889640693012967,0.018693917457010226,-0.4697699402737618,-0.6330250752008428,0.6215813480405047,3.352410232457376,-0.3625844344175933,-0.49683216161022736,-0.05976641459519438,0.3566252048857628,1.7999499414167455,1.6472619943588331,0.5531616911223933,-0.7956960298976613,-0.0894133226732562,0.9775790521464917,-0.399172839356806,-0.46861030114773533,-0.1841616177273961,-0.6221567389365305,-0.6308726552893394,0.20475093532534022,0.6531677006996569,-0.4411961288042099,0.6583918625912626,-0.7647308197458192,0.08192921126242499,-0.36644430342557033,0.07547639661067736,0.9111681523641495,-0.047917040437938666,6.455234296112135,-0.46514828300039296,-0.35839405880867725,-0.4281393438295354,0.4714309166990422,-0.7979941938089693,-0.28374587651547184,-0.40498038423769617,1.3825797376556883,1.9227262784057557,-0.8522629361245863,-0.27601179467009374,-0.7622697554452618,-0.3851762458462796,-0.7640668656583823,0.9347772170721298,0.48215902642547687,-0.43422009770282693,-0.384414569501207,-0.3653014171691685,0.07103895976631291,-0.7886731281386982,-0.03383923053478791,-0.4985776029534911,-0.8168938541717079,0.7948169302219383,-0.11569935201680126,-0.4119224743966605,-0.5082045053012073,-0.6637916829180104,-0.6052837683048317,0.2546931902239793,-0.3295619571599134,1.591964919067068,-0.572948771484678,4.163787509079414,-0.0702363869397738,-0.3240426543840591,-0.269553417881911,-0.7186712288442116,0.04145442186878656,-0.49144906299492275,0.45939016231209184,-0.3652200884926492,-0.631845911806668,-0.24853600752328012,-0.7508936916698834,0.31252700793417537,-0.5887258271723562,1.1957801651880755,2.232924959739258,-0.5601316652039429
421,0.05292976361921688,-0.3621813125157448,-0.6319817171927721,-0.5970907469619694,-0.6494005581465232,0.09475216243571878,-0.28766752669503165,-0.25009385358021813,4.873105394797859,0.627450275123531,-0.7925831663741418,-0.32458908209743637,-0.7655788985032485,-0.3554927828534925,-0.8025750897177983,-0.2726391228556968,-0.745292760564584,-0.042192588656434694,-0.74745024061718,-0.21460953150135004,-0.3267720151133524,-0.0034376042375292245,-0.556412405001797,-0.3625844344175933,-0.04663311763811166,-0.13265228605274848,1.020731731674893,0.7876046425321868,-0.8340525181318775,-0.7545491625948485,-0.7956960298976613,0.703769378460468,-0.29247539570529785,-0.16227501184534843,-0.46861030114773533,-0.523504933974671,0.34492627495444944,0.1858967068149322,-0.8524828099001687,-0.24750480440191075,-0.2622844788430542,0.5816168424654098,0.04985249911423535,-0.3669979737371641,-0.32489733024806805,-0.2526818495227025,0.39638388549174863,-0.3444333797816186,0.8887775877659422,-0.8427037075136988,-0.35839405880867725,-0.4008171138467954,-0.838099407464964,0.39304191635367136,-0.4602047549454916,-0.2858685065207267,-0.026777793084055153,0.16257405949236417,-0.4837964700093306,-0.7896813877285809,2.255048026525566,-0.21967513763389934,-0.7640668656583823,-0.2566722584385965,1.3021573706864917,-0.7272161150461649,-0.384414569501207,-0.25053502786060156,-0.2624772832680199,-0.7886731281386982,2.1730671086905087,-0.4603343258994532,-0.4222591420114625,0.9701184146114263,-0.8298928829847106,-0.6077031181213091,-0.38191113917267666,-0.828096554927419,-0.6052837683048317,-0.7594435171525026,-0.5050475573515606,-0.6112289191040424,0.12406919869132926,1.2527664671995804,-0.011015150059694707,-0.44108189868362296,-0.39727963939532596,2.2305195590694002,0.7500770179164202,-0.49144906299492275,0.1492009912708414,0.5930833507008909,-0.7983841068005183,-0.28933311972342457,-0.7508936916698834,-0.15548348647640342,-0.5887258271723562,-0.11179792687105575,0.4097231666029874,-0.7184503947697831
422,-0.6344697639030806,-0.3621813125157448,0.09821090810216972,-0.2158067450705457,-0.6494005581465232,-0.3862232814004173,-0.18216598878731835,-0.5885158475994579,-0.7473502891225012,-0.8233018060869453,-0.7925831663741418,1.6963199539498204,-0.29589859267303464,0.5102291953849538,-0.3141926821816127,-0.22692498421456722,-0.745292760564584,-0.7889640693012967,0.17192274907184826,-0.4697699402737618,-0.6330250752008428,0.9340908241795217,-0.7263612153261089,-0.249735248479967,-0.3655241071183603,-0.2784240289678567,0.024571941491197763,0.18300953347613078,0.15847328686440676,-0.7545491625948485,-0.27129179226739236,0.487446823605816,-0.47391174539841063,-0.2214994687232128,-0.8370146259494141,-0.5404720997870348,2.279092302736409,0.34925057923578656,0.028545311121088726,-0.7879083074628513,-0.4411961288042099,0.980846947119844,0.5386024904302681,-0.2921767762372326,-0.2002564107155611,-0.5808400956560823,0.39638388549174863,-0.4037366476503546,0.14658335998644975,2.1777396885927485,-0.3043213281495527,-0.34617265388131546,-0.651023646870106,-0.6278461780714493,0.12799150648790766,-0.5042402823351707,-0.555286867111459,-0.7975089690058494,-0.8522629361245863,1.0937737868192052,0.3493736379124117,-0.13692458352770923,-0.5948757970892099,-0.7672934622289077,1.1381577018342888,0.005273928312180023,-0.22262392577174278,-0.22184343053345984,0.4045552028006457,-0.2642893993230743,-0.7694746769432201,-0.4985776029534911,-0.4222591420114625,2.1972288053378417,-0.47279611750075595,0.7627613879512306,-0.3187644561084113,-0.17087706688978485,1.8106972121561782,-0.17993682722308435,-0.36855875720250164,-0.2964869422224552,-0.572948771484678,3.478841381578277,-0.36634257134016923,-0.460588439400217,-0.42282488369800897,0.2126521778653499,-0.3128568761550302,-0.37124138350166813,2.165430603038969,0.11393163110412086,0.03430686816873323,-0.24853600752328012,-0.7508936916698834,-0.311486984613263,-0.49055031402521504,0.21509659614372706,-0.5847505387440692,-0.5601316652039429
423,0.05292976361921688,-0.130854095665152,-0.6319817171927721,-0.5970907469619694,-0.011795690059607908,0.034630231956201775,-0.3228347059976028,0.765172128477501,-0.7473502891225012,0.2647622548209119,-0.468550800726496,-0.6354981645662451,-0.4524586946164393,-0.21879983892110627,1.8021310838085252,-0.13549670693230806,-0.5833430081602851,-0.7889640693012967,-0.4409925773875039,-0.4305144927703138,-0.7861516052445882,-0.4722018184460547,-0.04656597402886146,0.14523690230172503,-0.2342160526264932,-0.20553815751030255,-0.4735079536006498,1.3078376433478627,-0.6686315506324968,1.69740868812498,0.6027152704497225,-0.44995091409767635,-0.6553480950915234,-0.2214994687232128,-0.6528124635485747,-0.5574392655993985,-0.4609762366213671,-0.7942265277101938,0.38095655952959173,1.5538402058012248,0.09553882107925708,0.8580069149184796,0.21276916288624628,-0.2921767762372326,-0.2002564107155611,-0.5808400956560823,-0.8047794038771868,-0.4037366476503546,0.517680473876196,0.28996256602621884,-0.0880304055130547,-0.34617265388131546,0.8455824378887582,-0.6278461780714493,-0.4798112969932716,-0.444684343476686,-0.731456558453927,-0.15745361667370703,0.06890322916355274,-0.44723499235625613,0.9845984341167966,-0.3851762458462796,2.6197545057250644,-0.7672934622289077,0.8101583641298828,-0.7272161150461649,1.233491867793435,-0.3653014171691685,0.07103895976631291,-0.43908397559494894,-0.7694746769432201,-0.4985776029534911,-0.8168938541717079,-0.6075949448939653,1.4912360926609949,-0.8034837618459576,-0.5082045053012073,-0.6637916829180104,-0.7663491670022323,-0.7594435171525026,-0.4075555572450899,-0.768599907544836,-0.572948771484678,-0.802071915303832,1.2918520613020452,-0.48009498011681095,-0.42282488369800897,1.6096372879296925,-0.8443238231907555,-0.3912759967505439,-0.7813665218529099,-0.1522637686718625,-0.631845911806668,-0.5137172368242192,0.6598976501241671,0.10452234375169592,-0.3432870443045034,-0.7655869729006214,1.2384512543922013,-0.7184503947697831
424,-0.11892011826135748,-0.053745023381621064,-0.8145298735165075,0.35611925776658976,-0.6494005581465232,-0.08561362900283224,-0.2525003473924606,-0.7577268446090778,-0.7473502891225012,2.0782023563340073,0.8275786618640876,-0.6354981645662451,-0.6090187965598439,-0.3554927828534925,-0.6397809538724032,-0.13549670693230806,-0.09749375094738805,0.7045788919884273,-0.74745024061718,-0.5090253877772097,-0.6330250752008428,0.46532660997099623,-0.7263612153261089,-0.1368860625423407,-0.49683216161022736,-0.2419810932390796,0.6886784682803279,0.9422685076395498,-0.3377896156337354,1.69740868812498,-0.4460932048108154,-0.23362835924302425,0.9775790521464917,-0.399172839356806,-0.6528124635485747,-0.5574392655993985,0.02256527032412281,-0.6308726552893394,0.5571621837338432,-0.7879083074628513,-0.7990194287265212,0.474131814289216,-0.7647308197458192,-0.1799449799873353,-0.11716246436055651,0.4036346427440572,1.082762907988283,-0.2851301119128826,-0.22451375390329645,-0.8427037075136988,-0.0880304055130547,-0.4008171138467954,-0.651023646870106,-0.7979941938089693,-0.24453279241991188,-0.5042402823351707,-0.731456558453927,-0.7975089690058494,-0.8522629361245863,-0.7896813877285809,0.5081798369635079,-0.21967513763389934,-0.08730259138169293,0.2539489453517148,-0.1738396489833351,-0.7272161150461649,-0.384414569501207,-0.2792266251877433,-0.7627516478195191,-0.43908397559494894,0.5178873542715363,-0.42209104884541543,-0.8168938541717079,-0.7828964292834533,-0.8298928829847106,1.3501033191251761,-0.3398133504631664,-0.4994868109086019,-0.444218369607431,0.5444465351886884,-0.5050475573515606,0.1756260230999256,0.6468326763233347,-0.6308353834285477,-0.36634257134016923,-0.48009498011681095,-0.42282488369800897,-0.7186712288442116,-0.49001252516693866,-0.1508606377640346,1.5450522609564683,-0.31198100853745253,-0.4653077168128177,-0.4933186807241469,1.0125954855726798,-0.10348232043078355,-0.49055031402521504,0.3785438576511185,-0.750496156301912,-0.7184503947697831
425,-0.8063196457836549,-0.053745023381621064,-0.8145298735165075,-0.7877327479076812,-0.808801775168252,0.6959714672308889,-0.3580018853001739,-0.5885158475994579,1.126134938850952,-0.6419577959356357,-0.14451843507885012,0.4526836240745855,0.01722161121377456,-0.08210689498872,1.3137486762723394,-0.31835326149682636,-0.09749375094738805,-0.7889640693012967,0.3251515806866863,0.11906177227795764,-0.3267720151133524,-0.7847112945850717,0.12338283629545041,-0.3625844344175933,-0.49683216161022736,-0.3148669646966337,0.5226518365830454,1.8140102927901423,-0.8340525181318775,1.5339448314103248,-0.4460932048108154,0.2711242687511639,-0.47391174539841063,-0.10305055496748404,-0.28440813874689597,-0.48957060234994354,-0.7833372412516937,0.5126044516566408,-0.8524828099001687,-0.6077738064425378,3.137036870418903,2.0864072369321227,-0.7647308197458192,-0.3669979737371641,-0.32489733024806805,-0.7449192187227722,-0.8047794038771868,-0.3444333797816186,0.517680473876196,-0.27637057074374,-0.2502485974904282,-0.4281393438295354,-0.838099407464964,0.05274588487863117,-0.4405982128977116,-0.3057204861402216,1.9110888116830922,0.002560221409328572,0.2531364622211805,-0.7896813877285809,0.8257922350657003,-0.33000920977548615,-0.7640668656583823,-0.0864651905084927,-0.5018389866877411,-0.7272161150461649,-0.5462052132306712,-0.30791822251488504,0.9048295673521449,0.7844780583081733,2.908702555098941,-0.44121268737243435,-0.8168938541717079,-0.25699197611498936,2.3839780063708815,-0.4119224743966605,-0.17142219562512556,0.4863424211478492,-0.6052837683048317,0.3995698627063339,-0.4660507573089723,0.018255034659132002,0.2983236912353311,-0.6308353834285477,-0.18867886069993195,-0.44108189868362296,-0.141827196368496,1.7648578557146193,-0.667168174178847,-0.49144906299492275,-0.160988179770409,-0.20550284862705917,-0.2987695218189674,-0.43212301242393025,-0.5745447739456271,-0.311486984613263,-0.6050884126968797,-0.60213971139323,-0.41900492118622645,0.7064181713227792
426,0.56847940926094,0.1004731211854408,0.28075906442590515,-0.7877327479076812,-0.33059812410306555,0.1548740929152358,-0.3228347059976028,0.2575391374486415,-0.40671661130914605,-0.8233018060869453,-0.468550800726496,-0.4800436233318407,-0.7655788985032485,0.10015036358779503,1.4765428121177346,-0.08978256829117849,-0.5833430081602851,-0.042192588656434694,0.9380669071460385,-0.4305144927703138,-0.6330250752008428,-0.7847112945850717,1.1430756982413217,-0.249735248479967,-0.47807386811138924,-0.16909522178152553,-0.4735079536006498,0.22519058759632074,1.4818410268594526,-0.427621449165538,0.7775166829931455,-0.44995091409767635,-0.29247539570529785,-0.2807239256010772,-0.46861030114773533,-0.4047347732881248,-0.6221567389365305,-0.7942265277101938,-0.6762771856959172,3.715454218044987,-0.08337282888189856,1.5029170839756425,0.3756858266582572,-0.2921767762372326,-0.32489733024806805,2.3725841195443365,-0.2899951370047859,-0.047917040437938666,-0.5956108677930426,-0.6539259952570459,-0.1421031361721792,-0.4281393438295354,-0.838099407464964,-0.7979941938089693,-0.4798112969932716,-0.48438830271567584,-0.555286867111459,-0.47748129283977825,-0.8522629361245863,-0.7896813877285809,-0.6034635563941656,-0.30242569174008943,-0.7640668656583823,-0.7672934622289077,-0.5018389866877411,-0.7272161150461649,0.10095736168718561,-0.33660981984202676,0.07103895976631291,-0.7886731281386982,-0.7694746769432201,0.13243646843813292,-0.4222591420114625,0.7948169302219383,-0.47279611750075595,0.3712001005019336,-0.5082045053012073,0.3220375491384407,0.8443048199717742,-0.614566844670148,-0.4075555572450899,-0.45385793066324875,-0.7472032640286799,0.9102934034490118,0.10742732370046347,-0.421575357967029,-0.42282488369800897,-0.5634506610592848,-0.667168174178847,-0.43134522324829544,1.8552414319977186,-0.31198100853745253,-0.7983841068005183,-0.3097316758234968,-0.39819585622137077,-0.10348232043078355,-0.5723632416478327,0.21509659614372706,0.07823193148730186,-0.0851754765064221
427,0.22477964549979124,-0.2850722402322139,-0.8145298735165075,-0.5970907469619694,-0.808801775168252,1.417434632985093,-0.18216598878731835,-0.5885158475994579,-0.7473502891225012,0.2647622548209119,-0.14451843507885012,0.14177454160577677,0.17378171315717916,-0.3554927828534925,-0.6397809538724032,0.0016457089910806458,-0.5833430081602851,0.5178860218272118,1.7042110652202287,-0.3520035977634179,-0.7861516052445882,-0.3159470803765462,-0.7263612153261089,-0.1368860625423407,-0.4405572811137129,-0.35130990042541077,-0.8055612169952149,0.6470011287982202,0.4893152218631682,-0.5910853058801933,-0.7956960298976613,-0.16152084095814023,-0.29247539570529785,-0.399172839356806,-0.8370146259494141,-0.3029317784139423,-0.6221567389365305,3.779681900073727,-0.6762771856959172,-0.0673703033815972,-0.6201077787653655,1.856082176554565,-0.2759808284297865,0.08192921126242499,-0.11716246436055651,0.7317928888774371,1.4259524192365503,-0.10722030830667466,2.744263157214673,-0.8427037075136988,0.12826051712344333,-0.3188504238985755,-0.463947886275248,-0.7979941938089693,-0.4994178390410515,-0.32557246575971655,-0.555286867111459,-0.6374951309228138,-0.8522629361245863,-0.7896813877285809,-0.7622697554452618,-0.3851762458462796,-0.4256847285200376,-0.0864651905084927,1.466157039538695,-0.7272161150461649,-0.5462052132306712,-0.3653014171691685,0.23779708128347932,0.08529975322067489,0.7017962158736443,-0.44121268737243435,1.3535970627096416,0.2689124770534745,0.7770425616930854,-0.8034837618459576,-0.42400892788218686,0.4863424211478492,-0.444218369607431,-0.3248134997054389,-0.5050475573515606,-0.768599907544836,-0.2244397863966744,5.191206700331121,-0.12945762381985287,-0.07045762506833742,-0.16737244067117898,-0.5634506610592848,0.3957657198926034,-0.4513798364971712,-0.005893594249783797,-0.20550284862705917,0.8669978431379848,-0.5137172368242192,-0.7508936916698834,-0.36348815065888285,-0.6050884126968797,0.8688856421732927,0.4097231666029874,-0.7184503947697831
428,1.7714285824249605,-0.3621813125157448,1.010951689720847,-0.025164744124833896,0.1476055269621209,-0.2659794204413833,-0.3580018853001739,-0.7577268446090778,0.44486758322424186,0.08341824466960238,-0.468550800726496,1.2299563302466074,-0.4524586946164393,-0.264364153565235,-0.8025750897177983,-0.044068429650048924,0.38835550626550897,0.3311931516659963,0.17192274907184826,-0.4305144927703138,1.0513667552803547,-0.0034376042375292245,-0.7263612153261089,-0.08046146957352757,-0.49683216161022736,0.08600532831991381,0.024571941491197763,2.3623639963526117,-0.17236864813435468,-0.2641575924508828,-0.6208946173542383,-0.23362835924302425,0.4332700030671533,-0.399172839356806,-0.46861030114773533,-0.5574392655993985,0.18374577263928613,-0.6308726552893394,-0.8524828099001687,-0.7879083074628513,1.3479203708073466,1.4568520719001308,-0.6018141559738084,-0.3669979737371641,-0.36644430342557033,2.700742365677716,-0.6331846482530531,0.7230254418556291,0.3321319169313229,-0.08759285848708705,-0.35839405880867725,-0.1002725840366557,-0.08979636508553193,0.39304191635367136,-0.4994178390410515,-0.20646058804274706,-0.37911717576899107,-0.7975089690058494,3.5693346572584805,-0.7896813877285809,-0.6034635563941656,-0.33000920977548615,0.4202706143258241,-0.7672934622289077,-0.5018389866877411,1.177257997685532,-0.7079958569601353,-0.3653014171691685,-0.7627516478195191,0.43488890576442407,-0.7694746769432201,-0.42209104884541543,0.9589623505493964,-0.7828964292834533,-0.8298928829847106,-0.8034837618459576,-0.44505782223694196,1.4721716532043005,-0.28315297091003033,-0.0350601547407298,-0.5050475573515606,-0.45385793066324875,-0.7472032640286799,-0.11712578780269454,0.22586979746062164,-0.4996015208334049,-0.39727963939532596,1.1439755845749116,0.5729213689045117,-0.41131060999941965,4.646943971368972,-0.3652200884926492,-0.631845911806668,-0.5137172368242192,-0.04549802077285813,0.052521177706076054,-0.5887258271723562,0.8688856421732927,-0.08751368607054091,-0.24349420607226235
429,-0.8063196457836549,-0.32362677637397935,-0.08433724822156573,0.1654772568208779,-0.6494005581465232,0.034630231956201775,-0.2525003473924606,0.4267501344582614,-0.40671661130914605,-0.09792576548170716,0.5035462962164416,2.1626835776530333,0.9565822228742022,0.19127899287605252,-0.8025750897177983,0.13878812491446937,-0.421393255755986,0.3311931516659963,0.47838041230152434,-0.15572636024617809,-0.7861516052445882,-0.7847112945850717,-0.3864635946774852,0.7094828319898565,-0.49683216161022736,-0.16909522178152553,1.684838258464023,1.785889590043349,-0.8340525181318775,-0.5910853058801933,-0.6208946173542383,-0.23362835924302425,-0.8367844447846362,0.4299695569332954,2.110219972464016,-0.6083407630364898,-0.6221567389365305,1.4927276861817669,-0.32386593728741425,-0.7879083074628513,1.3479203708073466,1.5643371000763246,-0.6018141559738084,-0.06771318373743804,0.007478455171950403,-0.08860272645601257,-0.6331846482530531,0.6637221739868931,-0.4100623108481696,-0.6539259952570459,-0.1961758668313037,-0.2095615039676156,0.4714309166990422,0.5631899320911915,-0.40138512880215166,-0.444684343476686,0.8540706636282845,-0.7975089690058494,0.2531364622211805,0.06643460070223098,1.7786294293722775,-0.35759272781088286,-0.4256847285200376,-0.597086394298804,0.1541596887210709,-0.7272161150461649,-0.384414569501207,-0.39399301449631025,-0.09571916175085349,-0.7886731281386982,1.2535228006799686,-0.47945596442647215,-0.8168938541717079,-0.4322934605044773,2.205429623628904,-0.6077031181213091,-0.5082045053012073,-0.828096554927419,2.777089604340582,-0.7594435171525026,-0.48554915733026643,-0.6112289191040424,0.12406919869132926,-0.6308353834285477,-0.24790009758001105,-0.44108189868362296,-0.320643906487277,0.6783138812201307,1.2815439649521454,-0.49144906299492275,0.1492009912708414,-0.3652200884926492,-0.13223132682511707,-0.5137172368242192,-0.7508936916698834,-0.05148115438516368,-0.6214509982214033,0.8688856421732927,-0.08751368607054091,-0.5601316652039429
430,-0.8063196457836549,-0.130854095665152,-0.8145298735165075,-0.025164744124833896,1.4228152631359514,0.2149960233947528,-0.28766752669503165,-0.5885158475994579,4.873105394797859,0.627450275123531,-0.7925831663741418,-0.6354981645662451,-0.4524586946164393,-0.3554927828534925,0.49977799704536335,-0.2726391228556968,-0.745292760564584,-0.6022711991400812,0.3251515806866863,-0.5090253877772097,-0.7861516052445882,0.6215813480405047,0.12338283629545041,-0.3625844344175933,-0.34676581361952213,-0.35130990042541077,0.024571941491197763,1.2797169406010696,-0.8340525181318775,-0.2641575924508828,2.350729395883952,-0.44995091409767635,-0.6553480950915234,-0.2807239256010772,-0.28440813874689597,-0.6083407630364898,0.8284677818999393,0.8393121964983495,-0.5000715614916658,-0.24750480440191075,-0.08337282888189856,0.36664678611302226,-0.6018141559738084,-0.32958737498719837,-0.32489733024806805,-0.5808400956560823,-0.8047794038771868,0.42650910251194923,-0.5956108677930426,0.8562957027961777,-0.35839405880867725,-0.12759481401939568,1.2197339590784744,0.39304191635367136,-0.4405982128977116,-0.48438830271567584,-0.731456558453927,0.3225878975753998,-0.8522629361245863,-0.7896813877285809,0.8257922350657003,0.0009930066492742698,2.450563437155892,1.445398420862441,1.1381577018342888,-0.580718106374496,-0.384414569501207,-0.33660981984202676,-0.2624772832680199,0.43488890576442407,1.8052493854862925,-0.4985776029534911,-0.8168938541717079,-0.7828964292834533,0.41994579620913075,1.3501033191251761,-0.44505782223694196,4.265354477364245,-0.7663491670022323,-0.17993682722308435,-0.48554915733026643,-0.6112289191040424,-0.7472032640286799,-0.6308353834285477,-0.36634257134016923,-0.22650995080108924,0.11362524665833398,0.36787274565027683,0.04145442186878656,-0.471414449746047,-0.4711773508116594,0.9657569103872676,1.033536038131835,-0.37092734412371353,-0.7508936916698834,0.15652350979731577,-0.6050884126968797,-0.60213971139323,-0.750496156301912,-0.5601316652039429
431,-0.8063196457836549,-0.130854095665152,-0.6319817171927721,0.35611925776658976,-0.6494005581465232,-0.3862232814004173,-0.3580018853001739,-0.7577268446090778,-0.40671661130914605,-0.8233018060869453,-0.7925831663741418,1.3854108714810116,0.3303418151005838,0.009021734299537511,-0.1513985463362175,-0.22692498421456722,0.38835550626550897,-0.7889640693012967,-0.594221409002342,-0.5090253877772097,-0.020518955025861915,-0.3159470803765462,-0.7263612153261089,-0.1368860625423407,-0.49683216161022736,-0.35130990042541077,2.680998048647718,2.1233380230048686,1.9781039293575946,2.8416556851275665,0.07831103281945356,-0.3778433958127923,-0.29247539570529785,0.015398358788244727,0.08399618605478285,-0.5744064314117623,-0.6221567389365305,-0.6308726552893394,0.028545311121088726,-0.6077738064425378,-0.7990194287265212,1.4568520719001308,-0.4388974922017974,-0.3669979737371641,-0.2418033838930634,-0.5808400956560823,-0.8047794038771868,-0.4037366476503546,-0.5956108677930426,0.28996256602621884,-0.1961758668313037,-0.2095615039676156,0.4714309166990422,-0.11740213085888894,-0.40138512880215166,-0.4248323638571911,-0.731456558453927,0.3225878975753998,0.06890322916355274,2.463559368308504,1.6198232303211813,-0.35759272781088286,-0.4256847285200376,1.6156054887925448,-0.3378393178355381,-0.580718106374496,-0.5462052132306712,-0.30791822251488504,-0.09571916175085349,-0.6138785518668235,-0.7694746769432201,-0.47945596442647215,0.9589623505493964,-0.7828964292834533,-0.8298928829847106,-0.21614183067201198,-0.19247108997988066,-0.828096554927419,0.6832394212743735,0.3995698627063339,-0.5050475573515606,1.4345939306262743,-0.7472032640286799,-0.802071915303832,-0.12945762381985287,-0.18749686936790128,-0.39727963939532596,-0.2530095254894309,-0.8443238231907555,-0.4513798364971712,-0.6262719363322846,-0.25874192858225586,0.8669978431379848,-0.4933186807241469,2.9524335805394992,-0.36348815065888285,-0.6214509982214033,-0.27524518837844714,-0.750496156301912,-0.5601316652039429
432,-0.8063196457836549,-0.32362677637397935,-0.2668854045453012,-0.7877327479076812,-0.4899993411247944,-0.025491698523315235,-0.0414972715770339,0.765172128477501,-0.7473502891225012,-0.2792697756330167,-0.6305669835503189,-0.7909527058006495,5.340265077289531,-0.3554927828534925,3.5928665781078726,1.464498145507227,-0.421393255755986,-0.7889640693012967,-0.74745024061718,-0.4501422165220378,0.28573410506162855,-0.7847112945850717,0.12338283629545041,-0.02403687660471441,-0.49683216161022736,-0.2784240289678567,-0.8055612169952149,1.898372401030522,-0.5032105831331162,-0.7545491625948485,-0.6208946173542383,0.34323178703604795,-0.29247539570529785,-0.399172839356806,-0.8370146259494141,-0.11629295447794111,-0.7833372412516937,-0.7942265277101938,-0.32386593728741425,-0.7879083074628513,1.3479203708073466,0.6276818545409215,-0.7647308197458192,-0.3669979737371641,-0.0340685180055519,-0.2526818495227025,-0.11840038138065227,-0.3444333797816186,-0.5956108677930426,0.6675179905395248,0.45269690107819033,-0.12759481401939568,-0.651023646870106,2.6049661209414325,-0.4994178390410515,-0.5042402823351707,-0.731456558453927,-0.7975089690058494,0.06890322916355274,0.5801041937607181,-0.7622697554452618,-0.3851762458462796,-0.25649365995086526,0.08374187742161104,-0.8298383243921471,-0.14122408035948897,-0.384414569501207,0.23722212670080786,-0.7627516478195191,-0.2642893993230743,-0.7694746769432201,-0.4985776029534911,-0.4222591420114625,-0.4322934605044773,-0.8298928829847106,0.5669807442265821,-0.17142219562512556,-0.828096554927419,-0.28315297091003033,-0.7594435171525026,-0.5050475573515606,-0.6112289191040424,0.8210871688673366,-0.802071915303832,-0.24790009758001105,-0.421575357967029,-0.371734395092643,-0.7186712288442116,1.104388315940237,-0.31113754375504077,0.614484747832717,-0.09902468871666582,-0.7983841068005183,-0.4933186807241469,0.8362465678484234,-0.36348815065888285,-0.6050884126968797,0.5419911191585098,-0.5847505387440692,3.2395178443762234
433,-0.8063196457836549,-0.2465177040904484,1.9236924713395243,-0.2158067450705457,0.7852103950490362,-0.3862232814004173,-0.21733316808988945,3.303337083621799,0.6151844221309194,-0.6419577959356357,-0.7925831663741418,-0.6354981645662451,0.01722161121377456,-0.3554927828534925,-0.8025750897177983,-0.31835326149682636,0.8742047634784059,-0.22888545881765018,-0.1345349141578278,-0.5090253877772097,-0.020518955025861915,-0.0034376042375292245,2.5026661808358166,0.37093527417697764,-0.2717326396241695,-0.3148669646966337,-0.8055612169952149,0.6891821829184102,3.3014716693526402,2.0243364015542906,-0.7956960298976613,0.2711242687511639,-0.8367844447846362,-0.399172839356806,-0.46861030114773533,-0.5574392655993985,-0.7833372412516937,2.4728509207068927,0.38095655952959173,-0.0673703033815972,0.2744504710404127,1.2265270115225726,0.3756858266582572,0.3438034025121853,-0.36644430342557033,0.5677137658107472,-0.8047794038771868,-0.4037366476503546,-0.22451375390329645,0.28996256602621884,-0.1961758668313037,-0.4008171138467954,-0.838099407464964,4.136298262579113,-0.4602047549454916,-0.5042402823351707,-0.731456558453927,-0.47748129283977825,0.06890322916355274,-0.44723499235625613,2.255048026525566,-0.3851762458462796,-0.7640668656583823,-0.597086394298804,-0.8298383243921471,-0.7272161150461649,0.2627480054166498,-0.25053502786060156,-0.7627516478195191,-0.2642893993230743,-0.5855658153411121,-0.47945596442647215,0.16969292622890558,0.2689124770534745,0.5984941789511081,-0.6077031181213091,-0.40296003352743176,-0.3351819388991934,-0.6052837683048317,-0.0350601547407298,-0.4660507573089723,-0.13911595378166158,-0.05018529385267257,0.3965838078231586,-0.30712133446009016,-0.38256227653384106,-0.34618915078996,-0.09778895770450395,0.3957657198926034,-0.471414449746047,-0.7813665218529099,-0.31198100853745253,-0.13223132682511707,-0.16694178312299118,-0.39819585622137077,0.10452234375169592,-0.37601221535355045,-0.27524518837844714,-0.750496156301912,3.2395178443762234
434,-0.11892011826135748,-0.20796316794868294,-0.8145298735165075,-0.5970907469619694,-0.4899993411247944,0.8162153281899229,-0.3580018853001739,-0.419304850589838,-0.7473502891225012,-0.6419577959356357,0.17951393056879578,-0.16913454086303198,-0.4524586946164393,-0.03654258034459124,0.988160404581549,-0.31835326149682636,-0.745292760564584,-0.6022711991400812,-0.74745024061718,-0.39125904526686583,-0.020518955025861915,-0.7847112945850717,0.12338283629545041,-0.3625844344175933,-0.47807386811138924,-0.3148669646966337,-0.8055612169952149,2.1655190771250585,-0.3377896156337354,0.38969783440773814,-0.6208946173542383,-0.44995091409767635,0.2518336533740405,0.4891940138111598,0.636602673257301,-0.591373597224126,-0.6221567389365305,-0.7942265277101938,-0.8524828099001687,-0.7879083074628513,0.632273770962724,0.643036858566092,-0.7647308197458192,-0.06771318373743804,-0.2833503570705657,-0.41676097258939243,1.082762907988283,1.078845049068045,-0.22451375390329645,0.4787402782828718,-0.3043213281495527,-0.07295035405391573,0.28435515610418416,2.2646700894663923,-0.4798112969932716,-0.5042402823351707,-0.026777793084055153,0.002560221409328572,-0.6680297030669584,-0.44723499235625613,1.302210832218989,-0.30242569174008943,-0.25649365995086526,-0.597086394298804,2.1221557149475068,-0.2877220890311579,-0.22262392577174278,-0.25053502786060156,-0.7627516478195191,-0.08949482305119973,0.7017962158736443,-0.4985776029534911,0.16969292622890558,0.6195154458324504,-0.8298928829847106,-0.21614183067201198,-0.08722661820610514,-0.6637916829180104,-0.444218369607431,-0.7594435171525026,-0.4075555572450899,2.2214488728302424,-0.2244397863966744,-0.802071915303832,-0.0702363869397738,-0.3240426543840591,-0.065191463460447,-0.7186712288442116,-0.49001252516693866,-0.43134522324829544,-0.31608276529103424,-0.3652200884926492,-0.13223132682511707,-0.4933186807241469,-0.7508936916698834,-0.05148115438516368,-0.19602377458379172,-0.11179792687105575,-0.5847505387440692,-0.7184503947697831
435,0.05292976361921688,-0.3621813125157448,0.09821090810216972,-0.5970907469619694,0.4664079610055785,-0.3862232814004173,-0.3580018853001739,-0.25009385358021813,-0.7473502891225012,-0.09792576548170716,3.7438699526929007,5.738138026044334,-0.13933849072963006,-0.3554927828534925,-0.8025750897177983,-0.044068429650048924,-0.421393255755986,-0.7889640693012967,-0.74745024061718,-0.4501422165220378,0.13260757501788334,-0.7847112945850717,1.1430756982413217,-0.02403687660471441,-0.45931557461255107,-0.05976641459519438,-0.8055612169952149,1.4203204543350358,-0.6686315506324968,0.2262339776930829,-0.27129179226739236,-0.23362835924302425,-0.47391174539841063,-0.33994838247894155,1.3734113228606586,-0.6083407630364898,-0.6221567389365305,-0.7942265277101938,0.20475093532534022,0.47303319967934343,-0.7990194287265212,0.5509068344150687,0.86443581797429,-0.14253438123736956,0.3814012137694711,-0.5808400956560823,-0.2899951370047859,-0.22582684404414663,-0.22451375390329645,-0.8427037075136988,0.12826051712344333,-0.12759481401939568,-0.27687212568039,-0.7979941938089693,-0.4602047549454916,-0.4645363230961809,-0.731456558453927,-0.15745361667370703,-0.8522629361245863,-0.6184581900424185,-0.7622697554452618,0.08374356075546438,0.25107954575665176,-0.2566722584385965,-0.8298383243921471,-0.580718106374496,0.9099105803345066,-0.39399301449631025,0.9048295673521449,0.959272634580048,-0.5855658153411121,-0.4985776029534911,-0.8168938541717079,1.3207213833904021,0.5984941789511081,0.17541945677728507,-0.40296003352743176,1.1435619091854832,0.6832394212743735,-0.7594435171525026,-0.44655235728767817,-0.768599907544836,-0.3986942789406762,0.5678203396984429,-0.24790009758001105,-0.44108189868362296,0.11362524665833398,-0.5634506610592848,-0.49001252516693866,-0.471414449746047,-0.005893594249783797,-0.3652200884926492,-0.7983841068005183,-0.45252156852400244,-0.22184693849711443,-0.36348815065888285,-0.5069128995497386,-0.7655869729006214,1.9014337246235726,2.1312867374153415
436,0.3966295273803656,-0.053745023381621064,0.645855377073376,-0.5970907469619694,0.30700674398384975,-0.32610135092090026,-0.3580018853001739,0.2575391374486415,0.27455074431756427,0.44610626497222144,-0.468550800726496,-0.7909527058006495,-0.29589859267303464,0.009021734299537511,-0.1513985463362175,0.04735984763221022,0.22640575386120995,0.3311931516659963,0.018693917457010226,-0.05758774148755818,-0.7861516052445882,1.8716192525965727,-0.7263612153261089,0.37093527417697764,-0.4405572811137129,-0.2784240289678567,1.1867583633721754,0.3657941013302872,0.4893152218631682,-0.7545491625948485,1.4767223331668373,-0.44995091409767635,-0.47391174539841063,-0.33994838247894155,-0.10020597634605656,-0.38776760747576106,1.4731897911605927,-0.7942265277101938,-0.5000715614916658,-0.7879083074628513,0.2744504710404127,0.9347819350443324,5.589019067362607,-0.3669979737371641,-0.32489733024806805,0.07547639661067736,-0.8047794038771868,0.30790256677447725,-0.7811594247379158,-0.8427037075136988,0.29047870910081686,-0.4281393438295354,-0.838099407464964,-0.28755014659640904,-0.40138512880215166,-0.16675662880375725,2.439597885710496,0.8026294118245066,0.06890322916355274,1.2649969845053675,-0.6034635563941656,-0.35759272781088286,0.5894616828949965,-0.7672934622289077,-0.8298383243921471,-0.43422009770282693,-0.5462052132306712,-0.39399301449631025,-0.7627516478195191,0.43488890576442407,-0.7694746769432201,-0.4985776029534911,-0.8168938541717079,-0.7828964292834533,-0.6513445002427333,-0.6077031181213091,-0.42400892788218686,-0.828096554927419,-0.7663491670022323,-0.46969017218779346,-0.427053957266384,-0.13911595378166158,1.1695961539553403,-0.802071915303832,-0.18867886069993195,-0.4996015208334049,-0.42282488369800897,-0.7186712288442116,-0.3128568761550302,-0.471414449746047,-0.7813665218529099,-0.1522637686718625,-0.2987695218189674,-0.5137172368242192,-0.04549802077285813,-0.25948581856764313,-0.5887258271723562,-0.7655869729006214,2.5644161948549438,-0.24349420607226235
437,0.22477964549979124,-0.0151904872398556,0.4633072207496406,-0.2158067450705457,-0.808801775168252,0.2149960233947528,0.20467298354096386,-0.5885158475994579,-0.40671661130914605,-0.8233018060869453,1.6376595759832024,-0.7909527058006495,-0.4524586946164393,-0.3554927828534925,0.33698386119996815,-0.31835326149682636,-0.745292760564584,0.7045788919884273,-0.2877637457726659,-0.48939766402548573,-0.7861516052445882,-0.7847112945850717,-0.7263612153261089,-0.1368860625423407,-0.32800752012068396,-0.3148669646966337,0.5226518365830454,0.9563288590129465,0.15847328686440676,-0.7545491625948485,-0.6208946173542383,0.487446823605816,-0.8367844447846362,-0.399172839356806,-0.8370146259494141,-0.591373597224126,0.8284677818999393,0.1858967068149322,-0.8524828099001687,3.3551852160043603,-0.7990194287265212,0.274516761961999,-0.4388974922017974,-0.1799449799873353,0.2983072674144665,-0.7449192187227722,-0.8047794038771868,-0.3444333797816186,-0.22451375390329645,1.6114065518227896,0.12826051712344333,-0.07295035405391573,-0.838099407464964,-0.6278461780714493,-0.4798112969932716,-0.2461645472817369,-0.37911717576899107,-0.6374951309228138,-0.4837964700093306,-0.44723499235625613,0.9845984341167966,-0.3851762458462796,-0.08730259138169293,-0.0864651905084927,-0.009839980131132115,-0.7272161150461649,-0.384414569501207,0.15114733471938266,2.4056526610066427,0.08529975322067489,-0.7694746769432201,-0.3456044947373398,-0.6195764980915852,0.44421396144296244,-0.2942477347587786,-0.4119224743966605,-0.08722661820610514,-0.828096554927419,-0.28315297091003033,0.10981651774162475,-0.5050475573515606,-0.768599907544836,0.9953416614113384,1.4240029990748646,0.16664856058054256,-0.460588439400217,-0.34618915078996,0.8335344490050577,-0.3128568761550302,-0.31113754375504077,-0.160988179770409,-0.25874192858225586,-0.13223132682511707,-0.4729201246240747,0.3071998146756545,0.0005200116604561876,-0.4414625574516445,-0.43869244988583855,-0.750496156301912,-0.4018129356381026
438,1.2558789367832375,-0.3621813125157448,-0.8145298735165075,-0.7877327479076812,2.3792225652663244,-0.32610135092090026,-0.3580018853001739,-0.25009385358021813,-0.7473502891225012,0.44610626497222144,-0.6305669835503189,0.7635927065433943,-0.6090187965598439,-0.3554927828534925,-0.6397809538724032,-0.22692498421456722,-0.745292760564584,-0.7889640693012967,0.3251515806866863,-0.5090253877772097,0.28573410506162855,-0.7847112945850717,-0.7263612153261089,1.6687009124596799,-0.49683216161022736,-0.2784240289678567,0.5226518365830454,0.9844495617597397,-0.8340525181318775,-0.5910853058801933,-0.7956960298976613,0.9921994516000042,-0.47391174539841063,-0.2807239256010772,-0.8370146259494141,-0.43866910491285227,-0.7833372412516937,-0.7942265277101938,0.028545311121088726,-0.4276393054222243,-0.7990194287265212,1.1343969873715494,-0.6018141559738084,-0.1799449799873353,-0.36644430342557033,-0.2526818495227025,2.2839261973572182,-0.2851301119128826,-0.03896519695842335,-0.27637057074374,1.696369706238054,-0.4281393438295354,-0.08979636508553193,-0.7979941938089693,-0.28374587651547184,-0.4248323638571911,-0.731456558453927,-0.7975089690058494,-0.4837964700093306,0.7513273914468804,0.5081798369635079,-0.33000920977548615,-0.4256847285200376,-0.4268793263687002,0.48215902642547687,0.7377639716705249,-0.06083328204227859,-0.30791822251488504,-0.7627516478195191,1.8332455159394208,-0.5855658153411121,-0.4603343258994532,-0.8168938541717079,1.3207213833904021,-0.8298928829847106,2.5247871814730676,-0.38191113917267666,-0.6637916829180104,0.03897782648477095,-0.46969017218779346,-0.44655235728767817,-0.768599907544836,1.518105139043344,2.79389525407714,0.10742732370046347,-0.4996015208334049,-0.16737244067117898,-0.7186712288442116,-0.8443238231907555,-0.41131060999941965,-0.005893594249783797,0.912517830432071,0.36738325815643386,-0.06494900262263001,1.0125954855726798,-0.20748465252202328,-0.6214509982214033,2.666805518754598,-0.750496156301912,-0.5601316652039429
439,0.05292976361921688,-0.09229955952338653,-0.6319817171927721,0.1654772568208779,-0.6494005581465232,-0.32610135092090026,-0.2525003473924606,0.2575391374486415,-0.7473502891225012,0.627450275123531,-0.7925831663741418,-0.4800436233318407,-0.7655788985032485,-0.12767120963284875,-0.8025750897177983,-0.31835326149682636,-0.09749375094738805,-0.6022711991400812,-0.594221409002342,-0.5090253877772097,-0.3267720151133524,-0.7847112945850717,-0.04656597402886146,-0.249735248479967,-0.47807386811138924,-0.16909522178152553,-0.8055612169952149,0.22519058759632074,-0.8340525181318775,0.2262339776930829,0.07831103281945356,-0.3778433958127923,2.0661971503051686,-0.10305055496748404,1.0050069980589798,-0.6083407630364898,-0.6221567389365305,-0.7942265277101938,-0.32386593728741425,1.3737057047809111,0.09553882107925708,1.6104021121518362,-0.7647308197458192,-0.3669979737371641,-0.36644430342557033,-0.7449192187227722,-0.8047794038771868,-0.4037366476503546,0.3321319169313229,0.6675179905395248,-0.35839405880867725,-0.37349488386405544,-0.651023646870106,-0.6278461780714493,-0.3621720447065917,-0.444684343476686,-0.731456558453927,-0.7975089690058494,-0.6680297030669584,0.4088809960745557,1.7786294293722775,-0.33000920977548615,-0.7640668656583823,-0.0864651905084927,-0.009839980131132115,-0.7272161150461649,1.395282511522899,-0.3653014171691685,3.739717633143974,-0.7886731281386982,1.4374316622820766,-0.44121268737243435,-0.4222591420114625,-0.7828964292834533,-0.8298928829847106,0.17541945677728507,-0.5082045053012073,0.4863424211478492,0.5221740225769729,-0.7594435171525026,-0.4660507573089723,-0.768599907544836,-0.3986942789406762,-0.6308353834285477,-0.36634257134016923,-0.3630557358172471,-0.42282488369800897,0.5230933134352038,-0.13570122714312183,-0.4513798364971712,-0.7813665218529099,-0.20550284862705917,-0.4653077168128177,-0.4729201246240747,-0.39819585622137077,-0.20748465252202328,-0.6050884126968797,-0.7655869729006214,-0.25325930362838367,0.38978071219109867
440,-0.29077000014193183,-0.20796316794868294,-0.6319817171927721,0.5467612587123015,-0.808801775168252,0.09475216243571878,-0.21733316808988945,-0.5885158475994579,-0.5770334502158236,0.2647622548209119,-0.14451843507885012,1.540865412715416,-0.29589859267303464,-0.03654258034459124,-0.6397809538724032,0.04735984763221022,-0.745292760564584,-0.22888545881765018,-0.2877637457726659,-0.4697699402737618,-0.7861516052445882,2.3403834668050982,-0.7263612153261089,-0.1368860625423407,-0.49683216161022736,-0.35130990042541077,-0.3074813219033673,1.5890446708157957,-0.5032105831331162,-0.5910853058801933,-0.7956960298976613,-0.3778433958127923,-0.8367844447846362,-0.04382609808961965,-0.6528124635485747,-0.591373597224126,0.34492627495444944,-0.7942265277101938,-0.8524828099001687,-0.7879083074628513,-0.2622844788430542,2.3627973093851926,-0.4388974922017974,-0.21735557873730108,0.21521332105946192,-0.08860272645601257,1.2543576636124167,-0.4037366476503546,-0.03896519695842335,-0.27637057074374,-0.1961758668313037,-0.26420596393309553,-0.27687212568039,-0.28755014659640904,-0.42099167084993167,-0.34542444537921146,-0.731456558453927,0.3225878975753998,-0.8522629361245863,-0.6184581900424185,2.09624182747447,-0.19209161959850263,-0.7640668656583823,2.29643376051296,0.31815935757327385,-0.7272161150461649,-0.5462052132306712,-0.33660981984202676,-0.5959935263023527,-0.08949482305119973,0.8857050774757523,-0.44121268737243435,-0.8168938541717079,-0.7828964292834533,2.3839780063708815,0.7627613879512306,-0.38191113917267666,-0.828096554927419,0.5221740225769729,-0.7594435171525026,-0.1345779569469721,-0.6112289191040424,-0.7472032640286799,-0.6308353834285477,0.16664856058054256,-0.48009498011681095,-0.29509866218459396,-0.5634506610592848,-0.13570122714312183,-0.49144906299492275,-0.7813665218529099,-0.3652200884926492,-0.7983841068005183,-0.4933186807241469,1.7179911564697052,-0.311486984613263,-0.5887258271723562,0.21509659614372706,-0.750496156301912,-0.4018129356381026
441,-0.8063196457836549,-0.32362677637397935,-0.8145298735165075,4.359601277626538,-0.33059812410306555,-0.20585748996186626,-0.2525003473924606,-0.25009385358021813,0.6151844221309194,-0.6419577959356357,0.17951393056879578,-0.7909527058006495,2.3656231403648436,-0.3554927828534925,1.1509545404269443,-0.31835326149682636,-0.5833430081602851,0.3311931516659963,2.0106687284499047,-0.4697699402737618,0.5919871651491191,1.0903455622490301,-0.04656597402886146,-0.08046146957352757,-0.4405572811137129,-0.13265228605274848,-0.8055612169952149,0.09864742523575087,-0.00694768063497396,-0.7545491625948485,5.322353409122143,-0.44995091409767635,2.6105061993845067,-0.33994838247894155,-0.8370146259494141,-0.6083407630364898,-0.1386152319910405,0.5126044516566408,1.0857790563465977,0.8333022017199705,-0.2622844788430542,1.349367043723937,-0.2759808284297865,0.15675040876235652,0.2567602942369642,0.2395555196773673,-0.8047794038771868,-0.4037366476503546,2.3731660433249266,-0.8427037075136988,-0.3043213281495527,0.3095608657044439,0.6585066772939002,0.9034859635662317,-0.4798112969932716,-0.4645363230961809,-0.555286867111459,0.16257405949236417,-0.8522629361245863,-0.6184581900424185,-0.6034635563941656,-0.24725865566929606,0.25107954575665176,-0.7672934622289077,-0.8298383243921471,-0.14122408035948897,-0.22262392577174278,-0.39399301449631025,1.0715876888693112,1.308861787123797,1.4374316622820766,-0.32648285621032086,0.16969292622890558,-0.7828964292834533,0.06284903072517607,2.720567825197716,-0.15037330127037046,2.4580008852607516,0.5221740225769729,-0.0350601547407298,-0.4660507573089723,0.1756260230999256,-0.2244397863966744,-0.4595988515532633,0.6404184556211753,-0.4996015208334049,-0.371734395092643,-0.5634506610592848,-0.8443238231907555,-0.4513798364971712,0.45939016231209184,-0.31198100853745253,-0.13223132682511707,-0.45252156852400244,-0.39819585622137077,-0.311486984613263,-0.6214509982214033,1.1957801651880755,-0.25325930362838367,0.07314325305941816
442,0.05292976361921688,-0.20796316794868294,0.8284035333971115,3.215749271952267,0.7852103950490362,-0.2659794204413833,0.20467298354096386,0.934383125487121,-0.23639977240246846,0.2647622548209119,3.2578214042214317,-0.7909527058006495,-0.6090187965598439,0.7836150832497263,2.7788958988808963,0.2302164021967285,0.7122550110741069,0.7045788919884273,-0.74745024061718,-0.5090253877772097,3.1951381758927884,-0.6284565565155632,-0.556412405001797,-0.30615984144878017,-0.45931557461255107,-0.35130990042541077,0.6886784682803279,1.1531737782404996,-0.8340525181318775,-0.427621449165538,0.07831103281945356,0.5595543418907,-0.11103904601218505,-0.33994838247894155,-0.8370146259494141,-0.6083407630364898,0.18374577263928613,3.4529741552320186,-0.8524828099001687,-0.7879083074628513,-0.7990194287265212,0.6891018706416037,3.471102438326465,-0.21735557873730108,-0.2418033838930634,-0.7449192187227722,-0.46158989262891953,1.316058120542989,-0.03896519695842335,0.28996256602621884,-0.35839405880867725,-0.4281393438295354,-0.08979636508553193,-0.7979941938089693,-0.4994178390410515,-0.4248323638571911,0.1493918982584128,0.002560221409328572,-0.4837964700093306,1.7786665775638546,-0.12704495924087694,-0.27484217370469277,0.08188847718747941,-0.597086394298804,-0.009839980131132115,5.86519427517894,-0.5462052132306712,-0.2792266251877433,1.9053782964551433,3.056807549842543,0.15006963106732016,-0.4985776029534911,-0.8168938541717079,0.7948169302219383,-0.8298928829847106,0.9585420316758791,-0.42400892788218686,-0.828096554927419,-0.444218369607431,0.9790765526357521,-0.36855875720250164,0.3329970115407192,-0.7472032640286799,-0.28836231967797893,-0.011015150059694707,-0.460588439400217,-0.42282488369800897,2.6961812624241808,-0.49001252516693866,-0.35120677025279234,-0.160988179770409,0.27364887096971086,-0.4653077168128177,-0.37092734412371353,-0.7508936916698834,0.10452234375169592,-0.5887258271723562,-0.11179792687105575,-0.750496156301912,-0.7184503947697831
443,0.22477964549979124,-0.3621813125157448,-0.8145298735165075,-0.7877327479076812,-0.6494005581465232,-0.3862232814004173,-0.28766752669503165,0.4267501344582614,-0.23639977240246846,-0.4606137857843262,-0.7925831663741418,0.9190472477777987,-0.6090187965598439,0.14571467823192377,-0.8025750897177983,-0.13549670693230806,-0.5833430081602851,1.6380432427945049,-0.74745024061718,-0.48939766402548573,-0.7861516052445882,0.9340908241795217,3.182461422133064,-0.30615984144878017,-0.47807386811138924,-0.35130990042541077,2.016891521858588,0.8297856966523767,0.8201571568619297,0.06277012097842767,1.1271195080799914,-0.44995091409767635,0.7961427024533789,-0.399172839356806,-0.10020597634605656,-0.43866910491285227,-0.7833372412516937,0.5126044516566408,-0.6762771856959172,1.1935712037605974,1.7057436707296578,0.6276818545409215,-0.4388974922017974,-0.21735557873730108,-0.1587094375380588,1.0599511350108168,0.22478912986761498,-0.4037366476503546,0.517680473876196,0.4787402782828718,-0.2502485974904282,-0.18223927398487563,-0.651023646870106,-0.7979941938089693,-0.4798112969932716,-0.2461645472817369,0.8540706636282845,0.4826017356584354,-0.8522629361245863,-0.44723499235625613,2.890272822729951,-0.19209161959850263,-0.5948757970892099,-0.7672934622289077,4.090151741173943,-0.43422009770282693,-0.7079958569601353,0.15114733471938266,0.07103895976631291,0.43488890576442407,0.15006963106732016,-0.44121268737243435,0.16969292622890558,0.7948169302219383,-0.47279611750075595,-0.8034837618459576,-0.5082045053012073,-0.6637916829180104,-0.7663491670022323,0.10981651774162475,-0.5050475573515606,-0.768599907544836,-0.572948771484678,-0.28836231967797893,0.10742732370046347,-0.421575357967029,-0.29509866218459396,0.8335344490050577,-0.8443238231907555,-0.471414449746047,-0.005893594249783797,-0.09902468871666582,-0.2987695218189674,-0.411724456323858,1.7179911564697052,0.7285363362991343,-0.5396380705987857,-0.43869244988583855,-0.750496156301912,0.5480994417569389
444,0.05292976361921688,-0.130854095665152,-0.6319817171927721,-0.7877327479076812,-0.6494005581465232,-0.2659794204413833,-0.3580018853001739,0.765172128477501,-0.7473502891225012,0.44610626497222144,-0.7925831663741418,1.6963199539498204,-0.6090187965598439,-0.30992846820936376,-0.8025750897177983,-0.31835326149682636,1.360054020691303,4.065050554890306,-0.2877637457726659,-0.4501422165220378,-0.7861516052445882,-0.3159470803765462,0.2933316466197623,-0.30615984144878017,-0.49683216161022736,-0.35130990042541077,-0.8055612169952149,0.8860271021459634,-0.00694768063497396,-0.5910853058801933,-0.27129179226739236,0.12690923218139588,0.07039730368092774,-0.16227501184534843,2.2944221348648552,-0.5744064314117623,-0.7833372412516937,-0.7942265277101938,-0.8524828099001687,-0.4276393054222243,0.632273770962724,0.7658768907674564,0.21276916288624628,-0.1799449799873353,-0.36644430342557033,-0.7449192187227722,0.053194374243481356,-0.2851301119128826,-0.7811594247379158,0.1011848537695659,0.02011505580519431,0.28223863572170393,-0.08979636508553193,-0.7979941938089693,-0.4994178390410515,-0.48438830271567584,-0.555286867111459,0.4826017356584354,0.6216029283364362,-0.7896813877285809,-0.6034635563941656,-0.24725865566929606,0.08188847718747941,-0.0864651905084927,-0.1738396489833351,-0.7272161150461649,-0.5462052132306712,-0.39399301449631025,0.4045552028006457,-0.7886731281386982,-0.21774809213689597,-0.44121268737243435,0.7616449944692737,-0.08169049172550143,0.2413974134671534,-0.21614183067201198,-0.48715561094645216,-0.6637916829180104,-0.7663491670022323,-0.46969017218779346,-0.48554915733026643,-0.768599907544836,-0.7472032640286799,-0.4595988515532633,0.5811972187410961,-0.460588439400217,-0.42282488369800897,-0.2530095254894309,2.5216335080355043,-0.3912759967505439,-0.4711773508116594,-0.31198100853745253,1.2000742331256853,-0.0037533343224133127,0.8362465678484234,-0.311486984613263,-0.457825142976168,0.21509659614372706,2.232924959739258,-0.0851754765064221
445,0.3966295273803656,0.1004731211854408,-0.44943356086903663,-0.7877327479076812,-0.808801775168252,-0.3862232814004173,-0.3580018853001739,-0.7577268446090778,0.6151844221309194,-0.4606137857843262,-0.7925831663741418,-0.013679999628627598,0.3303418151005838,0.14571467823192377,0.988160404581549,0.13878812491446937,-0.745292760564584,-0.7889640693012967,1.5509822336053907,-0.48939766402548573,1.3576198153678452,-0.7847112945850717,-0.3864635946774852,-0.1368860625423407,-0.3842824006171984,-0.35130990042541077,1.5188116267667404,1.6874671304295723,-0.8340525181318775,0.5531616911223933,-0.6208946173542383,0.703769378460468,0.07039730368092774,-0.399172839356806,1.0050069980589798,-0.523504933974671,-0.1386152319910405,-0.7942265277101938,-0.5000715614916658,-0.4276393054222243,0.09553882107925708,0.7505218867422858,-0.2759808284297865,-0.1051237824874038,-0.32489733024806805,0.07547639661067736,-0.8047794038771868,-0.10722030830667466,1.2598747016556884,-0.27637057074374,-0.0880304055130547,-0.4281393438295354,-0.651023646870106,-0.7979941938089693,-0.3621720447065917,-0.5042402823351707,-0.555286867111459,-0.6374951309228138,0.06890322916355274,-0.6184581900424185,-0.7622697554452618,-0.35759272781088286,-0.7640668656583823,-0.597086394298804,-0.8298383243921471,-0.43422009770282693,5.27825796103004,-0.02100224924346773,0.07103895976631291,2.5324238210269194,2.540884831894725,-0.4985776029534911,-0.6195764980915852,-0.7828964292834533,2.7410747718548363,-0.8034837618459576,-0.5082045053012073,-0.828096554927419,-0.7663491670022323,1.268829897600461,-0.3100635571386193,-0.768599907544836,-0.7472032640286799,0.3965838078231586,-0.36634257134016923,-0.2460164915176832,-0.320643906487277,0.05743161008042298,-0.8443238231907555,-0.37124138350166813,-0.31608276529103424,0.16717071105931752,-0.631845911806668,-0.33013023192356905,-0.7508936916698834,-0.36348815065888285,-0.5560006561233092,-0.27524518837844714,-0.750496156301912,-0.4018129356381026
446,0.3966295273803656,0.023364048901909868,-0.6319817171927721,2.071897266277996,-0.808801775168252,-0.2659794204413833,0.4156760593563905,-0.7577268446090778,1.126134938850952,-0.6419577959356357,-0.7925831663741418,1.8517744951842248,-0.6090187965598439,-0.30992846820936376,2.1277193554993157,-0.18121084557343764,0.550305258669808,-0.41557832897886565,-0.74745024061718,-0.48939766402548573,-0.7861516052445882,-0.0034376042375292245,-0.7263612153261089,-0.08046146957352757,-0.4030406941160366,-0.35130990042541077,1.1867583633721754,1.5046825625754159,0.3238942543637875,0.06277012097842767,-0.4460932048108154,0.9921994516000042,-0.6553480950915234,-0.16227501184534843,2.662826459666534,-0.5574392655993985,2.279092302736409,1.4927276861817669,1.0857790563465977,-0.7879083074628513,-0.6201077787653655,1.1343969873715494,-0.6018141559738084,-0.06771318373743804,-0.0756154911830542,-0.7449192187227722,-0.6331846482530531,-0.3444333797816186,0.3321319169313229,0.1011848537695659,-0.35839405880867725,-0.4008171138467954,-0.463947886275248,0.05274588487863117,-0.4994178390410515,-0.5042402823351707,0.3255615896008807,-0.6374951309228138,-0.29956323695170284,-0.6184581900424185,-0.6034635563941656,-0.27484217370469277,0.7586527514641688,0.08374187742161104,-0.3378393178355381,-0.7272161150461649,-0.06083328204227859,0.2659137240279496,1.5718620534208105,-0.43908397559494894,-0.7694746769432201,-0.3456044947373398,0.36701028230902827,1.671324352169378,-0.8298928829847106,0.3712001005019336,-0.2345688786893909,-0.6637916829180104,-0.444218369607431,-0.3248134997054389,-0.48554915733026643,-0.6112289191040424,-0.7472032640286799,-0.6308353834285477,-0.24790009758001105,-0.460588439400217,-0.320643906487277,0.05743161008042298,0.7500770179164202,-0.471414449746047,-0.7813665218529099,-0.25874192858225586,-0.631845911806668,-0.45252156852400244,1.541642238745449,-0.36348815065888285,-0.6214509982214033,-0.60213971139323,-0.5847505387440692,-0.24349420607226235
447,0.22477964549979124,-0.32362677637397935,-0.6319817171927721,0.1654772568208779,0.30700674398384975,0.2149960233947528,0.06400426633067943,0.08832814043902161,2.829303327917728,-0.8233018060869453,-0.7925831663741418,0.4526836240745855,-0.13933849072963006,0.28240762216431003,1.8021310838085252,-0.31835326149682636,-0.421393255755986,-0.7889640693012967,2.0106687284499047,-0.4697699402737618,-0.7861516052445882,0.7778360861100132,-0.7263612153261089,-0.19331065551115387,-0.4405572811137129,-0.35130990042541077,1.352784995069458,1.7577688872965556,-0.8340525181318775,-0.7545491625948485,-0.6208946173542383,-0.23362835924302425,-0.6553480950915234,-0.16227501184534843,0.08399618605478285,-0.6083407630364898,-0.7833372412516937,0.1858967068149322,0.20475093532534022,1.1935712037605974,-0.6201077787653655,0.9654919430946735,-0.11306416465777558,-0.3669979737371641,-0.2002564107155611,0.7317928888774371,-0.8047794038771868,0.1892960310370053,-0.5956108677930426,0.28996256602621884,0.02011505580519431,-0.4008171138467954,1.5938854802681903,-0.6278461780714493,-0.3621720447065917,-0.4645363230961809,-0.2029474844265231,2.562781630737898,1.1743026275093196,-0.27601179467009374,-0.7622697554452618,-0.3851762458462796,-0.25649365995086526,-0.4268793263687002,-0.009839980131132115,-0.14122408035948897,0.5863292928755782,0.43806330799079995,-0.5959935263023527,-0.43908397559494894,-0.5855658153411121,-0.4603343258994532,-0.6195764980915852,-0.6075949448939653,-0.8298928829847106,-0.4119224743966605,-0.5082045053012073,0.4863424211478492,3.743481996524986,-0.614566844670148,-0.48554915733026643,-0.45385793066324875,-0.7472032640286799,-0.802071915303832,-0.36634257134016923,-0.34354919510065307,-0.39727963939532596,0.9887550167899846,-0.8443238231907555,-0.471414449746047,-0.7813665218529099,-0.3652200884926492,1.2000742331256853,-0.16694178312299118,0.3071998146756545,-0.25948581856764313,-0.6214509982214033,0.8688856421732927,-0.08751368607054091,-0.5601316652039429
448,-0.11892011826135748,0.29324580189426813,-0.8145298735165075,-0.7877327479076812,-0.4899993411247944,-0.14573555948234926,-0.0414972715770339,-0.7577268446090778,0.10423390541088669,0.44610626497222144,-0.7925831663741418,2.318138118887438,-0.7655788985032485,-0.21879983892110627,-0.1513985463362175,-0.31835326149682636,-0.5833430081602851,-0.7889640693012967,-0.74745024061718,-0.31274815025996994,1.6638728754553358,-0.4722018184460547,-0.3864635946774852,0.3145106812081645,-0.47807386811138924,-0.2419810932390796,0.024571941491197763,0.18300953347613078,-0.6686315506324968,-0.10069373573622757,0.9523180955365684,-0.16152084095814023,-0.47391174539841063,-0.399172839356806,-0.8370146259494141,-0.591373597224126,1.3120092888454293,0.022542834394077883,1.966807177367855,-0.4276393054222243,-0.7990194287265212,0.9347819350443324,0.04985249911423535,-0.1051237824874038,-0.32489733024806805,-0.7449192187227722,0.053194374243481356,-0.3444333797816186,-0.7811594247379158,0.6675179905395248,-0.35839405880867725,-0.2095615039676156,-0.463947886275248,-0.11740213085888894,-0.4798112969932716,-0.5042402823351707,-0.026777793084055153,-0.31746745475674265,-0.11533000389407506,0.06643460070223098,1.1434046331678929,-0.33000920977548615,0.4202706143258241,-0.7672934622289077,-0.8298383243921471,-0.2877220890311579,-0.06083328204227859,-0.30791822251488504,-0.7627516478195191,1.1340672108519225,0.15006963106732016,-0.4029694103183965,2.5375011991903778,-0.7828964292834533,0.41994579620913075,1.3501033191251761,-0.44505782223694196,-0.006572194880376346,-0.7663491670022323,0.10981651774162475,-0.5050475573515606,2.378819861271036,-0.2244397863966744,-0.802071915303832,0.462754744980938,-0.38256227653384106,-0.29509866218459396,-0.2530095254894309,-0.667168174178847,-0.4513798364971712,-0.31608276529103424,-0.3652200884926492,1.033536038131835,-0.5137172368242192,-0.7508936916698834,-0.25948581856764313,-0.6214509982214033,-0.7655869729006214,-0.08751368607054091,0.7064181713227792
449,0.05292976361921688,-0.09229955952338653,-0.08433724822156573,-0.7877327479076812,0.7852103950490362,0.39536181483330385,-0.21733316808988945,-0.419304850589838,-0.7473502891225012,-0.6419577959356357,-0.14451843507885012,-0.7909527058006495,0.9565822228742022,0.14571467823192377,-0.8025750897177983,-0.22692498421456722,4.113199811564386,-0.6022711991400812,0.018693917457010226,-0.234237255253074,-0.7861516052445882,-0.3159470803765462,-0.556412405001797,-0.30615984144878017,-0.49683216161022736,-0.3148669646966337,-0.4735079536006498,1.2656565892276728,-0.8340525181318775,-0.7545491625948485,-0.6208946173542383,-0.44995091409767635,0.9775790521464917,0.015398358788244727,-0.8370146259494141,-0.5574392655993985,1.3120092888454293,-0.4675187828684851,-0.8524828099001687,-0.0673703033815972,-0.7990194287265212,2.0864072369321227,-0.6018141559738084,-0.2547661774872668,-0.32489733024806805,-0.5808400956560823,-0.2899951370047859,-0.4037366476503546,-0.7811594247379158,-0.08759285848708705,0.5608423623964394,-0.4281393438295354,0.6585066772939002,2.2646700894663923,-0.42099167084993167,-0.444684343476686,-0.731456558453927,-0.6374951309228138,-0.29956323695170284,-0.7896813877285809,-0.7622697554452618,-0.35759272781088286,0.4202706143258241,-0.7672934622289077,2.2861553837997097,3.228230119088898,0.424538649146114,-0.19315183320631812,-0.7627516478195191,-0.6138785518668235,-0.03383923053478791,-0.28823957915628307,0.36701028230902827,-0.08169049172550143,-0.8298928829847106,-0.8034837618459576,-0.48715561094645216,0.8149521651666662,-0.28315297091003033,-0.614566844670148,-0.48554915733026643,-0.768599907544836,0.12406919869132926,-0.6308353834285477,-0.36634257134016923,-0.4996015208334049,-0.39727963939532596,-0.09778895770450395,0.04145442186878656,-0.43134522324829544,-0.7813665218529099,-0.31198100853745253,-0.7983841068005183,-0.5137172368242192,-0.5745447739456271,-0.10348232043078355,-0.457825142976168,1.3592274266954667,1.569942489507887,-0.0851754765064221
450,-0.4626198820225062,-0.3621813125157448,-0.6319817171927721,-0.5970907469619694,-0.4899993411247944,-0.2659794204413833,0.06400426633067943,-0.25009385358021813,-0.7473502891225012,0.627450275123531,-0.14451843507885012,-0.7909527058006495,-0.29589859267303464,0.19127899287605252,-0.8025750897177983,0.09307398627333979,-0.745292760564584,-0.6022711991400812,3.6961858762131232,-0.4501422165220378,0.28573410506162855,-0.4722018184460547,-0.7263612153261089,-0.249735248479967,-0.49683216161022736,-0.3148669646966337,0.5226518365830454,1.659346427682779,7.9332587593353,-0.2641575924508828,-0.09649037972396941,-0.44995091409767635,-0.29247539570529785,-0.04382609808961965,-0.6528124635485747,-0.5404720997870348,-0.7833372412516937,-0.7942265277101938,-0.6762771856959172,-0.24750480440191075,-0.7990194287265212,2.0864072369321227,-0.7647308197458192,-0.32958737498719837,-0.1587094375380588,-0.7449192187227722,0.053194374243481356,-0.4037366476503546,1.0743261447108152,-0.27637057074374,-0.3043213281495527,-0.34617265388131546,-0.27687212568039,-0.11740213085888894,-0.4994178390410515,-0.5042402823351707,-0.731456558453927,-0.7975089690058494,-0.6680297030669584,-0.7896813877285809,0.3493736379124117,-0.19209161959850263,-0.5948757970892099,-0.2566722584385965,-0.5018389866877411,0.8842619803421939,0.424538649146114,-0.22184343053345984,-0.5959935263023527,-0.08949482305119973,0.7017962158736443,-0.47945596442647215,-0.22494178593133982,-0.08169049172550143,-0.8298928829847106,0.3712001005019336,-0.44505782223694196,-0.4994868109086019,-0.7663491670022323,-0.7594435171525026,-0.44655235728767817,-0.45385793066324875,-0.2244397863966744,-0.4595988515532633,-0.36634257134016923,-0.28502957295087117,-0.39727963939532596,-0.40823009327435783,0.04145442186878656,-0.49144906299492275,-0.160988179770409,0.27364887096971086,-0.7983841068005183,-0.33013023192356905,0.6598976501241671,-0.36348815065888285,-0.5723632416478327,-0.43869244988583855,-0.750496156301912,0.38978071219109867
451,-0.8063196457836549,-0.16940863180691748,0.4633072207496406,-0.7877327479076812,-0.808801775168252,-0.3862232814004173,0.02883708702810832,-0.08088285657059825,0.44486758322424186,-0.8233018060869453,2.123708124454671,-0.4800436233318407,-0.4524586946164393,-0.264364153565235,0.8253662687361538,-0.31835326149682636,-0.09749375094738805,2.011428983116936,-0.1345349141578278,-0.48939766402548573,-0.7861516052445882,-0.6284565565155632,0.12338283629545041,-0.3625844344175933,-0.47807386811138924,-0.13265228605274848,-0.8055612169952149,0.39391480407708057,0.9855781243613103,-0.10069373573622757,-0.7956960298976613,0.9200919333151202,-0.47391174539841063,0.015398358788244727,-0.8370146259494141,-0.5574392655993985,0.6672872795847761,-0.4675187828684851,1.2619846805508492,-0.7879083074628513,1.3479203708073466,0.5509068344150687,-0.7647308197458192,0.044518612512459234,0.17366634788195962,-0.7449192187227722,1.082762907988283,0.24859929890574126,-0.5956108677930426,-0.08759285848708705,-0.3043213281495527,-0.4008171138467954,-0.838099407464964,-0.4576981623339291,-0.4994178390410515,-0.16675662880375725,2.9681069597379,-0.6374951309228138,-0.8522629361245863,-0.10478859698393139,-0.28585115829197316,-0.3851762458462796,0.08188847718747941,-0.7672934622289077,-0.8298383243921471,-0.2877220890311579,0.5863292928755782,-0.07838544389775119,-0.7627516478195191,-0.7886731281386982,-0.7694746769432201,-0.4985776029534911,-0.8168938541717079,-0.25699197611498936,-0.47279611750075595,-0.4119224743966605,-0.46610671659169706,-0.17087706688978485,4.70987438870939,-0.17993682722308435,-0.3295619571599134,0.1756260230999256,-0.7472032640286799,4.848733636580552,-0.36634257134016923,-0.4996015208334049,-0.42282488369800897,-0.5634506610592848,-0.3128568761550302,-0.4513798364971712,0.45939016231209184,-0.25874192858225586,-0.13223132682511707,-0.5137172368242192,0.13085089695139818,-0.36348815065888285,-0.5069128995497386,0.21509659614372706,-0.25325930362838367,-0.24349420607226235
452,-0.29077000014193183,-0.3621813125157448,-0.8145298735165075,3.597033273843691,0.30700674398384975,-0.3862232814004173,-0.3580018853001739,-0.7577268446090778,0.785501261037597,-0.4606137857843262,-0.468550800726496,-0.7909527058006495,-0.7655788985032485,-0.3554927828534925,-0.8025750897177983,0.13878812491446937,-0.745292760564584,-0.22888545881765018,0.6316092439163624,-0.4305144927703138,-0.17364548506960717,-0.7847112945850717,0.46328045694407416,-0.3625844344175933,-0.49683216161022736,0.3046629426925761,-0.8055612169952149,1.2797169406010696,-0.8340525181318775,-0.7545491625948485,0.07831103281945356,-0.44995091409767635,0.2518336533740405,-0.16227501184534843,0.45240051085646166,-0.6083407630364898,0.02256527032412281,-0.7942265277101938,-0.14766031308316277,2.8147817129434194,-0.7990194287265212,0.9501369390695029,-0.6018141559738084,-0.14253438123736956,-0.2833503570705657,0.895872011944127,0.9111681523641495,-0.4037366476503546,-0.7811594247379158,0.1011848537695659,-0.2502485974904282,-0.3188504238985755,1.5938854802681903,-0.28755014659640904,-0.4994178390410515,-0.4248323638571911,0.1493918982584128,1.6026986022396845,-0.6680297030669584,-0.6184581900424185,-0.12704495924087694,-0.08175754745691584,2.1121813000175473,-0.7672934622289077,-0.8298383243921471,-0.43422009770282693,-0.384414569501207,-0.30791822251488504,1.0715876888693112,-0.2642893993230743,-0.7694746769432201,-0.47945596442647215,0.36701028230902827,-0.7828964292834533,-0.11569935201680126,2.1332258940237705,-0.46610671659169706,-0.3351819388991934,-0.7663491670022323,0.5444465351886884,-0.48554915733026643,2.2214488728302424,-0.2244397863966744,1.2527664671995804,-0.12945762381985287,-0.07045762506833742,-0.014100974855081005,-0.7186712288442116,-0.667168174178847,-0.471414449746047,-0.005893594249783797,-0.3652200884926492,-0.13223132682511707,-0.4933186807241469,1.3652933210211924,-0.36348815065888285,-0.5887258271723562,0.051649334636335656,-0.41900492118622645,0.2314619826252584
453,0.7403292911415144,-0.3621813125157448,-0.08433724822156573,-0.5970907469619694,0.1476055269621209,1.056703050107991,-0.3580018853001739,-0.7577268446090778,2.318352811197695,0.2647622548209119,-0.6305669835503189,2.1626835776530333,-0.4524586946164393,-0.264364153565235,1.4765428121177346,-0.18121084557343764,1.198104268287004,0.3311931516659963,-0.74745024061718,-0.48939766402548573,-0.7861516052445882,-0.6284565565155632,-0.2165147843531733,-0.30615984144878017,-0.45931557461255107,-0.2784240289678567,0.19059857318848028,0.9985099131331364,-0.00694768063497396,-0.7545491625948485,1.3019209206234144,-0.23362835924302425,2.0661971503051686,-0.33994838247894155,-0.10020597634605656,-0.48957060234994354,1.4731897911605927,0.34925057923578656,-0.6762771856959172,1.013436702740284,-0.08337282888189856,1.3033020316484254,-0.7647308197458192,-0.06771318373743804,-0.0756154911830542,1.2240302580775069,1.4259524192365503,-0.4037366476503546,1.2598747016556884,0.1011848537695659,0.02011505580519431,-0.37349488386405544,-0.08979636508553193,-0.7979941938089693,-0.34256550265881175,-0.48438830271567584,-0.731456558453927,-0.7975089690058494,0.8058361613940639,-0.7896813877285809,-0.28585115829197316,-0.13692458352770923,-0.7640668656583823,-0.7672934622289077,0.1541596887210709,-0.580718106374496,-0.7079958569601353,-0.39399301449631025,-0.7627516478195191,-0.43908397559494894,-0.03383923053478791,-0.0014150012509994302,-0.4222591420114625,-0.08169049172550143,-0.11569935201680126,0.17541945677728507,-0.5082045053012073,1.3078667811948919,0.03897782648477095,1.7034599150475247,-0.271066757096031,1.4345939306262743,0.12406919869132926,0.05411074407258983,-0.36634257134016923,-0.48009498011681095,-0.39727963939532596,-0.09778895770450395,-0.3128568761550302,-0.4513798364971712,-0.6262719363322846,0.06069255114892419,-0.2987695218189674,-0.39132590022378577,-0.04549802077285813,-0.05148115438516368,-0.5723632416478327,-0.11179792687105575,0.24397754904514463,-0.4018129356381026
454,-0.8063196457836549,0.023364048901909868,-0.6319817171927721,2.071897266277996,1.5822164801576803,-0.20585748996186626,0.06400426633067943,-0.7577268446090778,-0.5770334502158236,-0.8233018060869453,-0.14451843507885012,-0.32458908209743637,-0.6090187965598439,0.14571467823192377,0.988160404581549,-0.044068429650048924,-0.25944350335168703,-0.6022711991400812,-0.2877637457726659,-0.48939766402548573,-0.7861516052445882,-0.6284565565155632,-0.7263612153261089,-0.3625844344175933,-0.3655241071183603,0.08600532831991381,-0.4735079536006498,0.9844495617597397,-0.6686315506324968,-0.427621449165538,-0.7956960298976613,-0.23362835924302425,-0.47391174539841063,-0.10305055496748404,-0.8370146259494141,-0.6083407630364898,-0.4609762366213671,0.34925057923578656,-0.32386593728741425,-0.6077738064425378,-0.08337282888189856,1.4875620799504718,-0.2759808284297865,-0.2921767762372326,-0.32489733024806805,-0.7449192187227722,-0.46158989262891953,-0.3444333797816186,0.14658335998644975,2.1777396885927485,-0.1961758668313037,-0.4008171138467954,-0.838099407464964,0.05274588487863117,-0.4602047549454916,-0.40498038423769617,-0.2029474844265231,-0.47748129283977825,-0.8522629361245863,-0.7896813877285809,-0.7622697554452618,-0.33000920977548615,3.296518780001754,-0.7672934622289077,-0.8298383243921471,-0.43422009770282693,-0.7079958569601353,-0.13576863855203467,-0.2624772832680199,1.308861787123797,-0.7694746769432201,-0.4985776029534911,-0.22494178593133982,-0.7828964292834533,-0.11569935201680126,-0.8034837618459576,-0.2766666673989011,-0.006572194880376346,0.2000432251821716,3.4419799848357795,-0.44655235728767817,-0.768599907544836,-0.572948771484678,4.677497104705268,-0.12945762381985287,-0.4996015208334049,-0.42282488369800897,1.6096372879296925,1.6358552629759622,-0.49144906299492275,-0.6262719363322846,-0.20550284862705917,-0.4653077168128177,-0.5137172368242192,-0.39819585622137077,-0.311486984613263,-0.5232754850742621,3.1571473032767723,-0.5847505387440692,-0.5601316652039429
455,0.22477964549979124,-0.2850722402322139,0.8284035333971115,-0.4064487460162575,0.4664079610055785,-0.3862232814004173,0.02883708702810832,0.2575391374486415,0.6151844221309194,0.44610626497222144,0.3415301133926187,-0.6354981645662451,-0.29589859267303464,0.05458604894366627,0.49977799704536335,0.04735984763221022,2.007853030308499,-0.7889640693012967,0.018693917457010226,-0.4501422165220378,-0.17364548506960717,-0.4722018184460547,-0.3864635946774852,-0.30615984144878017,-0.3842824006171984,-0.16909522178152553,-0.8055612169952149,1.2094151837340863,-0.5032105831331162,-0.7545491625948485,-0.6208946173542383,0.703769378460468,0.7961427024533789,-0.04382609808961965,-0.28440813874689597,-0.2520302809768511,0.18374577263928613,0.022542834394077883,-0.5000715614916658,-0.7879083074628513,0.632273770962724,1.856082176554565,1.1902691455183119,-0.3669979737371641,-0.2833503570705657,2.2085049964776466,-0.8047794038771868,0.0706894952995333,0.8887775877659422,-0.08759285848708705,0.23640597844169234,-0.26420596393309553,-0.838099407464964,-0.6278461780714493,-0.4405982128977116,-0.4248323638571911,-0.731456558453927,-0.15745361667370703,-0.4837964700093306,-0.7896813877285809,-0.7622697554452618,-0.19209161959850263,-0.7640668656583823,1.1049842850022336,-0.1738396489833351,0.005273928312180023,-0.22262392577174278,-0.19315183320631812,-0.09571916175085349,0.2600943294925495,0.8857050774757523,-0.42209104884541543,-0.6195764980915852,-0.7828964292834533,-0.8298928829847106,-0.4119224743966605,-0.40296003352743176,-0.828096554927419,-0.28315297091003033,0.10981651774162475,-0.5050475573515606,5.526239630086907,-0.7472032640286799,-0.802071915303832,-0.24790009758001105,-0.48009498011681095,-0.34618915078996,-0.2530095254894309,-0.3128568761550302,-0.43134522324829544,-0.4711773508116594,-0.1522637686718625,-0.7983841068005183,-0.3505287880236413,-0.7508936916698834,-0.36348815065888285,-0.5887258271723562,0.051649334636335656,-0.08751368607054091,-0.24349420607226235
456,-0.8063196457836549,0.37035487417779905,-0.08433724822156573,-0.4064487460162575,0.4664079610055785,-0.025491698523315235,-0.3580018853001739,-0.419304850589838,-0.40671661130914605,-0.6419577959356357,0.5035462962164416,0.2972290828401812,-0.6090187965598439,0.14571467823192377,-0.47698681802700793,-0.22692498421456722,-0.09749375094738805,-0.7889640693012967,-0.74745024061718,-0.48939766402548573,-0.7861516052445882,-0.7847112945850717,3.8622566634303115,-0.30615984144878017,-0.49683216161022736,-0.2784240289678567,-0.8055612169952149,0.3798544527036839,-0.00694768063497396,-0.5910853058801933,1.6515237457102603,0.34323178703604795,-0.8367844447846362,-0.399172839356806,-0.8370146259494141,-0.5574392655993985,-0.6221567389365305,3.12626641039031,-0.6762771856959172,0.29289869865902984,0.09553882107925708,0.5201968263647276,0.21276916288624628,0.19416100751232226,-0.2833503570705657,0.895872011944127,-0.6331846482530531,-0.3444333797816186,-0.22451375390329645,-0.46514828300039296,0.02011505580519431,-0.4281393438295354,3.838794607406487,-0.7979941938089693,-0.40138512880215166,-0.38512840461820125,-0.37911717576899107,-0.31746745475674265,-0.29956323695170284,-0.6184581900424185,0.3493736379124117,0.3319952230740347,-0.25649365995086526,0.2539489453517148,-0.8298383243921471,1.323756006357201,3.498560880005934,-0.3653014171691685,-0.2624772832680199,0.2600943294925495,-0.7694746769432201,-0.4603343258994532,-0.6195764980915852,0.44421396144296244,0.9555909444350628,-0.8034837618459576,-0.3187644561084113,-0.17087706688978485,-0.6052837683048317,0.2546931902239793,-0.4660507573089723,-0.6112289191040424,-0.7472032640286799,-0.6308353834285477,-0.30712133446009016,-0.421575357967029,-0.39727963939532596,-0.09778895770450395,-0.8443238231907555,-0.471414449746047,0.45939016231209184,-0.25874192858225586,3.1985325730518888,-0.5137172368242192,-0.04549802077285813,-0.311486984613263,-0.5069128995497386,-0.43869244988583855,1.7356881070657297,-0.5601316652039429
457,0.7403292911415144,-0.3621813125157448,1.376048002368318,-0.5970907469619694,-0.4899993411247944,-0.32610135092090026,-0.3228347059976028,-0.5885158475994579,-0.7473502891225012,-0.09792576548170716,2.447740490102317,-0.6354981645662451,-0.7655788985032485,-0.3554927828534925,-0.1513985463362175,-0.31835326149682636,-0.745292760564584,0.3311931516659963,-0.74745024061718,-0.5090253877772097,-0.020518955025861915,-0.0034376042375292245,-0.7263612153261089,0.6530582390210434,-0.3842824006171984,-0.20553815751030255,-0.14145469020608475,1.5468636166956058,-0.00694768063497396,-0.7545491625948485,0.07831103281945356,2.0738122258732643,-0.8367844447846362,-0.399172839356806,2.4786242972656947,-0.6083407630364898,-0.6221567389365305,-0.4675187828684851,-0.5000715614916658,-0.6077738064425378,-0.7990194287265212,2.117117244982464,0.21276916288624628,-0.1799449799873353,-0.11716246436055651,-0.5808400956560823,2.455520952981352,-0.4037366476503546,-0.4100623108481696,-0.8427037075136988,-0.3043213281495527,-0.23688373395035558,1.0326581984836163,0.05274588487863117,-0.4994178390410515,-0.48438830271567584,-0.731456558453927,0.16257405949236417,-0.4837964700093306,0.9225505891330428,1.6198232303211813,-0.3851762458462796,1.435417025740858,-0.4268793263687002,-0.5018389866877411,-0.14122408035948897,1.5570731552523633,-0.22184343053345984,-0.09571916175085349,-0.6138785518668235,0.5178873542715363,-0.4985776029534911,0.16969292622890558,-0.4322934605044773,-0.8298928829847106,-0.21614183067201198,-0.42400892788218686,0.15773267712903216,0.03897782648477095,0.5444465351886884,-0.4075555572450899,1.591964919067068,0.12406919869132926,0.7390568715737273,-0.36634257134016923,-0.28502957295087117,-0.320643906487277,-0.09778895770450395,0.04145442186878656,-0.4513798364971712,-0.7813665218529099,-0.1522637686718625,-0.13223132682511707,-0.39132590022378577,-0.22184693849711443,0.10452234375169592,-0.5560006561233092,0.3785438576511185,-0.25325930362838367,-0.7184503947697831
458,3.3180775193501297,-0.2850722402322139,-0.2668854045453012,-0.7877327479076812,-0.808801775168252,-0.32610135092090026,-0.3580018853001739,0.08832814043902161,0.6151844221309194,-0.8233018060869453,-0.6305669835503189,-0.6354981645662451,-0.7655788985032485,-0.3554927828534925,0.988160404581549,-0.08978256829117849,-0.745292760564584,-0.7889640693012967,-0.4409925773875039,-0.3520035977634179,0.4388606351053738,-0.4722018184460547,-0.7263612153261089,-0.3625844344175933,-0.45931557461255107,0.08600532831991381,-0.14145469020608475,1.7015274818029689,-0.6686315506324968,0.06277012097842767,0.6027152704497225,-0.16152084095814023,0.6147063527602661,-0.399172839356806,-0.6528124635485747,-0.5065377681623072,0.6672872795847761,-0.6308726552893394,0.7333678079380946,1.013436702740284,-0.08337282888189856,1.4414970678749603,-0.7647308197458192,-0.32958737498719837,-0.32489733024806805,1.7162676272775768,3.485089486726154,-0.10722030830667466,-0.03896519695842335,0.6675179905395248,-0.3043213281495527,-0.2915281939158355,1.9680370014579065,0.39304191635367136,-0.40138512880215166,-0.5042402823351707,-0.555286867111459,-0.31746745475674265,0.4373696952788083,-0.44723499235625613,-0.6034635563941656,-0.3851762458462796,-0.7640668656583823,-0.7672934622289077,-0.665838655539944,-0.7272161150461649,-0.7079958569601353,-0.39399301449631025,0.23779708128347932,-0.43908397559494894,0.15006963106732016,-0.47945596442647215,-0.6195764980915852,2.37253028972733,-0.6513445002427333,-0.8034837618459576,-0.5082045053012073,-0.828096554927419,-0.1220875722126297,-0.46969017218779346,-0.3100635571386193,-0.13911595378166158,-0.3986942789406762,-0.28836231967797893,-0.24790009758001105,-0.4996015208334049,-0.269553417881911,-0.7186712288442116,0.9272326669283286,-0.49144906299492275,0.1492009912708414,0.06069255114892419,0.36738325815643386,-0.39132590022378577,-0.5745447739456271,0.6245340042078946,-0.6214509982214033,-0.7655869729006214,2.0671793421814155,-0.7184503947697831
459,-0.8063196457836549,-0.20796316794868294,1.9236924713395243,-0.4064487460162575,1.1040128290924938,-0.3862232814004173,-0.18216598878731835,-0.7577268446090778,-0.7473502891225012,-0.2792697756330167,-0.468550800726496,1.8517744951842248,1.7393827325912252,-0.1732355242769775,-0.8025750897177983,-0.22692498421456722,-0.745292760564584,0.3311931516659963,-0.4409925773875039,-0.4697699402737618,0.28573410506162855,-0.3159470803765462,-0.7263612153261089,-0.08046146957352757,-0.4405572811137129,-0.2419810932390796,-0.3074813219033673,1.2375358864808794,-0.8340525181318775,-0.7545491625948485,-0.6208946173542383,-0.44995091409767635,-0.29247539570529785,0.6076429275668885,0.08399618605478285,-0.591373597224126,1.3120092888454293,-0.4675187828684851,-0.8524828099001687,-0.6077738064425378,0.45336212100156836,0.8733619189436501,-0.11306416465777558,-0.3669979737371641,-0.36644430342557033,-0.41676097258939243,-0.8047794038771868,-0.22582684404414663,-0.5956108677930426,-0.8427037075136988,0.5067696317373148,0.06366079585978414,-0.838099407464964,0.05274588487863117,-0.42099167084993167,-0.027792771467292848,-0.555286867111459,-0.15745361667370703,1.7270023266822028,-0.7896813877285809,2.890272822729951,-0.3851762458462796,-0.08730259138169293,-0.597086394298804,-0.665838655539944,0.151771936983849,-0.7079958569601353,-0.3653014171691685,-0.7627516478195191,0.7844780583081733,1.9891582470884006,-0.4985776029534911,1.3535970627096416,-0.25699197611498936,-0.8298928829847106,-0.8034837618459576,-0.5082045053012073,3.7724398613360197,-0.6052837683048317,-0.17993682722308435,-0.427053957266384,0.6477389884223064,-0.7472032640286799,0.7390568715737273,0.8180821662614125,-0.421575357967029,-0.320643906487277,-0.09778895770450395,0.5729213689045117,-0.1508606377640346,2.4756197740802195,-0.25874192858225586,-0.631845911806668,-0.16694178312299118,6.1267140995761125,-0.36348815065888285,-0.6214509982214033,-0.7655869729006214,-0.5847505387440692,-0.7184503947697831
460,0.05292976361921688,0.29324580189426813,-0.6319817171927721,-0.5970907469619694,0.4664079610055785,-0.32610135092090026,-0.14699880948474722,-0.7577268446090778,1.6370854555709848,-0.4606137857843262,-0.7925831663741418,-0.4800436233318407,0.01722161121377456,-0.3554927828534925,1.4765428121177346,0.13878812491446937,-0.5833430081602851,2.9448933339230132,-0.74745024061718,-0.48939766402548573,-0.6330250752008428,-0.4722018184460547,-0.2165147843531733,-0.02403687660471441,-0.3842824006171984,-0.35130990042541077,-0.8055612169952149,1.2094151837340863,-0.8340525181318775,-0.5910853058801933,-0.27129179226739236,0.054801713896511846,-0.8367844447846362,-0.399172839356806,-0.28440813874689597,-0.3538332758510335,-0.7833372412516937,0.6759583240774952,-0.5000715614916658,-0.6077738064425378,-0.7990194287265212,1.180461999447061,0.86443581797429,-0.2547661774872668,-0.36644430342557033,1.7162676272775768,0.053194374243481356,-0.4037366476503546,-0.7811594247379158,1.6114065518227896,-0.3043213281495527,-0.12759481401939568,0.28435515610418416,-0.7979941938089693,-0.4798112969932716,-0.18660860842325214,-0.555286867111459,0.8026294118245066,-0.4837964700093306,-0.44723499235625613,0.1905674388613155,-0.33000920977548615,-0.5948757970892099,2.1262266925828563,0.6461586952776799,-0.14122408035948897,-0.384414569501207,-0.22184343053345984,0.07103895976631291,-0.7886731281386982,-0.7694746769432201,-0.4029694103183965,-0.8168938541717079,0.09361099266398654,2.7410747718548363,-0.6077031181213091,-0.5082045053012073,-0.828096554927419,-0.28315297091003033,-0.3248134997054389,-0.34906035718120754,-0.45385793066324875,-0.7472032640286799,-0.802071915303832,0.16664856058054256,-0.48009498011681095,-0.371734395092643,-0.5634506610592848,0.3957657198926034,-0.49144906299492275,3.406187287203971,-0.20550284862705917,-0.7983841068005183,-0.5137172368242192,-0.04549802077285813,-0.05148115438516368,-0.6214509982214033,-0.11179792687105575,-0.5847505387440692,0.38978071219109867
461,-0.6344697639030806,-0.3621813125157448,-0.8145298735165075,-0.7877327479076812,-0.808801775168252,-0.025491698523315235,-0.3580018853001739,-0.08088285657059825,0.785501261037597,-0.8233018060869453,-0.6305669835503189,-0.013679999628627598,1.8959428345346299,-0.21879983892110627,-0.8025750897177983,-0.22692498421456722,2.493702287521396,-0.22888545881765018,2.317126391679581,-0.4305144927703138,2.2763789956303166,-0.7847112945850717,0.2933316466197623,-0.19331065551115387,-0.3842824006171984,-0.35130990042541077,-0.3074813219033673,1.7155878331763657,-0.17236864813435468,-0.7545491625948485,-0.7956960298976613,-0.44995091409767635,-0.6553480950915234,0.3115206431775666,0.08399618605478285,-0.455636270725216,-0.7833372412516937,0.1858967068149322,-0.8524828099001687,0.11276419763871634,-0.4411961288042099,1.4568520719001308,-0.6018141559738084,-0.2547661774872668,-0.36644430342557033,-0.7449192187227722,0.5679786411158823,-0.4037366476503546,-0.4100623108481696,0.1011848537695659,-0.1421031361721792,-0.4281393438295354,-0.463947886275248,0.5631899320911915,-0.4994178390410515,-0.40498038423769617,4.553634181820112,-0.15745361667370703,0.4373696952788083,-0.7896813877285809,-0.7622697554452618,-0.16450810156310594,-0.7640668656583823,-0.597086394298804,1.6301567083908979,-0.7272161150461649,0.424538649146114,-0.2792266251877433,-0.7627516478195191,-0.43908397559494894,-0.7694746769432201,-0.3647261332643587,1.9455491309500097,-0.6075949448939653,-0.8298928829847106,-0.4119224743966605,-0.46610671659169706,-0.828096554927419,0.03897782648477095,-0.0350601547407298,-0.5050475573515606,0.3329970115407192,-0.2244397863966744,-0.11712578780269454,-0.30712133446009016,-0.4996015208334049,-0.42282488369800897,-0.7186712288442116,-0.8443238231907555,-0.4513798364971712,1.3899576754358431,-0.3652200884926492,-0.7983841068005183,-0.45252156852400244,-0.22184693849711443,-0.10348232043078355,-0.42509997192712096,1.849569211217641,0.24397754904514463,-0.7184503947697831
462,-0.4626198820225062,-0.053745023381621064,-0.2668854045453012,1.309329262495149,1.1040128290924938,-0.08561362900283224,-0.14699880948474722,-0.5885158475994579,-0.7473502891225012,0.9901382954261501,-0.7925831663741418,-0.013679999628627598,3.1484236500818668,-0.21879983892110627,-0.6397809538724032,-0.08978256829117849,-0.745292760564584,-0.7889640693012967,-0.1345349141578278,0.0601786010227857,-0.7861516052445882,0.30907187190148777,-0.7263612153261089,-0.19331065551115387,-0.45931557461255107,-0.09620935032397142,-0.3074813219033673,1.4484411570818292,-0.00694768063497396,-0.7545491625948485,-0.7956960298976613,-0.44995091409767635,0.07039730368092774,0.6668673844447529,-0.10020597634605656,-0.5574392655993985,1.150828786530266,1.4927276861817669,-0.8524828099001687,0.29289869865902984,-0.6201077787653655,2.393507317435534,-0.7647308197458192,-0.3669979737371641,-0.2833503570705657,1.388109381144197,0.9111681523641495,-0.047917040437938666,-0.22451375390329645,1.0450734150528307,-0.35839405880867725,-0.018305894088435783,-0.27687212568039,1.2437819950412718,-0.3033524185632518,-0.4248323638571911,-0.37911717576899107,-0.47748129283977825,0.2531364622211805,1.6074433798776924,-0.4446573573430694,-0.13692458352770923,-0.4256847285200376,1.2751913529323373,0.31815935757327385,-0.7272161150461649,3.983932811194326,-0.33660981984202676,-0.7627516478195191,-0.7886731281386982,-0.401656953739004,-0.47945596442647215,-0.027624429851217113,-0.7828964292834533,-0.2942477347587786,-0.6077031181213091,-0.5082045053012073,-0.6637916829180104,2.777089604340582,-0.3248134997054389,-0.44655235728767817,-0.45385793066324875,-0.7472032640286799,-0.802071915303832,-0.30712133446009016,-0.34354919510065307,-0.29509866218459396,1.2991961523598385,0.21861007088069498,-0.31113754375504077,0.1492009912708414,-0.31198100853745253,0.7004596481441344,-0.4933186807241469,-0.39819585622137077,-0.15548348647640342,-0.6214509982214033,-0.7655869729006214,-0.750496156301912,-0.7184503947697831
463,-0.4626198820225062,-0.053745023381621064,-0.6319817171927721,-0.7877327479076812,-0.6494005581465232,-0.3862232814004173,0.239840162843535,-0.08088285657059825,0.10423390541088669,-0.2792697756330167,0.5035462962164416,-0.6354981645662451,2.209063038421439,-0.1732355242769775,-0.1513985463362175,-0.31835326149682636,-0.25944350335168703,-0.7889640693012967,-0.2877637457726659,-0.4697699402737618,-0.7861516052445882,1.5591097764575557,-0.7263612153261089,-0.30615984144878017,-0.4405572811137129,-0.16909522178152553,1.020731731674893,1.2797169406010696,-0.6686315506324968,-0.5910853058801933,0.4279138579062995,-0.0894133226732562,0.2518336533740405,-0.2214994687232128,0.08399618605478285,-0.3368661100386698,0.6672872795847761,0.022542834394077883,-0.5000715614916658,-0.7879083074628513,-0.2622844788430542,1.548982096051154,1.3531858092903228,-0.1799449799873353,-0.0756154911830542,-0.41676097258939243,-0.8047794038771868,-0.4037366476503546,-0.22451375390329645,-0.46514828300039296,-0.2502485974904282,-0.4281393438295354,0.0972793955093261,0.05274588487863117,-0.4994178390410515,-0.4645363230961809,-0.026777793084055153,0.002560221409328572,-0.8522629361245863,0.23765779838839335,-0.12704495924087694,-0.24725865566929606,-0.7640668656583823,0.2539489453517148,-0.5018389866877411,-0.2877220890311579,1.7188637989818274,-0.33660981984202676,-0.5959935263023527,3.5811912786581668,0.5178873542715363,-0.4603343258994532,0.7616449944692737,-0.25699197611498936,-0.47279611750075595,-0.4119224743966605,-0.5082045053012073,-0.828096554927419,2.29389340824838,-0.614566844670148,-0.07608275688308971,1.906706895948655,-0.7472032640286799,1.2527664671995804,-0.30712133446009016,-0.3630557358172471,-0.39727963939532596,-0.7186712288442116,0.9272326669283286,-0.43134522324829544,1.8552414319977186,-0.09902468871666582,-0.631845911806668,-0.4729201246240747,-0.39819585622137077,0.26052584188855554,-0.5723632416478327,-0.60213971139323,0.4097231666029874,4.822705140034626
464,-0.4626198820225062,-0.16940863180691748,-0.8145298735165075,-0.7877327479076812,0.30700674398384975,-0.32610135092090026,-0.14699880948474722,-0.7577268446090778,-0.23639977240246846,1.7155143360313883,0.6655624790402646,-0.32458908209743637,0.17378171315717916,0.10015036358779503,0.8253662687361538,0.0016457089910806458,0.22640575386120995,-0.042192588656434694,-0.74745024061718,-0.253864979004798,-0.4798985451570976,-0.0034376042375292245,-0.7263612153261089,-0.3625844344175933,-0.4405572811137129,-0.13265228605274848,-0.6395345852979323,1.4062601029616393,-0.00694768063497396,-0.2641575924508828,0.4279138579062995,-0.44995091409767635,3.880560647236296,0.015398358788244727,-0.6528124635485747,-0.42170193910048853,0.6672872795847761,0.6759583240774952,0.38095655952959173,-0.6077738064425378,-0.2622844788430542,1.5029170839756425,2.0048524643783665,-0.3669979737371641,-0.1587094375380588,0.2395555196773673,-0.8047794038771868,-0.3444333797816186,-0.22451375390329645,-0.8427037075136988,-0.0880304055130547,-0.4281393438295354,-0.838099407464964,1.0736339793037517,-0.4994178390410515,-0.36527642499870633,-0.2029474844265231,0.3225878975753998,-0.4837964700093306,1.0937737868192052,0.5081798369635079,-0.3851762458462796,-0.08730259138169293,0.2539489453517148,-0.3378393178355381,-0.2877220890311579,-0.22262392577174278,-0.3653014171691685,1.2383458103864777,0.08529975322067489,-0.401656953739004,-0.47945596442647215,-0.6195764980915852,1.3207213833904021,-0.8298928829847106,-0.8034837618459576,-0.42400892788218686,0.4863424211478492,1.1664356173665755,-0.7594435171525026,-0.427053957266384,-0.13911595378166158,2.9121410793953584,0.3965838078231586,-0.36634257134016923,-0.460588439400217,-0.39727963939532596,3.7827252369186692,0.7500770179164202,-0.4513798364971712,4.491849385848347,-0.31198100853745253,0.8669978431379848,-0.43212301242393025,0.3071998146756545,0.10452234375169592,-0.3269244587799799,1.849569211217641,-0.5847505387440692,-0.4018129356381026
465,0.56847940926094,-0.2465177040904484,-0.2668854045453012,0.5467612587123015,-0.17119690708133672,-0.14573555948234926,-0.3228347059976028,-0.419304850589838,-0.40671661130914605,-0.8233018060869453,1.3136272103355564,-0.16913454086303198,0.3303418151005838,1.01143665647037,0.17418972535457292,-0.31835326149682636,1.036154515882705,-0.6022711991400812,-0.74745024061718,-0.5090253877772097,-0.6330250752008428,2.9654024190831323,0.12338283629545041,1.4994271335532405,-0.4405572811137129,-0.35130990042541077,-0.8055612169952149,0.04240601974216427,-0.00694768063497396,-0.2641575924508828,-0.7956960298976613,0.054801713896511846,-0.8367844447846362,-0.33994838247894155,3.95224159647241,-0.5065377681623072,0.5061067772696127,-0.7942265277101938,-0.6762771856959172,-0.24750480440191075,1.169008720846191,0.3820017901381928,-0.7647308197458192,-0.3669979737371641,-0.2833503570705657,-0.5808400956560823,-0.2899951370047859,-0.16652357617541064,2.929811714159546,-0.8427037075136988,-0.35839405880867725,-0.4281393438295354,0.28435515610418416,0.39304191635367136,-0.4994178390410515,-0.22631256766224198,-0.37911717576899107,-0.6374951309228138,-0.6680297030669584,-0.7896813877285809,-0.28585115829197316,-0.026590511386122433,-0.4256847285200376,-0.597086394298804,1.466157039538695,0.298269945655518,-0.22262392577174278,-0.2792266251877433,-0.5959935263023527,0.08529975322067489,-0.03383923053478791,-0.02053663977801834,-0.027624429851217113,-0.7828964292834533,-0.8298928829847106,-0.8034837618459576,-0.42400892788218686,-0.4994868109086019,-0.7663491670022323,0.3995698627063339,-0.5050475573515606,3.0083038150342105,-0.3986942789406762,2.451422190326571,0.6404184556211753,-0.12897724721811935,-0.21846292927654498,1.4544167201447655,-0.667168174178847,-0.41131060999941965,0.7695793333533423,-0.3652200884926492,0.03430686816873323,-0.411724456323858,0.13085089695139818,-0.10348232043078355,-0.6050884126968797,2.0130164727250324,-0.25325930362838367,-0.7184503947697831
466,-0.8063196457836549,-0.09229955952338653,-0.8145298735165075,-0.7877327479076812,-0.17119690708133672,0.5156056757923378,-0.3228347059976028,-0.5885158475994579,0.10423390541088669,-0.2792697756330167,0.8275786618640876,0.14177454160577677,0.643462018987393,0.5102291953849538,-0.6397809538724032,-0.18121084557343764,0.8742047634784059,-0.41557832897886565,-0.594221409002342,-0.48939766402548573,0.4388606351053738,-0.15969234230703772,1.9928197498628808,0.540209053083417,-0.4405572811137129,-0.35130990042541077,-0.8055612169952149,0.7173028856652035,0.15847328686440676,1.8608725448396353,-0.7956960298976613,0.054801713896511846,-0.11103904601218505,0.5484184706890242,1.9260178100631766,-0.5574392655993985,-0.6221567389365305,-0.14081103802677644,0.38095655952959173,5.877068230288749,-0.6201077787653655,1.2879470276232547,-0.2759808284297865,-0.21735557873730108,0.1321193747044573,-0.41676097258939243,1.940736686108951,0.8416319775931012,-0.7811594247379158,-0.8427037075136988,0.07418778646431881,-0.26420596393309553,0.0972793955093261,1.0736339793037517,-0.42099167084993167,-0.4248323638571911,-0.555286867111459,-0.7975089690058494,-0.6680297030669584,-0.6184581900424185,-0.28585115829197316,-0.30242569174008943,-0.25649365995086526,-0.4268793263687002,-0.8298383243921471,-0.580718106374496,-0.5462052132306712,-0.39399301449631025,-0.7627516478195191,-0.6138785518668235,0.8857050774757523,-0.47945596442647215,-0.6195764980915852,1.1454198990009143,-0.47279611750075595,0.5669807442265821,-0.3187644561084113,-0.828096554927419,3.260285800432784,0.3995698627063339,-0.5050475573515606,2.064077884389449,0.8210871688673366,1.7664760628254335,-0.24790009758001105,-0.48009498011681095,-0.39727963939532596,-0.5634506610592848,1.104388315940237,-0.33117215700391656,1.2348630899152178,-0.3652200884926492,0.5339214531502842,-0.5137172368242192,0.4835487323999108,-0.36348815065888285,-0.6050884126968797,-0.7655869729006214,0.5754687841608302,0.5480994417569389
467,-0.8063196457836549,-0.3621813125157448,-0.8145298735165075,0.1654772568208779,-0.6494005581465232,-0.32610135092090026,-0.3580018853001739,-0.25009385358021813,2.488669650104373,-0.8233018060869453,0.9895948446879105,-0.16913454086303198,-0.7655788985032485,-0.12767120963284875,-0.8025750897177983,-0.08978256829117849,1.036154515882705,-0.7889640693012967,0.17192274907184826,-0.234237255253074,-0.6330250752008428,-0.15969234230703772,2.6726149911601285,-0.08046146957352757,-0.4217989876148748,-0.2784240289678567,-0.8055612169952149,1.2515962378542762,0.4893152218631682,-0.5910853058801933,-0.6208946173542383,-0.0894133226732562,-0.29247539570529785,0.9037652119562105,0.45240051085646166,-0.5404720997870348,-0.1386152319910405,-0.7942265277101938,0.028545311121088726,3.3551852160043603,-0.08337282888189856,0.811941902842968,-0.4388974922017974,-0.3669979737371641,-0.11716246436055651,-0.41676097258939243,-0.8047794038771868,-0.22582684404414663,0.3321319169313229,-0.8427037075136988,-0.2502485974904282,-0.07295035405391573,-0.838099407464964,0.22289390061615127,-0.3621720447065917,-0.5042402823351707,-0.731456558453927,-0.6374951309228138,-0.8522629361245863,-0.27601179467009374,0.3493736379124117,-0.3851762458462796,-0.25649365995086526,-0.7672934622289077,-0.665838655539944,-0.7272161150461649,-0.7079958569601353,-0.33660981984202676,0.5713133243178121,-0.7886731281386982,-0.5855658153411121,-0.44121268737243435,1.156279706629519,-0.7828964292834533,-0.8298928829847106,0.3712001005019336,-0.40296003352743176,-0.4994868109086019,-0.28315297091003033,-0.7594435171525026,-0.5050475573515606,-0.13911595378166158,-0.7472032640286799,1.0815299353242962,-0.36634257134016923,-0.18749686936790128,-0.039646219157764,0.36787274565027683,1.2815439649521454,-0.471414449746047,1.2348630899152178,-0.31198100853745253,-0.7983841068005183,-0.4933186807241469,-0.7508936916698834,0.31252700793417537,-0.6214509982214033,-0.7655869729006214,0.24397754904514463,-0.7184503947697831
468,0.56847940926094,-0.32362677637397935,-0.08433724822156573,-0.7877327479076812,3.1762286503749686,-0.08561362900283224,-0.3580018853001739,-0.7577268446090778,-0.5770334502158236,-0.8233018060869453,-0.30653461790267306,-0.32458908209743637,0.9565822228742022,-0.3554927828534925,0.17418972535457292,0.0016457089910806458,1.360054020691303,-0.7889640693012967,-0.1345349141578278,-0.4305144927703138,-0.4798985451570976,-0.4722018184460547,1.3130245085656336,-0.1368860625423407,-0.2529743461253314,-0.13265228605274848,2.1829181535558706,0.7313632370386002,-0.3377896156337354,-0.7545491625948485,-0.6208946173542383,-0.23362835924302425,3.6991242975431833,0.3115206431775666,-0.10020597634605656,-0.43866910491285227,-0.6221567389365305,1.1660199413400583,1.4381903047551006,-0.7879083074628513,-0.08337282888189856,1.1343969873715494,-0.4388974922017974,-0.3669979737371641,-0.32489733024806805,0.5677137658107472,1.7691419304848175,1.078845049068045,1.0743261447108152,-0.27637057074374,-0.35839405880867725,-0.26420596393309553,-0.651023646870106,-0.4576981623339291,-0.3033524185632518,-0.4248323638571911,-0.731456558453927,-0.7975089690058494,-0.8522629361245863,-0.6184581900424185,-0.7622697554452618,-0.35759272781088286,0.25107954575665176,0.4241560132818185,0.8101583641298828,3.8142221537755736,0.2627480054166498,-0.3653014171691685,-0.09571916175085349,1.308861787123797,-0.7694746769432201,-0.4029694103183965,-0.6195764980915852,-0.7828964292834533,-0.11569935201680126,-0.8034837618459576,-0.5082045053012073,1.8007813972231175,-0.444218369607431,1.268829897600461,-0.3295619571599134,-0.2964869422224552,-0.572948771484678,-0.802071915303832,-0.36634257134016923,-0.38256227653384106,-0.065191463460447,0.05743161008042298,-0.8443238231907555,-0.33117215700391656,-0.6262719363322846,-0.09902468871666582,2.0327652080949368,-0.5137172368242192,-0.7508936916698834,-0.36348815065888285,-0.49055031402521504,-0.60213971139323,-0.750496156301912,-0.5601316652039429
469,-0.8063196457836549,-0.20796316794868294,-0.8145298735165075,-0.5970907469619694,-0.6494005581465232,-0.32610135092090026,-0.14699880948474722,1.2728051195063608,3.169937005731083,-0.4606137857843262,-0.7925831663741418,-0.16913454086303198,0.01722161121377456,-0.3554927828534925,0.988160404581549,0.32164467947898767,-0.745292760564584,-0.6022711991400812,-0.74745024061718,-0.29312042650824593,-0.3267720151133524,-0.7847112945850717,-0.7263612153261089,-0.19331065551115387,-0.45931557461255107,-0.2419810932390796,-0.8055612169952149,0.4360958581972705,-0.8340525181318775,-0.427621449165538,-0.7956960298976613,0.2711242687511639,-0.47391174539841063,0.37074510005543104,-0.6528124635485747,-0.5744064314117623,-0.7833372412516937,-0.7942265277101938,-0.5000715614916658,-0.24750480440191075,-0.2622844788430542,2.224602273158658,2.1677691281503777,-0.03030258498747228,-0.2833503570705657,-0.08860272645601257,-0.8047794038771868,-0.16652357617541064,2.0020689294351808,-0.46514828300039296,-0.3043213281495527,-0.4008171138467954,-0.838099407464964,3.7960022311040733,-0.4405982128977116,-0.5042402823351707,2.08725850302556,-0.7975089690058494,1.7270023266822028,0.7513273914468804,-0.7622697554452618,-0.13692458352770923,-0.5948757970892099,-0.4268793263687002,0.8101583641298828,-0.14122408035948897,-0.7079958569601353,-0.22184343053345984,-0.5959935263023527,1.8332455159394208,-0.21774809213689597,-0.47945596442647215,-0.6195764980915852,-0.25699197611498936,1.1341393271770401,-0.8034837618459576,-0.44505782223694196,-0.3351819388991934,-0.7663491670022323,-0.46969017218779346,-0.48554915733026643,2.5361908497118297,-0.572948771484678,1.9377125947007179,-0.36634257134016923,-0.38256227653384106,-0.39727963939532596,0.2126521778653499,0.04145442186878656,-0.471414449746047,-0.31608276529103424,0.27364887096971086,-0.7983841068005183,-0.4729201246240747,2.247037909642474,0.052521177706076054,-0.5887258271723562,4.464725395335903,0.7412144017186729,-0.24349420607226235
470,0.22477964549979124,0.8330093078789848,-0.6319817171927721,-0.4064487460162575,-0.808801775168252,0.09475216243571878,-0.2525003473924606,1.103594122496741,-0.7473502891225012,-0.8233018060869453,-0.7925831663741418,-0.32458908209743637,2.209063038421439,-0.21879983892110627,2.290513491344711,-0.044068429650048924,1.360054020691303,-0.22888545881765018,-0.1345349141578278,-0.253864979004798,-0.7861516052445882,-0.4722018184460547,0.8031780775926979,-0.30615984144878017,-0.47807386811138924,-0.35130990042541077,0.024571941491197763,1.5749843194423991,0.4893152218631682,-0.5910853058801933,-0.4460932048108154,-0.44995091409767635,-0.47391174539841063,-0.2214994687232128,-0.10020597634605656,-0.6083407630364898,0.6672872795847761,-0.4675187828684851,0.028545311121088726,-0.7879083074628513,-0.4411961288042099,0.9040719269939912,-0.2759808284297865,-0.2547661774872668,-0.11716246436055651,-0.7449192187227722,-0.2899951370047859,-0.2851301119128826,-0.5956108677930426,-0.08759285848708705,-0.3043213281495527,-0.15491704400213566,1.4068097196733322,-0.7979941938089693,-0.4798112969932716,-0.48438830271567584,-0.555286867111459,3.362850821153076,1.3585358605669473,0.06643460070223098,-0.6034635563941656,-0.30242569174008943,-0.5948757970892099,0.4241560132818185,-0.009839980131132115,0.5912659629988559,-0.06083328204227859,-0.25053502786060156,-0.4292354047851863,-0.7886731281386982,-0.401656953739004,-0.4029694103183965,0.564327638389151,-0.7828964292834533,-0.2942477347587786,2.720567825197716,-0.48715561094645216,0.8149521651666662,-0.7663491670022323,-0.3248134997054389,-0.5050475573515606,2.378819861271036,0.12406919869132926,-0.6308353834285477,-0.36634257134016923,-0.3240426543840591,-0.42282488369800897,0.5230933134352038,-0.3128568761550302,-0.33117215700391656,-0.7813665218529099,-0.25874192858225586,0.8669978431379848,-0.411724456323858,0.13085089695139818,-0.36348815065888285,-0.6214509982214033,-0.7655869729006214,-0.750496156301912,0.5480994417569389
471,3.489927401230704,-0.3621813125157448,-0.08433724822156573,-0.025164744124833896,-0.17119690708133672,0.09475216243571878,-0.2525003473924606,-0.7577268446090778,-0.5770334502158236,-0.6419577959356357,0.17951393056879578,-0.7909527058006495,-0.4524586946164393,-0.08210689498872,-0.47698681802700793,0.04735984763221022,0.22640575386120995,0.7045788919884273,-0.594221409002342,-0.4501422165220378,2.582632055717807,-0.4722018184460547,0.633229267268386,0.878756610896296,-0.3655241071183603,-0.13265228605274848,0.19059857318848028,0.5345183178110471,0.3238942543637875,-0.7545491625948485,0.2531124453628765,-0.30573587752790826,-0.6553480950915234,0.3115206431775666,-0.46861030114773533,-0.591373597224126,-0.2997957343062038,0.6759583240774952,0.38095655952959173,1.5538402058012248,0.45336212100156836,0.8580069149184796,-0.4388974922017974,-0.14253438123736956,-0.32489733024806805,0.7317928888774371,-0.11840038138065227,-0.047917040437938666,-0.5956108677930426,0.8562957027961777,-0.35839405880867725,-0.4281393438295354,-0.651023646870106,-0.11740213085888894,-0.34256550265881175,-0.444684343476686,1.0302403549707526,0.16257405949236417,0.2531364622211805,0.7513273914468804,-0.7622697554452618,-0.27484217370469277,-0.7640668656583823,0.08374187742161104,-0.3378393178355381,0.8842619803421939,-0.5462052132306712,-0.19315183320631812,-0.2624772832680199,0.08529975322067489,-0.21774809213689597,-0.38384777179137763,3.3267706235108685,-0.4322934605044773,1.1341393271770401,0.9585420316758791,-0.2135199843346358,-0.6637916829180104,3.743481996524986,-0.7594435171525026,-0.44655235728767817,1.7493359075078616,-0.7472032640286799,-0.802071915303832,0.04820608682038438,-0.40206881725043503,-0.42282488369800897,-0.7186712288442116,-0.667168174178847,-0.37124138350166813,-0.7813665218529099,0.007453471193727517,-0.4653077168128177,-0.33013023192356905,-0.39819585622137077,-0.15548348647640342,-0.6214509982214033,-0.7655869729006214,0.24397754904514463,-0.4018129356381026
472,-0.4626198820225062,-0.3621813125157448,-0.2668854045453012,-0.7877327479076812,0.944611612070765,-0.3862232814004173,-0.3580018853001739,1.4420161165159806,0.10423390541088669,0.44610626497222144,0.3415301133926187,0.6081381653089899,0.3303418151005838,-0.3554927828534925,0.011395589509177712,-0.31835326149682636,-0.09749375094738805,-0.7889640693012967,0.018693917457010226,-0.4697699402737618,0.28573410506162855,0.9340908241795217,0.12338283629545041,0.03238771636409874,-0.4405572811137129,-0.023323478866417332,4.507290997317826,1.5046825625754159,0.15847328686440676,-0.5910853058801933,0.4279138579062995,-0.3778433958127923,0.4332700030671533,-0.10305055496748404,0.8208048356581404,-0.43866910491285227,0.6672872795847761,3.289620282811164,-0.8524828099001687,-0.24750480440191075,-0.4411961288042099,0.5201968263647276,1.027352481746301,-0.2547661774872668,0.2983072674144665,-0.5808400956560823,-0.46158989262891953,-0.3444333797816186,-0.4100623108481696,-0.6539259952570459,-0.1421031361721792,0.17294971579074406,-0.838099407464964,-0.7979941938089693,-0.4994178390410515,-0.5042402823351707,-0.731456558453927,0.002560221409328572,0.06890322916355274,1.43622018219153,-0.7622697554452618,-0.21967513763389934,-0.5948757970892099,-0.7672934622289077,2.778154390356319,-0.2877220890311579,0.424538649146114,0.3806801133365165,-0.4292354047851863,1.308861787123797,-0.21774809213689597,-0.1352664709401318,0.564327638389151,0.2689124770534745,0.2413974134671534,-0.4119224743966605,-0.40296003352743176,0.6506472931572577,-0.7663491670022323,-0.614566844670148,-0.427053957266384,-0.6112289191040424,-0.7472032640286799,1.0815299353242962,-0.36634257134016923,-0.48009498011681095,0.11362524665833398,-0.5634506610592848,1.2815439649521454,-0.4513798364971712,-0.7813665218529099,-0.25874192858225586,-0.631845911806668,-0.5137172368242192,0.13085089695139818,-0.20748465252202328,-0.5723632416478327,-0.7655869729006214,-0.750496156301912,-0.24349420607226235
473,0.9121791730220887,-0.2850722402322139,0.8284035333971115,-0.5970907469619694,-0.4899993411247944,-0.3862232814004173,-0.3228347059976028,-0.7577268446090778,-0.5770334502158236,-0.6419577959356357,0.3415301133926187,0.6081381653089899,-0.4524586946164393,0.5102291953849538,0.17418972535457292,-0.31835326149682636,0.38835550626550897,0.3311931516659963,2.776812886524095,-0.3520035977634179,0.13260757501788334,0.6215813480405047,1.1430756982413217,0.37093527417697764,-0.2529743461253314,-0.2784240289678567,0.19059857318848028,1.8280706441635388,-0.3377896156337354,-0.427621449165538,-0.09649037972396941,0.34323178703604795,0.07039730368092774,0.19307172942183787,-0.46861030114773533,-0.5404720997870348,-0.4609762366213671,0.1858967068149322,0.20475093532534022,-0.7879083074628513,0.8111854209238797,0.5355518303898982,-0.7647308197458192,-0.3669979737371641,-0.11716246436055651,-0.5808400956560823,-0.46158989262891953,-0.047917040437938666,-0.5956108677930426,-0.46514828300039296,-0.1421031361721792,-0.37349488386405544,-0.838099407464964,-0.7979941938089693,0.010352254201227802,-0.36527642499870633,-0.026777793084055153,-0.7975089690058494,0.8058361613940639,3.3196753567393156,-0.6034635563941656,-0.27484217370469277,-0.25649365995086526,-0.2566722584385965,-0.5018389866877411,-0.580718106374496,-0.5462052132306712,0.20853052937366612,-0.7627516478195191,0.6096834820362987,1.6213405238841845,-0.4603343258994532,-0.8168938541717079,1.4960228677798901,-0.2942477347587786,-0.6077031181213091,-0.19247108997988066,-0.828096554927419,0.8443048199717742,0.2546931902239793,-0.4075555572450899,2.064077884389449,-0.3986942789406762,0.5678203396984429,0.521975981861017,-0.421575357967029,-0.116281952065813,0.36787274565027683,0.3957657198926034,-0.49144906299492275,-0.7813665218529099,-0.09902468871666582,-0.631845911806668,-0.4729201246240747,-0.5745447739456271,-0.36348815065888285,-0.49055031402521504,1.1957801651880755,-0.750496156301912,2.2896054669811816
474,0.22477964549979124,-0.2850722402322139,-0.6319817171927721,-0.7877327479076812,-0.17119690708133672,0.034630231956201775,-0.3580018853001739,-0.25009385358021813,-0.5770334502158236,-0.8233018060869453,0.01749774774497282,-0.7909527058006495,-0.4524586946164393,-0.1732355242769775,-0.8025750897177983,0.04735984763221022,-0.25944350335168703,-0.22888545881765018,-0.74745024061718,-0.1360986364944541,-0.6330250752008428,0.15281713383197926,0.46328045694407416,-0.30615984144878017,-0.49683216161022736,-0.2784240289678567,-0.6395345852979323,0.5485786691844438,-0.00694768063497396,-0.2641575924508828,-0.7956960298976613,0.1990167504662799,-0.6553480950915234,-0.16227501184534843,-0.8370146259494141,-0.3708004416633973,-0.6221567389365305,-0.4675187828684851,-0.8524828099001687,-0.4276393054222243,-0.7990194287265212,2.00963221680627,0.21276916288624628,-0.03030258498747228,-0.0340685180055519,0.2395555196773673,-0.6331846482530531,0.24859929890574126,0.703229030821069,0.6675179905395248,-0.0339576748539302,-0.18223927398487563,0.0972793955093261,0.7333379478287115,-0.40138512880215166,-0.48438830271567584,-0.731456558453927,3.362850821153076,0.06890322916355274,0.5801041937607181,-0.7622697554452618,-0.30242569174008943,-0.7640668656583823,1.7858125567226486,-0.8298383243921471,-0.2877220890311579,-0.22262392577174278,-0.19315183320631812,2.238894539489476,-0.6138785518668235,-0.03383923053478791,-0.47945596442647215,-0.8168938541717079,0.44421396144296244,-0.8298928829847106,-0.4119224743966605,-0.46610671659169706,-0.828096554927419,-0.1220875722126297,-0.7594435171525026,-0.271066757096031,0.6477389884223064,0.4725781837793329,-0.802071915303832,-0.36634257134016923,-0.4996015208334049,-0.42282488369800897,-0.5634506610592848,-0.3128568761550302,-0.471414449746047,-0.005893594249783797,0.007453471193727517,2.0327652080949368,-0.4729201246240747,-0.04549802077285813,-0.36348815065888285,-0.31056187325545637,-0.7655869729006214,-0.08751368607054091,-0.7184503947697831
475,-0.29077000014193183,0.2161367296107372,-0.6319817171927721,-0.4064487460162575,-0.808801775168252,-0.3862232814004173,-0.28766752669503165,0.08832814043902161,0.44486758322424186,0.8087942852748405,-0.30653461790267306,-0.7909527058006495,0.643462018987393,-0.3554927828534925,0.17418972535457292,0.0016457089910806458,2.169802782712798,-0.7889640693012967,-0.74745024061718,-0.5090253877772097,-0.7861516052445882,1.0903455622490301,0.633229267268386,-0.3625844344175933,-0.49683216161022736,-0.3148669646966337,2.8470246803450006,0.6048200746780303,-0.6686315506324968,0.06277012097842767,-0.4460932048108154,0.487446823605816,-0.29247539570529785,-0.33994838247894155,-0.46861030114773533,-0.5404720997870348,-0.4609762366213671,-0.6308726552893394,1.966807177367855,-0.4276393054222243,-0.6201077787653655,0.6737468666164331,-0.6018141559738084,-0.3669979737371641,-0.0340685180055519,-0.7449192187227722,-0.8047794038771868,0.9009352454618371,-0.5956108677930426,1.6114065518227896,-0.2502485974904282,-0.4281393438295354,0.4714309166990422,-0.7979941938089693,-0.42099167084993167,-0.5042402823351707,-0.731456558453927,-0.15745361667370703,-0.8522629361245863,-0.27601179467009374,0.1905674388613155,-0.3851762458462796,1.2662259571716858,-0.0864651905084927,-0.8298383243921471,-0.14122408035948897,0.424538649146114,-0.3653014171691685,0.4045552028006457,-0.43908397559494894,-0.7694746769432201,-0.4603343258994532,-0.22494178593133982,2.5478317741168177,2.9196231545968137,0.3712001005019336,-0.5082045053012073,-0.828096554927419,-0.444218369607431,-0.614566844670148,-0.5050475573515606,-0.768599907544836,0.12406919869132926,0.05411074407258983,-0.0702363869397738,-0.40206881725043503,-0.39727963939532596,2.0752989912844733,-0.49001252516693866,-0.17089525101291037,-0.7813665218529099,0.3268879509249075,1.2000742331256853,-0.5137172368242192,0.13085089695139818,0.20852467584293566,-0.457825142976168,-0.43869244988583855,1.569942489507887,4.347748951337105
476,0.22477964549979124,-0.32362677637397935,0.28075906442590515,-0.5970907469619694,0.6258091780273074,-0.3862232814004173,-0.21733316808988945,-0.08088285657059825,-0.5770334502158236,0.08341824466960238,0.3415301133926187,-0.32458908209743637,-0.29589859267303464,-0.264364153565235,-0.6397809538724032,-0.08978256829117849,-0.421393255755986,-0.7889640693012967,-0.74745024061718,-0.234237255253074,2.582632055717807,-0.7847112945850717,-0.3864635946774852,-0.249735248479967,-0.4217989876148748,-0.35130990042541077,-0.4735079536006498,1.617165373562589,-0.8340525181318775,-0.10069373573622757,0.7775166829931455,0.7758768967453521,-0.47391174539841063,-0.10305055496748404,-0.10020597634605656,-0.48957060234994354,-0.4609762366213671,-0.7942265277101938,-0.6762771856959172,-0.6077738064425378,-0.4411961288042099,0.48948681831438656,-0.11306416465777558,-0.2921767762372326,-0.1587094375380588,0.07547639661067736,-0.8047794038771868,-0.2851301119128826,0.703229030821069,0.1011848537695659,-0.0339576748539302,-0.26420596393309553,-0.651023646870106,1.4139300107787918,-0.4798112969932716,-0.444684343476686,-0.731456558453927,0.6426155737414709,-0.11533000389407506,-0.27601179467009374,-0.7622697554452618,-0.33000920977548615,0.08188847718747941,-0.597086394298804,-0.8298383243921471,-0.43422009770282693,-0.7079958569601353,-0.39399301449631025,-0.4292354047851863,-0.6138785518668235,0.5178873542715363,-0.28823957915628307,-0.4222591420114625,0.09361099266398654,2.7410747718548363,0.3712001005019336,-0.3187644561084113,-0.6637916829180104,0.6832394212743735,-0.7594435171525026,-0.5050475573515606,0.018255034659132002,-0.7472032640286799,0.2253472759478742,-0.12945762381985287,-0.20700341008449524,0.08808000235565099,-0.7186712288442116,1.104388315940237,-0.49144906299492275,-0.31608276529103424,-0.3652200884926492,-0.13223132682511707,-0.43212301242393025,-0.39819585622137077,0.15652350979731577,-0.49055031402521504,-0.7655869729006214,0.4097231666029874,2.9228803852445426
477,-0.8063196457836549,-0.20796316794868294,1.376048002368318,-0.025164744124833896,-0.808801775168252,-0.025491698523315235,0.13433862493582166,-0.7577268446090778,0.9558180999442746,0.627450275123531,-0.30653461790267306,-0.7909527058006495,-0.6090187965598439,-0.12767120963284875,2.290513491344711,-0.18121084557343764,-0.745292760564584,-0.22888545881765018,-0.594221409002342,-0.4305144927703138,-0.7861516052445882,0.30907187190148777,-0.2165147843531733,-0.249735248479967,-0.4405572811137129,-0.2419810932390796,0.5226518365830454,1.139113426867103,2.6397877993551178,0.38969783440773814,1.1271195080799914,-0.44995091409767635,-0.6553480950915234,-0.04382609808961965,0.26819834845562224,-0.38776760747576106,-0.4609762366213671,1.002666068919204,-0.6762771856959172,-0.7879083074628513,-0.4411961288042099,1.4722070759253014,-0.6018141559738084,-0.3669979737371641,0.7553239723669919,-0.7449192187227722,2.455520952981352,-0.22582684404414663,1.2598747016556884,0.1011848537695659,-0.3043213281495527,0.03633856587704417,1.0326581984836163,-0.7979941938089693,-0.4602047549454916,-0.047644751086787764,-0.2029474844265231,-0.7975089690058494,-0.4837964700093306,-0.7896813877285809,-0.6034635563941656,-0.3851762458462796,0.9278438200333411,-0.4268793263687002,-0.8298383243921471,0.44476795432718697,-0.7079958569601353,-0.39399301449631025,-0.5959935263023527,1.8332455159394208,1.0696139390778605,-0.4603343258994532,-0.027624429851217113,-0.4322934605044773,-0.47279611750075595,-0.020361186947363465,-0.44505782223694196,-0.4994868109086019,-0.444218369607431,-0.614566844670148,-0.4075555572450899,-0.45385793066324875,2.9121410793953584,0.2253472759478742,-0.36634257134016923,-0.3630557358172471,-0.29509866218459396,-0.09778895770450395,-0.3128568761550302,-0.4513798364971712,0.1492009912708414,0.8592787504768743,0.8669978431379848,-0.411724456323858,0.8362465678484234,-0.311486984613263,-0.6214509982214033,-0.7655869729006214,-0.41900492118622645,-0.4018129356381026
478,0.3966295273803656,0.37035487417779905,-0.44943356086903663,2.071897266277996,-0.011795690059607908,-0.14573555948234926,0.2750073421461061,0.08832814043902161,-0.5770334502158236,2.8035783969392454,0.17951393056879578,0.14177454160577677,0.3303418151005838,-0.1732355242769775,-0.8025750897177983,-0.18121084557343764,-0.745292760564584,-0.22888545881765018,-0.4409925773875039,-0.5090253877772097,0.13260757501788334,-0.6284565565155632,-0.556412405001797,-0.30615984144878017,-0.34676581361952213,0.04956239259113676,-0.6395345852979323,0.9563288590129465,-0.5032105831331162,-0.7545491625948485,-0.4460932048108154,0.487446823605816,-0.29247539570529785,-0.2807239256010772,1.0050069980589798,-0.591373597224126,0.02256527032412281,-0.7942265277101938,0.028545311121088726,1.7339747068215383,-0.2622844788430542,2.00963221680627,-0.7647308197458192,-0.1799449799873353,-0.36644430342557033,1.2240302580775069,2.455520952981352,-0.22582684404414663,-0.7811594247379158,1.9889619763360955,-0.35839405880867725,0.17294971579074406,0.28435515610418416,0.9034859635662317,-0.3229589606110318,-0.5042402823351707,0.3255615896008807,-0.6374951309228138,-0.6680297030669584,-0.7896813877285809,0.3493736379124117,0.11132707879086108,-0.5948757970892099,-0.4268793263687002,0.8101583641298828,-0.43422009770282693,-0.384414569501207,-0.3653014171691685,0.07103895976631291,-0.6138785518668235,-0.7694746769432201,-0.307361217683302,-0.6195764980915852,-0.08169049172550143,0.9555909444350628,1.1543226754005278,-0.15037330127037046,-0.6637916829180104,3.5824165978275855,0.10981651774162475,-0.4660507573089723,-0.768599907544836,2.215123109219351,-0.802071915303832,-0.36634257134016923,-0.0899641657849314,-0.39727963939532596,-0.40823009327435783,1.2815439649521454,-0.43134522324829544,-0.7813665218529099,-0.3652200884926492,-0.2987695218189674,0.34302211937881466,-0.04549802077285813,-0.36348815065888285,-0.6050884126968797,0.8688856421732927,-0.5847505387440692,0.2314619826252584
479,0.22477964549979124,-0.2850722402322139,-0.8145298735165075,1.118687261549437,1.741617697179409,0.3352398843537868,-0.00633009227446279,-0.7577268446090778,-0.5770334502158236,1.7155143360313883,0.8275786618640876,0.7635927065433943,-0.6090187965598439,-0.30992846820936376,0.17418972535457292,-0.31835326149682636,0.7122550110741069,-0.7889640693012967,-0.4409925773875039,-0.39125904526686583,-0.7861516052445882,-0.0034376042375292245,-0.3864635946774852,1.0480303898027354,-0.47807386811138924,-0.20553815751030255,-0.8055612169952149,0.30955269583670064,-0.17236864813435468,-0.2641575924508828,-0.09649037972396941,-0.44995091409767635,-0.6553480950915234,-0.2807239256010772,-0.28440813874689597,-0.3368661100386698,4.213258330518369,-0.6308726552893394,-0.6762771856959172,0.11276419763871634,-0.7990194287265212,0.9501369390695029,-0.7647308197458192,-0.1799449799873353,-0.32489733024806805,-0.7449192187227722,-0.46158989262891953,-0.3444333797816186,-0.4100623108481696,-0.8427037075136988,-0.2502485974904282,-0.34617265388131546,0.0972793955093261,-0.4576981623339291,-0.2249262503721319,-0.40498038423769617,1.5587494289981563,0.4826017356584354,1.3585358605669473,1.6074433798776924,-0.28585115829197316,-0.35759272781088286,0.08188847718747941,-0.7672934622289077,0.31815935757327385,0.151771936983849,-0.384414569501207,-0.3653014171691685,-0.4292354047851863,0.2600943294925495,1.2535228006799686,-0.4985776029534911,1.5509144187897643,-0.6075949448939653,-0.11569935201680126,-0.8034837618459576,-0.40296003352743176,-0.828096554927419,0.36110862387957227,0.3995698627063339,-0.427053957266384,1.1198519537446872,0.4725781837793329,-0.802071915303832,1.173409587541887,-0.40206881725043503,-0.42282488369800897,0.6783138812201307,-0.667168174178847,-0.33117215700391656,-0.7813665218529099,-0.3652200884926492,-0.7983841068005183,-0.4933186807241469,-0.7508936916698834,-0.36348815065888285,-0.49055031402521504,-0.60213971139323,-0.41900492118622645,-0.4018129356381026
480,-0.8063196457836549,0.4860184826030955,-0.8145298735165075,-0.2158067450705457,-0.4899993411247944,-0.3862232814004173,-0.28766752669503165,-0.419304850589838,-0.23639977240246846,-0.6419577959356357,-0.6305669835503189,0.6081381653089899,-0.7655788985032485,0.3279719368084388,-0.6397809538724032,-0.31835326149682636,0.38835550626550897,-0.7889640693012967,-0.4409925773875039,-0.48939766402548573,0.28573410506162855,-0.6284565565155632,-0.3864635946774852,0.03238771636409874,-0.45931557461255107,-0.3148669646966337,-0.6395345852979323,1.3218979947212595,-0.8340525181318775,2.351264114983601,-0.7956960298976613,-0.44995091409767635,-0.47391174539841063,-0.04382609808961965,-0.46861030114773533,-0.591373597224126,1.3120092888454293,-0.6308726552893394,2.4954240499806093,-0.6077738064425378,-0.4411961288042099,0.3205817740375106,-0.7647308197458192,-0.3669979737371641,-0.2833503570705657,-0.7449192187227722,-0.8047794038771868,0.7230254418556291,-0.5956108677930426,-0.08759285848708705,-0.35839405880867725,-0.07295035405391573,-0.838099407464964,-0.11740213085888894,-0.3621720447065917,-0.34542444537921146,0.1493918982584128,-0.7975089690058494,-0.8522629361245863,0.23765779838839335,-0.12704495924087694,-0.35759272781088286,-0.5948757970892099,-0.7672934622289077,0.48215902642547687,2.2027440583872147,-0.7079958569601353,-0.3653014171691685,-0.2624772832680199,4.2803695837456655,1.2535228006799686,-0.4603343258994532,-0.6195764980915852,-0.6075949448939653,2.026881240886927,-0.020361186947363465,0.08116453663193574,1.3078667811948919,0.36110862387957227,-0.46969017218779346,-0.4660507573089723,-0.45385793066324875,-0.572948771484678,-0.4595988515532633,0.2850910343407007,-0.3630557358172471,0.317987201079798,-0.09778895770450395,0.3957657198926034,-0.49144906299492275,-0.7813665218529099,-0.3652200884926492,0.03430686816873323,-0.5137172368242192,-0.7508936916698834,-0.36348815065888285,-0.6214509982214033,-0.7655869729006214,-0.5847505387440692,-0.24349420607226235
481,0.56847940926094,-0.2465177040904484,-0.8145298735165075,0.9280452606037252,-0.808801775168252,-0.32610135092090026,-0.3580018853001739,2.28807110156408,-0.06608293349579088,0.8087942852748405,-0.7925831663741418,-0.16913454086303198,-0.13933849072963006,-0.03654258034459124,-0.47698681802700793,-0.2726391228556968,-0.745292760564584,-0.7889640693012967,0.17192274907184826,-0.5090253877772097,1.2044932853241,-0.7847112945850717,1.3130245085656336,-0.3625844344175933,-0.49683216161022736,-0.2784240289678567,-0.6395345852979323,0.30955269583670064,0.9855781243613103,-0.5910853058801933,-0.27129179226739236,0.2711242687511639,-0.6553480950915234,-0.2214994687232128,-0.10020597634605656,-0.6083407630364898,-0.7833372412516937,-0.7942265277101938,0.20475093532534022,0.11276419763871634,-0.7990194287265212,1.6564671242273479,-0.2759808284297865,-0.2547661774872668,-0.2418033838930634,-0.7449192187227722,-0.2899951370047859,-0.2851301119128826,-0.22451375390329645,-0.27637057074374,-0.0339576748539302,-0.37349488386405544,-0.08979636508553193,-0.11740213085888894,-0.4405982128977116,-0.5042402823351707,-0.555286867111459,-0.7975089690058494,3.7535678903161083,-0.44723499235625613,-0.6034635563941656,-0.35759272781088286,-0.25649365995086526,1.6156054887925448,0.6461586952776799,1.0307599890138628,0.10095736168718561,-0.39399301449631025,-0.7627516478195191,-0.08949482305119973,-0.7694746769432201,-0.4985776029534911,0.564327638389151,0.7948169302219383,-0.2942477347587786,1.937445250299122,-0.46610671659169706,0.4863424211478492,-0.7663491670022323,-0.7594435171525026,-0.3295619571599134,0.018255034659132002,1.343850646499342,-0.6308353834285477,-0.12945762381985287,-0.40206881725043503,-0.21846292927654498,-0.2530095254894309,0.5729213689045117,-0.471414449746047,0.1492009912708414,-0.3652200884926492,2.8654561830641883,-0.4933186807241469,-0.04549802077285813,0.6765351702535144,-0.5887258271723562,-0.27524518837844714,-0.08751368607054091,0.7064181713227792
482,-0.29077000014193183,-0.2465177040904484,-0.2668854045453012,-0.7877327479076812,-0.33059812410306555,0.3352398843537868,-0.11183163018217612,0.934383125487121,-0.23639977240246846,1.7155143360313883,2.2857243072784943,-0.7909527058006495,-0.4524586946164393,-0.30992846820936376,-0.3141926821816127,-0.13549670693230806,-0.745292760564584,-0.41557832897886565,-0.2877637457726659,-0.48939766402548573,-0.3267720151133524,-0.7847112945850717,-0.04656597402886146,-0.249735248479967,-0.49683216161022736,-0.20553815751030255,-0.6395345852979323,0.5626390205578403,0.654736189362549,2.8416556851275665,-0.7956960298976613,-0.23362835924302425,-0.6553480950915234,-0.2807239256010772,-0.28440813874689597,-0.3708004416633973,-0.6221567389365305,0.022542834394077883,-0.8524828099001687,-0.0673703033815972,-0.4411961288042099,2.00963221680627,2.3306857919223885,-0.21735557873730108,0.17366634788195962,-0.08860272645601257,-0.8047794038771868,-0.3444333797816186,1.8165203724903074,-0.6539259952570459,-0.0880304055130547,-0.26420596393309553,-0.651023646870106,-0.7979941938089693,-0.4798112969932716,-0.38512840461820125,0.6779009722858166,-0.6374951309228138,-0.29956323695170284,1.2649969845053675,-0.6034635563941656,-0.026590511386122433,-0.5948757970892099,1.6156054887925448,-0.8298383243921471,0.7377639716705249,-0.7079958569601353,-0.3653014171691685,-0.7627516478195191,0.6096834820362987,0.3339784926694282,-0.4603343258994532,0.16969292622890558,0.44421396144296244,-0.8298928829847106,2.329006537748419,-0.38191113917267666,0.3220375491384407,-0.7663491670022323,3.15222663987107,-0.3295619571599134,-0.2964869422224552,-0.3986942789406762,0.9102934034490118,0.04820608682038438,-0.460588439400217,-0.371734395092643,0.9887550167899846,-0.667168174178847,0.029450881475847367,-0.7813665218529099,-0.25874192858225586,-0.13223132682511707,-0.5137172368242192,1.8943400741939616,-0.36348815065888285,-0.6214509982214033,-0.60213971139323,-0.750496156301912,-0.7184503947697831
483,-0.11892011826135748,-0.2850722402322139,-0.8145298735165075,0.35611925776658976,-0.4899993411247944,-0.20585748996186626,-0.18216598878731835,-0.419304850589838,-0.23639977240246846,0.627450275123531,-0.7925831663741418,-0.32458908209743637,-0.6090187965598439,0.14571467823192377,-0.3141926821816127,-0.08978256829117849,-0.5833430081602851,-0.22888545881765018,0.47838041230152434,-0.3520035977634179,0.5919871651491191,-0.3159470803765462,0.8031780775926979,-0.3625844344175933,-0.2717326396241695,-0.35130990042541077,1.1867583633721754,1.8140102927901423,-0.8340525181318775,0.2262339776930829,2.350729395883952,0.12690923218139588,-0.11103904601218505,0.8445407550783461,-0.8370146259494141,-0.591373597224126,-0.7833372412516937,-0.4675187828684851,-0.14766031308316277,2.0942437088621655,-0.4411961288042099,1.0883319752960379,0.04985249911423535,0.4560351987620826,0.1321193747044573,-0.7449192187227722,-0.2899951370047859,-0.4037366476503546,-0.22451375390329645,1.8001842640794425,-0.3043213281495527,-0.37349488386405544,-0.838099407464964,3.7960022311040733,-0.3621720447065917,-0.48438830271567584,3.144276651080368,-0.31746745475674265,-0.6680297030669584,3.3196753567393156,0.6669860360146042,0.08374356075546438,-0.7640668656583823,-0.597086394298804,0.9741580329820858,-0.580718106374496,-0.384414569501207,-0.39399301449631025,-0.2624772832680199,-0.7886731281386982,-0.7694746769432201,-0.23087466357522635,-0.4222591420114625,0.44421396144296244,-0.8298928829847106,0.3712001005019336,-0.38191113917267666,1.8007813972231175,0.5221740225769729,-0.7594435171525026,-0.427053957266384,-0.768599907544836,0.2983236912353311,-0.802071915303832,0.04820608682038438,-0.48009498011681095,-0.34618915078996,0.8335344490050577,-0.8443238231907555,-0.49144906299492275,-0.6262719363322846,-0.31198100853745253,-0.631845911806668,-0.33013023192356905,-0.5745447739456271,0.26052584188855554,-0.6214509982214033,-0.7655869729006214,1.4041968719500442,-0.5601316652039429
484,0.22477964549979124,-0.16940863180691748,0.09821090810216972,0.35611925776658976,-0.6494005581465232,-0.20585748996186626,-0.3580018853001739,-0.5885158475994579,-0.23639977240246846,-0.4606137857843262,2.60975667292614,-0.7909527058006495,-0.6090187965598439,-0.21879983892110627,-0.8025750897177983,-0.31835326149682636,0.22640575386120995,-0.22888545881765018,-0.1345349141578278,-0.5090253877772097,-0.17364548506960717,-0.7847112945850717,-0.2165147843531733,-0.19331065551115387,-0.3842824006171984,-0.35130990042541077,-0.8055612169952149,0.7735442911587901,-0.8340525181318775,-0.7545491625948485,-0.7956960298976613,-0.017305804388372183,-0.29247539570529785,0.4891940138111598,-0.46861030114773533,-0.43866910491285227,-0.6221567389365305,-0.4675187828684851,-0.14766031308316277,-0.7879083074628513,-0.7990194287265212,1.579692104101495,-0.11306416465777558,-0.2921767762372326,-0.0756154911830542,-0.5808400956560823,-0.6331846482530531,1.1974515848055172,-0.22451375390329645,-0.8427037075136988,0.12826051712344333,-0.4281393438295354,-0.27687212568039,-0.7979941938089693,-0.4405982128977116,-0.48438830271567584,-0.555286867111459,1.6026986022396845,1.3585358605669473,3.148452159053153,-0.7622697554452618,-0.3851762458462796,-0.25649365995086526,-0.7672934622289077,-0.1738396489833351,2.2027440583872147,-0.22262392577174278,-0.33660981984202676,1.9053782964551433,-0.7886731281386982,-0.7694746769432201,-0.11614483241311288,0.36701028230902827,0.2689124770534745,1.8483328581449494,-0.8034837618459576,-0.40296003352743176,-0.4994868109086019,-0.28315297091003033,-0.7594435171525026,-0.5050475573515606,-0.768599907544836,-0.7472032640286799,-0.6308353834285477,-0.36634257134016923,-0.44108189868362296,-0.244008173579228,0.2126521778653499,-0.667168174178847,-0.33117215700391656,-0.6262719363322846,0.752800590566481,-0.2987695218189674,-0.5137172368242192,2.9524335805394992,-0.36348815065888285,-0.5232754850742621,-0.11179792687105575,1.4041968719500442,0.07314325305941816
485,-0.29077000014193183,-0.32362677637397935,-0.8145298735165075,-0.7877327479076812,0.6258091780273074,0.996581119628474,-0.3228347059976028,-0.7577268446090778,1.2964517777576297,-0.8233018060869453,-0.468550800726496,-0.6354981645662451,-0.6090187965598439,0.3735362514525675,-0.8025750897177983,-0.2726391228556968,-0.5833430081602851,-0.7889640693012967,0.3251515806866863,-0.17535408399790206,-0.7861516052445882,-0.6284565565155632,-0.556412405001797,-0.3625844344175933,-0.4405572811137129,-0.3148669646966337,-0.3074813219033673,1.898372401030522,-0.5032105831331162,-0.7545491625948485,-0.7956960298976613,-0.23362835924302425,0.2518336533740405,-0.399172839356806,-0.46861030114773533,-0.5744064314117623,-0.4609762366213671,-0.7942265277101938,1.0857790563465977,1.3737057047809111,2.7792135704965917,0.9962019511450145,0.3756858266582572,-0.3669979737371641,-0.2418033838930634,-0.7449192187227722,-0.6331846482530531,-0.22582684404414663,-0.22451375390329645,1.0450734150528307,-0.3043213281495527,-0.34617265388131546,4.587097649785919,-0.6278461780714493,-0.4994178390410515,-0.48438830271567584,2.263428194368028,-0.47748129283977825,-0.11533000389407506,-0.7896813877285809,0.1905674388613155,0.02857652468467097,-0.7640668656583823,0.5943630812119223,0.1541596887210709,0.8842619803421939,-0.7079958569601353,0.1798389320465244,1.405103931903644,-0.7886731281386982,-0.7694746769432201,0.0750715528570762,-0.8168938541717079,-0.7828964292834533,-0.47279611750075595,-0.8034837618459576,-0.46610671659169706,0.15773267712903216,0.2000432251821716,-0.7594435171525026,-0.4660507573089723,-0.768599907544836,0.6468326763233347,0.3965838078231586,-0.36634257134016923,-0.30453611366746514,-0.34618915078996,0.2126521778653499,0.5729213689045117,-0.49144906299492275,0.45939016231209184,0.11393163110412086,0.5339214531502842,-0.5137172368242192,0.6598976501241671,-0.36348815065888285,-0.6050884126968797,2.0130164727250324,-0.08751368607054091,-0.7184503947697831
486,0.05292976361921688,0.13902765732720626,1.376048002368318,-0.2158067450705457,-0.17119690708133672,-0.025491698523315235,-0.3228347059976028,-0.7577268446090778,0.10423390541088669,1.1714823055774597,-0.14451843507885012,2.6290472013562467,2.522183242308248,-0.21879983892110627,-0.8025750897177983,-0.2726391228556968,-0.745292760564584,-0.042192588656434694,-0.594221409002342,-0.5090253877772097,-0.4798985451570976,1.4028550383880471,-0.04656597402886146,-0.19331065551115387,-0.47807386811138924,-0.35130990042541077,0.6886784682803279,1.6734067790561757,1.1509990918606912,-0.5910853058801933,-0.7956960298976613,0.12690923218139588,-0.8367844447846362,-0.33994838247894155,-0.6528124635485747,-0.523504933974671,-0.7833372412516937,1.002666068919204,-0.32386593728741425,0.11276419763871634,1.169008720846191,1.9635672047307586,-0.6018141559738084,-0.14253438123736956,-0.36644430342557033,-0.7449192187227722,-0.8047794038771868,0.1299927631682693,-0.7811594247379158,1.4226288395661366,-0.35839405880867725,-0.4008171138467954,1.7809612408630484,0.22289390061615127,-0.4994178390410515,-0.48438830271567584,2.439597885710496,-0.7975089690058494,0.06890322916355274,0.5801041937607181,0.6669860360146042,-0.026590511386122433,-0.7640668656583823,-0.7672934622289077,0.6461586952776799,-0.7272161150461649,-0.7079958569601353,0.1798389320465244,-0.09571916175085349,-0.2642893993230743,-0.401656953739004,-0.4603343258994532,-0.6195764980915852,2.8984347428957937,2.7410747718548363,-0.8034837618459576,-0.5082045053012073,-0.4994868109086019,0.2000432251821716,-0.7594435171525026,-0.3880571572237958,0.6477389884223064,-0.2244397863966744,1.0815299353242962,0.5811972187410961,-0.460588439400217,-0.29509866218459396,0.6783138812201307,-0.8443238231907555,-0.49144906299492275,0.1492009912708414,-0.31198100853745253,1.2000742331256853,-0.20773889532313566,-0.7508936916698834,-0.15548348647640342,-0.6050884126968797,-0.7655869729006214,-0.08751368607054091,0.5480994417569389
487,-0.4626198820225062,-0.32362677637397935,-0.8145298735165075,-0.7877327479076812,-0.33059812410306555,-0.2659794204413833,-0.00633009227446279,-0.7577268446090778,-0.7473502891225012,-0.6419577959356357,1.6376595759832024,-0.4800436233318407,-0.13933849072963006,-0.03654258034459124,-0.8025750897177983,-0.2726391228556968,-0.745292760564584,-0.41557832897886565,-0.74745024061718,-0.48939766402548573,-0.7861516052445882,-0.3159470803765462,-0.7263612153261089,-0.249735248479967,-0.49683216161022736,-0.35130990042541077,4.507290997317826,1.3218979947212595,-0.6686315506324968,-0.427621449165538,1.1271195080799914,-0.017305804388372183,-0.6553480950915234,0.07462281566610911,-0.10020597634605656,-0.5404720997870348,-0.7833372412516937,-0.3041649104476308,3.2002465467976156,-0.0673703033815972,-0.4411961288042099,2.117117244982464,-0.6018141559738084,-0.3669979737371641,-0.2418033838930634,-0.5808400956560823,0.22478912986761498,-0.16652357617541064,-0.4100623108481696,-0.27637057074374,-0.35839405880867725,-0.4008171138467954,0.4714309166990422,0.22289390061615127,-0.4405982128977116,-0.1270526695647674,-0.555286867111459,0.8026294118245066,0.4373696952788083,1.2649969845053675,-0.12704495924087694,-0.24725865566929606,-0.08730259138169293,-0.2566722584385965,1.1381577018342888,-0.43422009770282693,-0.7079958569601353,-0.22184343053345984,2.4056526610066427,-0.08949482305119973,0.7017962158736443,-0.4985776029534911,1.156279706629519,-0.08169049172550143,-0.11569935201680126,1.5458839628498247,-0.48715561094645216,-0.828096554927419,-0.7663491670022323,0.2546931902239793,-0.5050475573515606,1.7493359075078616,0.12406919869132926,-0.802071915303832,0.22586979746062164,-0.460588439400217,-0.42282488369800897,-0.7186712288442116,-0.8443238231907555,-0.25103370400841346,-0.7813665218529099,0.11393163110412086,-0.631845911806668,-0.411724456323858,-0.7508936916698834,-0.20748465252202328,-0.3432870443045034,0.3785438576511185,-0.41900492118622645,-0.5601316652039429
488,0.22477964549979124,-0.16940863180691748,0.645855377073376,1.118687261549437,-0.808801775168252,0.756093397710406,-0.07666445087960501,-0.5885158475994579,-0.23639977240246846,0.08341824466960238,-0.7925831663741418,0.6081381653089899,0.4869019170439884,-0.30992846820936376,-0.8025750897177983,-0.18121084557343764,-0.745292760564584,-0.7889640693012967,0.9380669071460385,-0.4305144927703138,0.13260757501788334,-0.7847112945850717,-0.2165147843531733,0.03238771636409874,-0.4030406941160366,-0.2784240289678567,1.020731731674893,1.096932372746913,-0.8340525181318775,0.06277012097842767,-0.4460932048108154,0.5595543418907,0.9775790521464917,-0.2214994687232128,-0.46861030114773533,-0.591373597224126,0.18374577263928613,-0.3041649104476308,-0.5000715614916658,0.11276419763871634,1.3479203708073466,1.4261420638497897,-0.6018141559738084,0.15675040876235652,-0.2833503570705657,-0.7449192187227722,-0.8047794038771868,-0.047917040437938666,-0.4100623108481696,-0.8427037075136988,-0.0880304055130547,-0.26420596393309553,-0.463947886275248,-0.28755014659640904,-0.4405982128977116,-0.48438830271567584,1.7349191203406242,-0.47748129283977825,1.1743026275093196,-0.27601179467009374,0.03176123981021927,-0.24725865566929606,0.4202706143258241,0.2539489453517148,-0.3378393178355381,-0.7272161150461649,-0.06083328204227859,-0.3653014171691685,-0.4292354047851863,-0.2642893993230743,0.7017962158736443,-0.42209104884541543,-0.8168938541717079,-0.7828964292834533,-0.8298928829847106,-0.020361186947363465,-0.48715561094645216,0.4863424211478492,-0.1220875722126297,-0.0350601547407298,-0.4660507573089723,-0.768599907544836,-0.7472032640286799,0.2253472759478742,-0.36634257134016923,-0.48009498011681095,-0.16737244067117898,0.05743161008042298,-0.49001252516693866,-0.43134522324829544,-0.7813665218529099,-0.20550284862705917,-0.7983841068005183,-0.4933186807241469,-0.7508936916698834,0.10452234375169592,-0.6214509982214033,-0.60213971139323,-0.5847505387440692,-0.0851754765064221
489,-0.29077000014193183,-0.130854095665152,-0.44943356086903663,-0.4064487460162575,1.901018914201138,-0.3862232814004173,-0.11183163018217612,-0.5885158475994579,-0.5770334502158236,-0.8233018060869453,3.2578214042214317,-0.7909527058006495,0.17378171315717916,-0.3554927828534925,-0.47698681802700793,-0.18121084557343764,0.06445600145691095,-0.6022711991400812,-0.74745024061718,-0.4501422165220378,0.8982402252366095,-0.6284565565155632,1.652922129214257,-0.30615984144878017,-0.4217989876148748,0.04956239259113676,-0.4735079536006498,1.2937772919744661,3.3014716693526402,-0.5910853058801933,-0.27129179226739236,-0.30573587752790826,0.07039730368092774,-0.399172839356806,-0.28440813874689597,-0.523504933974671,1.3120092888454293,0.34925057923578656,-0.32386593728741425,-0.6077738064425378,2.0635669706519693,1.3186570356735958,-0.6018141559738084,-0.21735557873730108,-0.36644430342557033,0.5677137658107472,0.9111681523641495,-0.4037366476503546,-0.5956108677930426,2.1777396885927485,-0.2502485974904282,-0.37349488386405544,-0.651023646870106,-0.6278461780714493,-0.4798112969932716,-0.444684343476686,-0.555286867111459,0.8026294118245066,-0.8522629361245863,0.9225505891330428,-0.6034635563941656,-0.30242569174008943,-0.7640668656583823,-0.597086394298804,1.3021573706864917,-0.7272161150461649,-0.7079958569601353,-0.2792266251877433,-0.7627516478195191,0.6096834820362987,0.5178873542715363,-0.4985776029534911,-0.6195764980915852,-0.6075949448939653,1.4912360926609949,-0.6077031181213091,-0.5082045053012073,0.15773267712903216,-0.6052837683048317,-0.17993682722308435,-0.5050475573515606,0.018255034659132002,-0.2244397863966744,0.3965838078231586,-0.011015150059694707,-0.4996015208334049,-0.42282488369800897,-0.2530095254894309,-0.3128568761550302,-0.471414449746047,-0.7813665218529099,0.007453471193727517,-0.4653077168128177,-0.411724456323858,-0.7508936916698834,-0.10348232043078355,-0.6214509982214033,-0.11179792687105575,-0.5847505387440692,0.2314619826252584
490,0.3966295273803656,-0.20796316794868294,-0.8145298735165075,-0.4064487460162575,-0.4899993411247944,-0.08561362900283224,-0.28766752669503165,-0.419304850589838,0.10423390541088669,-0.6419577959356357,-0.6305669835503189,-0.7909527058006495,1.426262528704416,-0.12767120963284875,0.8253662687361538,-0.13549670693230806,-0.745292760564584,-0.22888545881765018,-0.74745024061718,-0.5090253877772097,-0.6330250752008428,-0.7847112945850717,1.4829733188899452,-0.3625844344175933,-0.4405572811137129,-0.13265228605274848,-0.8055612169952149,1.1953548323606895,-0.5032105831331162,-0.2641575924508828,0.2531124453628765,0.8479844150302361,0.6147063527602661,0.19307172942183787,-0.8370146259494141,-0.47260343653757975,0.02256527032412281,-0.4675187828684851,0.028545311121088726,-0.24750480440191075,1.526832020768502,2.1017622409572936,-0.4388974922017974,-0.3669979737371641,-0.2002564107155611,-0.5808400956560823,-0.46158989262891953,-0.4037366476503546,-0.7811594247379158,0.1011848537695659,-0.3043213281495527,-0.07295035405391573,0.6585066772939002,-0.6278461780714493,-0.4798112969932716,-0.2660165269012318,-0.555286867111459,0.16257405949236417,0.4373696952788083,-0.7896813877285809,-0.7622697554452618,-0.35759272781088286,-0.7640668656583823,0.2539489453517148,-0.8298383243921471,-0.7272161150461649,-0.7079958569601353,-0.19315183320631812,-0.2624772832680199,-0.7886731281386982,-0.7694746769432201,-0.3456044947373398,-0.6195764980915852,-0.6075949448939653,2.3839780063708815,-0.8034837618459576,-0.46610671659169706,7.715756789561824,-0.7663491670022323,0.8341998801533975,-0.17357475698956035,3.0083038150342105,-0.572948771484678,-0.11712578780269454,-0.36634257134016923,-0.4996015208334049,-0.39727963939532596,-0.7186712288442116,-0.49001252516693866,-0.43134522324829544,1.2348630899152178,0.06069255114892419,-0.631845911806668,-0.45252156852400244,-0.7508936916698834,-0.10348232043078355,-0.5887258271723562,-0.43869244988583855,2.0671793421814155,1.4980118191519805
491,-0.4626198820225062,-0.130854095665152,0.09821090810216972,0.9280452606037252,1.741617697179409,-0.025491698523315235,0.3453417007512483,-0.08088285657059825,0.785501261037597,-0.4606137857843262,0.8275786618640876,-0.16913454086303198,-0.29589859267303464,0.2368433075201813,-0.1513985463362175,0.5502153726846355,-0.421393255755986,-0.7889640693012967,4.1558723710576375,-0.273492702756522,-0.6330250752008428,0.46532660997099623,-0.04656597402886146,-0.3625844344175933,-0.29049093312300767,-0.20553815751030255,-0.3074813219033673,1.012570264506533,0.3238942543637875,-0.427621449165538,0.6027152704497225,-0.3778433958127923,-0.8367844447846362,-0.2214994687232128,-0.8370146259494141,-0.591373597224126,-0.2997957343062038,-0.6308726552893394,0.7333678079380946,-0.24750480440191075,-0.4411961288042099,0.643036858566092,0.5386024904302681,-0.2921767762372326,-0.2833503570705657,0.895872011944127,-0.2899951370047859,-0.10722030830667466,-0.4100623108481696,-0.8427037075136988,-0.0339576748539302,-0.4281393438295354,0.0972793955093261,1.9243740579913522,-0.4798112969932716,-0.22631256766224198,0.1493918982584128,0.3225878975753998,-0.29956323695170284,0.9225505891330428,-0.7622697554452618,-0.16450810156310594,-0.7640668656583823,-0.597086394298804,-0.3378393178355381,-0.2877220890311579,0.5863292928755782,-0.39399301449631025,1.405103931903644,-0.43908397559494894,0.15006963106732016,-0.47945596442647215,-0.8168938541717079,0.09361099266398654,0.06284903072517607,-0.21614183067201198,-0.3398133504631664,0.8149521651666662,1.6496318134587775,-0.614566844670148,-0.48554915733026643,-0.6112289191040424,-0.572948771484678,-0.802071915303832,-0.36634257134016923,-0.3240426543840591,-0.244008173579228,0.5230933134352038,-0.3128568761550302,-0.471414449746047,-0.4711773508116594,-0.3652200884926492,0.8669978431379848,-0.06494900262263001,-0.22184693849711443,-0.15548348647640342,-0.6214509982214033,-0.27524518837844714,0.4097231666029874,-0.24349420607226235
492,-0.6344697639030806,0.7559002355954538,1.010951689720847,-0.2158067450705457,0.6258091780273074,-0.3862232814004173,-0.18216598878731835,-0.7577268446090778,-0.7473502891225012,-0.6419577959356357,0.3415301133926187,-0.7909527058006495,-0.29589859267303464,-0.264364153565235,-0.6397809538724032,0.18450226355559893,-0.5833430081602851,1.4513503726332893,-0.2877637457726659,-0.41088676901858984,-0.17364548506960717,1.0903455622490301,-0.2165147843531733,-0.19331065551115387,-0.49683216161022736,-0.13265228605274848,3.1790779437395655,0.8860271021459634,-0.6686315506324968,0.2262339776930829,-0.7956960298976613,-0.44995091409767635,-0.8367844447846362,0.25229618629970224,-0.10020597634605656,-0.455636270725216,0.18374577263928613,2.146143175865184,0.20475093532534022,-0.6077738064425378,-0.7990194287265212,0.4280668022137044,-0.7647308197458192,-0.3669979737371641,-0.2418033838930634,-0.7449192187227722,-0.8047794038771868,-0.4037366476503546,-0.7811594247379158,-0.46514828300039296,-0.35839405880867725,-0.37349488386405544,-0.463947886275248,-0.7979941938089693,-0.4994178390410515,-0.4645363230961809,-0.731456558453927,0.3225878975753998,-0.8522629361245863,-0.27601179467009374,-0.6034635563941656,-0.35759272781088286,0.08188847718747941,-0.2566722584385965,-0.8298383243921471,0.44476795432718697,-0.7079958569601353,-0.3653014171691685,-0.7627516478195191,0.43488890576442407,-0.21774809213689597,-0.47945596442647215,0.7616449944692737,5.002052555569649,0.41994579620913075,-0.8034837618459576,-0.48715561094645216,0.9792570371760747,-0.28315297091003033,0.10981651774162475,-0.4660507573089723,0.6477389884223064,-0.7472032640286799,-0.4595988515532633,-0.24790009758001105,-0.18749686936790128,-0.320643906487277,0.8335344490050577,0.04145442186878656,-0.49144906299492275,-0.4711773508116594,-0.3652200884926492,-0.4653077168128177,-0.22813745142320788,-0.7508936916698834,0.36452817397979526,-0.6214509982214033,-0.7655869729006214,-0.5847505387440692,-0.4018129356381026
493,0.22477964549979124,-0.053745023381621064,0.28075906442590515,0.1654772568208779,-0.33059812410306555,-0.14573555948234926,-0.3580018853001739,-0.5885158475994579,-0.7473502891225012,-0.6419577959356357,-0.6305669835503189,4.339047154934695,-0.7655788985032485,-0.264364153565235,0.011395589509177712,-0.22692498421456722,0.06445600145691095,-0.042192588656434694,0.17192274907184826,-0.41088676901858984,-0.020518955025861915,-0.4722018184460547,0.2933316466197623,-0.1368860625423407,-0.47807386811138924,-0.35130990042541077,1.352784995069458,0.29549234446330397,-0.8340525181318775,-0.2641575924508828,0.6027152704497225,0.12690923218139588,-0.8367844447846362,-0.399172839356806,2.2944221348648552,-0.6083407630364898,-0.4609762366213671,-0.3041649104476308,0.20475093532534022,0.8333022017199705,-0.7990194287265212,0.7198118786919447,-0.7647308197458192,-0.3669979737371641,-0.2418033838930634,-0.5808400956560823,1.7691419304848175,-0.16652357617541064,-0.7811594247379158,-0.8427037075136988,0.12826051712344333,-0.26420596393309553,1.7809612408630484,-0.7979941938089693,-0.34256550265881175,-0.20646058804274706,-0.026777793084055153,-0.7975089690058494,1.3585358605669473,-0.6184581900424185,-0.7622697554452618,-0.33000920977548615,0.08188847718747941,-0.7672934622289077,-0.8298383243921471,-0.7272161150461649,-0.7079958569601353,-0.2792266251877433,0.5713133243178121,-0.7886731281386982,0.15006963106732016,-0.3647261332643587,0.9589623505493964,1.1454198990009143,-0.6513445002427333,-0.4119224743966605,-0.44505782223694196,-0.6637916829180104,0.8443048199717742,-0.0350601547407298,-0.5050475573515606,1.4345939306262743,-0.572948771484678,0.5678203396984429,0.22586979746062164,-0.48009498011681095,-0.320643906487277,0.36787274565027683,0.21861007088069498,-0.31113754375504077,-0.7813665218529099,-0.3652200884926492,-0.4653077168128177,-0.411724456323858,-0.5745447739456271,0.31252700793417537,-0.37601221535355045,-0.43869244988583855,0.7412144017186729,0.07314325305941816
494,0.3966295273803656,-0.2850722402322139,-0.8145298735165075,-0.5970907469619694,0.1476055269621209,-0.32610135092090026,-0.07666445087960501,0.2575391374486415,-0.7473502891225012,0.627450275123531,-0.6305669835503189,-0.32458908209743637,-0.13933849072963006,-0.08210689498872,0.988160404581549,-0.044068429650048924,-0.745292760564584,-0.41557832897886565,-0.74745024061718,-0.4501422165220378,-0.4798985451570976,-0.6284565565155632,-0.556412405001797,-0.249735248479967,-0.02787482413927351,-0.35130990042541077,0.19059857318848028,0.6610614801716169,-0.3377896156337354,0.38969783440773814,-0.7956960298976613,-0.16152084095814023,-0.8367844447846362,0.1338472725439735,-0.10020597634605656,-0.3029317784139423,2.279092302736409,-0.6308726552893394,3.72886341941037,-0.7879083074628513,-0.6201077787653655,1.119041983346379,-0.7647308197458192,-0.2547661774872668,-0.36644430342557033,-0.5808400956560823,-0.46158989262891953,-0.22582684404414663,0.703229030821069,0.1011848537695659,0.39862417041906584,-0.2915281939158355,-0.463947886275248,0.39304191635367136,-0.4994178390410515,-0.5042402823351707,-0.731456558453927,-0.31746745475674265,-0.8522629361245863,-0.27601179467009374,-0.28585115829197316,-0.3851762458462796,2.28137236858672,-0.7672934622289077,-0.1738396489833351,-0.43422009770282693,-0.5462052132306712,-0.39399301449631025,-0.4292354047851863,3.406396702386292,-0.401656953739004,-0.44121268737243435,0.9589623505493964,-0.7828964292834533,0.06284903072517607,0.17541945677728507,-0.5082045053012073,-0.828096554927419,0.8443048199717742,-0.0350601547407298,-0.36855875720250164,-0.45385793066324875,0.9953416614113384,-0.4595988515532633,-0.24790009758001105,-0.4996015208334049,-0.42282488369800897,1.9200784234995463,-0.13570122714312183,-0.4513798364971712,4.0265656292864715,-0.3652200884926492,0.7004596481441344,-0.411724456323858,3.1287824982637558,0.15652350979731577,-0.5396380705987857,0.5419911191585098,-0.41900492118622645,-0.24349420607226235
495,-0.6344697639030806,-0.3621813125157448,-0.8145298735165075,0.7374032596580133,0.6258091780273074,0.3352398843537868,-0.0414972715770339,-0.7577268446090778,-0.23639977240246846,-0.8233018060869453,0.01749774774497282,0.14177454160577677,2.3656231403648436,-0.21879983892110627,-0.8025750897177983,0.0016457089910806458,0.7122550110741069,-0.22888545881765018,0.018693917457010226,-0.21460953150135004,3.0420116458490427,0.30907187190148777,-0.7263612153261089,-0.3625844344175933,-0.3655241071183603,-0.16909522178152553,-0.6395345852979323,0.4360958581972705,-0.17236864813435468,-0.427621449165538,0.7775166829931455,-0.30573587752790826,-0.8367844447846362,-0.2807239256010772,3.031230784468213,-0.3538332758510335,0.18374577263928613,-0.7942265277101938,1.966807177367855,-0.24750480440191075,-0.7990194287265212,0.5969718464905804,-0.2759808284297865,-0.32958737498719837,-0.32489733024806805,-0.5808400956560823,-0.6331846482530531,-0.3444333797816186,-0.5956108677930426,-0.6539259952570459,-0.3043213281495527,-0.4281393438295354,-0.838099407464964,3.625854215366553,-0.42099167084993167,-0.48438830271567584,-0.731456558453927,6.563127582813788,0.4373696952788083,-0.7896813877285809,-0.7622697554452618,0.0009930066492742698,-0.5948757970892099,-0.597086394298804,-0.8298383243921471,0.5912659629988559,0.10095736168718561,-0.3653014171691685,-0.2624772832680199,-0.6138785518668235,-0.7694746769432201,-0.09702319388609397,-0.6195764980915852,-0.7828964292834533,-0.8298928829847106,-0.21614183067201198,-0.38191113917267666,-0.6637916829180104,-0.7663491670022323,-0.7594435171525026,-0.4075555572450899,-0.2964869422224552,0.2983236912353311,-0.6308353834285477,-0.011015150059694707,-0.48009498011681095,-0.320643906487277,-0.7186712288442116,-0.8443238231907555,-0.27106831725728925,-0.7813665218529099,0.6995615106112842,-0.13223132682511707,-0.5137172368242192,-0.5745447739456271,1.4045514948921924,-0.37601221535355045,-0.43869244988583855,-0.5847505387440692,-0.5601316652039429
496,0.22477964549979124,0.2161367296107372,1.1934998460445825,-0.5970907469619694,-0.33059812410306555,-0.32610135092090026,-0.11183163018217612,0.4267501344582614,-0.7473502891225012,0.627450275123531,0.17951393056879578,-0.6354981645662451,-0.7655788985032485,-0.264364153565235,-0.1513985463362175,-0.22692498421456722,-0.25944350335168703,1.0779646323108583,-0.74745024061718,-0.4697699402737618,-0.4798985451570976,2.9654024190831323,0.12338283629545041,-0.30615984144878017,-0.49683216161022736,-0.2419810932390796,-0.8055612169952149,1.659346427682779,-0.6686315506324968,0.5531616911223933,-0.09649037972396941,-0.44995091409767635,-0.8367844447846362,-0.04382609808961965,-0.46861030114773533,-0.3538332758510335,-0.7833372412516937,0.1858967068149322,-0.14766031308316277,-0.7879083074628513,-0.7990194287265212,1.0576219672456966,1.5161024730623338,-0.1051237824874038,0.42294818694697345,-0.7449192187227722,0.7395733967400159,0.30790256677447725,-0.5956108677930426,-0.46514828300039296,-0.35839405880867725,-0.4281393438295354,0.6585066772939002,-0.11740213085888894,-0.4798112969932716,-0.48438830271567584,-0.731456558453927,-0.7975089690058494,-0.8522629361245863,-0.6184581900424185,0.1905674388613155,-0.27484217370469277,-0.25649365995086526,0.9347772170721298,-0.8298383243921471,-0.43422009770282693,-0.7079958569601353,-0.3653014171691685,-0.09571916175085349,-0.2642893993230743,-0.401656953739004,-0.4985776029534911,-0.22494178593133982,-0.7828964292834533,-0.11569935201680126,0.5669807442265821,-0.5082045053012073,-0.4994868109086019,0.6832394212743735,0.3995698627063339,-0.48554915733026643,-0.768599907544836,0.4725781837793329,0.05411074407258983,-0.011015150059694707,-0.4996015208334049,-0.141827196368496,-0.5634506610592848,0.9272326669283286,-0.17089525101291037,-0.7813665218529099,-0.31198100853745253,-0.4653077168128177,-0.45252156852400244,-0.39819585622137077,0.31252700793417537,-0.6214509982214033,2.8302527802619895,-0.5847505387440692,-0.7184503947697831
497,1.4277288186638117,-0.0151904872398556,-0.8145298735165075,-0.7877327479076812,-0.808801775168252,-0.3862232814004173,-0.21733316808988945,-0.7577268446090778,-0.7473502891225012,-0.6419577959356357,-0.6305669835503189,0.2972290828401812,-0.29589859267303464,0.19127899287605252,0.33698386119996815,-0.31835326149682636,-0.09749375094738805,-0.6022711991400812,-0.2877637457726659,-0.48939766402548573,-0.17364548506960717,-0.15969234230703772,-0.7263612153261089,-0.3625844344175933,-0.4405572811137129,-0.35130990042541077,0.024571941491197763,1.2656565892276728,0.15847328686440676,-0.427621449165538,-0.6208946173542383,-0.44995091409767635,0.4332700030671533,-0.10305055496748404,-0.6528124635485747,-0.591373597224126,-0.7833372412516937,-0.14081103802677644,0.20475093532534022,1.3737057047809111,-0.7990194287265212,0.5201968263647276,-0.6018141559738084,-0.32958737498719837,-0.0756154911830542,1.2240302580775069,-0.2899951370047859,-0.4037366476503546,-0.5956108677930426,-0.8427037075136988,-0.3043213281495527,-0.15491704400213566,0.28435515610418416,2.7751141366789525,-0.4994178390410515,-0.2858685065207267,-0.026777793084055153,0.16257405949236417,1.3585358605669473,1.0937737868192052,0.03176123981021927,-0.35759272781088286,-0.7640668656583823,-0.597086394298804,0.9741580329820858,1.4702540150288699,-0.7079958569601353,0.2659137240279496,0.5713133243178121,-0.6138785518668235,-0.7694746769432201,-0.02053663977801834,-0.6195764980915852,-0.6075949448939653,-0.2942477347587786,-0.8034837618459576,-0.3187644561084113,-0.6637916829180104,3.9045473952223864,-0.614566844670148,-0.427053957266384,-0.45385793066324875,-0.7472032640286799,1.9377125947007179,-0.011015150059694707,-0.4996015208334049,-0.29509866218459396,-0.2530095254894309,-0.8443238231907555,-0.471414449746047,-0.7813665218529099,-0.3652200884926492,-0.7983841068005183,-0.37092734412371353,1.0125954855726798,-0.36348815065888285,-0.6214509982214033,0.21509659614372706,-0.5847505387440692,2.447924196547022
498,0.3966295273803656,0.023364048901909868,-0.8145298735165075,-0.025164744124833896,-0.808801775168252,0.1548740929152358,-0.07666445087960501,0.4267501344582614,-0.40671661130914605,-0.4606137857843262,1.1516110275117335,-0.6354981645662451,-0.6090187965598439,-0.3554927828534925,-0.8025750897177983,-0.18121084557343764,-0.5833430081602851,3.1315862040842286,0.6316092439163624,-0.15572636024617809,-0.7861516052445882,1.2466003003185386,0.12338283629545041,0.540209053083417,-0.3842824006171984,0.12244826404869086,-0.8055612169952149,0.7454235884119969,0.9855781243613103,0.5531616911223933,-0.4460932048108154,0.9921994516000042,-0.47391174539841063,-0.399172839356806,2.110219972464016,-0.6083407630364898,-0.6221567389365305,-0.4675187828684851,-0.5000715614916658,0.11276419763871634,0.632273770962724,0.30522677001234005,-0.6018141559738084,-0.32958737498719837,-0.32489733024806805,-0.7449192187227722,-0.11840038138065227,0.36720583464321327,-0.7811594247379158,1.2338511273094837,-0.2502485974904282,-0.2915281939158355,-0.651023646870106,0.5631899320911915,-0.26413933446769183,-0.5042402823351707,-0.731456558453927,-0.6374951309228138,0.9900693944516917,-0.7896813877285809,0.03176123981021927,-0.33000920977548615,0.25107954575665176,-0.2566722584385965,-0.5018389866877411,-0.14122408035948897,1.233491867793435,-0.33660981984202676,1.5718620534208105,1.308861787123797,0.5178873542715363,-0.4603343258994532,1.748231774869887,-0.6075949448939653,-0.47279611750075595,-0.8034837618459576,-0.5082045053012073,-0.828096554927419,-0.6052837683048317,1.9932132600122339,-0.19307315701085448,-0.6112289191040424,0.6468326763233347,1.2527664671995804,-0.12945762381985287,-0.4996015208334049,-0.29509866218459396,0.36787274565027683,-0.13570122714312183,-0.43134522324829544,-0.6262719363322846,-0.3652200884926492,0.03430686816873323,-0.5137172368242192,-0.5745447739456271,-0.25948581856764313,-0.5396380705987857,2.339910995739815,1.7356881070657297,-0.4018129356381026
499,0.7403292911415144,-0.053745023381621064,-0.6319817171927721,0.7374032596580133,2.5386237822880533,-0.3862232814004173,-0.3580018853001739,-0.7577268446090778,-0.23639977240246846,-0.09792576548170716,0.17951393056879578,-0.7909527058006495,1.1131423248176069,-0.12767120963284875,-0.3141926821816127,-0.22692498421456722,-0.745292760564584,0.14450028150478078,-0.74745024061718,-0.5090253877772097,-0.7861516052445882,-0.7847112945850717,0.12338283629545041,-0.3625844344175933,-0.47807386811138924,-0.13265228605274848,-0.14145469020608475,0.3798544527036839,-0.8340525181318775,-0.10069373573622757,-0.27129179226739236,-0.44995091409767635,-0.11103904601218505,-0.399172839356806,2.4786242972656947,-0.455636270725216,-0.7833372412516937,-0.7942265277101938,-0.8524828099001687,-0.24750480440191075,-0.6201077787653655,0.8272969068681385,1.3531858092903228,-0.1799449799873353,-0.36644430342557033,-0.7449192187227722,3.1418999754778865,-0.4037366476503546,-0.22451375390329645,0.28996256602621884,-0.1421031361721792,-0.4008171138467954,-0.651023646870106,-0.28755014659640904,-0.4994178390410515,-0.40498038423769617,-0.37911717576899107,0.9626432499075422,-0.6680297030669584,-0.7896813877285809,-0.28585115829197316,0.0009930066492742698,0.5894616828949965,1.1049842850022336,-0.665838655539944,0.5912659629988559,-0.22262392577174278,-0.22184343053345984,-0.4292354047851863,-0.7886731281386982,-0.5855658153411121,-0.4985776029534911,-0.027624429851217113,-0.7828964292834533,-0.6513445002427333,-0.21614183067201198,-0.42400892788218686,0.3220375491384407,-0.7663491670022323,-0.7594435171525026,-0.36855875720250164,0.1756260230999256,-0.7472032640286799,1.0815299353242962,-0.36634257134016923,-0.4996015208334049,-0.371734395092643,-0.2530095254894309,-0.8443238231907555,-0.471414449746047,0.45939016231209184,-0.04578560876146916,-0.13223132682511707,-0.411724456323858,-0.04549802077285813,-0.25948581856764313,-0.5887258271723562,-0.7655869729006214,0.07823193148730186,-0.24349420607226235
