,0,1,2,3,4,5,6,7,8,9,10,11,12,13,14,15,16,17,18,19,20,21,22,23,24,25,26,27,28,29,30,31,32,33,34,35,36,37,38,39,40,41,42,43,44,45,46,47,48,49,50,51,52,53,54,55,56,57,58,59,60,61,62,63,64,65,66,67,68,69,70,71,72,73,74,75,76,77,78,79,80,81,82,83,84,85,86,87,88,89,90,91,92,93,94,95,96,97,98,99
0,0.0,0.006509357200976403,0.007323026851098454,0.0,0.009764035801464606,0.10577705451586655,0.0008136696501220504,0.0032546786004882017,0.004882017900732303,0.0,0.0008136696501220504,0.0,0.0,0.15378356387306755,0.0008136696501220504,0.01871440195280716,0.0032546786004882017,0.0040683482506102524,0.0016273393002441008,0.012205044751830757,0.0,0.008136696501220505,0.0,0.13995117982099267,0.0,0.0016273393002441008,0.0008136696501220504,0.0,0.0016273393002441008,0.013832384052074858,0.0016273393002441008,0.005695687550854353,0.0,0.0,0.015459723352318959,0.0,0.004882017900732303,0.0,0.004882017900732303,0.005695687550854353,0.0032546786004882017,0.0032546786004882017,0.0,0.0024410089503661514,0.06997558991049634,0.0,0.013018714401952807,0.006509357200976403,0.014646053702196907,0.0032546786004882017,0.14401952807160293,0.009764035801464606,0.005695687550854353,0.01790073230268511,0.0,0.0,0.004882017900732303,0.0024410089503661514,0.012205044751830757,0.0,0.004882017900732303,0.008136696501220505,0.009764035801464606,0.0016273393002441008,0.004882017900732303,0.0016273393002441008,0.0,0.004882017900732303,0.005695687550854353,0.013018714401952807,0.0016273393002441008,0.0024410089503661514,0.0,0.0,0.010577705451586655,0.0,0.007323026851098454,0.007323026851098454,0.0040683482506102524,0.0008136696501220504,0.0,0.0040683482506102524,0.0008136696501220504,0.0,0.023596419853539462,0.0,0.0,0.007323026851098454,0.0024410089503661514,0.0,0.0032546786004882017,0.0032546786004882017,0.0,0.0008136696501220504,0.0016273393002441008,0.0,0.0032546786004882017,0.0024410089503661514,0.0040683482506102524,0.0032546786004882017
1,0.0,0.0028517110266159697,0.0076045627376425855,0.0009505703422053232,0.0038022813688212928,0.0779467680608365,0.0009505703422053232,0.0028517110266159697,0.0,0.011406844106463879,0.011406844106463879,0.0,0.0019011406844106464,0.10836501901140684,0.0009505703422053232,0.0038022813688212928,0.027566539923954372,0.0009505703422053232,0.022813688212927757,0.028517110266159697,0.0,0.0009505703422053232,0.0019011406844106464,0.1150190114068441,0.011406844106463879,0.0028517110266159697,0.0076045627376425855,0.0009505703422053232,0.004752851711026616,0.0009505703422053232,0.0009505703422053232,0.0,0.0,0.0019011406844106464,0.0,0.011406844106463879,0.0019011406844106464,0.0076045627376425855,0.0019011406844106464,0.0009505703422053232,0.0,0.0009505703422053232,0.0,0.0019011406844106464,0.08269961977186312,0.0,0.022813688212927757,0.0009505703422053232,0.0038022813688212928,0.0,0.17870722433460076,0.0076045627376425855,0.0028517110266159697,0.0019011406844106464,0.0028517110266159697,0.0009505703422053232,0.006653992395437262,0.019011406844106463,0.0,0.015209125475285171,0.0028517110266159697,0.0,0.0,0.005703422053231939,0.0038022813688212928,0.0038022813688212928,0.006653992395437262,0.016159695817490494,0.0,0.0028517110266159697,0.0028517110266159697,0.024714828897338403,0.0,0.0009505703422053232,0.004752851711026616,0.0019011406844106464,0.0028517110266159697,0.013307984790874524,0.0009505703422053232,0.005703422053231939,0.009505703422053232,0.0,0.0009505703422053232,0.0,0.0,0.0,0.009505703422053232,0.0076045627376425855,0.0038022813688212928,0.005703422053231939,0.0,0.0009505703422053232,0.0,0.0009505703422053232,0.0028517110266159697,0.0038022813688212928,0.009505703422053232,0.0009505703422053232,0.0028517110266159697,0.004752851711026616
2,0.0031779661016949155,0.006355932203389831,0.001059322033898305,0.0031779661016949155,0.0,0.15466101694915255,0.006355932203389831,0.001059322033898305,0.0,0.0031779661016949155,0.00211864406779661,0.007415254237288136,0.0,0.0847457627118644,0.006355932203389831,0.001059322033898305,0.0,0.00211864406779661,0.0,0.01059322033898305,0.005296610169491525,0.0,0.014830508474576272,0.15889830508474576,0.001059322033898305,0.0,0.0,0.00847457627118644,0.0,0.0,0.00211864406779661,0.0,0.007415254237288136,0.00211864406779661,0.00847457627118644,0.005296610169491525,0.001059322033898305,0.006355932203389831,0.0,0.014830508474576272,0.0,0.0,0.0031779661016949155,0.00211864406779661,0.15148305084745764,0.00423728813559322,0.02754237288135593,0.00847457627118644,0.0,0.0,0.10063559322033898,0.005296610169491525,0.005296610169491525,0.00211864406779661,0.0,0.024364406779661018,0.00847457627118644,0.0,0.01059322033898305,0.00423728813559322,0.001059322033898305,0.0,0.001059322033898305,0.0,0.00847457627118644,0.011652542372881356,0.0,0.0,0.0,0.0,0.001059322033898305,0.0,0.00211864406779661,0.0,0.006355932203389831,0.0,0.001059322033898305,0.0,0.0,0.00847457627118644,0.0,0.0,0.0,0.0,0.007415254237288136,0.0,0.005296610169491525,0.001059322033898305,0.0,0.001059322033898305,0.00423728813559322,0.0,0.00211864406779661,0.0,0.00211864406779661,0.0031779661016949155,0.009533898305084746,0.0,0.0,0.034957627118644065
3,0.0009633911368015414,0.0,0.0,0.016377649325626204,0.0,0.0905587668593449,0.0009633911368015414,0.029865125240847785,0.0009633911368015414,0.0009633911368015414,0.0038535645472061657,0.0,0.0019267822736030828,0.1464354527938343,0.0009633911368015414,0.0,0.0019267822736030828,0.002890173410404624,0.004816955684007707,0.0019267822736030828,0.009633911368015413,0.0009633911368015414,0.01348747591522158,0.10308285163776493,0.002890173410404624,0.0019267822736030828,0.009633911368015413,0.0,0.0009633911368015414,0.0038535645472061657,0.005780346820809248,0.0,0.0009633911368015414,0.0019267822736030828,0.019267822736030827,0.0009633911368015414,0.0,0.002890173410404624,0.0,0.0,0.0,0.0,0.002890173410404624,0.009633911368015413,0.19653179190751446,0.008670520231213872,0.009633911368015413,0.004816955684007707,0.002890173410404624,0.0,0.09248554913294797,0.0019267822736030828,0.0009633911368015414,0.0009633911368015414,0.005780346820809248,0.005780346820809248,0.0009633911368015414,0.008670520231213872,0.0038535645472061657,0.0009633911368015414,0.0,0.005780346820809248,0.00674373795761079,0.02023121387283237,0.0009633911368015414,0.007707129094412331,0.0,0.0,0.0038535645472061657,0.002890173410404624,0.0019267822736030828,0.007707129094412331,0.008670520231213872,0.0019267822736030828,0.0,0.005780346820809248,0.004816955684007707,0.008670520231213872,0.0,0.0038535645472061657,0.002890173410404624,0.010597302504816955,0.0009633911368015414,0.0,0.0009633911368015414,0.0019267822736030828,0.004816955684007707,0.00674373795761079,0.008670520231213872,0.0019267822736030828,0.0019267822736030828,0.0,0.0009633911368015414,0.0019267822736030828,0.0009633911368015414,0.002890173410404624,0.0,0.007707129094412331,0.002890173410404624,0.008670520231213872
4,0.0018365472910927456,0.0009182736455463728,0.0036730945821854912,0.0,0.0018365472910927456,0.13774104683195593,0.0073461891643709825,0.011019283746556474,0.0018365472910927456,0.009182736455463728,0.004591368227731864,0.0,0.03673094582185491,0.14692378328741965,0.005509641873278237,0.0027548209366391185,0.008264462809917356,0.0,0.0,0.0009182736455463728,0.0,0.0,0.009182736455463728,0.0780532598714417,0.0027548209366391185,0.0,0.004591368227731864,0.008264462809917356,0.011937557392102846,0.0009182736455463728,0.0,0.004591368227731864,0.0009182736455463728,0.0018365472910927456,0.010101010101010102,0.0,0.0,0.011937557392102846,0.0009182736455463728,0.0,0.008264462809917356,0.0018365472910927456,0.015610651974288337,0.0,0.09090909090909091,0.0018365472910927456,0.0036730945821854912,0.010101010101010102,0.004591368227731864,0.0009182736455463728,0.13957759412304868,0.013774104683195593,0.009182736455463728,0.0009182736455463728,0.0009182736455463728,0.005509641873278237,0.0036730945821854912,0.011937557392102846,0.004591368227731864,0.0,0.0009182736455463728,0.011937557392102846,0.0009182736455463728,0.0027548209366391185,0.0,0.0018365472910927456,0.0,0.0,0.0009182736455463728,0.0018365472910927456,0.0009182736455463728,0.0018365472910927456,0.0009182736455463728,0.0,0.004591368227731864,0.004591368227731864,0.014692378328741965,0.0,0.0018365472910927456,0.0027548209366391185,0.008264462809917356,0.0036730945821854912,0.0027548209366391185,0.01652892561983471,0.011019283746556474,0.006427915518824609,0.0073461891643709825,0.0018365472910927456,0.015610651974288337,0.0009182736455463728,0.0,0.0009182736455463728,0.0,0.004591368227731864,0.0009182736455463728,0.004591368227731864,0.0027548209366391185,0.0027548209366391185,0.0009182736455463728,0.0
5,0.0,0.0036023054755043226,0.002881844380403458,0.008645533141210375,0.0007204610951008645,0.09293948126801153,0.019452449567723344,0.0036023054755043226,0.001440922190201729,0.0,0.016570605187319884,0.0007204610951008645,0.010806916426512969,0.14121037463976946,0.002161383285302594,0.00792507204610951,0.005043227665706052,0.009365994236311239,0.0007204610951008645,0.0,0.001440922190201729,0.01585014409221902,0.002881844380403458,0.08861671469740634,0.0,0.008645533141210375,0.002881844380403458,0.0,0.01729106628242075,0.005043227665706052,0.0,0.012247838616714697,0.0,0.004322766570605188,0.0007204610951008645,0.001440922190201729,0.002161383285302594,0.004322766570605188,0.0007204610951008645,0.005763688760806916,0.0,0.001440922190201729,0.015129682997118156,0.0036023054755043226,0.12752161383285301,0.0,0.002161383285302594,0.001440922190201729,0.010086455331412104,0.001440922190201729,0.13760806916426513,0.002881844380403458,0.00792507204610951,0.001440922190201729,0.002881844380403458,0.0036023054755043226,0.001440922190201729,0.001440922190201729,0.0,0.002161383285302594,0.0,0.002161383285302594,0.007204610951008645,0.016570605187319884,0.002161383285302594,0.011527377521613832,0.0,0.0036023054755043226,0.01729106628242075,0.0007204610951008645,0.013688760806916427,0.004322766570605188,0.0,0.010806916426512969,0.0,0.004322766570605188,0.005763688760806916,0.007204610951008645,0.008645533141210375,0.0007204610951008645,0.0007204610951008645,0.002161383285302594,0.001440922190201729,0.00792507204610951,0.0,0.008645533141210375,0.006484149855907781,0.002161383285302594,0.001440922190201729,0.001440922190201729,0.005763688760806916,0.00792507204610951,0.0,0.0,0.0007204610951008645,0.0007204610951008645,0.009365994236311239,0.0,0.0,0.0
6,0.0,0.007172131147540984,0.015368852459016393,0.01331967213114754,0.005122950819672131,0.07581967213114754,0.0010245901639344263,0.006147540983606557,0.0,0.007172131147540984,0.0,0.0020491803278688526,0.006147540983606557,0.19364754098360656,0.00819672131147541,0.006147540983606557,0.0,0.006147540983606557,0.0020491803278688526,0.0020491803278688526,0.0030737704918032786,0.01331967213114754,0.0,0.07991803278688525,0.005122950819672131,0.017418032786885244,0.00819672131147541,0.004098360655737705,0.0020491803278688526,0.02151639344262295,0.0020491803278688526,0.00819672131147541,0.006147540983606557,0.006147540983606557,0.0020491803278688526,0.0010245901639344263,0.0020491803278688526,0.0,0.0,0.00819672131147541,0.005122950819672131,0.00819672131147541,0.0235655737704918,0.009221311475409836,0.13524590163934427,0.0,0.0030737704918032786,0.0,0.014344262295081968,0.0020491803278688526,0.0942622950819672,0.0,0.010245901639344262,0.0030737704918032786,0.0,0.0020491803278688526,0.0,0.0020491803278688526,0.0030737704918032786,0.004098360655737705,0.00819672131147541,0.00819672131147541,0.0,0.0,0.006147540983606557,0.0020491803278688526,0.0,0.005122950819672131,0.0030737704918032786,0.0020491803278688526,0.0,0.0010245901639344263,0.004098360655737705,0.0,0.0010245901639344263,0.006147540983606557,0.0,0.0,0.0,0.0020491803278688526,0.0010245901639344263,0.0,0.0010245901639344263,0.006147540983606557,0.009221311475409836,0.0020491803278688526,0.005122950819672131,0.00819672131147541,0.0010245901639344263,0.004098360655737705,0.02151639344262295,0.0010245901639344263,0.01639344262295082,0.0,0.0,0.0010245901639344263,0.0,0.0030737704918032786,0.0020491803278688526,0.0
7,0.006902502157031924,0.001725625539257981,0.0008628127696289905,0.0,0.015530629853321829,0.14840379637618636,0.007765314926660914,0.0008628127696289905,0.001725625539257981,0.0,0.003451251078515962,0.003451251078515962,0.001725625539257981,0.15875754961173424,0.0,0.0008628127696289905,0.0060396893874029335,0.003451251078515962,0.004314063848144953,0.003451251078515962,0.01725625539257981,0.0,0.006902502157031924,0.08714408973252805,0.028472821397756688,0.001725625539257981,0.0025884383088869713,0.010353753235547885,0.025884383088869714,0.004314063848144953,0.001725625539257981,0.0,0.0,0.003451251078515962,0.006902502157031924,0.0060396893874029335,0.0025884383088869713,0.003451251078515962,0.0,0.008628127696289905,0.004314063848144953,0.0025884383088869713,0.011216566005176877,0.006902502157031924,0.12251941328731665,0.0,0.010353753235547885,0.0,0.0,0.0060396893874029335,0.06298533218291631,0.0,0.006902502157031924,0.011216566005176877,0.007765314926660914,0.0025884383088869713,0.004314063848144953,0.0,0.003451251078515962,0.0025884383088869713,0.009490940465918895,0.0008628127696289905,0.003451251078515962,0.0008628127696289905,0.006902502157031924,0.001725625539257981,0.004314063848144953,0.0,0.012942191544434857,0.0,0.0008628127696289905,0.0008628127696289905,0.0,0.0,0.0060396893874029335,0.0025884383088869713,0.0008628127696289905,0.001725625539257981,0.0,0.012942191544434857,0.006902502157031924,0.0,0.0,0.0008628127696289905,0.005176876617773943,0.001725625539257981,0.0181190681622088,0.010353753235547885,0.0025884383088869713,0.001725625539257981,0.014667817083692839,0.0,0.0,0.0,0.003451251078515962,0.0,0.0,0.001725625539257981,0.001725625539257981,0.012079378774805867
8,0.0,0.006842619745845552,0.0,0.0,0.0009775171065493646,0.08602150537634409,0.0019550342130987292,0.0009775171065493646,0.01270772238514174,0.0009775171065493646,0.007820136852394917,0.002932551319648094,0.007820136852394917,0.16226783968719452,0.0,0.0,0.01270772238514174,0.0,0.0,0.0,0.002932551319648094,0.0,0.0,0.18572825024437928,0.005865102639296188,0.0,0.0009775171065493646,0.0009775171065493646,0.0,0.0009775171065493646,0.004887585532746823,0.0019550342130987292,0.0,0.005865102639296188,0.0,0.0009775171065493646,0.002932551319648094,0.0,0.005865102639296188,0.0,0.0009775171065493646,0.0,0.0,0.006842619745845552,0.10948191593352884,0.004887585532746823,0.002932551319648094,0.013685239491691105,0.005865102639296188,0.010752688172043012,0.09090909090909091,0.01466275659824047,0.0009775171065493646,0.0,0.017595307917888565,0.006842619745845552,0.008797653958944282,0.0039100684261974585,0.0,0.006842619745845552,0.0,0.011730205278592375,0.0,0.0039100684261974585,0.0039100684261974585,0.005865102639296188,0.0,0.0019550342130987292,0.0,0.005865102639296188,0.0,0.008797653958944282,0.006842619745845552,0.008797653958944282,0.0039100684261974585,0.0009775171065493646,0.0019550342130987292,0.006842619745845552,0.015640273704789834,0.0,0.0019550342130987292,0.002932551319648094,0.004887585532746823,0.0019550342130987292,0.002932551319648094,0.0009775171065493646,0.0039100684261974585,0.0009775171065493646,0.005865102639296188,0.0039100684261974585,0.013685239491691105,0.0,0.0,0.006842619745845552,0.0009775171065493646,0.006842619745845552,0.0019550342130987292,0.005865102639296188,0.0019550342130987292,0.01466275659824047
9,0.0,0.15261382799325462,0.0008431703204047217,0.0,0.0,0.003372681281618887,0.10539629005059022,0.0008431703204047217,0.026138279932546374,0.005902192242833052,0.0,0.0008431703204047217,0.010961214165261383,0.0016863406408094434,0.0008431703204047217,0.00505902192242833,0.0,0.0,0.0,0.0008431703204047217,0.01011804384485666,0.016863406408094434,0.0016863406408094434,0.0016863406408094434,0.006745362563237774,0.1551433389544688,0.0008431703204047217,0.0,0.00927487352445194,0.002529510961214165,0.0008431703204047217,0.0042158516020236085,0.003372681281618887,0.0016863406408094434,0.002529510961214165,0.0,0.00927487352445194,0.0,0.02023608768971332,0.0008431703204047217,0.0008431703204047217,0.0,0.0,0.16694772344013492,0.00505902192242833,0.002529510961214165,0.0008431703204047217,0.0042158516020236085,0.006745362563237774,0.0,0.002529510961214165,0.0016863406408094434,0.003372681281618887,0.005902192242833052,0.0,0.010961214165261383,0.0,0.04215851602023609,0.0,0.0016863406408094434,0.00927487352445194,0.013490725126475547,0.00505902192242833,0.012647554806070826,0.0,0.01854974704890388,0.0042158516020236085,0.0,0.005902192242833052,0.0016863406408094434,0.0,0.0016863406408094434,0.0016863406408094434,0.0016863406408094434,0.0,0.016020236087689713,0.0,0.0016863406408094434,0.0,0.0008431703204047217,0.0042158516020236085,0.0,0.0,0.0016863406408094434,0.016020236087689713,0.00505902192242833,0.0008431703204047217,0.0,0.006745362563237774,0.0,0.01770657672849916,0.006745362563237774,0.0042158516020236085,0.008431703204047217,0.01011804384485666,0.0,0.0016863406408094434,0.003372681281618887,0.0,0.0
10,0.005263157894736842,0.08421052631578947,0.007368421052631579,0.009473684210526316,0.0,0.0,0.18947368421052632,0.002105263157894737,0.0,0.011578947368421053,0.008421052631578947,0.0010526315789473684,0.010526315789473684,0.011578947368421053,0.002105263157894737,0.0,0.018947368421052633,0.0,0.014736842105263158,0.010526315789473684,0.01368421052631579,0.004210526315789474,0.0010526315789473684,0.0,0.002105263157894737,0.07578947368421053,0.0,0.0,0.0,0.0,0.002105263157894737,0.0010526315789473684,0.01263157894736842,0.009473684210526316,0.0,0.004210526315789474,0.00631578947368421,0.01368421052631579,0.003157894736842105,0.010526315789473684,0.0,0.002105263157894737,0.007368421052631579,0.2094736842105263,0.0,0.0,0.002105263157894737,0.0010526315789473684,0.0,0.003157894736842105,0.003157894736842105,0.024210526315789474,0.003157894736842105,0.0010526315789473684,0.007368421052631579,0.01368421052631579,0.0,0.0,0.008421052631578947,0.009473684210526316,0.0,0.0,0.0010526315789473684,0.002105263157894737,0.0,0.003157894736842105,0.002105263157894737,0.02,0.007368421052631579,0.0,0.011578947368421053,0.003157894736842105,0.0,0.0,0.0,0.002105263157894737,0.01263157894736842,0.0010526315789473684,0.00631578947368421,0.007368421052631579,0.004210526315789474,0.007368421052631579,0.0,0.0,0.003157894736842105,0.002105263157894737,0.0,0.010526315789473684,0.005263157894736842,0.0010526315789473684,0.0010526315789473684,0.0,0.003157894736842105,0.021052631578947368,0.0,0.004210526315789474,0.0010526315789473684,0.008421052631578947,0.004210526315789474,0.0
11,0.007360672975814932,0.15352260778128285,0.0,0.023133543638275498,0.0,0.00946372239747634,0.11882229232386961,0.0010515247108307045,0.0010515247108307045,0.005257623554153523,0.002103049421661409,0.0010515247108307045,0.0,0.005257623554153523,0.005257623554153523,0.0010515247108307045,0.0031545741324921135,0.007360672975814932,0.0,0.0031545741324921135,0.0,0.004206098843322818,0.0,0.002103049421661409,0.0031545741324921135,0.1640378548895899,0.0031545741324921135,0.002103049421661409,0.012618296529968454,0.006309148264984227,0.004206098843322818,0.0,0.004206098843322818,0.022082018927444796,0.016824395373291272,0.0010515247108307045,0.0031545741324921135,0.0,0.005257623554153523,0.002103049421661409,0.0010515247108307045,0.002103049421661409,0.030494216614090432,0.13459516298633017,0.0,0.0031545741324921135,0.0010515247108307045,0.002103049421661409,0.005257623554153523,0.0010515247108307045,0.0010515247108307045,0.0,0.0,0.011566771819137749,0.0010515247108307045,0.005257623554153523,0.002103049421661409,0.0031545741324921135,0.007360672975814932,0.0031545741324921135,0.004206098843322818,0.002103049421661409,0.010515247108307046,0.010515247108307046,0.0,0.0,0.0,0.0031545741324921135,0.002103049421661409,0.0,0.0010515247108307045,0.0,0.0031545741324921135,0.002103049421661409,0.0031545741324921135,0.004206098843322818,0.004206098843322818,0.004206098843322818,0.004206098843322818,0.0,0.004206098843322818,0.011566771819137749,0.0,0.008412197686645636,0.0031545741324921135,0.0,0.002103049421661409,0.006309148264984227,0.005257623554153523,0.008412197686645636,0.002103049421661409,0.0,0.03995793901156677,0.004206098843322818,0.0010515247108307045,0.011566771819137749,0.002103049421661409,0.005257623554153523,0.005257623554153523,0.0
12,0.0031282586027111575,0.1334723670490094,0.0,0.014598540145985401,0.0010427528675703858,0.0010427528675703858,0.18039624608967675,0.0020855057351407717,0.0,0.0031282586027111575,0.0,0.0010427528675703858,0.0072992700729927005,0.004171011470281543,0.0031282586027111575,0.0,0.0031282586027111575,0.0031282586027111575,0.011470281543274244,0.0,0.0,0.0,0.0,0.0020855057351407717,0.0031282586027111575,0.2064650677789364,0.0,0.0031282586027111575,0.0010427528675703858,0.0,0.016684045881126174,0.017726798748696558,0.0072992700729927005,0.004171011470281543,0.006256517205422315,0.0,0.0010427528675703858,0.006256517205422315,0.0010427528675703858,0.0072992700729927005,0.0010427528675703858,0.009384775808133473,0.0,0.07820646506777894,0.0,0.008342022940563087,0.0020855057351407717,0.011470281543274244,0.0,0.0,0.0,0.006256517205422315,0.0010427528675703858,0.004171011470281543,0.010427528675703858,0.0,0.0031282586027111575,0.005213764337851929,0.0,0.0,0.0072992700729927005,0.0,0.005213764337851929,0.0010427528675703858,0.0020855057351407717,0.0031282586027111575,0.0010427528675703858,0.0010427528675703858,0.0010427528675703858,0.0,0.0,0.0,0.0,0.0010427528675703858,0.006256517205422315,0.0,0.010427528675703858,0.0,0.010427528675703858,0.0,0.0020855057351407717,0.008342022940563087,0.006256517205422315,0.0031282586027111575,0.0010427528675703858,0.0,0.022940563086548488,0.0020855057351407717,0.0,0.0010427528675703858,0.0031282586027111575,0.0,0.0010427528675703858,0.013555787278415016,0.0031282586027111575,0.010427528675703858,0.023983315954118872,0.005213764337851929,0.0,0.045881126173096975
13,0.0,0.08315789473684211,0.0,0.0,0.008421052631578947,0.0010526315789473684,0.11578947368421053,0.008421052631578947,0.010526315789473684,0.0,0.007368421052631579,0.003157894736842105,0.0,0.015789473684210527,0.0,0.004210526315789474,0.003157894736842105,0.009473684210526316,0.005263157894736842,0.02,0.0,0.0010526315789473684,0.008421052631578947,0.009473684210526316,0.0,0.10947368421052632,0.005263157894736842,0.0,0.008421052631578947,0.002105263157894737,0.004210526315789474,0.021052631578947368,0.002105263157894737,0.004210526315789474,0.014736842105263158,0.0010526315789473684,0.011578947368421053,0.015789473684210527,0.0010526315789473684,0.005263157894736842,0.024210526315789474,0.005263157894736842,0.007368421052631579,0.21052631578947367,0.0,0.0,0.005263157894736842,0.010526315789473684,0.003157894736842105,0.0010526315789473684,0.00631578947368421,0.015789473684210527,0.002105263157894737,0.008421052631578947,0.0,0.008421052631578947,0.002105263157894737,0.003157894736842105,0.014736842105263158,0.002105263157894737,0.003157894736842105,0.0,0.0,0.0010526315789473684,0.0,0.0,0.0010526315789473684,0.004210526315789474,0.0,0.0,0.028421052631578948,0.002105263157894737,0.010526315789473684,0.00631578947368421,0.005263157894736842,0.007368421052631579,0.0,0.002105263157894737,0.004210526315789474,0.01368421052631579,0.002105263157894737,0.0010526315789473684,0.0,0.00631578947368421,0.0010526315789473684,0.002105263157894737,0.0,0.002105263157894737,0.011578947368421053,0.004210526315789474,0.008421052631578947,0.0010526315789473684,0.002105263157894737,0.0,0.002105263157894737,0.0,0.00631578947368421,0.0,0.005263157894736842,0.003157894736842105
14,0.0038684719535783366,0.11508704061895551,0.0009671179883945841,0.0029013539651837525,0.015473887814313346,0.0019342359767891683,0.19825918762088976,0.007736943907156673,0.007736943907156673,0.0009671179883945841,0.0019342359767891683,0.0019342359767891683,0.0,0.005802707930367505,0.0019342359767891683,0.0,0.0,0.0019342359767891683,0.0,0.0019342359767891683,0.004835589941972921,0.0,0.0009671179883945841,0.0019342359767891683,0.010638297872340425,0.06673114119922631,0.0009671179883945841,0.0029013539651837525,0.009671179883945842,0.0029013539651837525,0.010638297872340425,0.0,0.013539651837524178,0.005802707930367505,0.006769825918762089,0.005802707930367505,0.012572533849129593,0.0038684719535783366,0.0029013539651837525,0.0,0.005802707930367505,0.009671179883945842,0.0029013539651837525,0.06769825918762089,0.008704061895551257,0.025145067698259187,0.005802707930367505,0.012572533849129593,0.0029013539651837525,0.0038684719535783366,0.017408123791102514,0.0038684719535783366,0.008704061895551257,0.004835589941972921,0.007736943907156673,0.020309477756286266,0.0,0.006769825918762089,0.005802707930367505,0.007736943907156673,0.013539651837524178,0.0038684719535783366,0.0019342359767891683,0.0,0.031914893617021274,0.007736943907156673,0.0029013539651837525,0.0038684719535783366,0.0009671179883945841,0.007736943907156673,0.0029013539651837525,0.0009671179883945841,0.013539651837524178,0.0,0.0038684719535783366,0.0009671179883945841,0.0009671179883945841,0.012572533849129593,0.0,0.012572533849129593,0.0019342359767891683,0.0,0.005802707930367505,0.005802707930367505,0.0029013539651837525,0.005802707930367505,0.008704061895551257,0.008704061895551257,0.006769825918762089,0.0009671179883945841,0.0009671179883945841,0.015473887814313346,0.0009671179883945841,0.0009671179883945841,0.0009671179883945841,0.013539651837524178,0.015473887814313346,0.005802707930367505,0.006769825918762089,0.006769825918762089
15,0.0020181634712411706,0.16750756811301715,0.0030272452068617556,0.014127144298688193,0.03733602421796166,0.011099899091826439,0.09182643794147326,0.0010090817356205853,0.0,0.005045408678102927,0.006054490413723511,0.005045408678102927,0.0030272452068617556,0.0,0.0020181634712411706,0.014127144298688193,0.007063572149344097,0.005045408678102927,0.0,0.0,0.0,0.007063572149344097,0.0020181634712411706,0.012108980827447022,0.013118062563067608,0.18365287588294651,0.008072653884964682,0.0010090817356205853,0.0,0.02320887991927346,0.015136226034308779,0.005045408678102927,0.005045408678102927,0.024217961654894045,0.0010090817356205853,0.0,0.010090817356205853,0.0020181634712411706,0.0010090817356205853,0.0030272452068617556,0.012108980827447022,0.007063572149344097,0.0,0.08375378405650857,0.005045408678102927,0.0010090817356205853,0.0010090817356205853,0.004036326942482341,0.004036326942482341,0.0,0.0,0.02320887991927346,0.0010090817356205853,0.0020181634712411706,0.006054490413723511,0.009081735620585268,0.007063572149344097,0.005045408678102927,0.0020181634712411706,0.004036326942482341,0.0010090817356205853,0.004036326942482341,0.009081735620585268,0.007063572149344097,0.0,0.0,0.0010090817356205853,0.0030272452068617556,0.0,0.0,0.0,0.008072653884964682,0.0,0.0,0.0,0.0,0.005045408678102927,0.004036326942482341,0.0010090817356205853,0.0010090817356205853,0.0,0.0020181634712411706,0.0030272452068617556,0.0020181634712411706,0.004036326942482341,0.005045408678102927,0.0,0.013118062563067608,0.008072653884964682,0.004036326942482341,0.005045408678102927,0.0030272452068617556,0.0010090817356205853,0.008072653884964682,0.015136226034308779,0.0,0.0,0.0030272452068617556,0.0030272452068617556,0.006054490413723511
16,0.0,0.12359550561797752,0.015917602996254682,0.0,0.0028089887640449437,0.0,0.17322097378277154,0.0,0.0009363295880149813,0.0,0.008426966292134831,0.0009363295880149813,0.009363295880149813,0.0028089887640449437,0.0,0.0,0.010299625468164793,0.0018726591760299626,0.0028089887640449437,0.0,0.028089887640449437,0.020599250936329586,0.003745318352059925,0.0018726591760299626,0.0028089887640449437,0.19288389513108614,0.016853932584269662,0.0,0.0018726591760299626,0.003745318352059925,0.008426966292134831,0.0009363295880149813,0.0,0.0009363295880149813,0.0056179775280898875,0.0,0.0,0.0009363295880149813,0.0018726591760299626,0.0028089887640449437,0.006554307116104869,0.0,0.0009363295880149813,0.15636704119850187,0.0009363295880149813,0.003745318352059925,0.0,0.0009363295880149813,0.0,0.00749063670411985,0.00749063670411985,0.0,0.0,0.0056179775280898875,0.008426966292134831,0.0046816479400749065,0.0,0.0028089887640449437,0.0028089887640449437,0.0,0.0028089887640449437,0.0,0.003745318352059925,0.003745318352059925,0.014044943820224719,0.009363295880149813,0.0018726591760299626,0.010299625468164793,0.0,0.0009363295880149813,0.0009363295880149813,0.010299625468164793,0.0028089887640449437,0.0,0.0009363295880149813,0.0,0.0009363295880149813,0.003745318352059925,0.0009363295880149813,0.0,0.0018726591760299626,0.0,0.0018726591760299626,0.00749063670411985,0.0018726591760299626,0.0,0.0056179775280898875,0.0009363295880149813,0.009363295880149813,0.006554307116104869,0.0,0.0,0.0028089887640449437,0.006554307116104869,0.0018726591760299626,0.011235955056179775,0.015917602996254682,0.0028089887640449437,0.0,0.0
17,0.0019065776930409914,0.07340324118207817,0.008579599618684462,0.0,0.004766444232602479,0.0009532888465204957,0.14775977121067682,0.0,0.0038131553860819827,0.0,0.008579599618684462,0.0,0.0,0.005719733079122974,0.0038131553860819827,0.0,0.010486177311725452,0.002859866539561487,0.0076263107721639654,0.0009532888465204957,0.0,0.0009532888465204957,0.020972354623450904,0.0,0.0038131553860819827,0.1773117254528122,0.00667302192564347,0.0,0.0076263107721639654,0.004766444232602479,0.0,0.0076263107721639654,0.0019065776930409914,0.008579599618684462,0.0009532888465204957,0.0009532888465204957,0.0009532888465204957,0.004766444232602479,0.005719733079122974,0.015252621544327931,0.0,0.005719733079122974,0.002859866539561487,0.16205910390848427,0.002859866539561487,0.010486177311725452,0.025738798856053385,0.009532888465204958,0.0,0.004766444232602479,0.004766444232602479,0.0,0.01334604385128694,0.0038131553860819827,0.0,0.0019065776930409914,0.0019065776930409914,0.0,0.005719733079122974,0.01811248808388942,0.0038131553860819827,0.00667302192564347,0.011439466158245948,0.012392755004766444,0.005719733079122974,0.009532888465204958,0.0019065776930409914,0.00667302192564347,0.0038131553860819827,0.0038131553860819827,0.004766444232602479,0.004766444232602479,0.002859866539561487,0.0,0.0,0.011439466158245948,0.0,0.0009532888465204957,0.0,0.015252621544327931,0.0,0.0,0.0,0.002859866539561487,0.0,0.0019065776930409914,0.0009532888465204957,0.0019065776930409914,0.011439466158245948,0.005719733079122974,0.0076263107721639654,0.010486177311725452,0.019065776930409915,0.0009532888465204957,0.0,0.002859866539561487,0.0038131553860819827,0.0009532888465204957,0.0,0.0
18,0.021758839528558477,0.10698096101541252,0.010879419764279238,0.021758839528558477,0.003626473254759746,0.0027198549410698096,0.16500453309156846,0.0027198549410698096,0.007252946509519492,0.005439709882139619,0.0,0.0,0.011786038077969175,0.0027198549410698096,0.0,0.0009066183136899365,0.0027198549410698096,0.01813236627379873,0.0,0.0027198549410698096,0.0,0.0009066183136899365,0.0009066183136899365,0.005439709882139619,0.001813236627379873,0.13327289211242066,0.007252946509519492,0.0009066183136899365,0.0009066183136899365,0.0,0.010879419764279238,0.001813236627379873,0.001813236627379873,0.0,0.008159564823209429,0.009066183136899365,0.011786038077969175,0.0,0.0027198549410698096,0.0009066183136899365,0.0,0.0,0.007252946509519492,0.1586582048957389,0.0,0.012692656391659111,0.001813236627379873,0.005439709882139619,0.001813236627379873,0.0,0.006346328195829556,0.003626473254759746,0.001813236627379873,0.003626473254759746,0.019038984587488667,0.0027198549410698096,0.004533091568449683,0.0009066183136899365,0.003626473254759746,0.0,0.006346328195829556,0.005439709882139619,0.007252946509519492,0.0,0.0009066183136899365,0.0,0.0027198549410698096,0.008159564823209429,0.0,0.004533091568449683,0.0,0.004533091568449683,0.001813236627379873,0.0009066183136899365,0.007252946509519492,0.008159564823209429,0.006346328195829556,0.0009066183136899365,0.001813236627379873,0.013599274705349048,0.0009066183136899365,0.0,0.011786038077969175,0.010879419764279238,0.0,0.001813236627379873,0.005439709882139619,0.0,0.0027198549410698096,0.024478694469628286,0.005439709882139619,0.005439709882139619,0.0,0.007252946509519492,0.0,0.0009066183136899365,0.003626473254759746,0.001813236627379873,0.003626473254759746,0.013599274705349048
19,0.003816793893129771,0.17080152671755724,0.006679389312977099,0.0,0.0,0.0,0.1431297709923664,0.0,0.003816793893129771,0.008587786259541985,0.0009541984732824427,0.01812977099236641,0.007633587786259542,0.0,0.003816793893129771,0.012404580152671756,0.0028625954198473282,0.0,0.025763358778625955,0.006679389312977099,0.016221374045801526,0.006679389312977099,0.0,0.0,0.0019083969465648854,0.09637404580152671,0.0,0.004770992366412214,0.009541984732824428,0.0,0.0019083969465648854,0.003816793893129771,0.008587786259541985,0.006679389312977099,0.0009541984732824427,0.0,0.0057251908396946565,0.0,0.016221374045801526,0.0,0.01431297709923664,0.003816793893129771,0.012404580152671756,0.14885496183206107,0.0,0.0,0.003816793893129771,0.0009541984732824427,0.0019083969465648854,0.0028625954198473282,0.0019083969465648854,0.006679389312977099,0.013358778625954198,0.0019083969465648854,0.01049618320610687,0.012404580152671756,0.0009541984732824427,0.004770992366412214,0.0,0.0,0.0,0.0009541984732824427,0.0028625954198473282,0.0028625954198473282,0.0028625954198473282,0.0009541984732824427,0.0009541984732824427,0.0,0.0019083969465648854,0.0009541984732824427,0.008587786259541985,0.0,0.0057251908396946565,0.0,0.004770992366412214,0.007633587786259542,0.0009541984732824427,0.013358778625954198,0.0,0.02385496183206107,0.0028625954198473282,0.0,0.02385496183206107,0.019083969465648856,0.0009541984732824427,0.0009541984732824427,0.011450381679389313,0.0,0.006679389312977099,0.0,0.0,0.0,0.0,0.004770992366412214,0.0,0.009541984732824428,0.0,0.0028625954198473282,0.0,0.0019083969465648854
20,0.0,0.22554660529344073,0.0,0.0,0.0,0.0011507479861910242,0.13463751438434982,0.0023014959723820483,0.0034522439585730723,0.0,0.0011507479861910242,0.0023014959723820483,0.005753739930955121,0.006904487917146145,0.0023014959723820483,0.0034522439585730723,0.004602991944764097,0.0,0.0011507479861910242,0.0023014959723820483,0.0011507479861910242,0.0023014959723820483,0.019562715765247412,0.005753739930955121,0.005753739930955121,0.11392405063291139,0.0,0.011507479861910242,0.0023014959723820483,0.0034522439585730723,0.0034522439585730723,0.005753739930955121,0.028768699654775604,0.0023014959723820483,0.004602991944764097,0.0,0.0,0.031070195627157654,0.0011507479861910242,0.0023014959723820483,0.004602991944764097,0.0,0.0023014959723820483,0.13118527042577677,0.0,0.0,0.005753739930955121,0.0034522439585730723,0.019562715765247412,0.009205983889528193,0.0011507479861910242,0.0023014959723820483,0.004602991944764097,0.004602991944764097,0.01380897583429229,0.005753739930955121,0.0,0.0034522439585730723,0.0023014959723820483,0.0,0.0,0.0034522439585730723,0.005753739930955121,0.0,0.0034522439585730723,0.0,0.0034522439585730723,0.011507479861910242,0.005753739930955121,0.006904487917146145,0.0034522439585730723,0.0023014959723820483,0.0,0.009205983889528193,0.0023014959723820483,0.0023014959723820483,0.0023014959723820483,0.006904487917146145,0.0011507479861910242,0.0011507479861910242,0.0,0.0,0.0011507479861910242,0.0,0.0011507479861910242,0.0,0.00805523590333717,0.0,0.004602991944764097,0.010356731875719217,0.0011507479861910242,0.0,0.0023014959723820483,0.0023014959723820483,0.0034522439585730723,0.0034522439585730723,0.010356731875719217,0.009205983889528193,0.009205983889528193,0.005753739930955121
21,0.0021141649048625794,0.19238900634249473,0.0021141649048625794,0.006342494714587738,0.0021141649048625794,0.0010570824524312897,0.16279069767441862,0.0021141649048625794,0.0010570824524312897,0.0,0.023255813953488372,0.005285412262156448,0.0010570824524312897,0.003171247357293869,0.008456659619450317,0.016913319238900635,0.0010570824524312897,0.0,0.0021141649048625794,0.005285412262156448,0.004228329809725159,0.007399577167019027,0.023255813953488372,0.0,0.008456659619450317,0.1321353065539112,0.0021141649048625794,0.005285412262156448,0.004228329809725159,0.003171247357293869,0.0,0.0010570824524312897,0.0010570824524312897,0.0010570824524312897,0.007399577167019027,0.0021141649048625794,0.0010570824524312897,0.0,0.011627906976744186,0.003171247357293869,0.0021141649048625794,0.0021141649048625794,0.010570824524312896,0.11733615221987315,0.0010570824524312897,0.005285412262156448,0.0,0.0,0.017970401691331923,0.0,0.0021141649048625794,0.0,0.0,0.0,0.0021141649048625794,0.005285412262156448,0.017970401691331923,0.0,0.004228329809725159,0.0021141649048625794,0.007399577167019027,0.008456659619450317,0.006342494714587738,0.0010570824524312897,0.0,0.003171247357293869,0.0,0.0,0.010570824524312896,0.0,0.0,0.0010570824524312897,0.004228329809725159,0.0,0.015856236786469344,0.0,0.015856236786469344,0.0021141649048625794,0.0,0.0,0.0010570824524312897,0.0,0.006342494714587738,0.003171247357293869,0.005285412262156448,0.0021141649048625794,0.0,0.0010570824524312897,0.011627906976744186,0.003171247357293869,0.0010570824524312897,0.0,0.004228329809725159,0.0010570824524312897,0.004228329809725159,0.0,0.010570824524312896,0.011627906976744186,0.009513742071881607,0.0
22,0.0,0.17466174661746617,0.0,0.0012300123001230013,0.007380073800738007,0.0,0.11931119311193111,0.0024600246002460025,0.0,0.0,0.0,0.006150061500615006,0.0012300123001230013,0.02706027060270603,0.0036900369003690036,0.01107011070110701,0.0012300123001230013,0.0024600246002460025,0.0,0.0,0.0024600246002460025,0.0036900369003690036,0.0012300123001230013,0.0,0.004920049200492005,0.14022140221402213,0.012300123001230012,0.0,0.0,0.0,0.0024600246002460025,0.0,0.0,0.0012300123001230013,0.008610086100861008,0.0036900369003690036,0.004920049200492005,0.0,0.0,0.028290282902829027,0.0,0.006150061500615006,0.0012300123001230013,0.10824108241082411,0.0,0.006150061500615006,0.01107011070110701,0.00984009840098401,0.0024600246002460025,0.0024600246002460025,0.0,0.03198031980319803,0.0036900369003690036,0.03198031980319803,0.0012300123001230013,0.0,0.006150061500615006,0.0,0.007380073800738007,0.008610086100861008,0.0,0.0036900369003690036,0.01107011070110701,0.0,0.0,0.0036900369003690036,0.0,0.007380073800738007,0.0,0.0012300123001230013,0.0,0.0,0.020910209102091022,0.0,0.0012300123001230013,0.0,0.0,0.0012300123001230013,0.004920049200492005,0.014760147601476014,0.013530135301353014,0.006150061500615006,0.004920049200492005,0.0,0.0036900369003690036,0.0012300123001230013,0.0,0.024600246002460024,0.007380073800738007,0.0036900369003690036,0.013530135301353014,0.008610086100861008,0.004920049200492005,0.01107011070110701,0.0012300123001230013,0.0012300123001230013,0.006150061500615006,0.0036900369003690036,0.0024600246002460025,0.0012300123001230013
23,0.0038240917782026767,0.0965583173996176,0.004780114722753346,0.0,0.0019120458891013384,0.0057361376673040155,0.16252390057361377,0.008604206500956023,0.0038240917782026767,0.0009560229445506692,0.0028680688336520078,0.0,0.0019120458891013384,0.0,0.0,0.0028680688336520078,0.0019120458891013384,0.0009560229445506692,0.0,0.0019120458891013384,0.0009560229445506692,0.004780114722753346,0.0,0.0,0.006692160611854685,0.1089866156787763,0.0028680688336520078,0.008604206500956023,0.0038240917782026767,0.0057361376673040155,0.009560229445506692,0.004780114722753346,0.0009560229445506692,0.0019120458891013384,0.0009560229445506692,0.032504780114722756,0.019120458891013385,0.014340344168260038,0.0009560229445506692,0.0019120458891013384,0.008604206500956023,0.0,0.0057361376673040155,0.16539196940726578,0.0019120458891013384,0.0019120458891013384,0.0124282982791587,0.010516252390057362,0.0019120458891013384,0.009560229445506692,0.015296367112810707,0.0,0.0,0.0076481835564053535,0.0019120458891013384,0.0038240917782026767,0.0038240917782026767,0.008604206500956023,0.0038240917782026767,0.0,0.0,0.0057361376673040155,0.0009560229445506692,0.0009560229445506692,0.017208413001912046,0.0,0.004780114722753346,0.006692160611854685,0.0038240917782026767,0.0009560229445506692,0.0009560229445506692,0.0124282982791587,0.0,0.011472275334608031,0.0,0.0028680688336520078,0.010516252390057362,0.0019120458891013384,0.0009560229445506692,0.021032504780114723,0.010516252390057362,0.010516252390057362,0.0019120458891013384,0.006692160611854685,0.0028680688336520078,0.004780114722753346,0.0,0.015296367112810707,0.0009560229445506692,0.0,0.0028680688336520078,0.0028680688336520078,0.0019120458891013384,0.0019120458891013384,0.018164435946462717,0.0038240917782026767,0.009560229445506692,0.004780114722753346,0.0019120458891013384,0.0019120458891013384
24,0.0,0.11068702290076336,0.011450381679389313,0.013358778625954198,0.0,0.0,0.14790076335877864,0.003816793893129771,0.0,0.0,0.0,0.0,0.004770992366412214,0.0,0.004770992366412214,0.0,0.003816793893129771,0.0028625954198473282,0.003816793893129771,0.0,0.029580152671755726,0.0019083969465648854,0.0,0.0009541984732824427,0.003816793893129771,0.15553435114503816,0.003816793893129771,0.003816793893129771,0.016221374045801526,0.004770992366412214,0.011450381679389313,0.01812977099236641,0.0019083969465648854,0.0019083969465648854,0.0,0.006679389312977099,0.0028625954198473282,0.0,0.0019083969465648854,0.0,0.013358778625954198,0.003816793893129771,0.013358778625954198,0.15744274809160305,0.008587786259541985,0.004770992366412214,0.015267175572519083,0.0,0.0009541984732824427,0.0028625954198473282,0.0019083969465648854,0.0,0.0,0.0019083969465648854,0.0028625954198473282,0.0,0.0009541984732824427,0.0019083969465648854,0.003816793893129771,0.009541984732824428,0.003816793893129771,0.0,0.0028625954198473282,0.0,0.0019083969465648854,0.016221374045801526,0.022900763358778626,0.0009541984732824427,0.008587786259541985,0.02099236641221374,0.006679389312977099,0.0009541984732824427,0.007633587786259542,0.0019083969465648854,0.003816793893129771,0.0019083969465648854,0.004770992366412214,0.0009541984732824427,0.0,0.0028625954198473282,0.011450381679389313,0.0,0.0019083969465648854,0.004770992366412214,0.0057251908396946565,0.003816793893129771,0.0,0.0,0.011450381679389313,0.0,0.0009541984732824427,0.008587786259541985,0.019083969465648856,0.0,0.0,0.004770992366412214,0.0,0.0,0.0019083969465648854,0.0
25,0.004725897920604915,0.10964083175803403,0.004725897920604915,0.002835538752362949,0.001890359168241966,0.001890359168241966,0.18714555765595464,0.004725897920604915,0.002835538752362949,0.004725897920604915,0.0,0.008506616257088847,0.014177693761814745,0.01606805293005671,0.000945179584120983,0.0,0.000945179584120983,0.005671077504725898,0.0,0.003780718336483932,0.000945179584120983,0.017013232514177693,0.043478260869565216,0.0,0.0,0.1890359168241966,0.013232514177693762,0.008506616257088847,0.006616257088846881,0.005671077504725898,0.004725897920604915,0.0,0.017958412098298678,0.004725897920604915,0.0,0.002835538752362949,0.002835538752362949,0.005671077504725898,0.002835538752362949,0.0,0.0,0.000945179584120983,0.000945179584120983,0.08223062381852551,0.035916824196597356,0.000945179584120983,0.005671077504725898,0.0,0.002835538752362949,0.000945179584120983,0.001890359168241966,0.004725897920604915,0.000945179584120983,0.000945179584120983,0.006616257088846881,0.000945179584120983,0.000945179584120983,0.0,0.001890359168241966,0.001890359168241966,0.004725897920604915,0.0,0.003780718336483932,0.0,0.007561436672967864,0.0,0.0,0.007561436672967864,0.013232514177693762,0.005671077504725898,0.010396975425330813,0.0,0.0,0.003780718336483932,0.001890359168241966,0.0,0.0,0.00945179584120983,0.001890359168241966,0.0,0.001890359168241966,0.005671077504725898,0.0,0.012287334593572778,0.0,0.000945179584120983,0.007561436672967864,0.0,0.003780718336483932,0.0,0.0,0.001890359168241966,0.002835538752362949,0.0,0.004725897920604915,0.003780718336483932,0.006616257088846881,0.005671077504725898,0.003780718336483932,0.01606805293005671
26,0.01085972850678733,0.16470588235294117,0.007239819004524887,0.00904977375565611,0.019004524886877826,0.0,0.13122171945701358,0.0027149321266968325,0.0,0.0,0.0,0.0036199095022624436,0.012669683257918552,0.005429864253393665,0.008144796380090498,0.0,0.0009049773755656109,0.0018099547511312218,0.02895927601809955,0.007239819004524887,0.00904977375565611,0.0,0.0009049773755656109,0.008144796380090498,0.01809954751131222,0.11764705882352941,0.0009049773755656109,0.005429864253393665,0.00904977375565611,0.0,0.0009049773755656109,0.0027149321266968325,0.0,0.01085972850678733,0.0009049773755656109,0.0027149321266968325,0.0027149321266968325,0.0,0.0018099547511312218,0.011764705882352941,0.009954751131221719,0.0,0.0036199095022624436,0.08959276018099548,0.0,0.039819004524886875,0.0018099547511312218,0.0,0.0,0.0009049773755656109,0.0,0.0027149321266968325,0.0,0.0018099547511312218,0.005429864253393665,0.0,0.0,0.005429864253393665,0.005429864253393665,0.0018099547511312218,0.0018099547511312218,0.005429864253393665,0.00904977375565611,0.0036199095022624436,0.0036199095022624436,0.0,0.005429864253393665,0.02171945701357466,0.0,0.0,0.009954751131221719,0.015384615384615385,0.02081447963800905,0.0,0.0027149321266968325,0.007239819004524887,0.004524886877828055,0.004524886877828055,0.0,0.006334841628959276,0.0018099547511312218,0.0036199095022624436,0.019004524886877826,0.014479638009049774,0.0,0.0,0.0,0.0009049773755656109,0.012669683257918552,0.0018099547511312218,0.013574660633484163,0.009954751131221719,0.0,0.0018099547511312218,0.0009049773755656109,0.0009049773755656109,0.0027149321266968325,0.006334841628959276,0.0018099547511312218,0.0
27,0.006715506715506716,0.004884004884004884,0.0018315018315018315,0.0,0.001221001221001221,0.0,0.0018315018315018315,0.001221001221001221,0.013431013431013432,0.005494505494505495,0.006715506715506716,0.0,0.0006105006105006105,0.0,0.0,0.11904761904761904,0.0,0.002442002442002442,0.0,0.0030525030525030525,0.004273504273504274,0.004273504273504274,0.0,0.0030525030525030525,0.0,0.0006105006105006105,0.0006105006105006105,0.007936507936507936,0.0018315018315018315,0.004884004884004884,0.005494505494505495,0.05616605616605617,0.001221001221001221,0.0641025641025641,0.007936507936507936,0.006105006105006105,0.0006105006105006105,0.006715506715506716,0.005494505494505495,0.003663003663003663,0.0018315018315018315,0.0,0.0018315018315018315,0.002442002442002442,0.04151404151404151,0.0030525030525030525,0.001221001221001221,0.09829059829059829,0.007326007326007326,0.0,0.002442002442002442,0.0,0.0,0.0,0.0006105006105006105,0.0,0.002442002442002442,0.004273504273504274,0.0030525030525030525,0.0,0.0030525030525030525,0.0,0.004884004884004884,0.002442002442002442,0.0115995115995116,0.004884004884004884,0.004884004884004884,0.0018315018315018315,0.0,0.0006105006105006105,0.002442002442002442,0.0,0.004884004884004884,0.0,0.0,0.001221001221001221,0.003663003663003663,0.002442002442002442,0.0030525030525030525,0.0,0.0006105006105006105,0.0030525030525030525,0.0,0.006105006105006105,0.0463980463980464,0.0,0.1105006105006105,0.0018315018315018315,0.002442002442002442,0.0018315018315018315,0.0030525030525030525,0.13553113553113552,0.0,0.0006105006105006105,0.0018315018315018315,0.1043956043956044,0.0030525030525030525,0.0018315018315018315,0.0,0.001221001221001221
28,0.001081665765278529,0.001081665765278529,0.0,0.003244997295835587,0.0027041644131963224,0.0005408328826392645,0.004326663061114116,0.005949161709031909,0.0,0.0037858301784748512,0.0,0.0005408328826392645,0.0016224986479177934,0.0027041644131963224,0.0,0.11087074094104922,0.0005408328826392645,0.005408328826392645,0.0,0.0,0.0037858301784748512,0.0,0.001081665765278529,0.0016224986479177934,0.0027041644131963224,0.005408328826392645,0.001081665765278529,0.0,0.002163331530557058,0.0,0.0016224986479177934,0.0670632774472688,0.007030827474310438,0.10383991346673878,0.004326663061114116,0.003244997295835587,0.0,0.0,0.0075716603569497025,0.0037858301784748512,0.0,0.0016224986479177934,0.0005408328826392645,0.0048674959437533805,0.09951325040562466,0.0005408328826392645,0.0016224986479177934,0.06489994591671173,0.0016224986479177934,0.0027041644131963224,0.0,0.006489994591671174,0.001081665765278529,0.0,0.0,0.01081665765278529,0.0016224986479177934,0.003244997295835587,0.0,0.0,0.004326663061114116,0.001081665765278529,0.0027041644131963224,0.0,0.005408328826392645,0.0075716603569497025,0.006489994591671174,0.002163331530557058,0.0027041644131963224,0.0005408328826392645,0.0,0.001081665765278529,0.002163331530557058,0.007030827474310438,0.002163331530557058,0.0,0.005408328826392645,0.0,0.0005408328826392645,0.0,0.003244997295835587,0.0005408328826392645,0.0037858301784748512,0.0,0.11303407247160627,0.0048674959437533805,0.04975662520281233,0.0016224986479177934,0.0005408328826392645,0.003244997295835587,0.0016224986479177934,0.0805840995132504,0.0005408328826392645,0.02055164954029205,0.0027041644131963224,0.0989724175229854,0.001081665765278529,0.0,0.0,0.0
29,0.0,0.0048814504881450485,0.009762900976290097,0.00697350069735007,0.006276150627615063,0.0,0.001394700139470014,0.0,0.005578800557880056,0.000697350069735007,0.010460251046025104,0.0041841004184100415,0.0,0.001394700139470014,0.005578800557880056,0.11506276150627615,0.0,0.01813110181311018,0.0020920502092050207,0.008368200836820083,0.0,0.012552301255230125,0.0,0.000697350069735007,0.0020920502092050207,0.000697350069735007,0.0,0.000697350069735007,0.001394700139470014,0.0048814504881450485,0.0,0.059274755927475595,0.001394700139470014,0.09553695955369595,0.0,0.000697350069735007,0.006276150627615063,0.0,0.002789400278940028,0.0041841004184100415,0.0,0.005578800557880056,0.0,0.0020920502092050207,0.08577405857740586,0.0,0.007670850767085077,0.05578800557880056,0.002789400278940028,0.007670850767085077,0.0,0.001394700139470014,0.0020920502092050207,0.001394700139470014,0.0020920502092050207,0.001394700139470014,0.009762900976290097,0.001394700139470014,0.000697350069735007,0.000697350069735007,0.006276150627615063,0.000697350069735007,0.0,0.0,0.003486750348675035,0.0,0.000697350069735007,0.0048814504881450485,0.0,0.009762900976290097,0.0048814504881450485,0.0,0.002789400278940028,0.0,0.0,0.000697350069735007,0.003486750348675035,0.007670850767085077,0.001394700139470014,0.003486750348675035,0.001394700139470014,0.0041841004184100415,0.000697350069735007,0.005578800557880056,0.05578800557880056,0.0,0.10948396094839609,0.0,0.0020920502092050207,0.0,0.000697350069735007,0.08647140864714087,0.000697350069735007,0.01394700139470014,0.0041841004184100415,0.07601115760111576,0.0041841004184100415,0.000697350069735007,0.000697350069735007,0.000697350069735007
30,0.0013679890560875513,0.0006839945280437756,0.003419972640218878,0.002051983584131327,0.0006839945280437756,0.0027359781121751026,0.0006839945280437756,0.0027359781121751026,0.0027359781121751026,0.01573187414500684,0.0,0.0027359781121751026,0.0,0.002051983584131327,0.0,0.08549931600547196,0.006839945280437756,0.004103967168262654,0.0,0.006839945280437756,0.0,0.0006839945280437756,0.004103967168262654,0.0,0.0,0.0006839945280437756,0.0,0.0013679890560875513,0.007523939808481532,0.0,0.004103967168262654,0.060191518467852256,0.0,0.1121751025991792,0.0013679890560875513,0.0047879616963064295,0.0006839945280437756,0.008891928864569083,0.004103967168262654,0.0,0.0006839945280437756,0.0,0.0006839945280437756,0.005471956224350205,0.07113543091655267,0.0027359781121751026,0.0,0.10533515731874145,0.011627906976744186,0.0,0.002051983584131327,0.0013679890560875513,0.005471956224350205,0.0006839945280437756,0.008891928864569083,0.008207934336525308,0.002051983584131327,0.0,0.0006839945280437756,0.002051983584131327,0.005471956224350205,0.0013679890560875513,0.0,0.002051983584131327,0.002051983584131327,0.0013679890560875513,0.007523939808481532,0.0006839945280437756,0.005471956224350205,0.0,0.0006839945280437756,0.008891928864569083,0.006839945280437756,0.0013679890560875513,0.007523939808481532,0.0,0.005471956224350205,0.0027359781121751026,0.0,0.005471956224350205,0.002051983584131327,0.002051983584131327,0.013679890560875513,0.006839945280437756,0.06292749658002736,0.008207934336525308,0.09507523939808482,0.0,0.004103967168262654,0.0,0.0,0.09917920656634747,0.0,0.0006839945280437756,0.0,0.0533515731874145,0.002051983584131327,0.0,0.0013679890560875513,0.0027359781121751026
31,0.0032137118371719335,0.004284949116229245,0.0010712372790573112,0.0010712372790573112,0.0021424745581146223,0.011247991430101767,0.017675415104445636,0.0005356186395286556,0.0005356186395286556,0.0005356186395286556,0.006427423674343867,0.007498660953401178,0.013926084627745045,0.005356186395286556,0.0,0.10819496518478842,0.0016068559185859668,0.002678093197643278,0.0016068559185859668,0.0,0.0016068559185859668,0.0,0.0,0.0016068559185859668,0.002678093197643278,0.0,0.0,0.0,0.0010712372790573112,0.0048205677557579,0.0,0.06695232994108195,0.0032137118371719335,0.06534547402249598,0.003749330476700589,0.012319228709159078,0.0021424745581146223,0.0021424745581146223,0.004284949116229245,0.0010712372790573112,0.0048205677557579,0.0,0.0,0.0010712372790573112,0.09051955008034279,0.0021424745581146223,0.004284949116229245,0.10230316014997322,0.0016068559185859668,0.0032137118371719335,0.0010712372790573112,0.011783610069630423,0.0,0.0,0.0058918050348152114,0.0016068559185859668,0.0,0.01339046598821639,0.0032137118371719335,0.0,0.0016068559185859668,0.0010712372790573112,0.0005356186395286556,0.009105516871987145,0.0,0.00856989823245849,0.004284949116229245,0.0005356186395286556,0.0016068559185859668,0.0096411355115158,0.003749330476700589,0.0010712372790573112,0.003749330476700589,0.0,0.0005356186395286556,0.0021424745581146223,0.0058918050348152114,0.0010712372790573112,0.0010712372790573112,0.0005356186395286556,0.0,0.0010712372790573112,0.0,0.0005356186395286556,0.05088377075522228,0.0010712372790573112,0.09534011783610069,0.008034279592929834,0.0005356186395286556,0.0021424745581146223,0.0,0.05731119442956615,0.0021424745581146223,0.0,0.006963042313872523,0.10123192287091591,0.0005356186395286556,0.0048205677557579,0.0005356186395286556,0.0005356186395286556
32,0.0,0.0,0.0,0.0,0.0014154281670205238,0.0,0.0,0.0028308563340410475,0.0028308563340410475,0.004953998584571833,0.012031139419674451,0.003538570417551309,0.0021231422505307855,0.0,0.012031139419674451,0.11252653927813164,0.0007077140835102619,0.0,0.010615711252653927,0.0007077140835102619,0.004953998584571833,0.0,0.013446567586694975,0.003538570417551309,0.0007077140835102619,0.005661712668082095,0.0007077140835102619,0.004246284501061571,0.0007077140835102619,0.0014154281670205238,0.0014154281670205238,0.05024769992922859,0.0007077140835102619,0.048124557678697805,0.0007077140835102619,0.0014154281670205238,0.0,0.009200283085633405,0.004953998584571833,0.003538570417551309,0.004953998584571833,0.0028308563340410475,0.006369426751592357,0.014154281670205236,0.11181882519462137,0.0007077140835102619,0.004953998584571833,0.06723283793347487,0.0,0.006369426751592357,0.003538570417551309,0.0028308563340410475,0.0021231422505307855,0.0028308563340410475,0.0021231422505307855,0.008492569002123142,0.0,0.003538570417551309,0.0021231422505307855,0.0021231422505307855,0.0014154281670205238,0.0007077140835102619,0.004953998584571833,0.0,0.0,0.0,0.0014154281670205238,0.0,0.0014154281670205238,0.0007077140835102619,0.0007077140835102619,0.0,0.007077140835102618,0.004246284501061571,0.0007077140835102619,0.0007077140835102619,0.0,0.0,0.0007077140835102619,0.003538570417551309,0.005661712668082095,0.0,0.01132342533616419,0.0007077140835102619,0.07077140835102619,0.0,0.10686482661004953,0.0021231422505307855,0.0028308563340410475,0.012031139419674451,0.003538570417551309,0.09766454352441614,0.0028308563340410475,0.0007077140835102619,0.0007077140835102619,0.07855626326963906,0.0007077140835102619,0.0028308563340410475,0.0007077140835102619,0.0
33,0.0030959752321981426,0.005572755417956657,0.0,0.001238390092879257,0.0043343653250774,0.0,0.002476780185758514,0.005572755417956657,0.001238390092879257,0.011145510835913313,0.0006191950464396285,0.0086687306501548,0.0030959752321981426,0.0030959752321981426,0.0006191950464396285,0.10030959752321982,0.0086687306501548,0.0,0.007430340557275541,0.006191950464396285,0.0,0.0006191950464396285,0.0,0.0,0.002476780185758514,0.009907120743034056,0.001238390092879257,0.0,0.001238390092879257,0.0018575851393188853,0.0,0.06253869969040247,0.0030959752321981426,0.04520123839009288,0.0,0.001238390092879257,0.0006191950464396285,0.002476780185758514,0.0043343653250774,0.007430340557275541,0.006811145510835914,0.002476780185758514,0.0043343653250774,0.0006191950464396285,0.05820433436532508,0.005572755417956657,0.00804953560371517,0.05015479876160991,0.0006191950464396285,0.0,0.001238390092879257,0.0006191950464396285,0.0030959752321981426,0.0,0.0006191950464396285,0.0006191950464396285,0.0018575851393188853,0.005572755417956657,0.001238390092879257,0.0030959752321981426,0.0037151702786377707,0.0030959752321981426,0.001238390092879257,0.0,0.009287925696594427,0.006191950464396285,0.009907120743034056,0.0,0.004953560371517028,0.007430340557275541,0.0030959752321981426,0.0,0.0,0.0037151702786377707,0.0018575851393188853,0.0086687306501548,0.004953560371517028,0.002476780185758514,0.0018575851393188853,0.0,0.0,0.0006191950464396285,0.006811145510835914,0.0,0.12631578947368421,0.0,0.10588235294117647,0.0,0.006191950464396285,0.0018575851393188853,0.0037151702786377707,0.09226006191950464,0.0006191950464396285,0.001238390092879257,0.0006191950464396285,0.09226006191950464,0.009287925696594427,0.0,0.001238390092879257,0.006191950464396285
34,0.008233058898036731,0.0,0.006966434452184927,0.0,0.0031665611146295125,0.0031665611146295125,0.0018999366687777073,0.004433185560481318,0.00253324889170361,0.00253324889170361,0.01013299556681444,0.006333122229259025,0.0006333122229259025,0.010766307789740342,0.00253324889170361,0.10069664344521849,0.001266624445851805,0.0,0.001266624445851805,0.004433185560481318,0.0,0.0,0.0,0.00253324889170361,0.00253324889170361,0.0,0.0,0.0006333122229259025,0.0006333122229259025,0.006966434452184927,0.0037998733375554147,0.08866371120962635,0.008866371120962635,0.09056364787840405,0.0031665611146295125,0.0006333122229259025,0.0,0.001266624445851805,0.0,0.004433185560481318,0.010766307789740342,0.01266624445851805,0.013299556681443952,0.0018999366687777073,0.05319822672577581,0.001266624445851805,0.00506649778340722,0.07473084230525649,0.007599746675110829,0.0,0.0018999366687777073,0.0,0.0006333122229259025,0.006333122229259025,0.0,0.0,0.0031665611146295125,0.0018999366687777073,0.0031665611146295125,0.004433185560481318,0.008866371120962635,0.0,0.0,0.0018999366687777073,0.0,0.001266624445851805,0.0018999366687777073,0.0,0.0,0.0006333122229259025,0.0006333122229259025,0.007599746675110829,0.00253324889170361,0.012032932235592146,0.001266624445851805,0.001266624445851805,0.0006333122229259025,0.01266624445851805,0.001266624445851805,0.0,0.012032932235592146,0.0006333122229259025,0.018999366687777075,0.0,0.06903103229892336,0.0,0.06206459784673844,0.001266624445851805,0.0,0.0037998733375554147,0.001266624445851805,0.06459784673844206,0.0,0.00506649778340722,0.0006333122229259025,0.10639645345155162,0.004433185560481318,0.001266624445851805,0.006333122229259025,0.0
35,0.0,0.0019828155981493722,0.0019828155981493722,0.003304692663582287,0.003304692663582287,0.0026437541308658294,0.0,0.0013218770654329147,0.01255783212161269,0.007270323859881031,0.0,0.0006609385327164573,0.0006609385327164573,0.0013218770654329147,0.0013218770654329147,0.0,0.0,0.0,0.007931262392597489,0.09980171844018507,0.0,0.0006609385327164573,0.005287508261731659,0.0006609385327164573,0.08856576338400529,0.0013218770654329147,0.0,0.003304692663582287,0.0,0.0,0.0,0.0013218770654329147,0.015862524785194978,0.009253139458030404,0.0026437541308658294,0.0006609385327164573,0.009253139458030404,0.0006609385327164573,0.011235955056179775,0.00991407799074686,0.0013218770654329147,0.0006609385327164573,0.0006609385327164573,0.0,0.004626569729015202,0.0,0.0,0.0006609385327164573,0.0019828155981493722,0.0,0.0026437541308658294,0.0,0.0,0.005287508261731659,0.12822207534699273,0.0006609385327164573,0.004626569729015202,0.0006609385327164573,0.00991407799074686,0.0006609385327164573,0.0006609385327164573,0.0,0.007931262392597489,0.0,0.011896893588896233,0.007270323859881031,0.0006609385327164573,0.00991407799074686,0.0013218770654329147,0.005948446794448116,0.01520158625247852,0.056840713813615336,0.0006609385327164573,0.0006609385327164573,0.0,0.005948446794448116,0.09187045604758758,0.0,0.010575016523463317,0.0,0.06411103767349637,0.006609385327164574,0.0,0.0006609385327164573,0.0006609385327164573,0.05750165234633179,0.0039656311962987445,0.0006609385327164573,0.009253139458030404,0.0006609385327164573,0.0019828155981493722,0.0026437541308658294,0.0006609385327164573,0.09187045604758758,0.0013218770654329147,0.0,0.056840713813615336,0.0,0.0013218770654329147,0.0026437541308658294
36,0.0006165228113440197,0.0006165228113440197,0.006165228113440197,0.0006165228113440197,0.004315659679408138,0.0006165228113440197,0.0018495684340320592,0.020345252774352653,0.0006165228113440197,0.008631319358816275,0.0030826140567200987,0.0,0.0,0.0,0.007398273736128237,0.004315659679408138,0.0,0.0006165228113440197,0.009247842170160296,0.11405672009864365,0.008014796547472256,0.0,0.0,0.0012330456226880395,0.1159062885326757,0.0036991368680641184,0.0,0.004932182490752158,0.0030826140567200987,0.0012330456226880395,0.0018495684340320592,0.0006165228113440197,0.0018495684340320592,0.0036991368680641184,0.0,0.004315659679408138,0.0,0.006781750924784217,0.0006165228113440197,0.0,0.006165228113440197,0.002466091245376079,0.0012330456226880395,0.006165228113440197,0.0,0.0,0.008631319358816275,0.0036991368680641184,0.0030826140567200987,0.0030826140567200987,0.0,0.0,0.002466091245376079,0.0,0.08199753390875462,0.0,0.0,0.005548705302096177,0.0018495684340320592,0.0,0.0018495684340320592,0.0030826140567200987,0.0006165228113440197,0.0,0.0030826140567200987,0.0012330456226880395,0.0,0.0,0.002466091245376079,0.004932182490752158,0.0018495684340320592,0.1189889025893958,0.0,0.002466091245376079,0.006165228113440197,0.0006165228113440197,0.0721331689272503,0.0,0.0,0.0018495684340320592,0.07336621454993834,0.0012330456226880395,0.0018495684340320592,0.0,0.0030826140567200987,0.05055487053020962,0.0006165228113440197,0.0006165228113440197,0.007398273736128237,0.0012330456226880395,0.0012330456226880395,0.002466091245376079,0.0006165228113440197,0.09556103575832306,0.0,0.0,0.07028360049321825,0.0006165228113440197,0.0,0.0006165228113440197
37,0.0038910505836575876,0.0,0.0011117287381878821,0.0022234574763757642,0.018343524180100056,0.0016675931072818232,0.009449694274596998,0.0,0.0033351862145636463,0.0027793218454697055,0.0022234574763757642,0.0,0.0,0.0005558643690939411,0.0,0.0016675931072818232,0.0011117287381878821,0.0005558643690939411,0.0027793218454697055,0.09560867148415786,0.0038910505836575876,0.0,0.0022234574763757642,0.006114508060033352,0.07837687604224569,0.0022234574763757642,0.0016675931072818232,0.0,0.0044469149527515284,0.0033351862145636463,0.0,0.0,0.010005558643690939,0.0027793218454697055,0.0022234574763757642,0.0,0.0033351862145636463,0.0011117287381878821,0.008893829905503057,0.0,0.0011117287381878821,0.0,0.0,0.0,0.0005558643690939411,0.0,0.0005558643690939411,0.0016675931072818232,0.0016675931072818232,0.0005558643690939411,0.0022234574763757642,0.0,0.0022234574763757642,0.0,0.09282934963868816,0.005558643690939411,0.0,0.0044469149527515284,0.0033351862145636463,0.0016675931072818232,0.0016675931072818232,0.0022234574763757642,0.0,0.0005558643690939411,0.0044469149527515284,0.016120066703724293,0.0,0.0,0.0011117287381878821,0.0011117287381878821,0.013340744858254585,0.06614785992217899,0.0027793218454697055,0.0005558643690939411,0.0005558643690939411,0.0022234574763757642,0.08282379099499722,0.008337965536409116,0.018899388549193995,0.0044469149527515284,0.06392440244580322,0.0,0.007782101167315175,0.0033351862145636463,0.007226236798221234,0.10672595886603668,0.0022234574763757642,0.0,0.005002779321845469,0.0011117287381878821,0.0,0.0027793218454697055,0.0027793218454697055,0.0906058921623124,0.0,0.007226236798221234,0.06725958866036687,0.0005558643690939411,0.006670372429127293,0.0011117287381878821
38,0.001579778830963665,0.0026329647182727752,0.0,0.0,0.01158504476040021,0.0,0.0026329647182727752,0.0,0.0,0.0026329647182727752,0.0,0.003686150605581885,0.008952080042127435,0.000526592943654555,0.013164823591363875,0.0,0.006845708267509215,0.003686150605581885,0.0,0.08530805687203792,0.0,0.007898894154818325,0.0,0.001579778830963665,0.10215903106898368,0.001579778830963665,0.003686150605581885,0.0,0.003686150605581885,0.0,0.001579778830963665,0.0,0.001579778830963665,0.004739336492890996,0.004739336492890996,0.0,0.0,0.0,0.0,0.009478672985781991,0.0,0.001579778830963665,0.000526592943654555,0.000526592943654555,0.001579778830963665,0.006845708267509215,0.0,0.0026329647182727752,0.0,0.004739336492890996,0.00105318588730911,0.0026329647182727752,0.003686150605581885,0.0052659294365455505,0.05529225908372828,0.00842548709847288,0.00842548709847288,0.0,0.0052659294365455505,0.000526592943654555,0.00210637177461822,0.0,0.0026329647182727752,0.00210637177461822,0.006845708267509215,0.00210637177461822,0.0,0.0,0.00421274354923644,0.000526592943654555,0.010005265929436546,0.06687730384412849,0.00315955766192733,0.0,0.006845708267509215,0.000526592943654555,0.10373880989994734,0.001579778830963665,0.0,0.000526592943654555,0.06582411795681938,0.006845708267509215,0.00315955766192733,0.0,0.00315955766192733,0.10637177461822012,0.00631911532385466,0.000526592943654555,0.0,0.008952080042127435,0.009478672985781991,0.0026329647182727752,0.012111637704054766,0.07056345444971038,0.003686150605581885,0.0,0.0889942074776198,0.00105318588730911,0.000526592943654555,0.00105318588730911
39,0.0024937655860349127,0.000997506234413965,0.009476309226932668,0.000997506234413965,0.0014962593516209476,0.010473815461346634,0.004488778054862843,0.0,0.0,0.000997506234413965,0.0004987531172069825,0.004488778054862843,0.0024937655860349127,0.005486284289276808,0.004987531172069825,0.0004987531172069825,0.0029925187032418953,0.0024937655860349127,0.0,0.08478802992518704,0.003491271820448878,0.000997506234413965,0.0024937655860349127,0.003491271820448878,0.09775561097256857,0.0004987531172069825,0.0014962593516209476,0.00399002493765586,0.006483790523690773,0.00199501246882793,0.007481296758104738,0.00199501246882793,0.0004987531172069825,0.00798004987531172,0.006483790523690773,0.00199501246882793,0.0004987531172069825,0.000997506234413965,0.00199501246882793,0.0024937655860349127,0.000997506234413965,0.0,0.004488778054862843,0.004488778054862843,0.0,0.008977556109725686,0.004488778054862843,0.0059850374064837905,0.0004987531172069825,0.0,0.0024937655860349127,0.004987531172069825,0.0014962593516209476,0.004987531172069825,0.08079800498753117,0.0,0.0004987531172069825,0.0004987531172069825,0.0,0.0004987531172069825,0.0,0.0059850374064837905,0.004987531172069825,0.005486284289276808,0.0004987531172069825,0.0004987531172069825,0.0,0.0,0.0,0.0024937655860349127,0.000997506234413965,0.0773067331670823,0.0,0.0029925187032418953,0.000997506234413965,0.0,0.08927680798004987,0.0,0.0059850374064837905,0.00399002493765586,0.09226932668329177,0.0014962593516209476,0.0014962593516209476,0.0,0.0029925187032418953,0.10922693266832918,0.0014962593516209476,0.004488778054862843,0.00798004987531172,0.000997506234413965,0.003491271820448878,0.000997506234413965,0.0,0.06533665835411472,0.004987531172069825,0.00199501246882793,0.06832917705735661,0.003491271820448878,0.0059850374064837905,0.0
40,0.0010476689366160294,0.00890518596123625,0.005238344683080147,0.0005238344683080147,0.0026191723415400735,0.001571503404924044,0.003666841278156103,0.0005238344683080147,0.0020953378732320588,0.013619696176008382,0.0,0.001571503404924044,0.0,0.0005238344683080147,0.003143006809848088,0.0,0.0005238344683080147,0.005238344683080147,0.0010476689366160294,0.10319539025667888,0.0010476689366160294,0.001571503404924044,0.0010476689366160294,0.003666841278156103,0.10162388685175484,0.003143006809848088,0.003143006809848088,0.0005238344683080147,0.0005238344683080147,0.001571503404924044,0.0,0.0,0.00995285489785228,0.0,0.001571503404924044,0.0005238344683080147,0.0010476689366160294,0.0026191723415400735,0.004714510214772132,0.0005238344683080147,0.001571503404924044,0.0026191723415400735,0.0041906757464641176,0.0020953378732320588,0.0026191723415400735,0.011000523834468309,0.0005238344683080147,0.0010476689366160294,0.00890518596123625,0.0005238344683080147,0.0005238344683080147,0.0041906757464641176,0.005238344683080147,0.0010476689366160294,0.09167103195390257,0.005762179151388162,0.0005238344683080147,0.0,0.004714510214772132,0.003666841278156103,0.0010476689366160294,0.0,0.0020953378732320588,0.0,0.003666841278156103,0.0005238344683080147,0.0020953378732320588,0.006286013619696176,0.0020953378732320588,0.0,0.0,0.09690937663698271,0.0,0.0,0.0,0.004714510214772132,0.08276584599266631,0.0026191723415400735,0.0,0.001571503404924044,0.08014667365112624,0.004714510214772132,0.0041906757464641176,0.003666841278156103,0.0010476689366160294,0.0822420115243583,0.0,0.0,0.0026191723415400735,0.0,0.006809848088004191,0.0,0.0005238344683080147,0.06705081194342588,0.003666841278156103,0.001571503404924044,0.08590885280251441,0.003143006809848088,0.0,0.0
41,0.0,0.0006934812760055479,0.0020804438280166435,0.0048543689320388345,0.0,0.024271844660194174,0.0006934812760055479,0.015256588072122053,0.011789181692094313,0.004160887656033287,0.011789181692094313,0.0006934812760055479,0.0020804438280166435,0.0006934812760055479,0.0013869625520110957,0.0027739251040221915,0.0006934812760055479,0.0076282940360610264,0.0013869625520110957,0.07420249653259361,0.0006934812760055479,0.0,0.0,0.0006934812760055479,0.056865464632454926,0.004160887656033287,0.0006934812760055479,0.0006934812760055479,0.0006934812760055479,0.0006934812760055479,0.0006934812760055479,0.0,0.0,0.0006934812760055479,0.0076282940360610264,0.0020804438280166435,0.0,0.0013869625520110957,0.0034674063800277394,0.0,0.0,0.008321775312066574,0.0,0.0013869625520110957,0.008321775312066574,0.0076282940360610264,0.0013869625520110957,0.0,0.0062413314840499305,0.0006934812760055479,0.0006934812760055479,0.006934812760055479,0.0062413314840499305,0.0034674063800277394,0.04854368932038835,0.0020804438280166435,0.009015256588072122,0.0,0.0,0.0,0.0013869625520110957,0.0013869625520110957,0.0,0.0,0.0006934812760055479,0.006934812760055479,0.0,0.0006934812760055479,0.0027739251040221915,0.006934812760055479,0.0062413314840499305,0.07212205270457697,0.0,0.004160887656033287,0.0,0.009015256588072122,0.05617198335644938,0.0,0.0020804438280166435,0.0006934812760055479,0.14008321775312066,0.010402219140083218,0.0020804438280166435,0.016643550624133148,0.0,0.10679611650485436,0.0,0.0027739251040221915,0.0027739251040221915,0.0006934812760055479,0.0,0.005547850208044383,0.005547850208044383,0.060332871012482664,0.0,0.014563106796116505,0.08183079056865465,0.0159500693481276,0.0013869625520110957,0.0020804438280166435
42,0.0027731558513588465,0.0,0.0016638935108153079,0.0011092623405435386,0.0005546311702717693,0.0,0.003882418191902385,0.0,0.0011092623405435386,0.0,0.0005546311702717693,0.0,0.005546311702717693,0.0,0.0011092623405435386,0.0027731558513588465,0.004437049362174155,0.003882418191902385,0.0,0.09761508596783139,0.0011092623405435386,0.0,0.004991680532445923,0.007210205213533,0.09484193011647254,0.0022185246810870773,0.0022185246810870773,0.0011092623405435386,0.0,0.0,0.0033277870216306157,0.0011092623405435386,0.0005546311702717693,0.0005546311702717693,0.0033277870216306157,0.0,0.0011092623405435386,0.0,0.0066555740432612314,0.0066555740432612314,0.0,0.006100942872989462,0.0016638935108153079,0.0,0.0011092623405435386,0.006100942872989462,0.006100942872989462,0.0022185246810870773,0.0,0.006100942872989462,0.0033277870216306157,0.0033277870216306157,0.006100942872989462,0.004991680532445923,0.03826955074875208,0.0066555740432612314,0.004437049362174155,0.009428729894620078,0.0,0.0011092623405435386,0.0005546311702717693,0.0,0.0011092623405435386,0.004437049362174155,0.0005546311702717693,0.0027731558513588465,0.0005546311702717693,0.0005546311702717693,0.0027731558513588465,0.0,0.0011092623405435386,0.079312257348863,0.00776483638380477,0.0005546311702717693,0.00776483638380477,0.0005546311702717693,0.09539656128674431,0.004991680532445923,0.006100942872989462,0.0,0.10815307820299501,0.0033277870216306157,0.0033277870216306157,0.0016638935108153079,0.006100942872989462,0.07986688851913477,0.004991680532445923,0.0,0.004437049362174155,0.0,0.0005546311702717693,0.006100942872989462,0.004437049362174155,0.11092623405435385,0.0011092623405435386,0.0,0.06655574043261231,0.0016638935108153079,0.0016638935108153079,0.007210205213533
43,0.0,0.0,0.0006939625260235947,0.002775850104094379,0.0013879250520471894,0.009715475364330326,0.0006939625260235947,0.0,0.0034698126301179735,0.008327550312283136,0.0,0.006939625260235947,0.0,0.009715475364330326,0.0,0.0013879250520471894,0.005551700208188758,0.002081887578070784,0.006939625260235947,0.04996530187369882,0.0,0.0006939625260235947,0.0034698126301179735,0.0,0.11727966689798751,0.011103400416377515,0.007633587786259542,0.0006939625260235947,0.0,0.002081887578070784,0.0,0.0,0.0006939625260235947,0.002775850104094379,0.0034698126301179735,0.0,0.0006939625260235947,0.0,0.0,0.0,0.002775850104094379,0.025676613462873005,0.0,0.0,0.0,0.012491325468424705,0.006245662734212352,0.0034698126301179735,0.0006939625260235947,0.0,0.0,0.002775850104094379,0.012491325468424705,0.004857737682165163,0.1179736294240111,0.002775850104094379,0.006939625260235947,0.0,0.007633587786259542,0.0013879250520471894,0.010409437890353921,0.0034698126301179735,0.0,0.002775850104094379,0.0006939625260235947,0.005551700208188758,0.0,0.0,0.0,0.002081887578070784,0.0,0.12283136710617627,0.002775850104094379,0.002081887578070784,0.0006939625260235947,0.0013879250520471894,0.08952116585704371,0.002081887578070784,0.0,0.009021512838306732,0.0652324774462179,0.0034698126301179735,0.0,0.0,0.0006939625260235947,0.046495489243580844,0.0131852879944483,0.0,0.0034698126301179735,0.006245662734212352,0.0006939625260235947,0.0,0.0013879250520471894,0.06662040249826509,0.0006939625260235947,0.0,0.05343511450381679,0.002775850104094379,0.004163775156141568,0.007633587786259542
44,0.0,0.003883495145631068,0.0,0.005825242718446602,0.004530744336569579,0.0025889967637540453,0.005825242718446602,0.0012944983818770227,0.0012944983818770227,0.01488673139158576,0.0,0.0012944983818770227,0.0012944983818770227,0.0,0.0012944983818770227,0.0012944983818770227,0.007119741100323625,0.01488673139158576,0.0,0.04854368932038835,0.0,0.0012944983818770227,0.004530744336569579,0.0,0.1145631067961165,0.0006472491909385113,0.0006472491909385113,0.0,0.0,0.005177993527508091,0.0025889967637540453,0.009061488673139158,0.0006472491909385113,0.003236245954692557,0.0006472491909385113,0.007119741100323625,0.017475728155339806,0.0012944983818770227,0.0,0.0006472491909385113,0.0006472491909385113,0.0025889967637540453,0.003883495145631068,0.009708737864077669,0.0,0.003883495145631068,0.004530744336569579,0.001941747572815534,0.0012944983818770227,0.0,0.005177993527508091,0.0,0.01488673139158576,0.0006472491909385113,0.07508090614886731,0.0,0.003236245954692557,0.0,0.0025889967637540453,0.0012944983818770227,0.005177993527508091,0.0,0.001941747572815534,0.003236245954692557,0.005825242718446602,0.0025889967637540453,0.009708737864077669,0.0,0.007119741100323625,0.001941747572815534,0.0012944983818770227,0.04466019417475728,0.0012944983818770227,0.008414239482200648,0.012297734627831715,0.0012944983818770227,0.06019417475728155,0.0012944983818770227,0.0,0.0025889967637540453,0.1080906148867314,0.012297734627831715,0.0006472491909385113,0.0006472491909385113,0.003236245954692557,0.12297734627831715,0.0,0.0,0.003883495145631068,0.0,0.0,0.010355987055016181,0.003883495145631068,0.06990291262135923,0.0,0.0,0.0744336569579288,0.0,0.001941747572815534,0.0
45,0.0,0.0,0.004161712247324614,0.00535077288941736,0.0011890606420927466,0.0,0.0035671819262782403,0.007134363852556481,0.0011890606420927466,0.0005945303210463733,0.0005945303210463733,0.0,0.0,0.007134363852556481,0.005945303210463734,0.0077288941736028535,0.0,0.0023781212841854932,0.006539833531510107,0.10166468489892984,0.0,0.0017835909631391202,0.0005945303210463733,0.002972651605231867,0.11950059453032105,0.0,0.0011890606420927466,0.0005945303210463733,0.0011890606420927466,0.00535077288941736,0.0,0.0023781212841854932,0.0035671819262782403,0.0178359096313912,0.002972651605231867,0.0077288941736028535,0.0017835909631391202,0.0023781212841854932,0.0011890606420927466,0.0,0.0,0.0035671819262782403,0.00535077288941736,0.0023781212841854932,0.0017835909631391202,0.0005945303210463733,0.01248513674197384,0.011890606420927468,0.01070154577883472,0.0017835909631391202,0.0,0.0,0.0017835909631391202,0.0,0.07015457788347206,0.0011890606420927466,0.0005945303210463733,0.0023781212841854932,0.0011890606420927466,0.0005945303210463733,0.0017835909631391202,0.006539833531510107,0.0089179548156956,0.0017835909631391202,0.007134363852556481,0.008323424494649227,0.0035671819262782403,0.0,0.0017835909631391202,0.0005945303210463733,0.005945303210463734,0.08620689655172414,0.0011890606420927466,0.0,0.0017835909631391202,0.0005945303210463733,0.06183115338882283,0.0005945303210463733,0.0011890606420927466,0.002972651605231867,0.09869203329369798,0.00535077288941736,0.011296076099881093,0.0011890606420927466,0.006539833531510107,0.07728894173602854,0.0011890606420927466,0.0,0.0011890606420927466,0.0017835909631391202,0.0,0.010107015457788348,0.0,0.04221165279429251,0.0,0.0023781212841854932,0.07312722948870393,0.004161712247324614,0.0017835909631391202,0.0023781212841854932
46,0.012024048096192385,0.0,0.01068804275217101,0.0,0.0,0.0026720106880427524,0.0006680026720106881,0.008684034736138945,0.005344021376085505,0.0,0.0,0.0006680026720106881,0.0006680026720106881,0.0,0.0,0.002004008016032064,0.0,0.0013360053440213762,0.008684034736138945,0.1008684034736139,0.0033400133600534404,0.0,0.004676018704074816,0.0,0.1289245156980628,0.004008016032064128,0.0,0.0033400133600534404,0.0026720106880427524,0.004008016032064128,0.0033400133600534404,0.0013360053440213762,0.005344021376085505,0.004008016032064128,0.002004008016032064,0.002004008016032064,0.0,0.0,0.006680026720106881,0.004676018704074816,0.004676018704074816,0.0,0.011356045424181697,0.0,0.01068804275217101,0.002004008016032064,0.0013360053440213762,0.0013360053440213762,0.0,0.01736806947227789,0.0006680026720106881,0.0013360053440213762,0.002004008016032064,0.0013360053440213762,0.052772211088844355,0.0006680026720106881,0.0,0.0,0.0,0.014696058784235137,0.006012024048096192,0.005344021376085505,0.004008016032064128,0.0013360053440213762,0.01603206412825651,0.0013360053440213762,0.002004008016032064,0.007348029392117568,0.0006680026720106881,0.0006680026720106881,0.0,0.058784235136940546,0.0013360053440213762,0.009352037408149633,0.002004008016032064,0.0026720106880427524,0.09352037408149633,0.0006680026720106881,0.004008016032064128,0.015364061456245824,0.07080828323313293,0.015364061456245824,0.0,0.0,0.0013360053440213762,0.05945223780895124,0.002004008016032064,0.01002004008016032,0.004676018704074816,0.0026720106880427524,0.0033400133600534404,0.0,0.011356045424181697,0.052772211088844355,0.0006680026720106881,0.007348029392117568,0.05477621910487642,0.0006680026720106881,0.0,0.013360053440213761
47,0.0017678255745433118,0.007071302298173247,0.004714201532115498,0.0005892751915144372,0.0035356511490866236,0.002357100766057749,0.0017678255745433118,0.0,0.0,0.0029463759575721863,0.0005892751915144372,0.009428403064230996,0.0005892751915144372,0.0005892751915144372,0.0011785503830288745,0.0005892751915144372,0.0035356511490866236,0.00883912787271656,0.0,0.0995875073659399,0.004714201532115498,0.0005892751915144372,0.0029463759575721863,0.0,0.07012374779021803,0.0,0.0,0.002357100766057749,0.002357100766057749,0.0011785503830288745,0.0029463759575721863,0.0017678255745433118,0.0017678255745433118,0.007071302298173247,0.0005892751915144372,0.0041249263406010605,0.0017678255745433118,0.0035356511490866236,0.004714201532115498,0.0,0.0005892751915144372,0.009428403064230996,0.0029463759575721863,0.0005892751915144372,0.004714201532115498,0.0,0.0,0.002357100766057749,0.0,0.0029463759575721863,0.0058927519151443725,0.0058927519151443725,0.0,0.0017678255745433118,0.12139068945197407,0.018267530936947555,0.0,0.004714201532115498,0.008249852681202121,0.0058927519151443725,0.002357100766057749,0.0011785503830288745,0.0005892751915144372,0.0,0.0005892751915144372,0.0011785503830288745,0.0,0.0,0.0011785503830288745,0.0058927519151443725,0.0017678255745433118,0.05598114319387154,0.00648202710665881,0.0005892751915144372,0.01060695344725987,0.0017678255745433118,0.06658809664113141,0.0011785503830288745,0.0011785503830288745,0.00648202710665881,0.07542722451384797,0.0,0.0,0.0,0.0,0.049499116087212726,0.0,0.0017678255745433118,0.0011785503830288745,0.0,0.0058927519151443725,0.0017678255745433118,0.0058927519151443725,0.11431938715380083,0.005303476723629935,0.0005892751915144372,0.11431938715380083,0.0,0.0,0.0005892751915144372
48,0.0025284450063211127,0.0,0.0025284450063211127,0.014538558786346398,0.005689001264222503,0.0006321112515802782,0.0,0.0006321112515802782,0.0018963337547408343,0.0,0.0006321112515802782,0.004424778761061947,0.0006321112515802782,0.00695322376738306,0.0025284450063211127,0.0012642225031605564,0.0,0.0,0.009481668773704172,0.09987357774968394,0.0018963337547408343,0.0050568900126422255,0.0006321112515802782,0.0050568900126422255,0.08154235145385588,0.0025284450063211127,0.0031605562579013905,0.0012642225031605564,0.0037926675094816687,0.0018963337547408343,0.0050568900126422255,0.0,0.005689001264222503,0.0,0.004424778761061947,0.0,0.0,0.005689001264222503,0.0,0.01643489254108723,0.0031605562579013905,0.0012642225031605564,0.0,0.0,0.0,0.0,0.0,0.0012642225031605564,0.0,0.0006321112515802782,0.00695322376738306,0.0018963337547408343,0.004424778761061947,0.0025284450063211127,0.07016434892541087,0.005689001264222503,0.0006321112515802782,0.011378002528445006,0.0006321112515802782,0.00695322376738306,0.008217446270543615,0.0012642225031605564,0.0006321112515802782,0.0006321112515802782,0.006321112515802781,0.0,0.0012642225031605564,0.0037926675094816687,0.0012642225031605564,0.0006321112515802782,0.0,0.1276864728192162,0.0012642225031605564,0.0,0.0006321112515802782,0.0,0.08280657395701643,0.0006321112515802782,0.0012642225031605564,0.006321112515802781,0.0493046776232617,0.0,0.01643489254108723,0.0006321112515802782,0.008217446270543615,0.07079646017699115,0.010113780025284451,0.0012642225031605564,0.0012642225031605564,0.0006321112515802782,0.0006321112515802782,0.0018963337547408343,0.015170670037926675,0.06005056890012642,0.0018963337547408343,0.0031605562579013905,0.08343868520859671,0.0,0.012010113780025285,0.0025284450063211127
49,0.0,0.004667444574095682,0.005250875145857643,0.0,0.0011668611435239206,0.0,0.002333722287047841,0.0,0.0005834305717619603,0.0029171528588098016,0.0005834305717619603,0.0,0.0,0.0005834305717619603,0.0005834305717619603,0.003500583430571762,0.001750291715285881,0.001750291715285881,0.0,0.0705950991831972,0.0,0.012835472578763127,0.0005834305717619603,0.0029171528588098016,0.060676779463243874,0.0,0.0005834305717619603,0.0,0.0,0.006417736289381563,0.007584597432905484,0.001750291715285881,0.007584597432905484,0.0,0.005250875145857643,0.0029171528588098016,0.0005834305717619603,0.0029171528588098016,0.0,0.0011668611435239206,0.002333722287047841,0.001750291715285881,0.0011668611435239206,0.0029171528588098016,0.012835472578763127,0.0005834305717619603,0.004084014002333722,0.005834305717619603,0.008168028004667444,0.007001166861143524,0.0,0.0,0.0011668611435239206,0.0005834305717619603,0.10618436406067679,0.003500583430571762,0.0029171528588098016,0.005834305717619603,0.0005834305717619603,0.003500583430571762,0.0005834305717619603,0.011668611435239206,0.0,0.005250875145857643,0.0,0.0005834305717619603,0.001750291715285881,0.0,0.0005834305717619603,0.008751458576429404,0.001750291715285881,0.11551925320886815,0.0005834305717619603,0.0,0.0011668611435239206,0.0,0.09626604434072346,0.0011668611435239206,0.011085180863477246,0.0029171528588098016,0.0985997666277713,0.0,0.0,0.007001166861143524,0.012835472578763127,0.06301050175029171,0.004084014002333722,0.0,0.0,0.0,0.0,0.0,0.0,0.06417736289381563,0.0029171528588098016,0.0,0.10035005834305717,0.0,0.004084014002333722,0.002333722287047841
50,0.0,0.0037831021437578815,0.0006305170239596469,0.0,0.005044136191677175,0.0031525851197982345,0.0006305170239596469,0.0,0.0,0.0025220680958385876,0.0025220680958385876,0.0,0.0006305170239596469,0.0025220680958385876,0.0,0.0031525851197982345,0.0,0.0006305170239596469,0.005044136191677175,0.09457755359394704,0.0018915510718789407,0.0006305170239596469,0.0006305170239596469,0.004413619167717529,0.09962168978562422,0.0,0.0,0.0,0.0018915510718789407,0.0006305170239596469,0.0006305170239596469,0.005044136191677175,0.0012610340479192938,0.0025220680958385876,0.0,0.0,0.0,0.0,0.0,0.0,0.0018915510718789407,0.00819672131147541,0.0018915510718789407,0.0037831021437578815,0.0006305170239596469,0.005674653215636823,0.0012610340479192938,0.0025220680958385876,0.0006305170239596469,0.0006305170239596469,0.0031525851197982345,0.0,0.0018915510718789407,0.012610340479192938,0.07313997477931904,0.01008827238335435,0.0,0.0,0.0037831021437578815,0.0,0.0025220680958385876,0.015132408575031526,0.015132408575031526,0.0,0.0037831021437578815,0.005044136191677175,0.005044136191677175,0.014501891551071878,0.00819672131147541,0.0,0.0,0.058007566204287514,0.011349306431273645,0.0025220680958385876,0.0031525851197982345,0.0012610340479192938,0.12042875157629256,0.0012610340479192938,0.0037831021437578815,0.0,0.07755359394703656,0.00819672131147541,0.005044136191677175,0.0031525851197982345,0.0,0.06620428751576292,0.014501891551071878,0.0012610340479192938,0.012610340479192938,0.0,0.0031525851197982345,0.01008827238335435,0.0,0.05737704918032787,0.0006305170239596469,0.0025220680958385876,0.09016393442622951,0.0006305170239596469,0.0,0.0
51,0.0,0.0013449899125756557,0.0013449899125756557,0.0,0.0,0.00605245460659045,0.0,0.0013449899125756557,0.0013449899125756557,0.004034969737726967,0.004034969737726967,0.0020174848688634837,0.004707464694014795,0.0020174848688634837,0.0006724949562878278,0.0020174848688634837,0.0013449899125756557,0.0020174848688634837,0.004034969737726967,0.07330195023537324,0.0033624747814391394,0.0026899798251513113,0.007397444519166106,0.0006724949562878278,0.1284465366509751,0.007397444519166106,0.0006724949562878278,0.0006724949562878278,0.0,0.0026899798251513113,0.0006724949562878278,0.0,0.0006724949562878278,0.0020174848688634837,0.0013449899125756557,0.0006724949562878278,0.0013449899125756557,0.0013449899125756557,0.0,0.004707464694014795,0.0,0.0,0.007397444519166106,0.0020174848688634837,0.0013449899125756557,0.0020174848688634837,0.0,0.004707464694014795,0.0006724949562878278,0.0006724949562878278,0.0026899798251513113,0.010087424344317418,0.0006724949562878278,0.0,0.08069939475453934,0.0013449899125756557,0.0006724949562878278,0.005379959650302623,0.0033624747814391394,0.0020174848688634837,0.0006724949562878278,0.0,0.0,0.0,0.0,0.007397444519166106,0.0006724949562878278,0.0,0.004034969737726967,0.0,0.0,0.13315400134498992,0.004034969737726967,0.0006724949562878278,0.0013449899125756557,0.0006724949562878278,0.06590450571620712,0.0026899798251513113,0.0,0.0,0.08137188971082716,0.0,0.0,0.0,0.0013449899125756557,0.05850706119704102,0.004707464694014795,0.0,0.0,0.008069939475453935,0.0,0.0013449899125756557,0.0,0.11230665770006724,0.0026899798251513113,0.0026899798251513113,0.09145931405514458,0.0006724949562878278,0.008742434431741762,0.0006724949562878278
52,0.002430133657351154,0.022478736330498177,0.0018226002430133657,0.0018226002430133657,0.0,0.0,0.0,0.00425273390036452,0.006075334143377886,0.0,0.007290400972053463,0.001215066828675577,0.0,0.002430133657351154,0.0006075334143377885,0.0,0.0,0.00425273390036452,0.0006075334143377885,0.09781287970838397,0.0006075334143377885,0.001215066828675577,0.0018226002430133657,0.0018226002430133657,0.08566221142162819,0.00425273390036452,0.0,0.002430133657351154,0.001215066828675577,0.0,0.003037667071688943,0.01275820170109356,0.0,0.0,0.0006075334143377885,0.0,0.006075334143377886,0.009720534629404616,0.00850546780072904,0.0018226002430133657,0.0,0.0018226002430133657,0.011543134872417983,0.0,0.0018226002430133657,0.00425273390036452,0.0,0.001215066828675577,0.012150668286755772,0.0,0.0,0.01701093560145808,0.00850546780072904,0.0,0.10328068043742406,0.004860267314702308,0.007290400972053463,0.007290400972053463,0.0006075334143377885,0.001215066828675577,0.0,0.003037667071688943,0.0036452004860267314,0.001215066828675577,0.0,0.009113001215066828,0.001215066828675577,0.002430133657351154,0.0018226002430133657,0.002430133657351154,0.0,0.060753341433778855,0.002430133657351154,0.007290400972053463,0.0006075334143377885,0.006075334143377886,0.050425273390036454,0.0018226002430133657,0.004860267314702308,0.006682867557715674,0.09234507897934387,0.0,0.003037667071688943,0.00425273390036452,0.0,0.07229647630619684,0.0,0.02551640340218712,0.00425273390036452,0.002430133657351154,0.009113001215066828,0.01701093560145808,0.0018226002430133657,0.04678007290400972,0.0,0.00425273390036452,0.06257594167679223,0.010935601458080195,0.0,0.0
53,0.0005305039787798408,0.0010610079575596816,0.004244031830238726,0.0005305039787798408,0.005835543766578249,0.0,0.0005305039787798408,0.003183023872679045,0.007427055702917772,0.007427055702917772,0.004774535809018567,0.005835543766578249,0.0005305039787798408,0.005835543766578249,0.0,0.003183023872679045,0.0,0.0015915119363395225,0.0005305039787798408,0.10875331564986737,0.0,0.0,0.0005305039787798408,0.0005305039787798408,0.09283819628647215,0.007427055702917772,0.0,0.005305039787798408,0.0,0.022811671087533156,0.0010610079575596816,0.0015915119363395225,0.0015915119363395225,0.0,0.007427055702917772,0.005305039787798408,0.003183023872679045,0.003713527851458886,0.0,0.0015915119363395225,0.0005305039787798408,0.0010610079575596816,0.0005305039787798408,0.0015915119363395225,0.002122015915119363,0.002122015915119363,0.0005305039787798408,0.003183023872679045,0.004774535809018567,0.009549071618037135,0.007957559681697613,0.0,0.0015915119363395225,0.0015915119363395225,0.070026525198939,0.0005305039787798408,0.007427055702917772,0.0,0.002122015915119363,0.0010610079575596816,0.0,0.0015915119363395225,0.0005305039787798408,0.0015915119363395225,0.0015915119363395225,0.0005305039787798408,0.0005305039787798408,0.0015915119363395225,0.0,0.0010610079575596816,0.0,0.09814323607427056,0.0,0.0,0.003183023872679045,0.006896551724137931,0.10291777188328913,0.0,0.002652519893899204,0.0,0.06312997347480107,0.002122015915119363,0.013793103448275862,0.0,0.003183023872679045,0.07480106100795755,0.0015915119363395225,0.0005305039787798408,0.0,0.002122015915119363,0.003183023872679045,0.002122015915119363,0.0010610079575596816,0.06578249336870026,0.002122015915119363,0.002122015915119363,0.09442970822281167,0.0010610079575596816,0.004244031830238726,0.004774535809018567
54,0.002443494196701283,0.0,0.0,0.0006108735491753207,0.0,0.0012217470983506415,0.0,0.0012217470983506415,0.0006108735491753207,0.0006108735491753207,0.0006108735491753207,0.00855222968845449,0.004276114844227245,0.0006108735491753207,0.004886988393402566,0.009773976786805132,0.0006108735491753207,0.0006108735491753207,0.0,0.12828344532681735,0.0,0.0012217470983506415,0.002443494196701283,0.0006108735491753207,0.05742211362248015,0.00916310323762981,0.0036652412950519244,0.002443494196701283,0.0,0.0018326206475259622,0.0,0.00794135613927917,0.004886988393402566,0.004276114844227245,0.0,0.0006108735491753207,0.009773976786805132,0.006719609040928528,0.0018326206475259622,0.0,0.006108735491753207,0.0177153329260843,0.0030543677458766036,0.0012217470983506415,0.004276114844227245,0.004886988393402566,0.004886988393402566,0.002443494196701283,0.0006108735491753207,0.006108735491753207,0.0,0.0,0.0036652412950519244,0.0006108735491753207,0.04886988393402566,0.0,0.007330482590103849,0.0006108735491753207,0.002443494196701283,0.0,0.0,0.002443494196701283,0.005497861942577886,0.0036652412950519244,0.0,0.0177153329260843,0.014050091631032376,0.0006108735491753207,0.0030543677458766036,0.0006108735491753207,0.0012217470983506415,0.0794135613927917,0.0,0.0,0.00794135613927917,0.0006108735491753207,0.11973121563836286,0.0036652412950519244,0.0,0.0,0.09529627367135003,0.002443494196701283,0.0,0.0030543677458766036,0.0006108735491753207,0.06597434331093463,0.007330482590103849,0.0036652412950519244,0.0,0.006108735491753207,0.0006108735491753207,0.002443494196701283,0.0030543677458766036,0.0531459987782529,0.0012217470983506415,0.0,0.09590714722052535,0.0018326206475259622,0.0018326206475259622,0.0006108735491753207
55,0.00266844563042028,0.00266844563042028,0.00066711140760507,0.00133422281521014,0.00066711140760507,0.00066711140760507,0.00266844563042028,0.00133422281521014,0.00133422281521014,0.0,0.00333555703802535,0.00133422281521014,0.0020013342228152103,0.00266844563042028,0.00066711140760507,0.00533689126084056,0.00266844563042028,0.0,0.00133422281521014,0.08272181454302868,0.00066711140760507,0.00066711140760507,0.00266844563042028,0.00333555703802535,0.0513675783855904,0.014009339559706471,0.0,0.00133422281521014,0.0,0.0,0.0,0.004002668445630421,0.015343562374916611,0.01067378252168112,0.0,0.00066711140760507,0.00333555703802535,0.00133422281521014,0.00066711140760507,0.00133422281521014,0.0,0.0,0.00333555703802535,0.00133422281521014,0.00333555703802535,0.00066711140760507,0.0020013342228152103,0.01134089392928619,0.0,0.00066711140760507,0.00533689126084056,0.00733822548365577,0.016010673782521682,0.00333555703802535,0.09006004002668445,0.00066711140760507,0.0,0.00066711140760507,0.0,0.0,0.00066711140760507,0.004002668445630421,0.0,0.004002668445630421,0.0,0.00066711140760507,0.0,0.0,0.01134089392928619,0.00333555703802535,0.00133422281521014,0.12274849899933289,0.00133422281521014,0.0133422281521014,0.0,0.004669779853235491,0.05003335557038025,0.02068045363575717,0.0,0.00066711140760507,0.06804536357571714,0.0066711140760507,0.00600400266844563,0.00266844563042028,0.00333555703802535,0.13742494996664442,0.00066711140760507,0.00066711140760507,0.00733822548365577,0.00533689126084056,0.01200800533689126,0.004669779853235491,0.004002668445630421,0.04803202134756504,0.004669779853235491,0.00133422281521014,0.07271514342895263,0.00066711140760507,0.0,0.00133422281521014
56,0.0049833887043189366,0.0022148394241417496,0.0005537098560354374,0.0027685492801771874,0.0,0.0016611295681063123,0.0022148394241417496,0.0,0.0,0.0,0.0,0.0,0.0,0.0,0.0,0.0,0.0022148394241417496,0.006644518272425249,0.0,0.08471760797342193,0.0,0.0,0.0016611295681063123,0.0,0.06312292358803986,0.0,0.0,0.0,0.003875968992248062,0.0,0.01107419712070875,0.0,0.0,0.006644518272425249,0.0011074197120708748,0.0033222591362126247,0.0,0.0011074197120708748,0.0,0.0022148394241417496,0.006644518272425249,0.0022148394241417496,0.005537098560354375,0.0022148394241417496,0.0027685492801771874,0.005537098560354375,0.007751937984496124,0.0,0.0,0.004429678848283499,0.0005537098560354374,0.0,0.0005537098560354374,0.0,0.10631229235880399,0.011627906976744186,0.0005537098560354374,0.0005537098560354374,0.0022148394241417496,0.0,0.008859357696566999,0.004429678848283499,0.0033222591362126247,0.0022148394241417496,0.0022148394241417496,0.0027685492801771874,0.0027685492801771874,0.016057585825027684,0.0033222591362126247,0.0005537098560354374,0.006090808416389812,0.04928017718715393,0.0005537098560354374,0.0022148394241417496,0.003875968992248062,0.0,0.07973421926910298,0.0,0.0,0.0005537098560354374,0.10520487264673312,0.0005537098560354374,0.01716500553709856,0.0027685492801771874,0.0005537098560354374,0.08250276854928018,0.011627906976744186,0.0022148394241417496,0.0,0.0,0.0,0.0005537098560354374,0.0022148394241417496,0.0991140642303433,0.0005537098560354374,0.009413067552602437,0.10575858250276855,0.003875968992248062,0.0,0.005537098560354375
57,0.0,0.004507405022537025,0.00901481004507405,0.00901481004507405,0.008370895041854474,0.0051513200257566,0.008370895041854474,0.0,0.0,0.0025756600128783,0.000643915003219575,0.00128783000643915,0.00128783000643915,0.010946555054732776,0.0070830650354153256,0.004507405022537025,0.0038634900193174502,0.01159047005795235,0.000643915003219575,0.05537669027688345,0.003219575016097875,0.0019317450096587251,0.003219575016097875,0.004507405022537025,0.08435286542176433,0.004507405022537025,0.00128783000643915,0.000643915003219575,0.000643915003219575,0.0,0.0,0.0038634900193174502,0.0019317450096587251,0.004507405022537025,0.0103026400515132,0.0,0.000643915003219575,0.0038634900193174502,0.0019317450096587251,0.0,0.0019317450096587251,0.000643915003219575,0.0,0.0019317450096587251,0.0051513200257566,0.0,0.0019317450096587251,0.00128783000643915,0.0,0.000643915003219575,0.004507405022537025,0.00643915003219575,0.000643915003219575,0.0019317450096587251,0.11719253058596266,0.0,0.003219575016097875,0.0070830650354153256,0.0038634900193174502,0.017385705086928525,0.003219575016097875,0.00128783000643915,0.0019317450096587251,0.008370895041854474,0.0070830650354153256,0.0025756600128783,0.004507405022537025,0.0038634900193174502,0.00128783000643915,0.0070830650354153256,0.0,0.04249839021249195,0.0,0.000643915003219575,0.0,0.0,0.07340631036703155,0.0019317450096587251,0.0077269800386349004,0.0051513200257566,0.08628461043142305,0.00128783000643915,0.0,0.000643915003219575,0.0051513200257566,0.06889890534449453,0.005795235028976175,0.000643915003219575,0.00643915003219575,0.00128783000643915,0.0025756600128783,0.02446877012234385,0.000643915003219575,0.10431423052157116,0.00128783000643915,0.0,0.061815840309079204,0.0,0.004507405022537025,0.0
58,0.018960244648318043,0.0,0.0030581039755351682,0.0012232415902140672,0.0,0.0024464831804281344,0.0012232415902140672,0.0,0.0,0.0,0.0006116207951070336,0.009174311926605505,0.009174311926605505,0.010397553516819572,0.00856269113149847,0.0061162079510703364,0.005504587155963303,0.0,0.0,0.10948012232415902,0.003669724770642202,0.0006116207951070336,0.0,0.0006116207951070336,0.0672782874617737,0.0,0.0024464831804281344,0.0006116207951070336,0.005504587155963303,0.0030581039755351682,0.0006116207951070336,0.001834862385321101,0.0006116207951070336,0.0061162079510703364,0.0,0.0,0.0,0.007339449541284404,0.004892966360856269,0.0024464831804281344,0.0012232415902140672,0.0012232415902140672,0.0,0.0006116207951070336,0.0006116207951070336,0.007339449541284404,0.001834862385321101,0.0,0.0,0.0012232415902140672,0.001834862385321101,0.0,0.01712538226299694,0.001834862385321101,0.10152905198776759,0.0,0.0030581039755351682,0.0,0.0030581039755351682,0.0030581039755351682,0.0,0.0006116207951070336,0.009174311926605505,0.00856269113149847,0.0024464831804281344,0.0030581039755351682,0.0006116207951070336,0.003669724770642202,0.0006116207951070336,0.009785932721712538,0.0006116207951070336,0.10581039755351682,0.0,0.009785932721712538,0.0,0.0012232415902140672,0.04892966360856269,0.0006116207951070336,0.0030581039755351682,0.00856269113149847,0.10948012232415902,0.001834862385321101,0.0012232415902140672,0.0006116207951070336,0.0,0.10397553516819572,0.0006116207951070336,0.0,0.004892966360856269,0.0061162079510703364,0.005504587155963303,0.0024464831804281344,0.0012232415902140672,0.05198776758409786,0.0030581039755351682,0.0024464831804281344,0.044036697247706424,0.0,0.0012232415902140672,0.0030581039755351682
59,0.0007137758743754461,0.0007137758743754461,0.0,0.004282655246252677,0.0,0.004282655246252677,0.017130620985010708,0.0021413276231263384,0.0,0.0,0.0021413276231263384,0.011420413990007138,0.0,0.0007137758743754461,0.0021413276231263384,0.0,0.0035688793718772305,0.0007137758743754461,0.004996431120628123,0.06852248394004283,0.014989293361884369,0.0035688793718772305,0.01284796573875803,0.0,0.07851534618129907,0.009992862241256246,0.0,0.0007137758743754461,0.004282655246252677,0.009992862241256246,0.004996431120628123,0.0014275517487508922,0.0014275517487508922,0.014275517487508922,0.0,0.0007137758743754461,0.0,0.0014275517487508922,0.0028551034975017845,0.0007137758743754461,0.0,0.0007137758743754461,0.009279086366880799,0.0,0.0021413276231263384,0.009279086366880799,0.0014275517487508922,0.0,0.011420413990007138,0.0035688793718772305,0.0007137758743754461,0.0028551034975017845,0.0,0.0014275517487508922,0.06852248394004283,0.0014275517487508922,0.0,0.01284796573875803,0.0007137758743754461,0.0007137758743754461,0.0007137758743754461,0.0021413276231263384,0.0028551034975017845,0.0,0.006423982869379015,0.004282655246252677,0.0021413276231263384,0.0,0.013561741613133477,0.0007137758743754461,0.0035688793718772305,0.11705924339757316,0.0,0.0007137758743754461,0.0021413276231263384,0.0007137758743754461,0.06281227694503926,0.004996431120628123,0.0035688793718772305,0.0021413276231263384,0.0649536045681656,0.004282655246252677,0.0035688793718772305,0.0021413276231263384,0.0028551034975017845,0.05924339757316203,0.0007137758743754461,0.0,0.0007137758743754461,0.005710206995003569,0.0028551034975017845,0.0,0.0,0.06209850107066381,0.0,0.008565310492505354,0.1363311920057102,0.0014275517487508922,0.0,0.0007137758743754461
60,0.0,0.0005750431282346176,0.0,0.004600345025876941,0.0005750431282346176,0.0,0.0005750431282346176,0.0011500862564692352,0.0040253018976423235,0.0023001725129384704,0.0011500862564692352,0.0,0.0040253018976423235,0.006900517538815411,0.0,0.0011500862564692352,0.0011500862564692352,0.0005750431282346176,0.0005750431282346176,0.11040828062104657,0.0005750431282346176,0.0040253018976423235,0.0011500862564692352,0.0005750431282346176,0.07763082231167337,0.0017251293847038527,0.0034502587694077054,0.0005750431282346176,0.0,0.0,0.005175388154111558,0.0017251293847038527,0.010350776308223116,0.0005750431282346176,0.006900517538815411,0.0,0.0005750431282346176,0.0,0.0005750431282346176,0.0034502587694077054,0.0,0.007475560667050029,0.0,0.0005750431282346176,0.002875215641173088,0.0023001725129384704,0.0005750431282346176,0.0,0.0011500862564692352,0.0,0.0011500862564692352,0.0005750431282346176,0.0040253018976423235,0.005175388154111558,0.07475560667050028,0.0023001725129384704,0.002875215641173088,0.0063254744105807935,0.005175388154111558,0.004600345025876941,0.0,0.012075905692926969,0.0005750431282346176,0.013801035077630822,0.0005750431282346176,0.0005750431282346176,0.0034502587694077054,0.0,0.0005750431282346176,0.0011500862564692352,0.0,0.05635422656699252,0.002875215641173088,0.004600345025876941,0.0023001725129384704,0.0023001725129384704,0.10695802185163887,0.0063254744105807935,0.0063254744105807935,0.0,0.1046578493387004,0.0034502587694077054,0.0034502587694077054,0.0034502587694077054,0.015526164462334674,0.08568142610695802,0.0040253018976423235,0.0017251293847038527,0.0,0.0011500862564692352,0.0011500862564692352,0.0011500862564692352,0.0,0.09948246118458884,0.0011500862564692352,0.0063254744105807935,0.055204140310523286,0.007475560667050029,0.0011500862564692352,0.0023001725129384704
61,0.0017605633802816902,0.0011737089201877935,0.0,0.002347417840375587,0.0011737089201877935,0.0029342723004694834,0.0,0.0017605633802816902,0.0005868544600938967,0.0011737089201877935,0.0017605633802816902,0.0011737089201877935,0.0035211267605633804,0.0011737089201877935,0.008215962441314555,0.009389671361502348,0.0017605633802816902,0.0017605633802816902,0.007629107981220657,0.09096244131455399,0.0017605633802816902,0.0029342723004694834,0.004107981220657277,0.0005868544600938967,0.1238262910798122,0.004694835680751174,0.005868544600938967,0.0,0.0,0.0035211267605633804,0.0005868544600938967,0.0,0.0017605633802816902,0.002347417840375587,0.0011737089201877935,0.009389671361502348,0.01232394366197183,0.0005868544600938967,0.008802816901408451,0.0,0.0029342723004694834,0.0005868544600938967,0.0,0.008215962441314555,0.0029342723004694834,0.0011737089201877935,0.0,0.008215962441314555,0.0011737089201877935,0.0,0.0,0.0,0.0,0.0,0.056338028169014086,0.009976525821596244,0.0,0.0011737089201877935,0.008802816901408451,0.0017605633802816902,0.008215962441314555,0.002347417840375587,0.011150234741784037,0.0,0.0,0.007042253521126761,0.0005868544600938967,0.00528169014084507,0.0005868544600938967,0.0011737089201877935,0.0011737089201877935,0.07629107981220658,0.004694835680751174,0.002347417840375587,0.0,0.0017605633802816902,0.05868544600938967,0.0017605633802816902,0.002347417840375587,0.0017605633802816902,0.0892018779342723,0.0,0.0011737089201877935,0.011150234741784037,0.0005868544600938967,0.10152582159624413,0.006455399061032864,0.0005868544600938967,0.0,0.0017605633802816902,0.0,0.0005868544600938967,0.0,0.058098591549295774,0.0005868544600938967,0.0005868544600938967,0.107981220657277,0.0,0.0035211267605633804,0.0011737089201877935
62,0.001430615164520744,0.002861230329041488,0.000715307582260372,0.002861230329041488,0.005007153075822604,0.000715307582260372,0.001430615164520744,0.000715307582260372,0.006437768240343348,0.00357653791130186,0.00357653791130186,0.002861230329041488,0.001430615164520744,0.00357653791130186,0.001430615164520744,0.005007153075822604,0.005007153075822604,0.000715307582260372,0.002861230329041488,0.08226037195994278,0.001430615164520744,0.002145922746781116,0.005007153075822604,0.000715307582260372,0.056509298998569386,0.000715307582260372,0.000715307582260372,0.001430615164520744,0.009298998569384835,0.006437768240343348,0.006437768240343348,0.0,0.005722460658082976,0.0,0.0,0.002145922746781116,0.005722460658082976,0.012875536480686695,0.00357653791130186,0.000715307582260372,0.005007153075822604,0.0,0.008583690987124463,0.010014306151645207,0.002861230329041488,0.0,0.004291845493562232,0.0,0.000715307582260372,0.0,0.002145922746781116,0.0,0.012160228898426323,0.001430615164520744,0.04935622317596566,0.000715307582260372,0.004291845493562232,0.015736766809728183,0.000715307582260372,0.002861230329041488,0.001430615164520744,0.0,0.0,0.000715307582260372,0.008583690987124463,0.001430615164520744,0.008583690987124463,0.007868383404864092,0.000715307582260372,0.001430615164520744,0.0,0.05507868383404864,0.01072961373390558,0.015021459227467811,0.01072961373390558,0.002145922746781116,0.09298998569384835,0.001430615164520744,0.012160228898426323,0.01430615164520744,0.13590844062947066,0.0,0.001430615164520744,0.007868383404864092,0.0,0.05293276108726753,0.0,0.0,0.000715307582260372,0.0,0.000715307582260372,0.0,0.002861230329041488,0.07296137339055794,0.001430615164520744,0.002145922746781116,0.09370529327610873,0.000715307582260372,0.000715307582260372,0.00357653791130186
63,0.0,0.0,0.0006596306068601583,0.0,0.0,0.011873350923482849,0.00395778364116095,0.0006596306068601583,0.0,0.0006596306068601583,0.0013192612137203166,0.005936675461741424,0.005936675461741424,0.00395778364116095,0.004617414248021108,0.001978891820580475,0.006596306068601583,0.0006596306068601583,0.0032981530343007917,0.09432717678100264,0.0,0.0032981530343007917,0.0006596306068601583,0.005277044854881266,0.06860158311345646,0.0013192612137203166,0.0079155672823219,0.0,0.008575197889182058,0.0,0.005936675461741424,0.0,0.001978891820580475,0.0,0.0006596306068601583,0.0006596306068601583,0.0,0.0032981530343007917,0.0013192612137203166,0.0,0.0006596306068601583,0.0013192612137203166,0.0013192612137203166,0.0,0.0006596306068601583,0.0,0.0,0.0032981530343007917,0.005936675461741424,0.0,0.0006596306068601583,0.017810026385224276,0.0006596306068601583,0.0013192612137203166,0.044854881266490766,0.008575197889182058,0.0013192612137203166,0.0006596306068601583,0.0,0.0013192612137203166,0.0032981530343007917,0.001978891820580475,0.0,0.0006596306068601583,0.006596306068601583,0.006596306068601583,0.00395778364116095,0.004617414248021108,0.0,0.005936675461741424,0.002638522427440633,0.09828496042216359,0.005277044854881266,0.0006596306068601583,0.002638522427440633,0.0013192612137203166,0.047493403693931395,0.005936675461741424,0.001978891820580475,0.002638522427440633,0.0870712401055409,0.0032981530343007917,0.005936675461741424,0.0,0.005277044854881266,0.08509234828496043,0.0,0.002638522427440633,0.004617414248021108,0.0,0.0,0.0032981530343007917,0.002638522427440633,0.13258575197889183,0.0,0.0,0.11147757255936676,0.005936675461741424,0.0,0.0013192612137203166
64,0.0017241379310344827,0.004022988505747126,0.0034482758620689655,0.005172413793103448,0.0017241379310344827,0.0022988505747126436,0.0017241379310344827,0.0,0.0,0.0022988505747126436,0.0,0.0,0.0011494252873563218,0.013218390804597701,0.0017241379310344827,0.0005747126436781609,0.0005747126436781609,0.0005747126436781609,0.0,0.05919540229885058,0.0,0.006896551724137931,0.0,0.008620689655172414,0.10402298850574712,0.0,0.00632183908045977,0.0,0.0017241379310344827,0.004022988505747126,0.008620689655172414,0.009770114942528735,0.0,0.0017241379310344827,0.0,0.006896551724137931,0.005747126436781609,0.0,0.0028735632183908046,0.0,0.0034482758620689655,0.004597701149425287,0.0011494252873563218,0.022988505747126436,0.0017241379310344827,0.0,0.0,0.0017241379310344827,0.0,0.0005747126436781609,0.0,0.0,0.0,0.004597701149425287,0.05057471264367816,0.0,0.004022988505747126,0.0005747126436781609,0.0005747126436781609,0.0,0.0005747126436781609,0.004022988505747126,0.005747126436781609,0.004597701149425287,0.0011494252873563218,0.005747126436781609,0.0017241379310344827,0.0011494252873563218,0.0028735632183908046,0.0017241379310344827,0.0005747126436781609,0.04827586206896552,0.006896551724137931,0.008045977011494253,0.004022988505747126,0.0011494252873563218,0.10919540229885058,0.0,0.016091954022988506,0.005172413793103448,0.10229885057471265,0.0011494252873563218,0.005747126436781609,0.0011494252873563218,0.0028735632183908046,0.10632183908045977,0.0017241379310344827,0.0017241379310344827,0.02586206896551724,0.0011494252873563218,0.004022988505747126,0.005747126436781609,0.0011494252873563218,0.10114942528735632,0.0005747126436781609,0.0,0.044252873563218394,0.0,0.0011494252873563218,0.0
65,0.0,0.0006464124111182935,0.002585649644473174,0.0019392372333548805,0.003232062055591467,0.0019392372333548805,0.005171299288946348,0.0006464124111182935,0.0,0.001292824822236587,0.0,0.0019392372333548805,0.0019392372333548805,0.007756948933419522,0.002585649644473174,0.0019392372333548805,0.005817711700064641,0.005171299288946348,0.003232062055591467,0.06140917905623788,0.004524886877828055,0.001292824822236587,0.008403361344537815,0.0006464124111182935,0.06722689075630252,0.003232062055591467,0.01680672268907563,0.002585649644473174,0.0,0.0,0.001292824822236587,0.0019392372333548805,0.005817711700064641,0.003878474466709761,0.00904977375565611,0.02068519715578539,0.003232062055591467,0.001292824822236587,0.007110536522301228,0.0,0.0,0.0,0.0,0.0006464124111182935,0.007756948933419522,0.0006464124111182935,0.0006464124111182935,0.0,0.0,0.0,0.001292824822236587,0.003232062055591467,0.0,0.0006464124111182935,0.07756948933419522,0.001292824822236587,0.002585649644473174,0.001292824822236587,0.005171299288946348,0.0,0.0006464124111182935,0.004524886877828055,0.0019392372333548805,0.007110536522301228,0.0,0.011635423400129283,0.0019392372333548805,0.0,0.0019392372333548805,0.0,0.0,0.07110536522301228,0.003232062055591467,0.001292824822236587,0.002585649644473174,0.0,0.06464124111182935,0.003878474466709761,0.0006464124111182935,0.0,0.11893988364576599,0.009696186166774402,0.0,0.003878474466709761,0.005171299288946348,0.12475759534583064,0.0,0.0,0.005171299288946348,0.003232062055591467,0.009696186166774402,0.002585649644473174,0.0006464124111182935,0.07045895281189399,0.0019392372333548805,0.0019392372333548805,0.08468002585649645,0.0006464124111182935,0.005171299288946348,0.003232062055591467
66,0.0019230769230769232,0.0,0.0,0.0,0.003205128205128205,0.005128205128205128,0.010256410256410256,0.0,0.025,0.0057692307692307696,0.0,0.008974358974358974,0.000641025641025641,0.0,0.0,0.003205128205128205,0.002564102564102564,0.000641025641025641,0.0038461538461538464,0.10256410256410256,0.0019230769230769232,0.010897435897435897,0.0,0.0,0.05384615384615385,0.0,0.003205128205128205,0.001282051282051282,0.0,0.000641025641025641,0.0019230769230769232,0.005128205128205128,0.000641025641025641,0.0038461538461538464,0.00641025641025641,0.0,0.0019230769230769232,0.005128205128205128,0.0,0.0038461538461538464,0.009615384615384616,0.001282051282051282,0.0,0.000641025641025641,0.000641025641025641,0.001282051282051282,0.005128205128205128,0.0,0.0,0.000641025641025641,0.014102564102564103,0.0,0.002564102564102564,0.0,0.05897435897435897,0.007051282051282051,0.008974358974358974,0.010897435897435897,0.000641025641025641,0.008333333333333333,0.0,0.002564102564102564,0.004487179487179487,0.000641025641025641,0.001282051282051282,0.002564102564102564,0.000641025641025641,0.0019230769230769232,0.009615384615384616,0.0,0.000641025641025641,0.075,0.000641025641025641,0.0019230769230769232,0.001282051282051282,0.0,0.04423076923076923,0.008974358974358974,0.0,0.0,0.05384615384615385,0.000641025641025641,0.0,0.011538461538461539,0.003205128205128205,0.08717948717948718,0.011538461538461539,0.000641025641025641,0.0019230769230769232,0.002564102564102564,0.0,0.0019230769230769232,0.000641025641025641,0.12435897435897436,0.005128205128205128,0.001282051282051282,0.12628205128205128,0.0038461538461538464,0.0,0.0019230769230769232
67,0.0,0.003061849357011635,0.004898958971218616,0.006736068585425597,0.000612369871402327,0.005511328842620943,0.0,0.002449479485609308,0.0,0.003061849357011635,0.003674219228413962,0.001837109614206981,0.000612369871402327,0.0,0.007960808328230252,0.005511328842620943,0.003061849357011635,0.0,0.004898958971218616,0.09185548071034905,0.009185548071034905,0.002449479485609308,0.000612369871402327,0.014084507042253521,0.050826699326393145,0.011022657685241886,0.011022657685241886,0.001837109614206981,0.001224739742804654,0.011635027556644213,0.002449479485609308,0.001224739742804654,0.0,0.007960808328230252,0.0,0.007348438456827924,0.000612369871402327,0.0,0.0,0.0,0.0,0.004898958971218616,0.006736068585425597,0.01224739742804654,0.000612369871402327,0.000612369871402327,0.0,0.00612369871402327,0.004286589099816289,0.004286589099816289,0.000612369871402327,0.00612369871402327,0.004286589099816289,0.003674219228413962,0.11083894672382119,0.002449479485609308,0.001224739742804654,0.0,0.001837109614206981,0.011022657685241886,0.000612369871402327,0.004286589099816289,0.001837109614206981,0.001837109614206981,0.001224739742804654,0.003061849357011635,0.0,0.008573178199632579,0.002449479485609308,0.003061849357011635,0.00612369871402327,0.05327617881200245,0.004286589099816289,0.0,0.004286589099816289,0.000612369871402327,0.0863441518677281,0.001837109614206981,0.004898958971218616,0.000612369871402327,0.04286589099816289,0.001837109614206981,0.001224739742804654,0.003061849357011635,0.000612369871402327,0.07899571341090018,0.003674219228413962,0.005511328842620943,0.011635027556644213,0.001224739742804654,0.001224739742804654,0.000612369871402327,0.000612369871402327,0.08328230251071647,0.004286589099816289,0.001224739742804654,0.09491733006736068,0.003061849357011635,0.002449479485609308,0.007348438456827924
68,0.0,0.0011869436201780415,0.0,0.004747774480712166,0.005341246290801187,0.002967359050445104,0.002373887240356083,0.0,0.005341246290801187,0.004154302670623145,0.006528189910979229,0.0017804154302670622,0.0,0.002967359050445104,0.002373887240356083,0.0,0.002967359050445104,0.0,0.002967359050445104,0.04451038575667656,0.016023738872403562,0.006528189910979229,0.004154302670623145,0.0,0.06646884272997032,0.004154302670623145,0.0005934718100890207,0.005934718100890208,0.0,0.004747774480712166,0.0017804154302670622,0.008902077151335312,0.0017804154302670622,0.005341246290801187,0.0005934718100890207,0.0,0.017804154302670624,0.012462908011869436,0.013056379821958458,0.0,0.002373887240356083,0.0017804154302670622,0.002373887240356083,0.004154302670623145,0.004154302670623145,0.0035608308605341245,0.0,0.012462908011869436,0.005341246290801187,0.0005934718100890207,0.01543026706231454,0.0,0.002373887240356083,0.0005934718100890207,0.0486646884272997,0.004747774480712166,0.0,0.0035608308605341245,0.004747774480712166,0.0,0.0017804154302670622,0.0,0.0,0.0017804154302670622,0.0035608308605341245,0.0011869436201780415,0.0005934718100890207,0.00830860534124629,0.0005934718100890207,0.0005934718100890207,0.0,0.1258160237388724,0.0,0.0,0.002967359050445104,0.010682492581602374,0.0771513353115727,0.004154302670623145,0.00771513353115727,0.0017804154302670622,0.10801186943620178,0.004154302670623145,0.0,0.0,0.007121661721068249,0.09910979228486647,0.002373887240356083,0.0005934718100890207,0.006528189910979229,0.0,0.0,0.0017804154302670622,0.0,0.0456973293768546,0.0017804154302670622,0.002967359050445104,0.07359050445103858,0.0005934718100890207,0.013056379821958458,0.006528189910979229
69,0.0,0.009111617312072893,0.003416856492027335,0.008542141230068337,0.005125284738041002,0.004555808656036446,0.0005694760820045558,0.0011389521640091116,0.0011389521640091116,0.0,0.010250569476082005,0.0,0.0011389521640091116,0.007403189066059226,0.007403189066059226,0.002277904328018223,0.0005694760820045558,0.0,0.003986332574031891,0.08029612756264237,0.002277904328018223,0.0028473804100227792,0.0017084282460136675,0.0,0.10079726651480637,0.015945330296127564,0.015375854214123007,0.0,0.0011389521640091116,0.003416856492027335,0.0,0.0,0.0005694760820045558,0.0005694760820045558,0.0028473804100227792,0.0,0.0017084282460136675,0.004555808656036446,0.005125284738041002,0.003416856492027335,0.0,0.0011389521640091116,0.0011389521640091116,0.0,0.005125284738041002,0.0028473804100227792,0.0,0.002277904328018223,0.0,0.01651480637813212,0.0,0.01366742596810934,0.002277904328018223,0.0,0.07517084282460136,0.0,0.0017084282460136675,0.0,0.0011389521640091116,0.0011389521640091116,0.003986332574031891,0.0,0.0005694760820045558,0.0028473804100227792,0.013097949886104784,0.006264236902050114,0.0,0.011958997722095672,0.0028473804100227792,0.0,0.0,0.0979498861047836,0.0005694760820045558,0.0,0.0,0.0028473804100227792,0.05011389521640091,0.0005694760820045558,0.011389521640091117,0.0,0.08485193621867881,0.0011389521640091116,0.003986332574031891,0.0005694760820045558,0.0005694760820045558,0.07232346241457858,0.0,0.0017084282460136675,0.0005694760820045558,0.0011389521640091116,0.002277904328018223,0.0011389521640091116,0.003416856492027335,0.1030751708428246,0.0056947608200455585,0.0,0.07687927107061504,0.0005694760820045558,0.0011389521640091116,0.0005694760820045558
70,0.0007293946024799417,0.002188183807439825,0.0014587892049598833,0.00437636761487965,0.0007293946024799417,0.0,0.0029175784099197666,0.012399708242159009,0.0,0.0029175784099197666,0.0087527352297593,0.0007293946024799417,0.005835156819839533,0.0,0.0029175784099197666,0.002188183807439825,0.0029175784099197666,0.002188183807439825,0.0007293946024799417,0.049598832968636035,0.0007293946024799417,0.0,0.005835156819839533,0.0036469730123997084,0.060539752005835154,0.0,0.0014587892049598833,0.0,0.0,0.007293946024799417,0.0036469730123997084,0.0,0.005835156819839533,0.0029175784099197666,0.0,0.0036469730123997084,0.0029175784099197666,0.002188183807439825,0.0007293946024799417,0.005835156819839533,0.007293946024799417,0.0,0.0029175784099197666,0.00437636761487965,0.01823486506199854,0.002188183807439825,0.005835156819839533,0.016776075857038657,0.002188183807439825,0.0,0.010211524434719184,0.007293946024799417,0.0,0.00437636761487965,0.11889132020423049,0.002188183807439825,0.010940919037199124,0.0014587892049598833,0.0014587892049598833,0.0,0.002188183807439825,0.005835156819839533,0.0029175784099197666,0.0029175784099197666,0.0029175784099197666,0.0007293946024799417,0.0,0.008023340627279359,0.0007293946024799417,0.0,0.016046681254558718,0.09482129832239242,0.0014587892049598833,0.002188183807439825,0.0007293946024799417,0.0014587892049598833,0.05689277899343545,0.005105762217359592,0.0007293946024799417,0.0029175784099197666,0.09482129832239242,0.0014587892049598833,0.0,0.0,0.0036469730123997084,0.0525164113785558,0.0014587892049598833,0.002188183807439825,0.0007293946024799417,0.0007293946024799417,0.0175054704595186,0.009482129832239242,0.0,0.06272793581327499,0.005105762217359592,0.00437636761487965,0.10430342815463166,0.0014587892049598833,0.0007293946024799417,0.0007293946024799417
71,0.010471204188481676,0.0007479431563201197,0.008227374719521317,0.0,0.0007479431563201197,0.002243829468960359,0.002243829468960359,0.0037397157816005983,0.0,0.0,0.0,0.014958863126402393,0.0014958863126402393,0.0,0.0014958863126402393,0.008975317875841436,0.0014958863126402393,0.0,0.002243829468960359,0.05011219147344802,0.008227374719521317,0.005983545250560957,0.0014958863126402393,0.005235602094240838,0.06282722513089005,0.0007479431563201197,0.02692595362752431,0.008975317875841436,0.0,0.015706806282722512,0.008975317875841436,0.006731488406881077,0.0,0.0014958863126402393,0.0014958863126402393,0.016454749439042633,0.005235602094240838,0.0007479431563201197,0.0,0.0,0.0,0.0007479431563201197,0.0007479431563201197,0.013462976813762155,0.0014958863126402393,0.0,0.0,0.0014958863126402393,0.0,0.0037397157816005983,0.0,0.0037397157816005983,0.010471204188481676,0.0,0.10172026925953627,0.002243829468960359,0.0,0.013462976813762155,0.0,0.0037397157816005983,0.0007479431563201197,0.0,0.0,0.0007479431563201197,0.005235602094240838,0.004487658937920718,0.0007479431563201197,0.010471204188481676,0.016454749439042633,0.0,0.0,0.06806282722513089,0.0,0.0007479431563201197,0.0,0.0007479431563201197,0.09050112191473449,0.0029917726252804786,0.0,0.0037397157816005983,0.0800299177262528,0.0014958863126402393,0.0029917726252804786,0.0,0.0014958863126402393,0.05609573672400898,0.0037397157816005983,0.0037397157816005983,0.0,0.0007479431563201197,0.0029917726252804786,0.0,0.0,0.10695587135377711,0.0,0.0,0.08825729244577413,0.0,0.0,0.002243829468960359
72,0.002302820955670697,0.0,0.0011514104778353484,0.0034542314335060447,0.008635578583765112,0.0005757052389176742,0.004605641911341394,0.002302820955670697,0.0057570523891767415,0.0005757052389176742,0.0,0.004605641911341394,0.002302820955670697,0.0063327576280944155,0.0005757052389176742,0.0,0.0,0.0005757052389176742,0.0,0.10823258491652274,0.0017271157167530224,0.004605641911341394,0.0011514104778353484,0.0,0.10765687967760507,0.0011514104778353484,0.0017271157167530224,0.0,0.0,0.0,0.0,0.0005757052389176742,0.0028785261945883708,0.0057570523891767415,0.0028785261945883708,0.0,0.004029936672423719,0.0,0.0011514104778353484,0.0,0.0011514104778353484,0.0028785261945883708,0.010362694300518135,0.0028785261945883708,0.0,0.0,0.002302820955670697,0.0034542314335060447,0.0011514104778353484,0.0,0.0,0.002302820955670697,0.0057570523891767415,0.002302820955670697,0.1157167530224525,0.002302820955670697,0.0,0.0034542314335060447,0.0011514104778353484,0.0005757052389176742,0.0,0.0,0.0005757052389176742,0.0017271157167530224,0.0011514104778353484,0.0,0.0057570523891767415,0.0011514104778353484,0.0,0.0028785261945883708,0.0051813471502590676,0.059297639608520435,0.004029936672423719,0.002302820955670697,0.0017271157167530224,0.0005757052389176742,0.11053540587219343,0.0063327576280944155,0.0,0.004029936672423719,0.06620610247553253,0.002302820955670697,0.0011514104778353484,0.0,0.0,0.11974668969487623,0.0011514104778353484,0.0017271157167530224,0.0,0.0063327576280944155,0.0017271157167530224,0.010362694300518135,0.0063327576280944155,0.05008635578583765,0.0005757052389176742,0.0017271157167530224,0.07656879677605066,0.0,0.0,0.0017271157167530224
73,0.005287508261731659,0.0013218770654329147,0.0,0.0019828155981493722,0.005948446794448116,0.0039656311962987445,0.0006609385327164573,0.0039656311962987445,0.0,0.004626569729015202,0.0,0.007931262392597489,0.0,0.0013218770654329147,0.005287508261731659,0.0006609385327164573,0.023793787177792465,0.0013218770654329147,0.011235955056179775,0.07270323859881031,0.0,0.0,0.005287508261731659,0.011235955056179775,0.08790482485128882,0.0,0.0019828155981493722,0.0,0.003304692663582287,0.0013218770654329147,0.008592200925313946,0.0006609385327164573,0.0019828155981493722,0.006609385327164574,0.0019828155981493722,0.003304692663582287,0.0013218770654329147,0.0,0.0,0.00991407799074686,0.0,0.003304692663582287,0.003304692663582287,0.0013218770654329147,0.0019828155981493722,0.0013218770654329147,0.007931262392597489,0.006609385327164574,0.0,0.0,0.0019828155981493722,0.0,0.0026437541308658294,0.0019828155981493722,0.0495703899537343,0.0013218770654329147,0.0006609385327164573,0.0013218770654329147,0.0,0.005287508261731659,0.0006609385327164573,0.010575016523463317,0.003304692663582287,0.0019828155981493722,0.0,0.0,0.0013218770654329147,0.005948446794448116,0.0013218770654329147,0.0,0.0013218770654329147,0.1209517514871117,0.0019828155981493722,0.0013218770654329147,0.0013218770654329147,0.0006609385327164573,0.05750165234633179,0.006609385327164574,0.0013218770654329147,0.0,0.08922670191672175,0.0,0.0,0.0006609385327164573,0.0006609385327164573,0.10905485789821547,0.0006609385327164573,0.0,0.011896893588896233,0.0,0.0019828155981493722,0.007931262392597489,0.0013218770654329147,0.046265697290152015,0.0019828155981493722,0.0006609385327164573,0.11434236615994713,0.0026437541308658294,0.0,0.004626569729015202
74,0.004708652148322542,0.005885815185403178,0.00529723366686286,0.006474396703943496,0.003531489111241907,0.0,0.0,0.0005885815185403178,0.0,0.022366097704532076,0.0,0.0,0.0011771630370806356,0.004708652148322542,0.0,0.0,0.0011771630370806356,0.0005885815185403178,0.002354326074161271,0.07769276044732196,0.0005885815185403178,0.004120070629782225,0.0,0.002354326074161271,0.08652148322542672,0.0,0.0,0.002354326074161271,0.014714537963507945,0.0,0.0,0.005885815185403178,0.002354326074161271,0.003531489111241907,0.002942907592701589,0.01059446733372572,0.010005885815185403,0.003531489111241907,0.0005885815185403178,0.0,0.003531489111241907,0.0017657445556209534,0.0,0.0011771630370806356,0.003531489111241907,0.004120070629782225,0.0,0.0,0.006474396703943496,0.0005885815185403178,0.0,0.0,0.0005885815185403178,0.002942907592701589,0.0959387875220718,0.005885815185403178,0.0,0.0005885815185403178,0.0011771630370806356,0.0,0.011771630370806356,0.0,0.0,0.0005885815185403178,0.0,0.002942907592701589,0.0,0.0,0.0011771630370806356,0.0011771630370806356,0.003531489111241907,0.0959387875220718,0.004120070629782225,0.002354326074161271,0.003531489111241907,0.0011771630370806356,0.10300176574455562,0.0017657445556209534,0.007062978222483814,0.0005885815185403178,0.0859329017068864,0.004708652148322542,0.0,0.002942907592701589,0.004120070629782225,0.04532077692760447,0.0011771630370806356,0.004120070629782225,0.004120070629782225,0.004708652148322542,0.0,0.0005885815185403178,0.005885815185403178,0.051206592113007654,0.003531489111241907,0.0011771630370806356,0.10829899941141848,0.004120070629782225,0.010005885815185403,0.002354326074161271
75,0.0013477088948787063,0.004043126684636119,0.0006738544474393531,0.0,0.004043126684636119,0.0020215633423180594,0.0026954177897574125,0.0006738544474393531,0.0026954177897574125,0.0006738544474393531,0.0,0.01078167115902965,0.0033692722371967657,0.006738544474393531,0.0020215633423180594,0.0,0.0020215633423180594,0.0,0.011455525606469003,0.04716981132075472,0.0033692722371967657,0.010107816711590296,0.0,0.0,0.04514824797843666,0.0006738544474393531,0.011455525606469003,0.0,0.0033692722371967657,0.0,0.0,0.0020215633423180594,0.006064690026954178,0.0006738544474393531,0.0006738544474393531,0.0006738544474393531,0.005390835579514825,0.006738544474393531,0.0006738544474393531,0.0020215633423180594,0.0,0.0020215633423180594,0.013477088948787063,0.0,0.006738544474393531,0.006064690026954178,0.0006738544474393531,0.0006738544474393531,0.0,0.0006738544474393531,0.0013477088948787063,0.0013477088948787063,0.0,0.0006738544474393531,0.10309973045822103,0.0020215633423180594,0.0020215633423180594,0.006064690026954178,0.0,0.006064690026954178,0.0026954177897574125,0.0020215633423180594,0.0006738544474393531,0.0047169811320754715,0.0033692722371967657,0.0,0.0033692722371967657,0.0013477088948787063,0.0006738544474393531,0.0020215633423180594,0.0013477088948787063,0.09097035040431267,0.013477088948787063,0.024932614555256066,0.006738544474393531,0.004043126684636119,0.04919137466307277,0.0013477088948787063,0.0047169811320754715,0.0020215633423180594,0.08221024258760108,0.0013477088948787063,0.010107816711590296,0.007412398921832884,0.0013477088948787063,0.12466307277628032,0.0006738544474393531,0.0006738544474393531,0.0,0.0026954177897574125,0.0006738544474393531,0.0047169811320754715,0.0026954177897574125,0.07412398921832884,0.00876010781671159,0.01078167115902965,0.08557951482479785,0.005390835579514825,0.0013477088948787063,0.0006738544474393531
76,0.00389321468298109,0.002224694104560623,0.004449388209121246,0.0,0.013348164627363738,0.0,0.002224694104560623,0.0005561735261401557,0.0033370411568409346,0.00389321468298109,0.0027808676307007787,0.01557285873192436,0.0011123470522803114,0.014460511679644048,0.0011123470522803114,0.0,0.0016685205784204673,0.0,0.002224694104560623,0.07953281423804227,0.0005561735261401557,0.022803114571746386,0.0033370411568409346,0.0016685205784204673,0.1117908787541713,0.0033370411568409346,0.0016685205784204673,0.0005561735261401557,0.005005561735261402,0.010011123470522803,0.010567296996662959,0.002224694104560623,0.007230255839822024,0.0011123470522803114,0.0,0.0011123470522803114,0.0005561735261401557,0.006117908787541713,0.0016685205784204673,0.0,0.015016685205784204,0.0011123470522803114,0.0011123470522803114,0.0005561735261401557,0.0033370411568409346,0.002224694104560623,0.0033370411568409346,0.0005561735261401557,0.0,0.0,0.0,0.0016685205784204673,0.0,0.0,0.05228031145717464,0.0,0.0011123470522803114,0.0,0.0,0.005005561735261402,0.0,0.0011123470522803114,0.0027808676307007787,0.0011123470522803114,0.0027808676307007787,0.0,0.0,0.0011123470522803114,0.014460511679644048,0.0011123470522803114,0.008898776418242492,0.05784204671857619,0.002224694104560623,0.0005561735261401557,0.0011123470522803114,0.00389321468298109,0.039488320355951054,0.0,0.0005561735261401557,0.0016685205784204673,0.12847608453837597,0.005005561735261402,0.0005561735261401557,0.0,0.0,0.04338153503893215,0.010011123470522803,0.00389321468298109,0.00389321468298109,0.0,0.0,0.0011123470522803114,0.012235817575083427,0.09010011123470522,0.0016685205784204673,0.0005561735261401557,0.10734149054505006,0.010011123470522803,0.004449388209121246,0.0055617352614015575
77,0.0017793594306049821,0.002372479240806643,0.0,0.0035587188612099642,0.01482799525504152,0.0005931198102016608,0.002372479240806643,0.0,0.0005931198102016608,0.0029655990510083037,0.0011862396204033216,0.014234875444839857,0.004151838671411625,0.0,0.0,0.0,0.0,0.0005931198102016608,0.0029655990510083037,0.11981020166073547,0.0017793594306049821,0.013048635824436536,0.0035587188612099642,0.0005931198102016608,0.06227758007117438,0.0,0.0,0.0017793594306049821,0.0035587188612099642,0.0011862396204033216,0.0,0.0017793594306049821,0.0,0.0029655990510083037,0.008896797153024912,0.0005931198102016608,0.0011862396204033216,0.004151838671411625,0.0005931198102016608,0.004151838671411625,0.002372479240806643,0.0,0.0005931198102016608,0.0035587188612099642,0.005338078291814947,0.0035587188612099642,0.013048635824436536,0.0,0.0005931198102016608,0.00830367734282325,0.0005931198102016608,0.0,0.0029655990510083037,0.004744958481613286,0.08718861209964412,0.0029655990510083037,0.005338078291814947,0.0005931198102016608,0.004151838671411625,0.0,0.0011862396204033216,0.0017793594306049821,0.002372479240806643,0.004744958481613286,0.006524317912218268,0.0,0.0005931198102016608,0.005338078291814947,0.0,0.0,0.0,0.07354685646500593,0.0011862396204033216,0.0005931198102016608,0.006524317912218268,0.0017793594306049821,0.046263345195729534,0.004151838671411625,0.0,0.0,0.12336892052194544,0.0011862396204033216,0.005338078291814947,0.004151838671411625,0.0011862396204033216,0.07591933570581258,0.0017793594306049821,0.002372479240806643,0.004744958481613286,0.0,0.0011862396204033216,0.0,0.0029655990510083037,0.046263345195729534,0.01720047449584816,0.0005931198102016608,0.11387900355871886,0.010083036773428233,0.0011862396204033216,0.0
78,0.0035211267605633804,0.007746478873239437,0.0,0.004929577464788733,0.0007042253521126761,0.0014084507042253522,0.0007042253521126761,0.0014084507042253522,0.0007042253521126761,0.002112676056338028,0.002112676056338028,0.0,0.0,0.004225352112676056,0.0007042253521126761,0.006338028169014085,0.0,0.007042253521126761,0.002112676056338028,0.06338028169014084,0.002112676056338028,0.0014084507042253522,0.0,0.0,0.0823943661971831,0.0007042253521126761,0.0007042253521126761,0.0,0.0035211267605633804,0.0007042253521126761,0.0,0.0,0.0007042253521126761,0.004225352112676056,0.004929577464788733,0.0014084507042253522,0.0007042253521126761,0.0007042253521126761,0.0014084507042253522,0.0,0.005633802816901409,0.014788732394366197,0.004225352112676056,0.002112676056338028,0.002112676056338028,0.0035211267605633804,0.007746478873239437,0.01267605633802817,0.011267605633802818,0.0035211267605633804,0.0,0.005633802816901409,0.0007042253521126761,0.0,0.06830985915492958,0.004225352112676056,0.0035211267605633804,0.0007042253521126761,0.0,0.0014084507042253522,0.01056338028169014,0.005633802816901409,0.0028169014084507044,0.004225352112676056,0.006338028169014085,0.0035211267605633804,0.0,0.0028169014084507044,0.002112676056338028,0.0014084507042253522,0.007746478873239437,0.1176056338028169,0.007042253521126761,0.0,0.0,0.004225352112676056,0.07535211267605633,0.0014084507042253522,0.0035211267605633804,0.0,0.09014084507042254,0.014788732394366197,0.0,0.0007042253521126761,0.0,0.06056338028169014,0.0028169014084507044,0.0,0.013380281690140845,0.0028169014084507044,0.0,0.0014084507042253522,0.004225352112676056,0.06056338028169014,0.0007042253521126761,0.005633802816901409,0.1176056338028169,0.0007042253521126761,0.0007042253521126761,0.0
79,0.0,0.0,0.0,0.0018148820326678765,0.0006049606775559589,0.0,0.0,0.0102843315184513,0.0006049606775559589,0.004234724742891712,0.0012099213551119178,0.0024198427102238356,0.0024198427102238356,0.0006049606775559589,0.003629764065335753,0.012099213551119177,0.0030248033877797943,0.0012099213551119178,0.0006049606775559589,0.04597701149425287,0.0,0.0,0.0018148820326678765,0.0012099213551119178,0.08166969147005444,0.0,0.0,0.009074410163339383,0.004839685420447671,0.003629764065335753,0.0,0.0012099213551119178,0.0,0.0006049606775559589,0.0,0.0,0.011494252873563218,0.0012099213551119178,0.0024198427102238356,0.0006049606775559589,0.006049606775559589,0.01572897761645493,0.0,0.0018148820326678765,0.0,0.0018148820326678765,0.0054446460980036296,0.0018148820326678765,0.004234724742891712,0.0006049606775559589,0.010889292196007259,0.0018148820326678765,0.009074410163339383,0.0,0.04295220810647308,0.0018148820326678765,0.0,0.0,0.0,0.0,0.006049606775559589,0.0024198427102238356,0.0024198427102238356,0.008469449485783424,0.0030248033877797943,0.009679370840895343,0.0,0.0012099213551119178,0.0054446460980036296,0.0030248033877797943,0.0030248033877797943,0.12038717483363581,0.006654567453115548,0.0,0.004839685420447671,0.0,0.11312764670296431,0.0018148820326678765,0.004234724742891712,0.0024198427102238356,0.08832425892316999,0.0,0.0018148820326678765,0.0054446460980036296,0.0,0.09437386569872959,0.0018148820326678765,0.009679370840895343,0.0030248033877797943,0.0012099213551119178,0.004839685420447671,0.0006049606775559589,0.0,0.05202661826981246,0.0018148820326678765,0.0018148820326678765,0.1191772534785239,0.0,0.0,0.0012099213551119178
80,0.0,0.0,0.003939592908732764,0.0,0.0,0.0,0.0013131976362442547,0.0006565988181221273,0.005252790544977019,0.0,0.0006565988181221273,0.003939592908732764,0.0,0.0,0.0026263952724885093,0.0006565988181221273,0.0006565988181221273,0.008535784635587657,0.0,0.12278397898883782,0.00984898227183191,0.0013131976362442547,0.0006565988181221273,0.003939592908732764,0.11227839789888379,0.001969796454366382,0.006565988181221274,0.005252790544977019,0.0,0.0013131976362442547,0.0,0.004596191726854892,0.0,0.0006565988181221273,0.003939592908732764,0.007879185817465528,0.0026263952724885093,0.0,0.0006565988181221273,0.0,0.015101772816808929,0.010505581089954037,0.005252790544977019,0.0026263952724885093,0.0,0.0006565988181221273,0.003939592908732764,0.0006565988181221273,0.0,0.003282994090610637,0.0026263952724885093,0.0026263952724885093,0.0026263952724885093,0.006565988181221274,0.0912672357189757,0.004596191726854892,0.006565988181221274,0.007222586999343401,0.003282994090610637,0.008535784635587657,0.0026263952724885093,0.003282994090610637,0.0,0.004596191726854892,0.0006565988181221273,0.004596191726854892,0.0,0.008535784635587657,0.005909389363099146,0.0,0.004596191726854892,0.07091267235718976,0.006565988181221274,0.0013131976362442547,0.0,0.0,0.058437294812869335,0.0026263952724885093,0.0,0.001969796454366382,0.04464871963230466,0.001969796454366382,0.0,0.001969796454366382,0.0,0.08929743926460933,0.001969796454366382,0.003939592908732764,0.0,0.0026263952724885093,0.0,0.0026263952724885093,0.001969796454366382,0.11621799080761655,0.0,0.0026263952724885093,0.048588312541037425,0.0013131976362442547,0.0,0.011162179908076166
81,0.0,0.0,0.002277904328018223,0.005125284738041002,0.0011389521640091116,0.008542141230068337,0.002277904328018223,0.0028473804100227792,0.003416856492027335,0.003986332574031891,0.0,0.009111617312072893,0.0028473804100227792,0.0,0.0011389521640091116,0.004555808656036446,0.0,0.0011389521640091116,0.0005694760820045558,0.0746013667425968,0.015945330296127564,0.003986332574031891,0.002277904328018223,0.012528473804100227,0.08086560364464693,0.0193621867881549,0.0,0.003986332574031891,0.0,0.002277904328018223,0.010250569476082005,0.012528473804100227,0.0,0.0017084282460136675,0.0005694760820045558,0.0005694760820045558,0.00968109339407745,0.0017084282460136675,0.0011389521640091116,0.003416856492027335,0.0028473804100227792,0.0,0.0,0.007403189066059226,0.0056947608200455585,0.009111617312072893,0.0017084282460136675,0.004555808656036446,0.0017084282460136675,0.0,0.0011389521640091116,0.013097949886104784,0.002277904328018223,0.003986332574031891,0.09965831435079726,0.005125284738041002,0.0011389521640091116,0.0,0.00683371298405467,0.0,0.002277904328018223,0.01366742596810934,0.0,0.004555808656036446,0.011389521640091117,0.003986332574031891,0.0005694760820045558,0.002277904328018223,0.0011389521640091116,0.0011389521640091116,0.0011389521640091116,0.08314350797266515,0.004555808656036446,0.006264236902050114,0.0,0.0005694760820045558,0.07574031890660592,0.0,0.01082004555808656,0.004555808656036446,0.06492027334851937,0.0005694760820045558,0.0,0.007972665148063782,0.0028473804100227792,0.10364464692482915,0.0,0.007403189066059226,0.003986332574031891,0.0028473804100227792,0.002277904328018223,0.002277904328018223,0.002277904328018223,0.05125284738041002,0.003986332574031891,0.0,0.03986332574031891,0.0011389521640091116,0.002277904328018223,0.0
82,0.007046388725778039,0.002348796241926013,0.0005871990604815032,0.0005871990604815032,0.0,0.0,0.005284791544333529,0.004110393423370522,0.004110393423370522,0.0,0.0011743981209630064,0.0,0.0005871990604815032,0.011156782149148562,0.004697592483852026,0.0,0.0,0.0,0.0005871990604815032,0.1092190252495596,0.007046388725778039,0.004110393423370522,0.0,0.0017615971814445098,0.08631826189078097,0.0005871990604815032,0.005871990604815032,0.0011743981209630064,0.0,0.002348796241926013,0.0017615971814445098,0.004697592483852026,0.002935995302407516,0.0011743981209630064,0.0,0.012331180270111567,0.0,0.008807985907222548,0.0,0.0,0.0005871990604815032,0.0,0.0,0.005284791544333529,0.0017615971814445098,0.0011743981209630064,0.012331180270111567,0.0035231943628890195,0.0035231943628890195,0.0017615971814445098,0.002348796241926013,0.0,0.005871990604815032,0.0017615971814445098,0.10334703464474457,0.0035231943628890195,0.0017615971814445098,0.007046388725778039,0.0005871990604815032,0.0011743981209630064,0.0005871990604815032,0.002348796241926013,0.0,0.0017615971814445098,0.0035231943628890195,0.0,0.004110393423370522,0.002935995302407516,0.004697592483852026,0.0,0.0011743981209630064,0.05578391074574281,0.0011743981209630064,0.0,0.004697592483852026,0.0005871990604815032,0.04638872577803876,0.002348796241926013,0.0005871990604815032,0.012918379330593071,0.11802701115678214,0.0035231943628890195,0.0,0.004110393423370522,0.0,0.08631826189078097,0.005284791544333529,0.0035231943628890195,0.0011743981209630064,0.0,0.005284791544333529,0.0,0.0005871990604815032,0.09747504403992954,0.0017615971814445098,0.0,0.05989430416911333,0.0,0.009982384028185555,0.007633587786259542
83,0.016073478760045924,0.012055109070034443,0.001722158438576349,0.0,0.0,0.0,0.010907003444316877,0.0,0.000574052812858783,0.000574052812858783,0.001148105625717566,0.000574052812858783,0.000574052812858783,0.0,0.001722158438576349,0.008036739380022962,0.001148105625717566,0.001722158438576349,0.001148105625717566,0.04420206659012629,0.0,0.0,0.012055109070034443,0.0,0.11653272101033295,0.002296211251435132,0.001722158438576349,0.001148105625717566,0.0,0.0,0.006314580941446613,0.0028702640642939152,0.001722158438576349,0.0,0.0,0.0,0.00975889781859931,0.001722158438576349,0.002296211251435132,0.001722158438576349,0.004018369690011481,0.001148105625717566,0.001148105625717566,0.004018369690011481,0.001148105625717566,0.008036739380022962,0.001722158438576349,0.016073478760045924,0.001148105625717566,0.002296211251435132,0.008610792192881744,0.0,0.005166475315729047,0.0,0.09012629161882893,0.001148105625717566,0.001722158438576349,0.007462686567164179,0.004018369690011481,0.000574052812858783,0.000574052812858783,0.02468427095292767,0.000574052812858783,0.0,0.0,0.0,0.002296211251435132,0.000574052812858783,0.000574052812858783,0.000574052812858783,0.0,0.09586681974741676,0.001722158438576349,0.0028702640642939152,0.002296211251435132,0.0,0.04535017221584386,0.0,0.0,0.001148105625717566,0.10734787600459242,0.0,0.000574052812858783,0.010332950631458095,0.0,0.08208955223880597,0.005166475315729047,0.006314580941446613,0.000574052812858783,0.002296211251435132,0.004018369690011481,0.001148105625717566,0.0,0.09931113662456946,0.0,0.002296211251435132,0.07060849598163031,0.006314580941446613,0.0,0.000574052812858783
84,0.004452926208651399,0.0,0.008905852417302799,0.0,0.001272264631043257,0.0,0.0019083969465648854,0.01653944020356234,0.00826972010178117,0.0,0.0019083969465648854,0.0,0.003816793893129771,0.01653944020356234,0.0,0.0,0.0,0.0,0.002544529262086514,0.07442748091603053,0.00826972010178117,0.0006361323155216285,0.0,0.0,0.09096692111959287,0.002544529262086514,0.006361323155216285,0.004452926208651399,0.004452926208651399,0.013994910941475827,0.0,0.0031806615776081423,0.010178117048346057,0.0006361323155216285,0.001272264631043257,0.001272264631043257,0.007633587786259542,0.005089058524173028,0.001272264631043257,0.0006361323155216285,0.001272264631043257,0.002544529262086514,0.0006361323155216285,0.0006361323155216285,0.001272264631043257,0.0,0.006361323155216285,0.0,0.0019083969465648854,0.001272264631043257,0.001272264631043257,0.0,0.001272264631043257,0.012086513994910942,0.11195928753180662,0.0006361323155216285,0.0,0.0006361323155216285,0.003816793893129771,0.0,0.0,0.005089058524173028,0.00826972010178117,0.0,0.0,0.0,0.004452926208651399,0.0,0.001272264631043257,0.0019083969465648854,0.002544529262086514,0.09351145038167939,0.0,0.0031806615776081423,0.001272264631043257,0.006997455470737914,0.045165394402035625,0.0,0.0,0.0,0.1227735368956743,0.0006361323155216285,0.014631043256997456,0.004452926208651399,0.0006361323155216285,0.048982188295165395,0.002544529262086514,0.0,0.0019083969465648854,0.0006361323155216285,0.0006361323155216285,0.006361323155216285,0.002544529262086514,0.05216284987277354,0.002544529262086514,0.0,0.1005089058524173,0.0006361323155216285,0.005089058524173028,0.007633587786259542
85,0.007315700619020821,0.0,0.016882386043894203,0.0022509848058525606,0.0022509848058525606,0.0028137310073157004,0.0,0.0033764772087788407,0.009003939223410242,0.0005627462014631402,0.0022509848058525606,0.0005627462014631402,0.0005627462014631402,0.0,0.0005627462014631402,0.0039392234102419805,0.012943162633652222,0.0022509848058525606,0.0005627462014631402,0.07371975239167136,0.0,0.0005627462014631402,0.0022509848058525606,0.0022509848058525606,0.08103545301069218,0.0005627462014631402,0.0005627462014631402,0.009003939223410242,0.0028137310073157004,0.0005627462014631402,0.0033764772087788407,0.0022509848058525606,0.0,0.0022509848058525606,0.0,0.0011254924029262803,0.0005627462014631402,0.0,0.0011254924029262803,0.0,0.0,0.0,0.0016882386043894203,0.007315700619020821,0.0,0.005627462014631401,0.0,0.0,0.0022509848058525606,0.0,0.0022509848058525606,0.0033764772087788407,0.0,0.0,0.08947664603263927,0.0011254924029262803,0.0,0.0022509848058525606,0.0005627462014631402,0.0,0.024198086662915026,0.0,0.0,0.0028137310073157004,0.0016882386043894203,0.0,0.0,0.0033764772087788407,0.0011254924029262803,0.0022509848058525606,0.0005627462014631402,0.07653348339898705,0.0005627462014631402,0.0005627462014631402,0.0022509848058525606,0.0011254924029262803,0.06415306696679797,0.0028137310073157004,0.005064715813168261,0.0028137310073157004,0.11029825548677546,0.0005627462014631402,0.0,0.0,0.0005627462014631402,0.07709622960045019,0.0016882386043894203,0.026449071468767585,0.0028137310073157004,0.0016882386043894203,0.0061902082160945416,0.0,0.005627462014631401,0.10410804727068092,0.0016882386043894203,0.028137310073157007,0.05965109735509285,0.0005627462014631402,0.0022509848058525606,0.010692177827799663
86,0.0006365372374283895,0.001273074474856779,0.0,0.014003819223424571,0.0,0.003182686187141948,0.0,0.0019096117122851686,0.001273074474856779,0.0006365372374283895,0.006365372374283896,0.009548058561425843,0.0,0.0019096117122851686,0.0019096117122851686,0.0006365372374283895,0.011457670273711012,0.004455760661998727,0.0,0.05410566518141311,0.0,0.0,0.0006365372374283895,0.001273074474856779,0.05919796308084023,0.0019096117122851686,0.0,0.0019096117122851686,0.0006365372374283895,0.0,0.0,0.0,0.003182686187141948,0.003182686187141948,0.009548058561425843,0.002546148949713558,0.005092297899427116,0.0,0.002546148949713558,0.0006365372374283895,0.002546148949713558,0.001273074474856779,0.009548058561425843,0.006365372374283896,0.0,0.0006365372374283895,0.0006365372374283895,0.01336728198599618,0.0,0.005728835136855506,0.0,0.001273074474856779,0.006365372374283896,0.0120942075111394,0.13049013367281986,0.0038192234245703373,0.0,0.012730744748567792,0.0038192234245703373,0.0006365372374283895,0.0120942075111394,0.0,0.0,0.01464035646085296,0.0,0.0,0.005092297899427116,0.003182686187141948,0.002546148949713558,0.0,0.0120942075111394,0.05856142584341184,0.007001909611712286,0.0006365372374283895,0.001273074474856779,0.001273074474856779,0.05410566518141311,0.0,0.0038192234245703373,0.0,0.09420751113940165,0.0,0.0006365372374283895,0.005728835136855506,0.0019096117122851686,0.061744112030553785,0.001273074474856779,0.008911521323997454,0.0019096117122851686,0.002546148949713558,0.0019096117122851686,0.0076384468491406746,0.0019096117122851686,0.12285168682367918,0.002546148949713558,0.0006365372374283895,0.08975175047740293,0.0,0.0006365372374283895,0.0
87,0.0012594458438287153,0.0006297229219143577,0.0,0.0006297229219143577,0.0012594458438287153,0.0012594458438287153,0.0069269521410579345,0.0031486146095717885,0.004408060453400504,0.0006297229219143577,0.003778337531486146,0.0,0.0006297229219143577,0.0006297229219143577,0.0,0.0006297229219143577,0.007556675062972292,0.0,0.001889168765743073,0.11712846347607053,0.00818639798488665,0.0,0.0012594458438287153,0.0,0.09445843828715365,0.0031486146095717885,0.0012594458438287153,0.0,0.018891687657430732,0.017632241813602016,0.0012594458438287153,0.005667506297229219,0.0,0.0,0.0006297229219143577,0.003778337531486146,0.0012594458438287153,0.006297229219143577,0.00818639798488665,0.008816120906801008,0.0,0.0031486146095717885,0.0,0.020151133501259445,0.008816120906801008,0.0025188916876574307,0.0,0.0,0.0,0.0031486146095717885,0.0006297229219143577,0.004408060453400504,0.0006297229219143577,0.0,0.09571788413098237,0.0,0.0025188916876574307,0.007556675062972292,0.0025188916876574307,0.009445843828715366,0.0006297229219143577,0.0025188916876574307,0.0031486146095717885,0.0069269521410579345,0.009445843828715366,0.0006297229219143577,0.0069269521410579345,0.0,0.0,0.0,0.0025188916876574307,0.055415617128463476,0.0,0.003778337531486146,0.004408060453400504,0.004408060453400504,0.052267002518891686,0.0,0.00818639798488665,0.006297229219143577,0.09193954659949623,0.0,0.001889168765743073,0.0006297229219143577,0.0006297229219143577,0.05667506297229219,0.0012594458438287153,0.0,0.0,0.0031486146095717885,0.0006297229219143577,0.0006297229219143577,0.0012594458438287153,0.08816120906801007,0.0,0.0,0.08942065491183879,0.0,0.001889168765743073,0.0
88,0.018753781004234724,0.010889292196007259,0.0006049606775559589,0.0006049606775559589,0.007259528130671506,0.006049606775559589,0.0030248033877797943,0.003629764065335753,0.004839685420447671,0.0,0.0,0.0,0.0,0.0054446460980036296,0.0030248033877797943,0.0,0.012099213551119177,0.0006049606775559589,0.0012099213551119178,0.056261343012704176,0.011494252873563218,0.0006049606775559589,0.013914095583787053,0.004234724742891712,0.04053236539624924,0.021778584392014518,0.003629764065335753,0.004839685420447671,0.007864488808227465,0.0,0.006654567453115548,0.0006049606775559589,0.0,0.0024198427102238356,0.006049606775559589,0.0006049606775559589,0.0,0.0054446460980036296,0.0,0.007864488808227465,0.007259528130671506,0.004234724742891712,0.0054446460980036296,0.0,0.006049606775559589,0.0006049606775559589,0.004234724742891712,0.006049606775559589,0.004234724742891712,0.0,0.004234724742891712,0.0006049606775559589,0.0006049606775559589,0.0012099213551119178,0.07622504537205081,0.0006049606775559589,0.014519056261343012,0.004234724742891712,0.0018148820326678765,0.003629764065335753,0.0,0.0012099213551119178,0.0024198427102238356,0.013914095583787053,0.0018148820326678765,0.0,0.0024198427102238356,0.0,0.0006049606775559589,0.0024198427102238356,0.0006049606775559589,0.047186932849364795,0.0006049606775559589,0.0018148820326678765,0.0,0.0006049606775559589,0.0955837870538415,0.0006049606775559589,0.003629764065335753,0.0,0.07078039927404718,0.0006049606775559589,0.0006049606775559589,0.0006049606775559589,0.0102843315184513,0.08408953418027829,0.0006049606775559589,0.003629764065335753,0.006049606775559589,0.007864488808227465,0.0102843315184513,0.0,0.009074410163339383,0.06291591046581972,0.003629764065335753,0.0018148820326678765,0.11796733212341198,0.009679370840895343,0.003629764065335753,0.0018148820326678765
89,0.007782101167315175,0.0019455252918287938,0.011673151750972763,0.0012970168612191958,0.014915693904020753,0.0038910505836575876,0.0012970168612191958,0.00324254215304799,0.0012970168612191958,0.0,0.0,0.00324254215304799,0.0012970168612191958,0.0038910505836575876,0.0012970168612191958,0.0019455252918287938,0.004539559014267186,0.0012970168612191958,0.0,0.07522697795071336,0.0025940337224383916,0.0,0.0,0.0006485084306095979,0.0927367055771725,0.0012970168612191958,0.007133592736705577,0.0,0.011673151750972763,0.0006485084306095979,0.00324254215304799,0.0,0.0038910505836575876,0.0,0.0,0.00648508430609598,0.0,0.00648508430609598,0.0,0.00324254215304799,0.0,0.004539559014267186,0.02529182879377432,0.0,0.0,0.0,0.0,0.01621271076523995,0.007782101167315175,0.004539559014267186,0.004539559014267186,0.0,0.0012970168612191958,0.004539559014267186,0.04669260700389105,0.0006485084306095979,0.0006485084306095979,0.0019455252918287938,0.0006485084306095979,0.0012970168612191958,0.0,0.0,0.0,0.0019455252918287938,0.0019455252918287938,0.009079118028534372,0.007782101167315175,0.013618677042801557,0.0006485084306095979,0.0,0.014915693904020753,0.07782101167315175,0.0038910505836575876,0.0019455252918287938,0.0,0.0006485084306095979,0.09922178988326848,0.0,0.011673151750972763,0.004539559014267186,0.05771725032425422,0.0,0.0006485084306095979,0.009727626459143969,0.0,0.08560311284046693,0.0019455252918287938,0.0006485084306095979,0.0025940337224383916,0.0,0.0038910505836575876,0.0,0.00324254215304799,0.07717250324254216,0.0012970168612191958,0.0,0.08430609597924774,0.0019455252918287938,0.009079118028534372,0.009727626459143969
90,0.0,0.007477567298105683,0.0,0.00448654037886341,0.0029910269192422734,0.0,0.0019940179461615153,0.0009970089730807576,0.0,0.0029910269192422734,0.0009970089730807576,0.0009970089730807576,0.009970089730807577,0.0014955134596211367,0.0029910269192422734,0.0029910269192422734,0.00448654037886341,0.0,0.0009970089730807576,0.05782652043868395,0.0004985044865403788,0.0,0.018943170488534396,0.00448654037886341,0.09571286141575275,0.005982053838484547,0.0,0.0019940179461615153,0.0009970089730807576,0.0014955134596211367,0.005982053838484547,0.004985044865403789,0.0014955134596211367,0.0,0.0009970089730807576,0.003489531405782652,0.0029910269192422734,0.0019940179461615153,0.0024925224327018943,0.0004985044865403788,0.0009970089730807576,0.003489531405782652,0.0009970089730807576,0.007976071784646061,0.003489531405782652,0.0014955134596211367,0.0,0.0009970089730807576,0.006480558325024925,0.0,0.0,0.0009970089730807576,0.0004985044865403788,0.0029910269192422734,0.0847457627118644,0.0014955134596211367,0.0009970089730807576,0.007477567298105683,0.00897308075772682,0.0,0.0,0.0,0.011465603190428714,0.0029910269192422734,0.004985044865403789,0.005982053838484547,0.0,0.006480558325024925,0.010967098703888335,0.00448654037886341,0.005982053838484547,0.1011964107676969,0.005982053838484547,0.004985044865403789,0.0004985044865403788,0.009471585244267198,0.08075772681954138,0.0024925224327018943,0.0024925224327018943,0.00448654037886341,0.0613160518444666,0.0,0.003988035892323031,0.0004985044865403788,0.0024925224327018943,0.09621136590229312,0.0,0.0004985044865403788,0.0004985044865403788,0.0009970089730807576,0.0019940179461615153,0.005483549351944167,0.01794616151545364,0.08374875373878365,0.0024925224327018943,0.0019940179461615153,0.0353938185443669,0.012462612163509471,0.0004985044865403788,0.01296111665004985
91,0.003931847968545216,0.009829619921363041,0.0,0.0045871559633027525,0.005897771952817824,0.005242463958060288,0.002621231979030144,0.0,0.0,0.0,0.009829619921363041,0.0,0.00655307994757536,0.000655307994757536,0.003931847968545216,0.005242463958060288,0.0,0.005242463958060288,0.00327653997378768,0.057667103538663174,0.000655307994757536,0.002621231979030144,0.000655307994757536,0.000655307994757536,0.09239842726081259,0.002621231979030144,0.011140235910878113,0.001310615989515072,0.0,0.003931847968545216,0.000655307994757536,0.0045871559633027525,0.0,0.017693315858453473,0.00327653997378768,0.0,0.002621231979030144,0.00851900393184797,0.001965923984272608,0.003931847968545216,0.002621231979030144,0.001965923984272608,0.0045871559633027525,0.003931847968545216,0.0,0.0,0.0045871559633027525,0.003931847968545216,0.001310615989515072,0.000655307994757536,0.012450851900393184,0.000655307994757536,0.00655307994757536,0.0,0.10288335517693316,0.0,0.0,0.002621231979030144,0.001310615989515072,0.00655307994757536,0.003931847968545216,0.00851900393184797,0.000655307994757536,0.0,0.00851900393184797,0.005242463958060288,0.0,0.002621231979030144,0.000655307994757536,0.0,0.000655307994757536,0.12975098296199214,0.002621231979030144,0.0,0.001310615989515072,0.001310615989515072,0.043905635648754916,0.001310615989515072,0.014416775884665793,0.001310615989515072,0.06880733944954129,0.00327653997378768,0.000655307994757536,0.0,0.001310615989515072,0.11140235910878113,0.0,0.00655307994757536,0.001965923984272608,0.000655307994757536,0.011795543905635648,0.0,0.007863695937090432,0.0491480996068152,0.005897771952817824,0.002621231979030144,0.05439056356487549,0.0045871559633027525,0.001965923984272608,0.0
92,0.009146341463414634,0.001829268292682927,0.0012195121951219512,0.004878048780487805,0.003048780487804878,0.0006097560975609756,0.0,0.014634146341463415,0.001829268292682927,0.0006097560975609756,0.001829268292682927,0.0,0.0,0.012195121951219513,0.0006097560975609756,0.007317073170731708,0.003048780487804878,0.001829268292682927,0.004878048780487805,0.11768292682926829,0.0006097560975609756,0.010365853658536586,0.003048780487804878,0.0,0.06341463414634146,0.0024390243902439024,0.0024390243902439024,0.0012195121951219512,0.0012195121951219512,0.0012195121951219512,0.0,0.0006097560975609756,0.0,0.0006097560975609756,0.010365853658536586,0.0,0.0012195121951219512,0.0006097560975609756,0.00426829268292683,0.0,0.0,0.001829268292682927,0.0006097560975609756,0.0012195121951219512,0.01524390243902439,0.0,0.001829268292682927,0.0,0.00426829268292683,0.0024390243902439024,0.0,0.0024390243902439024,0.007317073170731708,0.0024390243902439024,0.06646341463414634,0.0,0.006097560975609756,0.00548780487804878,0.01097560975609756,0.0006097560975609756,0.001829268292682927,0.007317073170731708,0.0,0.006097560975609756,0.0024390243902439024,0.0012195121951219512,0.0,0.0,0.0,0.0,0.0,0.11768292682926829,0.001829268292682927,0.0006097560975609756,0.0024390243902439024,0.009146341463414634,0.04390243902439024,0.0012195121951219512,0.007317073170731708,0.0,0.0475609756097561,0.003658536585365854,0.0006097560975609756,0.0006097560975609756,0.0006097560975609756,0.09207317073170732,0.0,0.0012195121951219512,0.0,0.003658536585365854,0.0024390243902439024,0.00548780487804878,0.0024390243902439024,0.07682926829268293,0.0006097560975609756,0.02378048780487805,0.09146341463414634,0.015853658536585366,0.004878048780487805,0.003048780487804878
93,0.0010922992900054614,0.0010922992900054614,0.0005461496450027307,0.004915346805024577,0.0010922992900054614,0.0005461496450027307,0.0005461496450027307,0.005461496450027308,0.0016384489350081922,0.0010922992900054614,0.0005461496450027307,0.002184598580010923,0.0032768978700163844,0.0,0.0016384489350081922,0.0,0.0010922992900054614,0.0,0.010922992900054615,0.09721463681048607,0.0005461496450027307,0.0070999453850355,0.005461496450027308,0.002730748225013654,0.07591480065537957,0.002184598580010923,0.0016384489350081922,0.0010922992900054614,0.002730748225013654,0.0,0.015838339705079193,0.0,0.0038230475150191155,0.0,0.010376843255051884,0.0032768978700163844,0.006553795740032769,0.004369197160021846,0.007646095030038231,0.0,0.002184598580010923,0.0,0.006007646095030038,0.0,0.009284543965046422,0.002184598580010923,0.006007646095030038,0.0016384489350081922,0.002730748225013654,0.002730748225013654,0.004369197160021846,0.010376843255051884,0.0038230475150191155,0.006007646095030038,0.06499180775532495,0.0010922992900054614,0.0010922992900054614,0.0016384489350081922,0.006553795740032769,0.0038230475150191155,0.0016384489350081922,0.0,0.0005461496450027307,0.004915346805024577,0.0,0.0,0.002730748225013654,0.004369197160021846,0.0016384489350081922,0.0010922992900054614,0.0005461496450027307,0.06990715456034953,0.0,0.005461496450027308,0.0,0.0038230475150191155,0.09994538503549973,0.0,0.006007646095030038,0.0016384489350081922,0.09120699071545603,0.0038230475150191155,0.002184598580010923,0.0,0.0,0.06717640633533588,0.0038230475150191155,0.002730748225013654,0.0,0.0005461496450027307,0.002730748225013654,0.002730748225013654,0.005461496450027308,0.12015292190060077,0.0010922992900054614,0.0,0.05843801201529219,0.0038230475150191155,0.002184598580010923,0.004915346805024577
94,0.0032175032175032173,0.0,0.007078507078507079,0.0,0.0032175032175032173,0.003861003861003861,0.0032175032175032173,0.007078507078507079,0.0032175032175032173,0.001287001287001287,0.001287001287001287,0.0032175032175032173,0.0006435006435006435,0.0019305019305019305,0.009652509652509652,0.0,0.003861003861003861,0.0,0.0006435006435006435,0.04504504504504504,0.0019305019305019305,0.0006435006435006435,0.0,0.003861003861003861,0.08172458172458172,0.0006435006435006435,0.001287001287001287,0.005148005148005148,0.007078507078507079,0.006435006435006435,0.013513513513513514,0.0,0.0019305019305019305,0.0032175032175032173,0.0,0.0,0.001287001287001287,0.005148005148005148,0.0,0.0,0.0,0.0,0.001287001287001287,0.006435006435006435,0.0,0.006435006435006435,0.0006435006435006435,0.006435006435006435,0.0,0.0019305019305019305,0.0006435006435006435,0.007722007722007722,0.0,0.001287001287001287,0.08236808236808237,0.002574002574002574,0.0006435006435006435,0.009009009009009009,0.0032175032175032173,0.005148005148005148,0.0006435006435006435,0.001287001287001287,0.0,0.0,0.0032175032175032173,0.005148005148005148,0.0006435006435006435,0.002574002574002574,0.0006435006435006435,0.0006435006435006435,0.013513513513513514,0.11969111969111969,0.0,0.011583011583011582,0.0,0.0,0.08687258687258688,0.005148005148005148,0.001287001287001287,0.0,0.06048906048906049,0.0,0.005791505791505791,0.0006435006435006435,0.0006435006435006435,0.06048906048906049,0.0,0.0032175032175032173,0.0019305019305019305,0.0032175032175032173,0.0019305019305019305,0.0006435006435006435,0.0006435006435006435,0.10617760617760617,0.001287001287001287,0.008365508365508366,0.11969111969111969,0.0006435006435006435,0.002574002574002574,0.0006435006435006435
95,0.005518087063151441,0.0006131207847946045,0.0,0.001226241569589209,0.0018393623543838135,0.001226241569589209,0.010423053341508276,0.0,0.0,0.0018393623543838135,0.0,0.0030656039239730227,0.0,0.004291845493562232,0.0030656039239730227,0.008583690987124463,0.002452483139178418,0.001226241569589209,0.0018393623543838135,0.09809932556713673,0.0030656039239730227,0.0018393623543838135,0.0006131207847946045,0.001226241569589209,0.10361741263028816,0.002452483139178418,0.0018393623543838135,0.00674432863274065,0.00797057020232986,0.010423053341508276,0.0,0.0030656039239730227,0.0,0.0018393623543838135,0.005518087063151441,0.002452483139178418,0.0018393623543838135,0.001226241569589209,0.001226241569589209,0.004291845493562232,0.015328019619865114,0.0006131207847946045,0.00674432863274065,0.001226241569589209,0.0,0.00674432863274065,0.001226241569589209,0.004904966278356836,0.0,0.007357449417535254,0.0,0.009809932556713672,0.003678724708767627,0.011649294911097487,0.08951563458001226,0.007357449417535254,0.0,0.0,0.003678724708767627,0.0030656039239730227,0.0,0.0030656039239730227,0.009809932556713672,0.014101778050275904,0.002452483139178418,0.0018393623543838135,0.0,0.002452483139178418,0.0,0.008583690987124463,0.0,0.1072961373390558,0.0,0.001226241569589209,0.001226241569589209,0.0030656039239730227,0.04475781729000613,0.001226241569589209,0.004291845493562232,0.004291845493562232,0.0674432863274065,0.0006131207847946045,0.007357449417535254,0.0,0.004904966278356836,0.04475781729000613,0.002452483139178418,0.0,0.0,0.0006131207847946045,0.004291845493562232,0.001226241569589209,0.004291845493562232,0.04843654199877376,0.0006131207847946045,0.001226241569589209,0.11894543225015328,0.001226241569589209,0.0006131207847946045,0.0018393623543838135
96,0.0019342359767891683,0.0019342359767891683,0.0019342359767891683,0.0006447453255963894,0.004513217279174726,0.0012894906511927789,0.009026434558349452,0.0006447453255963894,0.0012894906511927789,0.0,0.0019342359767891683,0.0051579626047711154,0.0,0.009026434558349452,0.019342359767891684,0.0006447453255963894,0.0012894906511927789,0.0019342359767891683,0.0,0.05609284332688588,0.0019342359767891683,0.0038684719535783366,0.0006447453255963894,0.0019342359767891683,0.08381689232753063,0.0006447453255963894,0.0070921985815602835,0.0025789813023855577,0.0012894906511927789,0.0,0.0,0.0006447453255963894,0.0,0.004513217279174726,0.009671179883945842,0.007736943907156673,0.0,0.0,0.009026434558349452,0.0038684719535783366,0.0019342359767891683,0.0,0.0,0.0,0.0,0.0012894906511927789,0.009026434558349452,0.0,0.0025789813023855577,0.0019342359767891683,0.0012894906511927789,0.008381689232753063,0.0,0.0025789813023855577,0.11089619600257898,0.007736943907156673,0.0051579626047711154,0.017408123791102514,0.0025789813023855577,0.0,0.0,0.0,0.0006447453255963894,0.005802707930367505,0.0006447453255963894,0.0,0.0025789813023855577,0.0006447453255963894,0.0006447453255963894,0.0,0.005802707930367505,0.04771115409413282,0.0012894906511927789,0.003223726627981947,0.007736943907156673,0.0,0.061895551257253385,0.0019342359767891683,0.0006447453255963894,0.0,0.06963249516441006,0.0006447453255963894,0.0038684719535783366,0.0,0.004513217279174726,0.12508059316569956,0.0,0.0012894906511927789,0.0012894906511927789,0.0012894906511927789,0.0006447453255963894,0.0,0.0051579626047711154,0.09800128949065119,0.0,0.0006447453255963894,0.10767246937459704,0.0070921985815602835,0.0,0.0012894906511927789
97,0.0,0.0,0.0,0.008361204013377926,0.0033444816053511705,0.002229654403567447,0.002229654403567447,0.0005574136008918618,0.007803790412486065,0.0011148272017837235,0.0,0.0,0.0016722408026755853,0.005574136008918618,0.0,0.010033444816053512,0.0,0.002787068004459309,0.0,0.07246376811594203,0.0011148272017837235,0.006688963210702341,0.0005574136008918618,0.0011148272017837235,0.07636566332218506,0.0005574136008918618,0.002787068004459309,0.002787068004459309,0.006688963210702341,0.0,0.0016722408026755853,0.002787068004459309,0.0016722408026755853,0.012263099219620958,0.0016722408026755853,0.0,0.0,0.0011148272017837235,0.0,0.0,0.008361204013377926,0.005574136008918618,0.008918617614269788,0.0,0.0016722408026755853,0.015050167224080268,0.004459308807134894,0.002229654403567447,0.0039018952062430325,0.0005574136008918618,0.0,0.007803790412486065,0.0011148272017837235,0.002787068004459309,0.09141583054626533,0.0005574136008918618,0.0,0.002787068004459309,0.0039018952062430325,0.0011148272017837235,0.010590858416945374,0.0016722408026755853,0.0005574136008918618,0.004459308807134894,0.0016722408026755853,0.0,0.0,0.0011148272017837235,0.0,0.004459308807134894,0.008361204013377926,0.09253065774804906,0.0039018952062430325,0.00947603121516165,0.0005574136008918618,0.002229654403567447,0.10981047937569677,0.0016722408026755853,0.007246376811594203,0.004459308807134894,0.050724637681159424,0.0005574136008918618,0.005574136008918618,0.007246376811594203,0.005574136008918618,0.09420289855072464,0.011148272017837236,0.0,0.0011148272017837235,0.0,0.0016722408026755853,0.002229654403567447,0.0,0.07246376811594203,0.0,0.0016722408026755853,0.06911928651059086,0.0016722408026755853,0.005574136008918618,0.004459308807134894
98,0.0,0.001601708489054992,0.0,0.0005339028296849973,0.002135611318739989,0.0010678056593699946,0.001601708489054992,0.0010678056593699946,0.0037373198077949813,0.0,0.0,0.001601708489054992,0.0,0.0,0.013347570742124934,0.0010678056593699946,0.003203416978109984,0.001601708489054992,0.017084890549919914,0.06193272824345969,0.004805125467164976,0.0,0.0005339028296849973,0.0,0.07047517351841964,0.0,0.001601708489054992,0.0010678056593699946,0.0069407367859049655,0.01014415376401495,0.0,0.0005339028296849973,0.001601708489054992,0.0,0.002135611318739989,0.01601708489054992,0.006406833956219968,0.0005339028296849973,0.0,0.0,0.00800854244527496,0.004271222637479978,0.004805125467164976,0.0,0.005339028296849973,0.0,0.0,0.0005339028296849973,0.0,0.0,0.0,0.0058729311265349705,0.002135611318739989,0.0005339028296849973,0.06833956219967965,0.0010678056593699946,0.0,0.0,0.004271222637479978,0.0010678056593699946,0.012813667912439935,0.0058729311265349705,0.0010678056593699946,0.0010678056593699946,0.0,0.0005339028296849973,0.00800854244527496,0.001601708489054992,0.0,0.0,0.005339028296849973,0.09877202349172451,0.0,0.009076348104644954,0.0,0.004271222637479978,0.06406833956219968,0.004271222637479978,0.0026695141484249867,0.011211959423384944,0.08328884143085959,0.001601708489054992,0.0026695141484249867,0.0010678056593699946,0.0,0.10891617725573946,0.0,0.00800854244527496,0.0,0.010678056593699947,0.012279765082754938,0.0,0.003203416978109984,0.08969567538707955,0.005339028296849973,0.004805125467164976,0.08862786972770956,0.0010678056593699946,0.004271222637479978,0.003203416978109984
99,0.0006075334143377885,0.011543134872417983,0.0,0.002430133657351154,0.0036452004860267314,0.0018226002430133657,0.001215066828675577,0.002430133657351154,0.007290400972053463,0.009720534629404616,0.010935601458080195,0.003037667071688943,0.006682867557715674,0.0006075334143377885,0.004860267314702308,0.0,0.010935601458080195,0.0006075334143377885,0.002430133657351154,0.06318347509113001,0.0006075334143377885,0.001215066828675577,0.001215066828675577,0.007897934386391251,0.07533414337788578,0.0,0.006682867557715674,0.0006075334143377885,0.0006075334143377885,0.0006075334143377885,0.003037667071688943,0.0,0.0,0.006075334143377886,0.0006075334143377885,0.001215066828675577,0.004860267314702308,0.0,0.006075334143377886,0.0,0.003037667071688943,0.0018226002430133657,0.0,0.0006075334143377885,0.003037667071688943,0.003037667071688943,0.0006075334143377885,0.0,0.0018226002430133657,0.0006075334143377885,0.001215066828675577,0.0,0.0,0.013973268529769137,0.08140947752126367,0.0,0.0,0.00425273390036452,0.0,0.001215066828675577,0.0018226002430133657,0.0,0.0036452004860267314,0.009720534629404616,0.00850546780072904,0.0,0.00850546780072904,0.0018226002430133657,0.0,0.0,0.0,0.06622114216281895,0.0054678007290400975,0.0054678007290400975,0.0018226002430133657,0.0006075334143377885,0.04860267314702309,0.006075334143377886,0.0,0.0,0.08930741190765493,0.001215066828675577,0.006682867557715674,0.003037667071688943,0.010328068043742407,0.10085054678007291,0.00425273390036452,0.001215066828675577,0.00425273390036452,0.002430133657351154,0.00425273390036452,0.001215066828675577,0.0,0.10814094775212636,0.002430133657351154,0.007897934386391251,0.10328068043742406,0.002430133657351154,0.0006075334143377885,0.0006075334143377885
100,0.005124919923126201,0.0032030749519538757,0.0025624599615631004,0.0012812299807815502,0.0,0.0006406149903907751,0.0,0.0006406149903907751,0.0,0.0019218449711723255,0.005124919923126201,0.0019218449711723255,0.0,0.0006406149903907751,0.004484304932735426,0.0019218449711723255,0.0032030749519538757,0.005765534913516977,0.0032030749519538757,0.11210762331838565,0.0032030749519538757,0.0012812299807815502,0.0012812299807815502,0.0,0.11402946828955797,0.0006406149903907751,0.004484304932735426,0.0012812299807815502,0.010249839846252402,0.0,0.0,0.004484304932735426,0.0,0.008968609865470852,0.0019218449711723255,0.0025624599615631004,0.0006406149903907751,0.005124919923126201,0.0025624599615631004,0.0012812299807815502,0.0012812299807815502,0.0025624599615631004,0.0019218449711723255,0.0064061499039077515,0.0006406149903907751,0.0,0.0,0.007046764894298526,0.0012812299807815502,0.003843689942344651,0.0,0.0012812299807815502,0.0019218449711723255,0.0,0.09160794362588084,0.005124919923126201,0.0019218449711723255,0.0012812299807815502,0.011531069827033953,0.0032030749519538757,0.0012812299807815502,0.003843689942344651,0.0006406149903907751,0.02370275464445868,0.005765534913516977,0.0,0.005765534913516977,0.007687379884689302,0.0019218449711723255,0.0,0.0064061499039077515,0.1031390134529148,0.0019218449711723255,0.0064061499039077515,0.0,0.0,0.04548366431774504,0.0,0.0006406149903907751,0.0,0.0647021140294683,0.0006406149903907751,0.008327994875080076,0.0012812299807815502,0.0025624599615631004,0.09352978859705317,0.003843689942344651,0.0032030749519538757,0.0025624599615631004,0.007046764894298526,0.010890454836643177,0.0,0.007046764894298526,0.06662395900064061,0.0,0.0,0.04484304932735426,0.0025624599615631004,0.003843689942344651,0.0012812299807815502
101,0.000591016548463357,0.0035460992907801418,0.0,0.000591016548463357,0.001182033096926714,0.0,0.002955082742316785,0.0065011820330969266,0.0076832151300236405,0.0,0.004137115839243499,0.0017730496453900709,0.0,0.013002364066193853,0.0,0.001182033096926714,0.0,0.0017730496453900709,0.00591016548463357,0.05555555555555555,0.004137115839243499,0.001182033096926714,0.001182033096926714,0.002364066193853428,0.1099290780141844,0.0,0.0035460992907801418,0.001182033096926714,0.004137115839243499,0.0,0.0065011820330969266,0.005319148936170213,0.000591016548463357,0.0,0.002364066193853428,0.004137115839243499,0.0,0.0035460992907801418,0.0,0.0,0.0017730496453900709,0.002955082742316785,0.002955082742316785,0.002955082742316785,0.0017730496453900709,0.0065011820330969266,0.0,0.004137115839243499,0.005319148936170213,0.00591016548463357,0.000591016548463357,0.001182033096926714,0.0,0.000591016548463357,0.10283687943262411,0.004137115839243499,0.0,0.000591016548463357,0.000591016548463357,0.000591016548463357,0.002955082742316785,0.0,0.004728132387706856,0.0,0.0017730496453900709,0.0,0.0,0.0070921985815602835,0.000591016548463357,0.000591016548463357,0.0,0.1099290780141844,0.002364066193853428,0.000591016548463357,0.0035460992907801418,0.0,0.08865248226950355,0.000591016548463357,0.0017730496453900709,0.001182033096926714,0.06264775413711583,0.000591016548463357,0.0035460992907801418,0.008274231678486997,0.0,0.11229314420803782,0.00591016548463357,0.000591016548463357,0.004728132387706856,0.00591016548463357,0.000591016548463357,0.00591016548463357,0.012411347517730497,0.09633569739952719,0.004728132387706856,0.002955082742316785,0.040780141843971635,0.001182033096926714,0.0017730496453900709,0.000591016548463357
102,0.0012376237623762376,0.0,0.0012376237623762376,0.012995049504950494,0.0,0.003094059405940594,0.0,0.0018564356435643563,0.003094059405940594,0.0,0.003094059405940594,0.0006188118811881188,0.0,0.0037128712871287127,0.0,0.0,0.0012376237623762376,0.0024752475247524753,0.003094059405940594,0.11200495049504951,0.0,0.0,0.0006188118811881188,0.0,0.06188118811881188,0.004331683168316832,0.0,0.0018564356435643563,0.0,0.0012376237623762376,0.008044554455445545,0.0018564356435643563,0.0037128712871287127,0.0018564356435643563,0.0012376237623762376,0.0,0.0024752475247524753,0.004331683168316832,0.0012376237623762376,0.0024752475247524753,0.0012376237623762376,0.003094059405940594,0.008663366336633664,0.0,0.003094059405940594,0.0006188118811881188,0.007425742574257425,0.0006188118811881188,0.0006188118811881188,0.0037128712871287127,0.0006188118811881188,0.0018564356435643563,0.008044554455445545,0.008663366336633664,0.1219059405940594,0.0012376237623762376,0.0,0.0006188118811881188,0.012376237623762377,0.0006188118811881188,0.0006188118811881188,0.005569306930693069,0.0012376237623762376,0.0018564356435643563,0.012376237623762377,0.0049504950495049506,0.0,0.0018564356435643563,0.0006188118811881188,0.0,0.004331683168316832,0.0525990099009901,0.0006188118811881188,0.006188118811881188,0.009282178217821782,0.0,0.06064356435643564,0.0018564356435643563,0.01670792079207921,0.0012376237623762376,0.1188118811881188,0.0,0.0,0.0,0.012995049504950494,0.09900990099009901,0.0,0.0012376237623762376,0.0006188118811881188,0.003094059405940594,0.0006188118811881188,0.008663366336633664,0.0012376237623762376,0.06064356435643564,0.0006188118811881188,0.0006188118811881188,0.054455445544554455,0.005569306930693069,0.0,0.017326732673267328
103,0.007333682556312206,0.005762179151388162,0.006286013619696176,0.003143006809848088,0.0005238344683080147,0.0,0.0010476689366160294,0.0,0.001571503404924044,0.003143006809848088,0.013619696176008382,0.0010476689366160294,0.007333682556312206,0.0010476689366160294,0.0,0.0,0.0026191723415400735,0.005238344683080147,0.005238344683080147,0.04243059193294919,0.0041906757464641176,0.004714510214772132,0.0010476689366160294,0.0010476689366160294,0.08852802514405447,0.0020953378732320588,0.004714510214772132,0.0026191723415400735,0.0,0.0010476689366160294,0.005762179151388162,0.004714510214772132,0.006286013619696176,0.0,0.0020953378732320588,0.0026191723415400735,0.0041906757464641176,0.0,0.0,0.001571503404924044,0.006809848088004191,0.007333682556312206,0.001571503404924044,0.0020953378732320588,0.001571503404924044,0.001571503404924044,0.0005238344683080147,0.005238344683080147,0.0010476689366160294,0.0010476689366160294,0.0,0.0020953378732320588,0.001571503404924044,0.0020953378732320588,0.09900471451021477,0.004714510214772132,0.0010476689366160294,0.0005238344683080147,0.003143006809848088,0.005238344683080147,0.0010476689366160294,0.0026191723415400735,0.0010476689366160294,0.0,0.0,0.0,0.006809848088004191,0.0,0.0,0.006286013619696176,0.005238344683080147,0.06600314300680984,0.0005238344683080147,0.001571503404924044,0.003143006809848088,0.003666841278156103,0.10162388685175484,0.004714510214772132,0.006809848088004191,0.004714510214772132,0.10110005238344683,0.0,0.003666841278156103,0.001571503404924044,0.001571503404924044,0.061812467260345734,0.0005238344683080147,0.0005238344683080147,0.003666841278156103,0.007333682556312206,0.001571503404924044,0.0005238344683080147,0.0,0.11262441068622316,0.0,0.0,0.08748035620743845,0.005238344683080147,0.0,0.0020953378732320588
104,0.0005595970900951316,0.002238388360380526,0.002238388360380526,0.003357582540570789,0.0,0.005036373810856184,0.002238388360380526,0.0005595970900951316,0.0005595970900951316,0.0027979854504756574,0.007274762171236709,0.0,0.0,0.0,0.0,0.01119194180190263,0.003357582540570789,0.007274762171236709,0.0,0.09904868494683827,0.00783435926133184,0.010632344711807499,0.0,0.007274762171236709,0.11303861219921657,0.007274762171236709,0.0005595970900951316,0.006715165081141578,0.01566871852266368,0.002238388360380526,0.0,0.005595970900951315,0.0027979854504756574,0.005595970900951315,0.0005595970900951316,0.00391717963066592,0.0016787912702853946,0.004476776720761052,0.0016787912702853946,0.001119194180190263,0.0005595970900951316,0.002238388360380526,0.008393956351426972,0.00783435926133184,0.0,0.0,0.0,0.00391717963066592,0.0,0.001119194180190263,0.005036373810856184,0.0,0.0016787912702853946,0.0,0.10576385002797986,0.0005595970900951316,0.001119194180190263,0.0005595970900951316,0.00391717963066592,0.00783435926133184,0.0,0.0016787912702853946,0.0005595970900951316,0.0,0.0005595970900951316,0.001119194180190263,0.0005595970900951316,0.0016787912702853946,0.010632344711807499,0.0016787912702853946,0.0016787912702853946,0.07722439843312814,0.0005595970900951316,0.0,0.001119194180190263,0.004476776720761052,0.0408505875769446,0.005036373810856184,0.001119194180190263,0.0,0.049244543928371576,0.0016787912702853946,0.0027979854504756574,0.005595970900951315,0.0027979854504756574,0.08058198097369894,0.0005595970900951316,0.0005595970900951316,0.0027979854504756574,0.0016787912702853946,0.0,0.001119194180190263,0.0005595970900951316,0.07890318970341355,0.0005595970900951316,0.0005595970900951316,0.11135982092893117,0.0005595970900951316,0.004476776720761052,0.006155567991046447
105,0.0006578947368421052,0.0013157894736842105,0.001973684210526316,0.0,0.004605263157894736,0.0006578947368421052,0.001973684210526316,0.0,0.0,0.0,0.002631578947368421,0.001973684210526316,0.0013157894736842105,0.0,0.002631578947368421,0.0006578947368421052,0.0,0.003947368421052632,0.0,0.07960526315789473,0.0013157894736842105,0.003289473684210526,0.002631578947368421,0.0,0.06381578947368421,0.003289473684210526,0.001973684210526316,0.0,0.0013157894736842105,0.01118421052631579,0.0,0.01381578947368421,0.006578947368421052,0.003947368421052632,0.0,0.004605263157894736,0.0006578947368421052,0.007894736842105263,0.017105263157894738,0.003289473684210526,0.004605263157894736,0.0,0.0,0.015131578947368421,0.007236842105263158,0.0006578947368421052,0.0,0.013157894736842105,0.0,0.007894736842105263,0.002631578947368421,0.002631578947368421,0.0006578947368421052,0.004605263157894736,0.06907894736842106,0.002631578947368421,0.0,0.0006578947368421052,0.006578947368421052,0.0013157894736842105,0.0,0.0059210526315789476,0.0,0.002631578947368421,0.004605263157894736,0.013157894736842105,0.0,0.0,0.003947368421052632,0.003289473684210526,0.0006578947368421052,0.05789473684210526,0.0059210526315789476,0.0,0.001973684210526316,0.0,0.12828947368421054,0.0,0.0006578947368421052,0.0,0.06644736842105263,0.0006578947368421052,0.0013157894736842105,0.0006578947368421052,0.003947368421052632,0.09013157894736842,0.0006578947368421052,0.0,0.002631578947368421,0.006578947368421052,0.003947368421052632,0.0013157894736842105,0.005263157894736842,0.05197368421052632,0.003947368421052632,0.003289473684210526,0.13026315789473683,0.002631578947368421,0.005263157894736842,0.0
106,0.004984423676012461,0.003738317757009346,0.004361370716510903,0.0,0.0006230529595015577,0.003115264797507788,0.0,0.011214953271028037,0.0,0.0024922118380062306,0.0012461059190031153,0.0012461059190031153,0.003115264797507788,0.003115264797507788,0.001869158878504673,0.0,0.0012461059190031153,0.016822429906542057,0.0006230529595015577,0.11962616822429907,0.001869158878504673,0.004984423676012461,0.0,0.0012461059190031153,0.06542056074766354,0.0012461059190031153,0.004361370716510903,0.0,0.0012461059190031153,0.004361370716510903,0.0,0.0012461059190031153,0.0,0.003738317757009346,0.0,0.0006230529595015577,0.0024922118380062306,0.0,0.008722741433021807,0.0,0.003115264797507788,0.0024922118380062306,0.0012461059190031153,0.001869158878504673,0.0,0.014330218068535825,0.012461059190031152,0.006230529595015576,0.001869158878504673,0.0,0.0006230529595015577,0.011214953271028037,0.006853582554517134,0.004984423676012461,0.04548286604361371,0.0,0.0,0.003115264797507788,0.001869158878504673,0.0024922118380062306,0.0012461059190031153,0.001869158878504673,0.0006230529595015577,0.0,0.0,0.004984423676012461,0.0006230529595015577,0.006230529595015576,0.001869158878504673,0.0006230529595015577,0.003115264797507788,0.11588785046728972,0.003738317757009346,0.0006230529595015577,0.003115264797507788,0.006230529595015576,0.07227414330218068,0.0,0.006230529595015576,0.0,0.08099688473520249,0.0006230529595015577,0.004984423676012461,0.0,0.004984423676012461,0.09345794392523364,0.0,0.01059190031152648,0.0024922118380062306,0.0012461059190031153,0.0,0.004361370716510903,0.003738317757009346,0.07663551401869159,0.005607476635514018,0.0,0.07601246105919003,0.001869158878504673,0.0012461059190031153,0.0006230529595015577
107,0.005284015852047556,0.0,0.00726552179656539,0.0033025099075297227,0.0019815059445178335,0.005284015852047556,0.00726552179656539,0.008586525759577279,0.0,0.0006605019815059445,0.0059445178335535,0.0019815059445178335,0.0019815059445178335,0.0059445178335535,0.0006605019815059445,0.0006605019815059445,0.002642007926023778,0.001321003963011889,0.0,0.08520475561426684,0.0033025099075297227,0.008586525759577279,0.0,0.0033025099075297227,0.09114927344782034,0.0,0.0019815059445178335,0.0006605019815059445,0.001321003963011889,0.0,0.004623513870541612,0.0019815059445178335,0.0006605019815059445,0.0033025099075297227,0.0033025099075297227,0.0006605019815059445,0.002642007926023778,0.0006605019815059445,0.0,0.001321003963011889,0.0,0.0,0.0006605019815059445,0.0,0.0019815059445178335,0.0033025099075297227,0.005284015852047556,0.007926023778071334,0.0006605019815059445,0.004623513870541612,0.0006605019815059445,0.0,0.0006605019815059445,0.0033025099075297227,0.11030383091149273,0.002642007926023778,0.008586525759577279,0.0006605019815059445,0.0006605019815059445,0.007926023778071334,0.002642007926023778,0.0,0.001321003963011889,0.0,0.002642007926023778,0.0019815059445178335,0.009907529722589167,0.026420079260237782,0.0019815059445178335,0.0059445178335535,0.0,0.0726552179656539,0.001321003963011889,0.0,0.0019815059445178335,0.0006605019815059445,0.05680317040951123,0.0006605019815059445,0.0019815059445178335,0.0033025099075297227,0.04821664464993395,0.0,0.0,0.011228533685601057,0.003963011889035667,0.1155878467635403,0.0178335535006605,0.0,0.002642007926023778,0.0006605019815059445,0.0059445178335535,0.001321003963011889,0.0,0.07463672391017173,0.0006605019815059445,0.0,0.08388375165125496,0.0033025099075297227,0.002642007926023778,0.0
108,0.0013201320132013201,0.0,0.0019801980198019802,0.0019801980198019802,0.0,0.0,0.0006600660066006601,0.0,0.0,0.005280528052805281,0.0013201320132013201,0.0,0.0,0.0006600660066006601,0.008580858085808581,0.0006600660066006601,0.0019801980198019802,0.0165016501650165,0.006600660066006601,0.05148514851485148,0.0,0.0013201320132013201,0.0,0.0019801980198019802,0.08250825082508251,0.009900990099009901,0.0013201320132013201,0.0013201320132013201,0.0046204620462046205,0.005940594059405941,0.0013201320132013201,0.0039603960396039604,0.0026402640264026403,0.0013201320132013201,0.0006600660066006601,0.0,0.0,0.0,0.0033003300330033004,0.0013201320132013201,0.0033003300330033004,0.0,0.0,0.0,0.0026402640264026403,0.0019801980198019802,0.0019801980198019802,0.0026402640264026403,0.0,0.0,0.0026402640264026403,0.0,0.0013201320132013201,0.0006600660066006601,0.10231023102310231,0.0033003300330033004,0.0013201320132013201,0.0,0.0033003300330033004,0.0,0.0,0.0006600660066006601,0.0006600660066006601,0.0,0.0019801980198019802,0.0019801980198019802,0.0,0.0,0.0,0.0026402640264026403,0.0019801980198019802,0.050825082508250824,0.0,0.01914191419141914,0.005940594059405941,0.0006600660066006601,0.13135313531353135,0.0046204620462046205,0.010561056105610561,0.0,0.10363036303630363,0.007260726072607261,0.0013201320132013201,0.0046204620462046205,0.0006600660066006601,0.07260726072607261,0.0,0.0,0.0013201320132013201,0.0026402640264026403,0.0039603960396039604,0.0019801980198019802,0.0013201320132013201,0.09504950495049505,0.0013201320132013201,0.01914191419141914,0.09768976897689768,0.0006600660066006601,0.0013201320132013201,0.0006600660066006601
109,0.0,0.0005878894767783657,0.0,0.005291005291005291,0.0023515579071134627,0.00411522633744856,0.0005878894767783657,0.00823045267489712,0.0005878894767783657,0.00411522633744856,0.0,0.0,0.0005878894767783657,0.010582010582010581,0.010582010582010581,0.0023515579071134627,0.0011757789535567313,0.0,0.003527336860670194,0.09112286890064668,0.006466784244562022,0.001763668430335097,0.001763668430335097,0.001763668430335097,0.10993533215755438,0.00411522633744856,0.017048794826572605,0.0,0.003527336860670194,0.006466784244562022,0.004703115814226925,0.003527336860670194,0.001763668430335097,0.0011757789535567313,0.0005878894767783657,0.0,0.0,0.001763668430335097,0.0023515579071134627,0.001763668430335097,0.0023515579071134627,0.0,0.0029394473838918285,0.0011757789535567313,0.0029394473838918285,0.0011757789535567313,0.0,0.001763668430335097,0.0,0.003527336860670194,0.007642563198118754,0.0005878894767783657,0.00411522633744856,0.007642563198118754,0.09288653733098177,0.0011757789535567313,0.001763668430335097,0.0,0.0005878894767783657,0.004703115814226925,0.014109347442680775,0.025279247501469725,0.004703115814226925,0.0005878894767783657,0.015873015873015872,0.001763668430335097,0.00411522633744856,0.005291005291005291,0.0,0.0005878894767783657,0.0,0.09347442680776014,0.0,0.0,0.0011757789535567313,0.0,0.04526748971193416,0.0005878894767783657,0.003527336860670194,0.0,0.0752498530276308,0.0005878894767783657,0.009994121105232217,0.0029394473838918285,0.0,0.09817754262198707,0.0,0.001763668430335097,0.0005878894767783657,0.004703115814226925,0.0011757789535567313,0.0023515579071134627,0.0,0.08641975308641975,0.0005878894767783657,0.0005878894767783657,0.0393885949441505,0.0,0.0029394473838918285,0.0029394473838918285
110,0.0,0.0,0.007051282051282051,0.0,0.011538461538461539,0.000641025641025641,0.0038461538461538464,0.0019230769230769232,0.0,0.0019230769230769232,0.005128205128205128,0.000641025641025641,0.0,0.003205128205128205,0.008974358974358974,0.014743589743589743,0.008974358974358974,0.0,0.0,0.11858974358974358,0.000641025641025641,0.000641025641025641,0.001282051282051282,0.01282051282051282,0.10833333333333334,0.011538461538461539,0.001282051282051282,0.0,0.0,0.001282051282051282,0.0,0.003205128205128205,0.001282051282051282,0.007051282051282051,0.0,0.002564102564102564,0.0019230769230769232,0.0,0.002564102564102564,0.01217948717948718,0.0038461538461538464,0.002564102564102564,0.0057692307692307696,0.000641025641025641,0.0038461538461538464,0.0,0.001282051282051282,0.002564102564102564,0.000641025641025641,0.000641025641025641,0.000641025641025641,0.0019230769230769232,0.001282051282051282,0.0019230769230769232,0.06217948717948718,0.000641025641025641,0.0,0.008333333333333333,0.000641025641025641,0.01730769230769231,0.002564102564102564,0.0,0.003205128205128205,0.001282051282051282,0.000641025641025641,0.0,0.007051282051282051,0.003205128205128205,0.008333333333333333,0.002564102564102564,0.004487179487179487,0.10576923076923077,0.0019230769230769232,0.00641025641025641,0.001282051282051282,0.0,0.04935897435897436,0.000641025641025641,0.0,0.0019230769230769232,0.060897435897435896,0.001282051282051282,0.000641025641025641,0.0,0.01282051282051282,0.05128205128205128,0.003205128205128205,0.000641025641025641,0.005128205128205128,0.0057692307692307696,0.000641025641025641,0.0019230769230769232,0.0019230769230769232,0.07243589743589744,0.004487179487179487,0.004487179487179487,0.08782051282051281,0.000641025641025641,0.0019230769230769232,0.008974358974358974
111,0.004987531172069825,0.007481296758104738,0.0018703241895261845,0.0006234413965087282,0.0006234413965087282,0.0018703241895261845,0.0018703241895261845,0.0018703241895261845,0.0012468827930174563,0.01059850374064838,0.024314214463840397,0.003117206982543641,0.0006234413965087282,0.0006234413965087282,0.0,0.0006234413965087282,0.003740648379052369,0.0006234413965087282,0.0,0.04488778054862843,0.0024937655860349127,0.00685785536159601,0.0006234413965087282,0.0018703241895261845,0.08478802992518704,0.0,0.003117206982543641,0.0006234413965087282,0.00997506234413965,0.0006234413965087282,0.0018703241895261845,0.0,0.0,0.0024937655860349127,0.00997506234413965,0.0024937655860349127,0.0012468827930174563,0.003117206982543641,0.0018703241895261845,0.003740648379052369,0.0,0.004987531172069825,0.0,0.0,0.0024937655860349127,0.01371571072319202,0.003117206982543641,0.0,0.0012468827930174563,0.004364089775561097,0.0,0.006234413965087282,0.0018703241895261845,0.004987531172069825,0.08104738154613467,0.0,0.0012468827930174563,0.003117206982543641,0.003117206982543641,0.0024937655860349127,0.0018703241895261845,0.004987531172069825,0.0018703241895261845,0.005610972568578554,0.0012468827930174563,0.0006234413965087282,0.0024937655860349127,0.003740648379052369,0.0006234413965087282,0.0018703241895261845,0.003117206982543641,0.12406483790523691,0.0006234413965087282,0.0,0.0018703241895261845,0.0,0.11533665835411472,0.0024937655860349127,0.0006234413965087282,0.0024937655860349127,0.059850374064837904,0.0018703241895261845,0.0,0.0012468827930174563,0.0018703241895261845,0.0773067331670823,0.004364089775561097,0.0,0.0006234413965087282,0.00685785536159601,0.0024937655860349127,0.006234413965087282,0.0006234413965087282,0.09102244389027432,0.0024937655860349127,0.0012468827930174563,0.07044887780548628,0.0006234413965087282,0.011845386533665835,0.0
112,0.0,0.0006385696040868455,0.0,0.0006385696040868455,0.008301404853128991,0.0006385696040868455,0.0,0.0006385696040868455,0.0019157088122605363,0.0006385696040868455,0.0,0.0,0.0,0.0006385696040868455,0.005747126436781609,0.0038314176245210726,0.008301404853128991,0.0070242656449553,0.006385696040868455,0.08492975734355045,0.0,0.001277139208173691,0.001277139208173691,0.0006385696040868455,0.08365261813537675,0.0006385696040868455,0.0,0.011494252873563218,0.010855683269476373,0.002554278416347382,0.0,0.0,0.0038314176245210726,0.001277139208173691,0.0031928480204342275,0.0140485312899106,0.0031928480204342275,0.0006385696040868455,0.0019157088122605363,0.005747126436781609,0.0,0.007662835249042145,0.008939974457215836,0.0019157088122605363,0.01532567049808429,0.0038314176245210726,0.0031928480204342275,0.0019157088122605363,0.002554278416347382,0.002554278416347382,0.001277139208173691,0.002554278416347382,0.0006385696040868455,0.004469987228607918,0.05236270753512133,0.0,0.004469987228607918,0.0019157088122605363,0.002554278416347382,0.0019157088122605363,0.0006385696040868455,0.002554278416347382,0.001277139208173691,0.0,0.0006385696040868455,0.001277139208173691,0.0,0.0006385696040868455,0.004469987228607918,0.0,0.0006385696040868455,0.07407407407407407,0.0,0.0006385696040868455,0.002554278416347382,0.0038314176245210726,0.05938697318007663,0.0038314176245210726,0.0019157088122605363,0.005108556832694764,0.10472541507024266,0.005747126436781609,0.0019157088122605363,0.002554278416347382,0.005747126436781609,0.07279693486590039,0.002554278416347382,0.0019157088122605363,0.0,0.0,0.0006385696040868455,0.0019157088122605363,0.0031928480204342275,0.10344827586206896,0.0006385696040868455,0.0,0.11749680715197956,0.0019157088122605363,0.012132822477650063,0.0006385696040868455
113,0.006700167504187605,0.0,0.012841987716359575,0.0005583472920156337,0.0033500837520938024,0.0016750418760469012,0.0005583472920156337,0.0,0.0005583472920156337,0.0016750418760469012,0.011166945840312675,0.00446677833612507,0.0005583472920156337,0.0005583472920156337,0.0072585147962032385,0.01619207146845338,0.0005583472920156337,0.0011166945840312675,0.0011166945840312675,0.08040201005025126,0.006700167504187605,0.003908431044109436,0.005025125628140704,0.0,0.10496929089893914,0.0016750418760469012,0.0,0.00446677833612507,0.0,0.0,0.0,0.005583472920156337,0.0016750418760469012,0.0072585147962032385,0.006700167504187605,0.003908431044109436,0.0033500837520938024,0.0,0.006700167504187605,0.0011166945840312675,0.0,0.0,0.007816862088218872,0.0005583472920156337,0.0005583472920156337,0.005025125628140704,0.011166945840312675,0.0,0.0,0.0072585147962032385,0.0005583472920156337,0.0,0.0,0.0016750418760469012,0.06867671691792294,0.0,0.0,0.0005583472920156337,0.0,0.0011166945840312675,0.0005583472920156337,0.006141820212171971,0.0005583472920156337,0.0,0.0,0.010050251256281407,0.0,0.0016750418760469012,0.0,0.0016750418760469012,0.0005583472920156337,0.06532663316582915,0.006141820212171971,0.007816862088218872,0.0,0.008375209380234505,0.11334450027917364,0.0,0.0011166945840312675,0.0016750418760469012,0.056393076493579004,0.0005583472920156337,0.0005583472920156337,0.0016750418760469012,0.013958682300390842,0.0993858179787828,0.012841987716359575,0.00446677833612507,0.0011166945840312675,0.007816862088218872,0.0011166945840312675,0.0011166945840312675,0.0,0.0413176996091569,0.0,0.0005583472920156337,0.08598548297040759,0.014517029592406477,0.008375209380234505,0.003908431044109436
114,0.0012763241863433313,0.0012763241863433313,0.0019144862795149968,0.0,0.00574345883854499,0.0,0.004467134652201659,0.0,0.0,0.0025526483726866626,0.0025526483726866626,0.007657945118059987,0.0,0.0038289725590299937,0.0012763241863433313,0.0006381620931716656,0.0019144862795149968,0.0,0.0,0.04530950861518826,0.0,0.006381620931716656,0.006381620931716656,0.0,0.10784939374601149,0.0006381620931716656,0.013401403956604978,0.0,0.0,0.009572431397574984,0.0019144862795149968,0.0006381620931716656,0.003190810465858328,0.0006381620931716656,0.008296107211231652,0.007657945118059987,0.0006381620931716656,0.0038289725590299937,0.0012763241863433313,0.0019144862795149968,0.0,0.008934269304403318,0.0,0.0019144862795149968,0.007019783024888321,0.0006381620931716656,0.0012763241863433313,0.0,0.0006381620931716656,0.0,0.003190810465858328,0.0025526483726866626,0.0006381620931716656,0.014677728142948309,0.058710912571793235,0.003190810465858328,0.0,0.0,0.003190810465858328,0.0038289725590299937,0.0012763241863433313,0.0019144862795149968,0.0,0.0,0.0012763241863433313,0.012125079770261647,0.0,0.006381620931716656,0.0,0.0006381620931716656,0.0,0.11869814932992981,0.0012763241863433313,0.0,0.0,0.0,0.11167836630504148,0.0006381620931716656,0.0006381620931716656,0.0,0.10082961072112316,0.00574345883854499,0.0,0.0012763241863433313,0.0,0.07211231652839821,0.0,0.0,0.0006381620931716656,0.0019144862795149968,0.0006381620931716656,0.006381620931716656,0.003190810465858328,0.07019783024888322,0.004467134652201659,0.0,0.10912571793235482,0.0006381620931716656,0.0006381620931716656,0.0006381620931716656
115,0.001189767995240928,0.000594883997620464,0.0,0.000594883997620464,0.0,0.001189767995240928,0.009518143961927425,0.015466983938132063,0.001784651992861392,0.0,0.0,0.006543723973825104,0.005353955978584176,0.001784651992861392,0.001784651992861392,0.0,0.001189767995240928,0.0,0.001189767995240928,0.10350981558596074,0.012492563950029744,0.000594883997620464,0.002379535990481856,0.001784651992861392,0.11838191552647234,0.005353955978584176,0.0,0.001784651992861392,0.002379535990481856,0.000594883997620464,0.000594883997620464,0.00297441998810232,0.0,0.00594883997620464,0.0,0.0,0.000594883997620464,0.001189767995240928,0.000594883997620464,0.0,0.012492563950029744,0.003569303985722784,0.001189767995240928,0.0,0.0,0.001189767995240928,0.003569303985722784,0.000594883997620464,0.0,0.006543723973825104,0.004759071980963712,0.001189767995240928,0.0,0.001189767995240928,0.06127305175490779,0.0,0.001189767995240928,0.001189767995240928,0.0,0.0,0.002379535990481856,0.004759071980963712,0.007138607971445568,0.001189767995240928,0.007138607971445568,0.0,0.00297441998810232,0.00594883997620464,0.004759071980963712,0.005353955978584176,0.007733491969066032,0.10945865556216537,0.0,0.005353955978584176,0.002379535990481856,0.00594883997620464,0.04759071980963712,0.007138607971445568,0.001784651992861392,0.0,0.04640095181439619,0.00594883997620464,0.014277215942891136,0.004164187983343248,0.000594883997620464,0.04045211183819155,0.004759071980963712,0.001784651992861392,0.004164187983343248,0.0,0.0,0.001784651992861392,0.002379535990481856,0.10886377156454491,0.001784651992861392,0.000594883997620464,0.1189767995240928,0.000594883997620464,0.001189767995240928,0.00297441998810232
116,0.004893964110929853,0.009787928221859706,0.004893964110929853,0.0,0.0,0.011419249592169658,0.0016313213703099511,0.0,0.0,0.008156606851549755,0.011419249592169658,0.01468189233278956,0.004893964110929853,0.02936378466557912,0.009787928221859706,0.011419249592169658,0.024469820554649267,0.0032626427406199023,0.0032626427406199023,0.04241435562805873,0.0,0.01631321370309951,0.0016313213703099511,0.01957585644371941,0.0,0.01794453507340946,0.01468189233278956,0.008156606851549755,0.0,0.0,0.0032626427406199023,0.004893964110929853,0.004893964110929853,0.004893964110929853,0.0,0.1370309951060359,0.0,0.0016313213703099511,0.0016313213703099511,0.04404567699836868,0.021207177814029365,0.008156606851549755,0.0,0.024469820554649267,0.008156606851549755,0.0065252854812398045,0.0,0.01794453507340946,0.0065252854812398045,0.011419249592169658,0.011419249592169658,0.011419249592169658,0.0065252854812398045,0.01468189233278956,0.008156606851549755,0.0032626427406199023,0.011419249592169658,0.0,0.009787928221859706,0.0,0.004893964110929853,0.0032626427406199023,0.0016313213703099511,0.004893964110929853,0.0016313213703099511,0.0065252854812398045,0.01794453507340946,0.009787928221859706,0.0032626427406199023,0.0016313213703099511,0.0,0.0032626427406199023,0.009787928221859706,0.0,0.011419249592169658,0.0032626427406199023,0.0,0.022838499184339316,0.0016313213703099511,0.009787928221859706,0.02936378466557912,0.03915171288743882,0.01794453507340946,0.0016313213703099511,0.004893964110929853,0.01631321370309951,0.01794453507340946,0.0,0.013050570962479609,0.02773246329526917,0.0,0.0,0.01468189233278956,0.0016313213703099511,0.0065252854812398045,0.01468189233278956,0.0032626427406199023,0.0,0.009787928221859706,0.0065252854812398045
117,0.037142857142857144,0.0,0.0,0.007142857142857143,0.012857142857142857,0.005714285714285714,0.004285714285714286,0.0014285714285714286,0.0014285714285714286,0.02142857142857143,0.015714285714285715,0.0014285714285714286,0.004285714285714286,0.03857142857142857,0.005714285714285714,0.004285714285714286,0.002857142857142857,0.0014285714285714286,0.06142857142857143,0.0014285714285714286,0.0014285714285714286,0.02,0.04428571428571428,0.0,0.005714285714285714,0.0,0.0,0.005714285714285714,0.017142857142857144,0.01,0.008571428571428572,0.017142857142857144,0.017142857142857144,0.005714285714285714,0.004285714285714286,0.23,0.014285714285714285,0.0014285714285714286,0.008571428571428572,0.0,0.0,0.002857142857142857,0.002857142857142857,0.008571428571428572,0.0014285714285714286,0.012857142857142857,0.0,0.004285714285714286,0.004285714285714286,0.005714285714285714,0.005714285714285714,0.0,0.0,0.005714285714285714,0.008571428571428572,0.01,0.0014285714285714286,0.011428571428571429,0.005714285714285714,0.0,0.007142857142857143,0.0,0.005714285714285714,0.0,0.0,0.0014285714285714286,0.002857142857142857,0.02,0.0,0.0014285714285714286,0.0,0.002857142857142857,0.007142857142857143,0.0,0.027142857142857142,0.0,0.008571428571428572,0.0,0.007142857142857143,0.012857142857142857,0.04285714285714286,0.014285714285714285,0.002857142857142857,0.0,0.005714285714285714,0.0014285714285714286,0.011428571428571429,0.015714285714285715,0.03571428571428571,0.0,0.0014285714285714286,0.0,0.005714285714285714,0.0,0.017142857142857144,0.002857142857142857,0.0,0.004285714285714286,0.0014285714285714286,0.0014285714285714286
118,0.024242424242424242,0.0,0.00909090909090909,0.006060606060606061,0.004545454545454545,0.0,0.0,0.004545454545454545,0.004545454545454545,0.02727272727272727,0.0,0.00909090909090909,0.00909090909090909,0.004545454545454545,0.02878787878787879,0.006060606060606061,0.0015151515151515152,0.007575757575757576,0.0015151515151515152,0.0,0.0,0.0,0.02727272727272727,0.012121212121212121,0.013636363636363636,0.0015151515151515152,0.004545454545454545,0.012121212121212121,0.0030303030303030303,0.0,0.0,0.004545454545454545,0.0,0.010606060606060607,0.0,0.2590909090909091,0.03939393939393939,0.004545454545454545,0.0,0.0,0.03484848484848485,0.022727272727272728,0.0,0.0,0.0,0.0015151515151515152,0.006060606060606061,0.004545454545454545,0.0015151515151515152,0.007575757575757576,0.01818181818181818,0.0,0.0030303030303030303,0.0,0.006060606060606061,0.02727272727272727,0.015151515151515152,0.0030303030303030303,0.0030303030303030303,0.05757575757575758,0.0,0.007575757575757576,0.0030303030303030303,0.0,0.0,0.0015151515151515152,0.013636363636363636,0.0,0.0030303030303030303,0.0015151515151515152,0.00909090909090909,0.031818181818181815,0.0,0.006060606060606061,0.00909090909090909,0.004545454545454545,0.00909090909090909,0.007575757575757576,0.0015151515151515152,0.00909090909090909,0.016666666666666666,0.012121212121212121,0.0015151515151515152,0.0030303030303030303,0.00909090909090909,0.0015151515151515152,0.0015151515151515152,0.0015151515151515152,0.006060606060606061,0.007575757575757576,0.021212121212121213,0.0,0.004545454545454545,0.0015151515151515152,0.006060606060606061,0.006060606060606061,0.019696969696969695,0.007575757575757576,0.0015151515151515152,0.0
119,0.0018315018315018315,0.014652014652014652,0.005494505494505495,0.0,0.018315018315018316,0.0018315018315018315,0.005494505494505495,0.01098901098901099,0.005494505494505495,0.01282051282051282,0.0018315018315018315,0.0,0.0018315018315018315,0.01282051282051282,0.0,0.0018315018315018315,0.0,0.0,0.0,0.005494505494505495,0.0018315018315018315,0.031135531135531136,0.0,0.003663003663003663,0.0,0.0018315018315018315,0.0,0.0018315018315018315,0.005494505494505495,0.0,0.020146520146520148,0.0,0.0018315018315018315,0.005494505494505495,0.01098901098901099,0.2692307692307692,0.0,0.03296703296703297,0.0018315018315018315,0.007326007326007326,0.018315018315018316,0.0018315018315018315,0.0,0.003663003663003663,0.0018315018315018315,0.0,0.0,0.003663003663003663,0.014652014652014652,0.020146520146520148,0.03663003663003663,0.0018315018315018315,0.005494505494505495,0.018315018315018316,0.005494505494505495,0.003663003663003663,0.007326007326007326,0.007326007326007326,0.0,0.0,0.0,0.0,0.003663003663003663,0.01098901098901099,0.009157509157509158,0.005494505494505495,0.0,0.0,0.003663003663003663,0.031135531135531136,0.009157509157509158,0.003663003663003663,0.0,0.0,0.007326007326007326,0.020146520146520148,0.007326007326007326,0.01282051282051282,0.0018315018315018315,0.005494505494505495,0.0018315018315018315,0.003663003663003663,0.018315018315018316,0.027472527472527472,0.009157509157509158,0.0018315018315018315,0.005494505494505495,0.0,0.016483516483516484,0.0,0.005494505494505495,0.003663003663003663,0.003663003663003663,0.0,0.027472527472527472,0.029304029304029304,0.03296703296703297,0.01098901098901099,0.018315018315018316,0.005494505494505495
120,0.012612612612612612,0.0,0.007207207207207207,0.009009009009009009,0.0036036036036036037,0.03423423423423423,0.018018018018018018,0.0018018018018018018,0.0018018018018018018,0.0,0.007207207207207207,0.012612612612612612,0.032432432432432434,0.016216216216216217,0.0018018018018018018,0.012612612612612612,0.005405405405405406,0.009009009009009009,0.0036036036036036037,0.009009009009009009,0.02702702702702703,0.005405405405405406,0.007207207207207207,0.012612612612612612,0.0018018018018018018,0.0,0.016216216216216217,0.0,0.0018018018018018018,0.0036036036036036037,0.0018018018018018018,0.0018018018018018018,0.0018018018018018018,0.005405405405405406,0.0,0.1945945945945946,0.0036036036036036037,0.023423423423423424,0.04864864864864865,0.0,0.014414414414414415,0.0,0.0036036036036036037,0.010810810810810811,0.014414414414414415,0.0,0.0036036036036036037,0.0036036036036036037,0.01981981981981982,0.02702702702702703,0.0018018018018018018,0.0018018018018018018,0.02702702702702703,0.018018018018018018,0.016216216216216217,0.0,0.0036036036036036037,0.0,0.005405405405405406,0.0,0.016216216216216217,0.016216216216216217,0.005405405405405406,0.005405405405405406,0.0036036036036036037,0.0,0.0,0.03423423423423423,0.007207207207207207,0.0036036036036036037,0.007207207207207207,0.0,0.0,0.0,0.0,0.0,0.012612612612612612,0.01981981981981982,0.005405405405405406,0.007207207207207207,0.014414414414414415,0.005405405405405406,0.0,0.0018018018018018018,0.0036036036036036037,0.021621621621621623,0.0,0.009009009009009009,0.007207207207207207,0.0018018018018018018,0.0,0.009009009009009009,0.0,0.018018018018018018,0.005405405405405406,0.009009009009009009,0.0,0.023423423423423424,0.0,0.0
121,0.0022222222222222222,0.02666666666666667,0.0044444444444444444,0.0044444444444444444,0.006666666666666667,0.008888888888888889,0.015555555555555555,0.008888888888888889,0.0,0.02,0.0022222222222222222,0.0044444444444444444,0.04,0.0044444444444444444,0.0,0.03333333333333333,0.0,0.03111111111111111,0.0,0.02666666666666667,0.011111111111111112,0.0022222222222222222,0.0,0.0,0.0044444444444444444,0.0022222222222222222,0.006666666666666667,0.0022222222222222222,0.03111111111111111,0.017777777777777778,0.02,0.006666666666666667,0.0,0.0,0.015555555555555555,0.23777777777777778,0.0,0.0044444444444444444,0.006666666666666667,0.0044444444444444444,0.0022222222222222222,0.0022222222222222222,0.011111111111111112,0.0,0.006666666666666667,0.0044444444444444444,0.0,0.015555555555555555,0.0044444444444444444,0.006666666666666667,0.006666666666666667,0.0,0.0,0.0,0.0,0.0,0.013333333333333334,0.008888888888888889,0.006666666666666667,0.0,0.0044444444444444444,0.006666666666666667,0.0,0.015555555555555555,0.0022222222222222222,0.0044444444444444444,0.0022222222222222222,0.011111111111111112,0.006666666666666667,0.011111111111111112,0.006666666666666667,0.0044444444444444444,0.0,0.0044444444444444444,0.0,0.0,0.0,0.03777777777777778,0.006666666666666667,0.006666666666666667,0.02666666666666667,0.0,0.0044444444444444444,0.011111111111111112,0.0022222222222222222,0.006666666666666667,0.006666666666666667,0.0,0.0044444444444444444,0.022222222222222223,0.0044444444444444444,0.0022222222222222222,0.0044444444444444444,0.0022222222222222222,0.0022222222222222222,0.0022222222222222222,0.011111111111111112,0.011111111111111112,0.0,0.042222222222222223
122,0.003745318352059925,0.02247191011235955,0.0056179775280898875,0.0,0.0149812734082397,0.0018726591760299626,0.003745318352059925,0.003745318352059925,0.009363295880149813,0.00749063670411985,0.0,0.02247191011235955,0.0,0.0,0.0149812734082397,0.020599250936329586,0.011235955056179775,0.0,0.0149812734082397,0.003745318352059925,0.003745318352059925,0.0,0.0018726591760299626,0.0056179775280898875,0.035580524344569285,0.0056179775280898875,0.018726591760299626,0.003745318352059925,0.0018726591760299626,0.0,0.003745318352059925,0.0018726591760299626,0.020599250936329586,0.0056179775280898875,0.0,0.34831460674157305,0.0018726591760299626,0.013108614232209739,0.00749063670411985,0.00749063670411985,0.0018726591760299626,0.003745318352059925,0.0,0.0018726591760299626,0.016853932584269662,0.0,0.0018726591760299626,0.0,0.0,0.003745318352059925,0.0018726591760299626,0.009363295880149813,0.013108614232209739,0.0,0.0,0.0018726591760299626,0.003745318352059925,0.00749063670411985,0.0,0.009363295880149813,0.033707865168539325,0.003745318352059925,0.0,0.0,0.0018726591760299626,0.024344569288389514,0.003745318352059925,0.0149812734082397,0.0,0.009363295880149813,0.0,0.003745318352059925,0.013108614232209739,0.003745318352059925,0.020599250936329586,0.0,0.0,0.003745318352059925,0.009363295880149813,0.016853932584269662,0.0,0.0056179775280898875,0.003745318352059925,0.0056179775280898875,0.0149812734082397,0.0056179775280898875,0.009363295880149813,0.0056179775280898875,0.00749063670411985,0.0,0.00749063670411985,0.0,0.0018726591760299626,0.0,0.0,0.013108614232209739,0.0018726591760299626,0.0,0.0299625468164794,0.0
123,0.005145797598627788,0.012006861063464836,0.036020583190394515,0.0017152658662092624,0.015437392795883362,0.018867924528301886,0.0137221269296741,0.0274442538593482,0.0,0.0017152658662092624,0.008576329331046312,0.0,0.012006861063464836,0.003430531732418525,0.03430531732418525,0.017152658662092625,0.0,0.0017152658662092624,0.0,0.0017152658662092624,0.012006861063464836,0.03945111492281304,0.0,0.005145797598627788,0.02058319039451115,0.0,0.0,0.008576329331046312,0.005145797598627788,0.0,0.0,0.005145797598627788,0.0,0.0017152658662092624,0.008576329331046312,0.13893653516295026,0.0137221269296741,0.02058319039451115,0.008576329331046312,0.018867924528301886,0.0,0.010291595197255575,0.005145797598627788,0.00686106346483705,0.005145797598627788,0.0137221269296741,0.015437392795883362,0.0,0.0017152658662092624,0.0137221269296741,0.0,0.0137221269296741,0.003430531732418525,0.0,0.0,0.0017152658662092624,0.015437392795883362,0.012006861063464836,0.024013722126929673,0.012006861063464836,0.003430531732418525,0.010291595197255575,0.0,0.008576329331046312,0.003430531732418525,0.010291595197255575,0.008576329331046312,0.00686106346483705,0.0017152658662092624,0.0,0.0,0.0274442538593482,0.0,0.025728987993138937,0.0017152658662092624,0.0,0.003430531732418525,0.008576329331046312,0.0,0.0,0.0137221269296741,0.024013722126929673,0.0,0.0,0.0,0.00686106346483705,0.0,0.0,0.010291595197255575,0.010291595197255575,0.0,0.0,0.005145797598627788,0.010291595197255575,0.0017152658662092624,0.0017152658662092624,0.08576329331046312,0.0137221269296741,0.022298456260720412,0.0017152658662092624
124,0.02882882882882883,0.0018018018018018018,0.032432432432432434,0.0036036036036036037,0.0,0.0,0.01981981981981982,0.016216216216216217,0.0018018018018018018,0.0036036036036036037,0.0,0.010810810810810811,0.016216216216216217,0.009009009009009009,0.0018018018018018018,0.007207207207207207,0.012612612612612612,0.007207207207207207,0.0,0.018018018018018018,0.014414414414414415,0.0018018018018018018,0.0036036036036036037,0.007207207207207207,0.0,0.0,0.007207207207207207,0.02702702702702703,0.023423423423423424,0.0,0.0,0.018018018018018018,0.005405405405405406,0.007207207207207207,0.0036036036036036037,0.14774774774774774,0.005405405405405406,0.018018018018018018,0.025225225225225224,0.0018018018018018018,0.007207207207207207,0.0,0.0018018018018018018,0.016216216216216217,0.012612612612612612,0.018018018018018018,0.0,0.005405405405405406,0.0,0.005405405405405406,0.018018018018018018,0.023423423423423424,0.005405405405405406,0.0036036036036036037,0.0018018018018018018,0.018018018018018018,0.0,0.0018018018018018018,0.0,0.023423423423423424,0.012612612612612612,0.005405405405405406,0.04144144144144144,0.007207207207207207,0.0036036036036036037,0.007207207207207207,0.012612612612612612,0.0036036036036036037,0.0036036036036036037,0.007207207207207207,0.0,0.02702702702702703,0.007207207207207207,0.018018018018018018,0.014414414414414415,0.0036036036036036037,0.0036036036036036037,0.0036036036036036037,0.009009009009009009,0.0,0.0,0.0018018018018018018,0.012612612612612612,0.009009009009009009,0.009009009009009009,0.018018018018018018,0.0036036036036036037,0.009009009009009009,0.0,0.0036036036036036037,0.014414414414414415,0.0,0.012612612612612612,0.0036036036036036037,0.0,0.01981981981981982,0.007207207207207207,0.0018018018018018018,0.012612612612612612,0.0
125,0.0017123287671232876,0.003424657534246575,0.0017123287671232876,0.0,0.005136986301369863,0.017123287671232876,0.003424657534246575,0.0,0.011986301369863013,0.0,0.0,0.0,0.0,0.017123287671232876,0.02054794520547945,0.008561643835616438,0.0,0.011986301369863013,0.0,0.0,0.0,0.0136986301369863,0.0017123287671232876,0.0,0.003424657534246575,0.0017123287671232876,0.0017123287671232876,0.0,0.0017123287671232876,0.0,0.005136986301369863,0.017123287671232876,0.0,0.0017123287671232876,0.0,0.2534246575342466,0.025684931506849314,0.023972602739726026,0.030821917808219176,0.005136986301369863,0.008561643835616438,0.0017123287671232876,0.00684931506849315,0.008561643835616438,0.0017123287671232876,0.003424657534246575,0.0,0.0,0.005136986301369863,0.005136986301369863,0.00684931506849315,0.008561643835616438,0.023972602739726026,0.0,0.06678082191780822,0.008561643835616438,0.0,0.0,0.010273972602739725,0.02054794520547945,0.011986301369863013,0.0,0.0,0.018835616438356163,0.0,0.010273972602739725,0.0,0.005136986301369863,0.005136986301369863,0.0017123287671232876,0.03767123287671233,0.00684931506849315,0.015410958904109588,0.0017123287671232876,0.02910958904109589,0.0017123287671232876,0.0,0.0,0.010273972602739725,0.005136986301369863,0.0,0.0,0.02226027397260274,0.00684931506849315,0.0,0.008561643835616438,0.008561643835616438,0.017123287671232876,0.003424657534246575,0.005136986301369863,0.010273972602739725,0.04452054794520548,0.0136986301369863,0.0017123287671232876,0.0017123287671232876,0.018835616438356163,0.0,0.0,0.0,0.0
126,0.004464285714285714,0.011160714285714286,0.0,0.008928571428571428,0.0,0.0,0.03794642857142857,0.002232142857142857,0.008928571428571428,0.002232142857142857,0.006696428571428571,0.002232142857142857,0.022321428571428572,0.0,0.022321428571428572,0.004464285714285714,0.006696428571428571,0.008928571428571428,0.046875,0.002232142857142857,0.033482142857142856,0.024553571428571428,0.0,0.004464285714285714,0.0,0.002232142857142857,0.011160714285714286,0.015625,0.002232142857142857,0.0,0.004464285714285714,0.004464285714285714,0.008928571428571428,0.008928571428571428,0.002232142857142857,0.23214285714285715,0.002232142857142857,0.017857142857142856,0.013392857142857142,0.004464285714285714,0.008928571428571428,0.004464285714285714,0.029017857142857144,0.033482142857142856,0.002232142857142857,0.0,0.0,0.0,0.002232142857142857,0.0,0.024553571428571428,0.0,0.0,0.002232142857142857,0.004464285714285714,0.0,0.006696428571428571,0.0,0.0,0.05357142857142857,0.0,0.0,0.004464285714285714,0.002232142857142857,0.006696428571428571,0.0,0.008928571428571428,0.002232142857142857,0.002232142857142857,0.0,0.0,0.0,0.0,0.026785714285714284,0.002232142857142857,0.006696428571428571,0.002232142857142857,0.004464285714285714,0.017857142857142856,0.04241071428571429,0.0,0.002232142857142857,0.004464285714285714,0.004464285714285714,0.011160714285714286,0.004464285714285714,0.004464285714285714,0.0,0.0,0.0,0.011160714285714286,0.006696428571428571,0.006696428571428571,0.006696428571428571,0.004464285714285714,0.015625,0.0,0.006696428571428571,0.015625,0.002232142857142857
127,0.0,0.0015360983102918587,0.004608294930875576,0.007680491551459293,0.0015360983102918587,0.030721966205837174,0.0,0.004608294930875576,0.0015360983102918587,0.030721966205837174,0.0,0.013824884792626729,0.03225806451612903,0.030721966205837174,0.0015360983102918587,0.0,0.0030721966205837174,0.0015360983102918587,0.0030721966205837174,0.006144393241167435,0.0,0.02457757296466974,0.0,0.0015360983102918587,0.0,0.0,0.007680491551459293,0.0,0.026113671274961597,0.019969278033794162,0.004608294930875576,0.006144393241167435,0.01228878648233487,0.0,0.013824884792626729,0.2626728110599078,0.01228878648233487,0.021505376344086023,0.004608294930875576,0.01228878648233487,0.0030721966205837174,0.018433179723502304,0.03225806451612903,0.009216589861751152,0.004608294930875576,0.0,0.0,0.0030721966205837174,0.029185867895545316,0.0,0.0,0.007680491551459293,0.007680491551459293,0.009216589861751152,0.0,0.0,0.0030721966205837174,0.0,0.027649769585253458,0.0,0.0,0.0030721966205837174,0.0,0.007680491551459293,0.0,0.0015360983102918587,0.0,0.0,0.004608294930875576,0.0,0.0,0.0,0.027649769585253458,0.0030721966205837174,0.004608294930875576,0.0,0.016897081413210446,0.0,0.0015360983102918587,0.0030721966205837174,0.0,0.0,0.05683563748079877,0.0015360983102918587,0.018433179723502304,0.0,0.0,0.0,0.0030721966205837174,0.0,0.02304147465437788,0.0030721966205837174,0.029185867895545316,0.0,0.009216589861751152,0.0015360983102918587,0.006144393241167435,0.010752688172043012,0.0030721966205837174,0.0
128,0.0034423407917383822,0.0017211703958691911,0.024096385542168676,0.0051635111876075735,0.0,0.0189328743545611,0.0034423407917383822,0.0051635111876075735,0.0068846815834767644,0.010327022375215147,0.012048192771084338,0.0017211703958691911,0.01721170395869191,0.0017211703958691911,0.0017211703958691911,0.0189328743545611,0.0051635111876075735,0.0,0.020654044750430294,0.01721170395869191,0.0189328743545611,0.0017211703958691911,0.0017211703958691911,0.0,0.0068846815834767644,0.0051635111876075735,0.0,0.008605851979345954,0.0034423407917383822,0.0017211703958691911,0.020654044750430294,0.0,0.0,0.010327022375215147,0.0017211703958691911,0.2943201376936317,0.013769363166953529,0.008605851979345954,0.0,0.0034423407917383822,0.008605851979345954,0.0068846815834767644,0.01721170395869191,0.0017211703958691911,0.01721170395869191,0.0068846815834767644,0.0,0.0017211703958691911,0.024096385542168676,0.0017211703958691911,0.008605851979345954,0.0,0.013769363166953529,0.0068846815834767644,0.0068846815834767644,0.0068846815834767644,0.008605851979345954,0.0068846815834767644,0.01721170395869191,0.0,0.0068846815834767644,0.0017211703958691911,0.0,0.0,0.029259896729776247,0.0068846815834767644,0.0,0.0051635111876075735,0.0,0.0017211703958691911,0.0051635111876075735,0.0068846815834767644,0.010327022375215147,0.008605851979345954,0.0017211703958691911,0.0,0.0068846815834767644,0.03098106712564544,0.0017211703958691911,0.0,0.008605851979345954,0.008605851979345954,0.03098106712564544,0.0017211703958691911,0.0017211703958691911,0.0051635111876075735,0.0,0.0,0.0,0.0017211703958691911,0.0034423407917383822,0.0,0.0,0.0034423407917383822,0.0,0.0,0.027538726333907058,0.01721170395869191,0.020654044750430294,0.0068846815834767644
129,0.0032733224222585926,0.0,0.004909983633387889,0.0016366612111292963,0.0032733224222585926,0.016366612111292964,0.024549918166939442,0.011456628477905073,0.0016366612111292963,0.004909983633387889,0.0032733224222585926,0.0,0.011456628477905073,0.0,0.0032733224222585926,0.004909983633387889,0.0,0.004909983633387889,0.0016366612111292963,0.0,0.0016366612111292963,0.02127659574468085,0.0016366612111292963,0.004909983633387889,0.03927986906710311,0.022913256955810146,0.01800327332242226,0.01800327332242226,0.02127659574468085,0.0,0.016366612111292964,0.024549918166939442,0.0016366612111292963,0.0,0.01309328968903437,0.3191489361702128,0.0,0.0032733224222585926,0.0016366612111292963,0.006546644844517185,0.0032733224222585926,0.0032733224222585926,0.0,0.0,0.0016366612111292963,0.0,0.0,0.0016366612111292963,0.009819967266775777,0.014729950900163666,0.0,0.011456628477905073,0.0032733224222585926,0.0,0.0016366612111292963,0.01309328968903437,0.0016366612111292963,0.0,0.0,0.0,0.006546644844517185,0.011456628477905073,0.0032733224222585926,0.01309328968903437,0.029459901800327332,0.009819967266775777,0.0032733224222585926,0.0016366612111292963,0.0032733224222585926,0.0016366612111292963,0.008183306055646482,0.004909983633387889,0.0,0.011456628477905073,0.01309328968903437,0.03273322422258593,0.0016366612111292963,0.0016366612111292963,0.0,0.006546644844517185,0.004909983633387889,0.0016366612111292963,0.008183306055646482,0.03436988543371522,0.0016366612111292963,0.0016366612111292963,0.011456628477905073,0.0,0.019639934533551555,0.0032733224222585926,0.0,0.0,0.0032733224222585926,0.008183306055646482,0.009819967266775777,0.0,0.0,0.0,0.009819967266775777,0.016366612111292964
130,0.013888888888888888,0.001736111111111111,0.015625,0.003472222222222222,0.0,0.020833333333333332,0.03298611111111111,0.012152777777777778,0.006944444444444444,0.008680555555555556,0.003472222222222222,0.001736111111111111,0.001736111111111111,0.008680555555555556,0.003472222222222222,0.0,0.013888888888888888,0.001736111111111111,0.0,0.006944444444444444,0.0,0.0,0.001736111111111111,0.003472222222222222,0.001736111111111111,0.0,0.046875,0.003472222222222222,0.013888888888888888,0.027777777777777776,0.006944444444444444,0.001736111111111111,0.015625,0.001736111111111111,0.005208333333333333,0.21354166666666666,0.003472222222222222,0.001736111111111111,0.008680555555555556,0.0,0.0,0.001736111111111111,0.0,0.001736111111111111,0.003472222222222222,0.001736111111111111,0.0,0.012152777777777778,0.019097222222222224,0.001736111111111111,0.017361111111111112,0.001736111111111111,0.027777777777777776,0.001736111111111111,0.013888888888888888,0.006944444444444444,0.003472222222222222,0.026041666666666668,0.012152777777777778,0.012152777777777778,0.05381944444444445,0.005208333333333333,0.001736111111111111,0.013888888888888888,0.0,0.001736111111111111,0.005208333333333333,0.0,0.005208333333333333,0.012152777777777778,0.001736111111111111,0.006944444444444444,0.003472222222222222,0.003472222222222222,0.024305555555555556,0.0,0.0,0.013888888888888888,0.027777777777777776,0.0,0.005208333333333333,0.001736111111111111,0.0,0.015625,0.0,0.015625,0.003472222222222222,0.006944444444444444,0.022569444444444444,0.0,0.015625,0.0,0.001736111111111111,0.006944444444444444,0.0,0.003472222222222222,0.017361111111111112,0.022569444444444444,0.0,0.0
131,0.0,0.0038860103626943004,0.011658031088082901,0.0012953367875647669,0.0025906735751295338,0.006476683937823834,0.007772020725388601,0.006476683937823834,0.0012953367875647669,0.0051813471502590676,0.010362694300518135,0.03626943005181347,0.018134715025906734,0.0,0.009067357512953367,0.011658031088082901,0.015544041450777202,0.03238341968911917,0.0,0.010362694300518135,0.0025906735751295338,0.0038860103626943004,0.0051813471502590676,0.0038860103626943004,0.012953367875647668,0.0,0.007772020725388601,0.0012953367875647669,0.023316062176165803,0.0012953367875647669,0.038860103626943004,0.027202072538860103,0.022020725388601035,0.018134715025906734,0.02461139896373057,0.18652849740932642,0.014248704663212436,0.007772020725388601,0.007772020725388601,0.012953367875647668,0.0012953367875647669,0.0012953367875647669,0.019430051813471502,0.006476683937823834,0.007772020725388601,0.0,0.0012953367875647669,0.011658031088082901,0.0,0.0038860103626943004,0.0025906735751295338,0.0012953367875647669,0.007772020725388601,0.0025906735751295338,0.0,0.006476683937823834,0.0025906735751295338,0.0038860103626943004,0.009067357512953367,0.02849740932642487,0.0038860103626943004,0.0012953367875647669,0.0038860103626943004,0.0051813471502590676,0.0,0.0025906735751295338,0.006476683937823834,0.0,0.0,0.0038860103626943004,0.0051813471502590676,0.0,0.015544041450777202,0.006476683937823834,0.0,0.0,0.0038860103626943004,0.0025906735751295338,0.0,0.0012953367875647669,0.0,0.027202072538860103,0.0,0.006476683937823834,0.0025906735751295338,0.011658031088082901,0.009067357512953367,0.007772020725388601,0.011658031088082901,0.0012953367875647669,0.0,0.0038860103626943004,0.027202072538860103,0.0038860103626943004,0.011658031088082901,0.07253886010362694,0.0038860103626943004,0.0012953367875647669,0.0012953367875647669,0.0038860103626943004
132,0.0,0.0017064846416382253,0.010238907849829351,0.0017064846416382253,0.005119453924914676,0.005119453924914676,0.0034129692832764505,0.005119453924914676,0.017064846416382253,0.013651877133105802,0.017064846416382253,0.027303754266211604,0.0017064846416382253,0.011945392491467578,0.005119453924914676,0.017064846416382253,0.027303754266211604,0.008532423208191127,0.0,0.010238907849829351,0.027303754266211604,0.0,0.0034129692832764505,0.0,0.0,0.008532423208191127,0.0017064846416382253,0.0,0.0034129692832764505,0.008532423208191127,0.0017064846416382253,0.005119453924914676,0.011945392491467578,0.01877133105802048,0.006825938566552901,0.17918088737201365,0.03583617747440273,0.0034129692832764505,0.0017064846416382253,0.006825938566552901,0.005119453924914676,0.011945392491467578,0.010238907849829351,0.005119453924914676,0.010238907849829351,0.005119453924914676,0.010238907849829351,0.0034129692832764505,0.03754266211604096,0.03583617747440273,0.0,0.0017064846416382253,0.008532423208191127,0.011945392491467578,0.0,0.0034129692832764505,0.006825938566552901,0.010238907849829351,0.0034129692832764505,0.0,0.008532423208191127,0.0,0.006825938566552901,0.0017064846416382253,0.0034129692832764505,0.013651877133105802,0.032423208191126277,0.011945392491467578,0.011945392491467578,0.0034129692832764505,0.0017064846416382253,0.0017064846416382253,0.005119453924914676,0.0,0.025597269624573378,0.015358361774744027,0.005119453924914676,0.0,0.032423208191126277,0.008532423208191127,0.0,0.0,0.005119453924914676,0.005119453924914676,0.005119453924914676,0.010238907849829351,0.0,0.0017064846416382253,0.0034129692832764505,0.015358361774744027,0.006825938566552901,0.0017064846416382253,0.015358361774744027,0.005119453924914676,0.011945392491467578,0.0017064846416382253,0.010238907849829351,0.0,0.015358361774744027,0.0017064846416382253
133,0.001597444089456869,0.0,0.0,0.0,0.039936102236421724,0.007987220447284345,0.022364217252396165,0.001597444089456869,0.02875399361022364,0.011182108626198083,0.001597444089456869,0.007987220447284345,0.001597444089456869,0.004792332268370607,0.01757188498402556,0.0,0.003194888178913738,0.003194888178913738,0.022364217252396165,0.01597444089456869,0.0,0.02875399361022364,0.04153354632587859,0.012779552715654952,0.0,0.0,0.027156549520766772,0.011182108626198083,0.006389776357827476,0.006389776357827476,0.001597444089456869,0.01757188498402556,0.0,0.01437699680511182,0.001597444089456869,0.11661341853035144,0.003194888178913738,0.01597444089456869,0.003194888178913738,0.009584664536741214,0.001597444089456869,0.003194888178913738,0.004792332268370607,0.001597444089456869,0.001597444089456869,0.006389776357827476,0.001597444089456869,0.01757188498402556,0.003194888178913738,0.007987220447284345,0.0,0.0,0.025559105431309903,0.009584664536741214,0.004792332268370607,0.038338658146964855,0.006389776357827476,0.019169329073482427,0.001597444089456869,0.001597444089456869,0.01597444089456869,0.006389776357827476,0.01437699680511182,0.001597444089456869,0.01437699680511182,0.003194888178913738,0.0,0.003194888178913738,0.004792332268370607,0.025559105431309903,0.003194888178913738,0.022364217252396165,0.011182108626198083,0.003194888178913738,0.001597444089456869,0.01437699680511182,0.02875399361022364,0.001597444089456869,0.011182108626198083,0.023961661341853034,0.003194888178913738,0.006389776357827476,0.003194888178913738,0.003194888178913738,0.001597444089456869,0.007987220447284345,0.003194888178913738,0.0,0.003194888178913738,0.011182108626198083,0.027156549520766772,0.003194888178913738,0.009584664536741214,0.001597444089456869,0.01757188498402556,0.007987220447284345,0.004792332268370607,0.001597444089456869,0.001597444089456869,0.004792332268370607
134,0.001644736842105263,0.02631578947368421,0.03125,0.001644736842105263,0.001644736842105263,0.004934210526315789,0.001644736842105263,0.0,0.014802631578947368,0.0,0.02138157894736842,0.02631578947368421,0.03453947368421053,0.003289473684210526,0.003289473684210526,0.0,0.006578947368421052,0.023026315789473683,0.0,0.011513157894736841,0.014802631578947368,0.01644736842105263,0.019736842105263157,0.0,0.0,0.003289473684210526,0.02631578947368421,0.03453947368421053,0.0,0.013157894736842105,0.018092105263157895,0.0,0.003289473684210526,0.009868421052631578,0.014802631578947368,0.17598684210526316,0.008223684210526315,0.003289473684210526,0.004934210526315789,0.008223684210526315,0.001644736842105263,0.001644736842105263,0.044407894736842105,0.013157894736842105,0.03453947368421053,0.001644736842105263,0.018092105263157895,0.0,0.004934210526315789,0.003289473684210526,0.008223684210526315,0.001644736842105263,0.009868421052631578,0.004934210526315789,0.0,0.003289473684210526,0.009868421052631578,0.0,0.013157894736842105,0.0,0.0,0.03289473684210526,0.023026315789473683,0.0,0.0,0.0,0.009868421052631578,0.008223684210526315,0.001644736842105263,0.003289473684210526,0.0,0.0,0.008223684210526315,0.0,0.0,0.004934210526315789,0.02631578947368421,0.001644736842105263,0.001644736842105263,0.011513157894736841,0.003289473684210526,0.0,0.023026315789473683,0.003289473684210526,0.0,0.003289473684210526,0.003289473684210526,0.011513157894736841,0.003289473684210526,0.0,0.004934210526315789,0.0,0.003289473684210526,0.014802631578947368,0.003289473684210526,0.013157894736842105,0.0,0.0,0.0,0.013157894736842105
135,0.0016366612111292963,0.029459901800327332,0.0032733224222585926,0.0,0.006546644844517185,0.009819967266775777,0.0032733224222585926,0.0032733224222585926,0.0,0.02127659574468085,0.006546644844517185,0.0016366612111292963,0.0032733224222585926,0.0,0.03764320785597381,0.014729950900163666,0.0,0.0016366612111292963,0.009819967266775777,0.0016366612111292963,0.014729950900163666,0.008183306055646482,0.009819967266775777,0.011456628477905073,0.004909983633387889,0.0,0.0,0.014729950900163666,0.029459901800327332,0.0016366612111292963,0.02618657937806874,0.004909983633387889,0.006546644844517185,0.004909983633387889,0.0032733224222585926,0.19148936170212766,0.0016366612111292963,0.016366612111292964,0.014729950900163666,0.03927986906710311,0.0,0.0016366612111292963,0.0,0.004909983633387889,0.0,0.008183306055646482,0.0016366612111292963,0.008183306055646482,0.009819967266775777,0.004909983633387889,0.03273322422258593,0.008183306055646482,0.0016366612111292963,0.0032733224222585926,0.0016366612111292963,0.0016366612111292963,0.004909983633387889,0.0016366612111292963,0.0032733224222585926,0.011456628477905073,0.058919803600654665,0.0,0.01309328968903437,0.0016366612111292963,0.0,0.0016366612111292963,0.0,0.0032733224222585926,0.01800327332242226,0.0032733224222585926,0.011456628477905073,0.0,0.004909983633387889,0.0,0.0016366612111292963,0.0,0.006546644844517185,0.019639934533551555,0.019639934533551555,0.008183306055646482,0.008183306055646482,0.008183306055646482,0.008183306055646482,0.022913256955810146,0.008183306055646482,0.0032733224222585926,0.006546644844517185,0.009819967266775777,0.0032733224222585926,0.0,0.0,0.0016366612111292963,0.0,0.022913256955810146,0.004909983633387889,0.006546644844517185,0.006546644844517185,0.006546644844517185,0.004909983633387889,0.02618657937806874
136,0.0,0.006872852233676976,0.006872852233676976,0.012027491408934709,0.005154639175257732,0.0,0.0,0.0,0.0,0.012027491408934709,0.001718213058419244,0.003436426116838488,0.03951890034364261,0.027491408934707903,0.001718213058419244,0.003436426116838488,0.003436426116838488,0.003436426116838488,0.015463917525773196,0.001718213058419244,0.0,0.005154639175257732,0.012027491408934709,0.0,0.0,0.001718213058419244,0.003436426116838488,0.003436426116838488,0.012027491408934709,0.006872852233676976,0.0,0.0,0.005154639175257732,0.03264604810996564,0.0,0.23367697594501718,0.00859106529209622,0.001718213058419244,0.005154639175257732,0.003436426116838488,0.0,0.0,0.003436426116838488,0.03436426116838488,0.0,0.0,0.0,0.001718213058419244,0.012027491408934709,0.001718213058419244,0.003436426116838488,0.001718213058419244,0.0,0.00859106529209622,0.0,0.006872852233676976,0.0429553264604811,0.001718213058419244,0.0,0.044673539518900345,0.03608247422680412,0.006872852233676976,0.012027491408934709,0.003436426116838488,0.010309278350515464,0.003436426116838488,0.012027491408934709,0.00859106529209622,0.0,0.0,0.001718213058419244,0.0,0.001718213058419244,0.001718213058419244,0.018900343642611683,0.00859106529209622,0.0,0.03436426116838488,0.003436426116838488,0.02577319587628866,0.0429553264604811,0.0,0.001718213058419244,0.001718213058419244,0.012027491408934709,0.001718213058419244,0.022336769759450172,0.015463917525773196,0.001718213058419244,0.0,0.003436426116838488,0.003436426116838488,0.0,0.022336769759450172,0.003436426116838488,0.0,0.012027491408934709,0.00859106529209622,0.0,0.015463917525773196
137,0.0031397174254317113,0.0,0.009419152276295133,0.0015698587127158557,0.012558869701726845,0.0031397174254317113,0.012558869701726845,0.009419152276295133,0.01098901098901099,0.0031397174254317113,0.007849293563579277,0.03610675039246468,0.0,0.0,0.007849293563579277,0.006279434850863423,0.007849293563579277,0.0031397174254317113,0.009419152276295133,0.004709576138147566,0.009419152276295133,0.0,0.0031397174254317113,0.0031397174254317113,0.0141287284144427,0.007849293563579277,0.023547880690737835,0.009419152276295133,0.01098901098901099,0.006279434850863423,0.0,0.007849293563579277,0.0015698587127158557,0.0031397174254317113,0.0015698587127158557,0.28414442700156983,0.0015698587127158557,0.0031397174254317113,0.0,0.018838304552590265,0.0031397174254317113,0.0,0.0141287284144427,0.0031397174254317113,0.009419152276295133,0.01726844583987441,0.01726844583987441,0.0141287284144427,0.0,0.0031397174254317113,0.0,0.023547880690737835,0.004709576138147566,0.006279434850863423,0.004709576138147566,0.009419152276295133,0.02040816326530612,0.0,0.01726844583987441,0.004709576138147566,0.03924646781789639,0.0,0.0,0.01098901098901099,0.01726844583987441,0.0031397174254317113,0.0,0.0,0.006279434850863423,0.0031397174254317113,0.0031397174254317113,0.0,0.0,0.0015698587127158557,0.007849293563579277,0.0,0.0031397174254317113,0.004709576138147566,0.018838304552590265,0.01098901098901099,0.0031397174254317113,0.0015698587127158557,0.0,0.0,0.004709576138147566,0.0015698587127158557,0.004709576138147566,0.0,0.0015698587127158557,0.0,0.004709576138147566,0.0141287284144427,0.0,0.004709576138147566,0.007849293563579277,0.0141287284144427,0.004709576138147566,0.04709576138147567,0.0,0.023547880690737835
138,0.0074962518740629685,0.0029985007496251873,0.0,0.010494752623688156,0.005997001499250375,0.010494752623688156,0.0,0.0074962518740629685,0.01199400299850075,0.004497751124437781,0.004497751124437781,0.019490254872563718,0.010494752623688156,0.0029985007496251873,0.0,0.0,0.017991004497751123,0.0,0.0014992503748125937,0.005997001499250375,0.0074962518740629685,0.013493253373313344,0.004497751124437781,0.014992503748125937,0.0029985007496251873,0.010494752623688156,0.004497751124437781,0.0,0.01649175412293853,0.010494752623688156,0.0014992503748125937,0.01649175412293853,0.005997001499250375,0.014992503748125937,0.0,0.2608695652173913,0.0,0.0014992503748125937,0.0,0.0029985007496251873,0.0014992503748125937,0.0014992503748125937,0.0,0.0029985007496251873,0.005997001499250375,0.0014992503748125937,0.03298350824587706,0.017991004497751123,0.0,0.0,0.0014992503748125937,0.004497751124437781,0.01199400299850075,0.004497751124437781,0.0014992503748125937,0.022488755622188907,0.025487256371814093,0.0029985007496251873,0.0,0.0,0.0,0.0014992503748125937,0.005997001499250375,0.01649175412293853,0.014992503748125937,0.017991004497751123,0.0,0.0,0.0,0.005997001499250375,0.019490254872563718,0.0029985007496251873,0.0,0.0,0.0014992503748125937,0.0014992503748125937,0.05697151424287856,0.0014992503748125937,0.01199400299850075,0.0014992503748125937,0.0014992503748125937,0.0029985007496251873,0.0,0.0,0.0029985007496251873,0.005997001499250375,0.0,0.004497751124437781,0.013493253373313344,0.022488755622188907,0.0,0.005997001499250375,0.0029985007496251873,0.035982008995502246,0.0074962518740629685,0.014992503748125937,0.06296851574212893,0.0,0.0014992503748125937,0.0
139,0.0,0.0,0.01929824561403509,0.010526315789473684,0.012280701754385965,0.021052631578947368,0.0,0.005263157894736842,0.0017543859649122807,0.021052631578947368,0.007017543859649123,0.007017543859649123,0.0035087719298245615,0.010526315789473684,0.014035087719298246,0.014035087719298246,0.0017543859649122807,0.015789473684210527,0.017543859649122806,0.017543859649122806,0.0017543859649122807,0.0,0.021052631578947368,0.02631578947368421,0.0,0.0,0.008771929824561403,0.014035087719298246,0.02456140350877193,0.005263157894736842,0.010526315789473684,0.005263157894736842,0.0035087719298245615,0.015789473684210527,0.0,0.20701754385964913,0.0017543859649122807,0.0035087719298245615,0.005263157894736842,0.02456140350877193,0.0017543859649122807,0.0017543859649122807,0.0,0.014035087719298246,0.007017543859649123,0.0,0.028070175438596492,0.0,0.014035087719298246,0.03333333333333333,0.028070175438596492,0.0,0.0017543859649122807,0.0,0.005263157894736842,0.0017543859649122807,0.010526315789473684,0.0,0.0,0.01929824561403509,0.012280701754385965,0.005263157894736842,0.0017543859649122807,0.0,0.0,0.010526315789473684,0.0017543859649122807,0.017543859649122806,0.005263157894736842,0.0,0.0017543859649122807,0.005263157894736842,0.0,0.0,0.010526315789473684,0.0,0.01929824561403509,0.01929824561403509,0.0035087719298245615,0.008771929824561403,0.005263157894736842,0.0017543859649122807,0.005263157894736842,0.007017543859649123,0.005263157894736842,0.0017543859649122807,0.0,0.0017543859649122807,0.014035087719298246,0.0017543859649122807,0.014035087719298246,0.008771929824561403,0.008771929824561403,0.0,0.010526315789473684,0.014035087719298246,0.008771929824561403,0.007017543859649123,0.008771929824561403,0.007017543859649123
140,0.006825938566552901,0.0034129692832764505,0.0034129692832764505,0.011945392491467578,0.0,0.0,0.005119453924914676,0.017064846416382253,0.0017064846416382253,0.040955631399317405,0.0,0.006825938566552901,0.0,0.0034129692832764505,0.008532423208191127,0.0,0.0,0.013651877133105802,0.0017064846416382253,0.0017064846416382253,0.02901023890784983,0.015358361774744027,0.0,0.0017064846416382253,0.015358361774744027,0.006825938566552901,0.0017064846416382253,0.0017064846416382253,0.005119453924914676,0.011945392491467578,0.006825938566552901,0.013651877133105802,0.0017064846416382253,0.0,0.0,0.28498293515358364,0.0,0.0017064846416382253,0.006825938566552901,0.0017064846416382253,0.01877133105802048,0.0017064846416382253,0.0,0.0017064846416382253,0.006825938566552901,0.0,0.013651877133105802,0.042662116040955635,0.0034129692832764505,0.015358361774744027,0.0,0.005119453924914676,0.0034129692832764505,0.005119453924914676,0.010238907849829351,0.008532423208191127,0.006825938566552901,0.03583617747440273,0.0017064846416382253,0.013651877133105802,0.0034129692832764505,0.0,0.020477815699658702,0.0017064846416382253,0.0017064846416382253,0.0017064846416382253,0.0,0.006825938566552901,0.0,0.025597269624573378,0.0,0.01877133105802048,0.0,0.0034129692832764505,0.0017064846416382253,0.008532423208191127,0.005119453924914676,0.011945392491467578,0.0,0.032423208191126277,0.0,0.0017064846416382253,0.0017064846416382253,0.0017064846416382253,0.010238907849829351,0.0034129692832764505,0.006825938566552901,0.0,0.015358361774744027,0.005119453924914676,0.005119453924914676,0.0017064846416382253,0.0034129692832764505,0.0,0.013651877133105802,0.0017064846416382253,0.0,0.0,0.010238907849829351,0.04778156996587031
141,0.027375201288244767,0.014492753623188406,0.008051529790660225,0.00644122383252818,0.001610305958132045,0.0,0.0,0.0,0.0,0.00322061191626409,0.00322061191626409,0.0,0.00966183574879227,0.00322061191626409,0.00966183574879227,0.008051529790660225,0.00966183574879227,0.0,0.00644122383252818,0.001610305958132045,0.0,0.011272141706924315,0.0,0.001610305958132045,0.001610305958132045,0.011272141706924315,0.00644122383252818,0.01932367149758454,0.00966183574879227,0.0,0.014492753623188406,0.00644122383252818,0.01932367149758454,0.028985507246376812,0.020933977455716585,0.24476650563607086,0.00322061191626409,0.020933977455716585,0.01610305958132045,0.0,0.028985507246376812,0.0,0.0,0.030595813204508857,0.004830917874396135,0.00966183574879227,0.004830917874396135,0.02576489533011272,0.004830917874396135,0.001610305958132045,0.033816425120772944,0.0,0.00322061191626409,0.004830917874396135,0.00966183574879227,0.004830917874396135,0.00322061191626409,0.004830917874396135,0.014492753623188406,0.0,0.001610305958132045,0.02254428341384863,0.0,0.004830917874396135,0.001610305958132045,0.00322061191626409,0.017713365539452495,0.0,0.0,0.01932367149758454,0.001610305958132045,0.001610305958132045,0.004830917874396135,0.01932367149758454,0.0,0.024154589371980676,0.0,0.001610305958132045,0.008051529790660225,0.001610305958132045,0.03864734299516908,0.0,0.00322061191626409,0.0,0.00644122383252818,0.0,0.024154589371980676,0.011272141706924315,0.0,0.008051529790660225,0.004830917874396135,0.001610305958132045,0.00644122383252818,0.0,0.00322061191626409,0.004830917874396135,0.004830917874396135,0.001610305958132045,0.0,0.008051529790660225
142,0.026984126984126985,0.006349206349206349,0.0,0.011111111111111112,0.007936507936507936,0.0015873015873015873,0.0,0.004761904761904762,0.01746031746031746,0.0015873015873015873,0.009523809523809525,0.0031746031746031746,0.015873015873015872,0.0015873015873015873,0.009523809523809525,0.0,0.007936507936507936,0.007936507936507936,0.0015873015873015873,0.011111111111111112,0.022222222222222223,0.0015873015873015873,0.011111111111111112,0.01746031746031746,0.004761904761904762,0.020634920634920634,0.004761904761904762,0.015873015873015872,0.012698412698412698,0.011111111111111112,0.04126984126984127,0.0,0.009523809523809525,0.022222222222222223,0.023809523809523808,0.14285714285714285,0.0031746031746031746,0.0,0.01904761904761905,0.006349206349206349,0.011111111111111112,0.026984126984126985,0.007936507936507936,0.0,0.009523809523809525,0.03492063492063492,0.0,0.01904761904761905,0.022222222222222223,0.0,0.020634920634920634,0.0,0.0,0.004761904761904762,0.004761904761904762,0.004761904761904762,0.006349206349206349,0.004761904761904762,0.012698412698412698,0.007936507936507936,0.004761904761904762,0.0015873015873015873,0.0,0.0015873015873015873,0.007936507936507936,0.0015873015873015873,0.0,0.011111111111111112,0.023809523809523808,0.022222222222222223,0.0031746031746031746,0.006349206349206349,0.0031746031746031746,0.012698412698412698,0.023809523809523808,0.009523809523809525,0.0031746031746031746,0.009523809523809525,0.006349206349206349,0.0,0.009523809523809525,0.0015873015873015873,0.023809523809523808,0.01904761904761905,0.0,0.007936507936507936,0.0,0.006349206349206349,0.004761904761904762,0.014285714285714285,0.0,0.0015873015873015873,0.0031746031746031746,0.004761904761904762,0.0,0.0031746031746031746,0.0031746031746031746,0.0015873015873015873,0.007936507936507936,0.0
143,0.01779935275080906,0.0,0.0,0.0016181229773462784,0.0048543689320388345,0.0048543689320388345,0.0016181229773462784,0.0016181229773462784,0.012944983818770227,0.0,0.04692556634304207,0.011326860841423949,0.003236245954692557,0.003236245954692557,0.021035598705501618,0.003236245954692557,0.0048543689320388345,0.003236245954692557,0.016181229773462782,0.003236245954692557,0.008090614886731391,0.003236245954692557,0.008090614886731391,0.0048543689320388345,0.0048543689320388345,0.0372168284789644,0.0016181229773462784,0.008090614886731391,0.008090614886731391,0.0048543689320388345,0.0,0.0,0.009708737864077669,0.006472491909385114,0.006472491909385114,0.24757281553398058,0.0016181229773462784,0.021035598705501618,0.006472491909385114,0.008090614886731391,0.0048543689320388345,0.0,0.011326860841423949,0.0048543689320388345,0.0,0.040453074433656956,0.0,0.0016181229773462784,0.003236245954692557,0.006472491909385114,0.0048543689320388345,0.0,0.0,0.003236245954692557,0.0,0.006472491909385114,0.0016181229773462784,0.0048543689320388345,0.0,0.0,0.014563106796116505,0.0,0.042071197411003236,0.0048543689320388345,0.0048543689320388345,0.0,0.003236245954692557,0.0048543689320388345,0.0,0.003236245954692557,0.0,0.0,0.016181229773462782,0.0,0.0016181229773462784,0.0372168284789644,0.03398058252427184,0.0,0.025889967637540454,0.0016181229773462784,0.003236245954692557,0.0,0.0,0.003236245954692557,0.0,0.019417475728155338,0.01779935275080906,0.008090614886731391,0.012944983818770227,0.003236245954692557,0.003236245954692557,0.019417475728155338,0.0,0.0,0.014563106796116505,0.0016181229773462784,0.014563106796116505,0.0016181229773462784,0.003236245954692557,0.02750809061488673
144,0.0029498525073746312,0.0029498525073746312,0.007374631268436578,0.035398230088495575,0.0014749262536873156,0.0029498525073746312,0.007374631268436578,0.014749262536873156,0.0,0.0,0.0058997050147492625,0.0029498525073746312,0.0058997050147492625,0.0,0.02064896755162242,0.0,0.0,0.011799410029498525,0.0029498525073746312,0.019174041297935103,0.008849557522123894,0.022123893805309734,0.0029498525073746312,0.008849557522123894,0.019174041297935103,0.0,0.019174041297935103,0.0,0.0029498525073746312,0.0014749262536873156,0.0029498525073746312,0.016224188790560472,0.004424778761061947,0.008849557522123894,0.02359882005899705,0.25073746312684364,0.0058997050147492625,0.0,0.0014749262536873156,0.0,0.01327433628318584,0.007374631268436578,0.014749262536873156,0.01327433628318584,0.0,0.01327433628318584,0.0058997050147492625,0.0058997050147492625,0.0,0.016224188790560472,0.0058997050147492625,0.007374631268436578,0.0014749262536873156,0.011799410029498525,0.017699115044247787,0.0058997050147492625,0.0,0.0029498525073746312,0.0029498525073746312,0.017699115044247787,0.007374631268436578,0.0014749262536873156,0.011799410029498525,0.008849557522123894,0.004424778761061947,0.0,0.0,0.022123893805309734,0.0014749262536873156,0.02064896755162242,0.0014749262536873156,0.0,0.0014749262536873156,0.0014749262536873156,0.0029498525073746312,0.0,0.032448377581120944,0.0,0.01327433628318584,0.029498525073746312,0.0058997050147492625,0.0,0.008849557522123894,0.0,0.0,0.0,0.007374631268436578,0.008849557522123894,0.01327433628318584,0.029498525073746312,0.0,0.004424778761061947,0.01327433628318584,0.0,0.0058997050147492625,0.007374631268436578,0.0,0.0029498525073746312,0.017699115044247787,0.0058997050147492625
145,0.010917030567685589,0.0,0.008733624454148471,0.0,0.002183406113537118,0.006550218340611353,0.004366812227074236,0.004366812227074236,0.006550218340611353,0.0,0.0,0.002183406113537118,0.004366812227074236,0.002183406113537118,0.0,0.034934497816593885,0.002183406113537118,0.0,0.0,0.013100436681222707,0.008733624454148471,0.006550218340611353,0.015283842794759825,0.008733624454148471,0.006550218340611353,0.004366812227074236,0.028384279475982533,0.0,0.026200873362445413,0.0,0.0,0.002183406113537118,0.002183406113537118,0.013100436681222707,0.019650655021834062,0.21179039301310043,0.010917030567685589,0.004366812227074236,0.017467248908296942,0.006550218340611353,0.008733624454148471,0.013100436681222707,0.002183406113537118,0.004366812227074236,0.010917030567685589,0.004366812227074236,0.021834061135371178,0.004366812227074236,0.002183406113537118,0.0,0.0,0.0,0.008733624454148471,0.002183406113537118,0.002183406113537118,0.008733624454148471,0.008733624454148471,0.017467248908296942,0.0,0.004366812227074236,0.002183406113537118,0.021834061135371178,0.008733624454148471,0.010917030567685589,0.002183406113537118,0.0,0.0,0.0,0.0,0.015283842794759825,0.0,0.0,0.0,0.0,0.002183406113537118,0.002183406113537118,0.0,0.013100436681222707,0.002183406113537118,0.043668122270742356,0.043668122270742356,0.002183406113537118,0.008733624454148471,0.0,0.04148471615720524,0.0,0.002183406113537118,0.004366812227074236,0.048034934497816595,0.043668122270742356,0.002183406113537118,0.0,0.0,0.03711790393013101,0.0,0.0,0.0,0.008733624454148471,0.0,0.013100436681222707
146,0.007905138339920948,0.001976284584980237,0.009881422924901186,0.017786561264822136,0.01383399209486166,0.001976284584980237,0.003952569169960474,0.003952569169960474,0.019762845849802372,0.03557312252964427,0.007905138339920948,0.009881422924901186,0.009881422924901186,0.0,0.003952569169960474,0.001976284584980237,0.003952569169960474,0.021739130434782608,0.001976284584980237,0.0,0.0,0.007905138339920948,0.001976284584980237,0.017786561264822136,0.0,0.003952569169960474,0.001976284584980237,0.003952569169960474,0.0,0.01383399209486166,0.0,0.03359683794466403,0.009881422924901186,0.03162055335968379,0.019762845849802372,0.16798418972332016,0.023715415019762844,0.021739130434782608,0.03557312252964427,0.021739130434782608,0.019762845849802372,0.007905138339920948,0.0,0.0,0.0,0.001976284584980237,0.005928853754940711,0.007905138339920948,0.007905138339920948,0.001976284584980237,0.0,0.001976284584980237,0.007905138339920948,0.03359683794466403,0.001976284584980237,0.0,0.015810276679841896,0.01383399209486166,0.005928853754940711,0.01383399209486166,0.005928853754940711,0.011857707509881422,0.0,0.0,0.007905138339920948,0.007905138339920948,0.0,0.0,0.001976284584980237,0.007905138339920948,0.0,0.009881422924901186,0.003952569169960474,0.003952569169960474,0.003952569169960474,0.001976284584980237,0.001976284584980237,0.009881422924901186,0.001976284584980237,0.0,0.007905138339920948,0.015810276679841896,0.007905138339920948,0.03162055335968379,0.005928853754940711,0.003952569169960474,0.009881422924901186,0.001976284584980237,0.001976284584980237,0.0,0.0,0.0,0.005928853754940711,0.0,0.009881422924901186,0.017786561264822136,0.001976284584980237,0.05138339920948617,0.001976284584980237,0.0
147,0.00473186119873817,0.0015772870662460567,0.04574132492113565,0.0015772870662460567,0.026813880126182965,0.00473186119873817,0.0031545741324921135,0.011041009463722398,0.0,0.007886435331230283,0.0,0.0015772870662460567,0.006309148264984227,0.02365930599369085,0.0,0.006309148264984227,0.00473186119873817,0.02996845425867508,0.0,0.00473186119873817,0.022082018927444796,0.006309148264984227,0.0015772870662460567,0.0,0.00473186119873817,0.0,0.02050473186119874,0.00473186119873817,0.006309148264984227,0.0015772870662460567,0.0,0.017350157728706624,0.00946372239747634,0.00473186119873817,0.00946372239747634,0.24921135646687698,0.0031545741324921135,0.0,0.0,0.00946372239747634,0.0473186119873817,0.014195583596214511,0.0015772870662460567,0.0,0.0015772870662460567,0.007886435331230283,0.017350157728706624,0.015772870662460567,0.03785488958990536,0.0031545741324921135,0.007886435331230283,0.0,0.028391167192429023,0.0,0.0,0.0,0.0,0.0031545741324921135,0.006309148264984227,0.007886435331230283,0.0,0.0,0.015772870662460567,0.006309148264984227,0.00473186119873817,0.025236593059936908,0.031545741324921134,0.0031545741324921135,0.006309148264984227,0.006309148264984227,0.0,0.00473186119873817,0.011041009463722398,0.0,0.007886435331230283,0.0015772870662460567,0.0015772870662460567,0.007886435331230283,0.011041009463722398,0.0,0.0,0.017350157728706624,0.0015772870662460567,0.0031545741324921135,0.0,0.0,0.0031545741324921135,0.0015772870662460567,0.00473186119873817,0.011041009463722398,0.01892744479495268,0.00473186119873817,0.00946372239747634,0.0015772870662460567,0.0,0.0,0.011041009463722398,0.0015772870662460567,0.0,0.00946372239747634
148,0.01353637901861252,0.011844331641285956,0.0,0.001692047377326565,0.001692047377326565,0.00676818950930626,0.00338409475465313,0.00338409475465313,0.008460236886632826,0.0,0.008460236886632826,0.01015228426395939,0.01353637901861252,0.01015228426395939,0.0,0.025380710659898477,0.00338409475465313,0.00338409475465313,0.005076142131979695,0.0,0.0,0.0,0.00338409475465313,0.01015228426395939,0.00676818950930626,0.011844331641285956,0.021996615905245348,0.001692047377326565,0.005076142131979695,0.00338409475465313,0.018612521150592216,0.01015228426395939,0.00338409475465313,0.0,0.0,0.14213197969543148,0.001692047377326565,0.0,0.025380710659898477,0.0,0.011844331641285956,0.0,0.01353637901861252,0.01015228426395939,0.02707275803722504,0.01015228426395939,0.02707275803722504,0.021996615905245348,0.005076142131979695,0.008460236886632826,0.005076142131979695,0.001692047377326565,0.028764805414551606,0.00338409475465313,0.0,0.005076142131979695,0.005076142131979695,0.01015228426395939,0.001692047377326565,0.05245346869712352,0.005076142131979695,0.008460236886632826,0.008460236886632826,0.005076142131979695,0.01353637901861252,0.005076142131979695,0.0338409475465313,0.0,0.0,0.005076142131979695,0.008460236886632826,0.001692047377326565,0.0,0.0,0.015228426395939087,0.01692047377326565,0.021996615905245348,0.049069373942470386,0.01353637901861252,0.005076142131979695,0.001692047377326565,0.0,0.01692047377326565,0.0,0.001692047377326565,0.001692047377326565,0.023688663282571912,0.02030456852791878,0.0,0.001692047377326565,0.021996615905245348,0.0,0.0,0.021996615905245348,0.008460236886632826,0.005076142131979695,0.00676818950930626,0.00338409475465313,0.00338409475465313,0.0
149,0.0015772870662460567,0.0015772870662460567,0.014195583596214511,0.0,0.0015772870662460567,0.0,0.0,0.007886435331230283,0.017350157728706624,0.0,0.006309148264984227,0.006309148264984227,0.0,0.00946372239747634,0.00473186119873817,0.0,0.007886435331230283,0.017350157728706624,0.0015772870662460567,0.02050473186119874,0.03943217665615142,0.0,0.00946372239747634,0.00473186119873817,0.007886435331230283,0.0015772870662460567,0.0015772870662460567,0.0031545741324921135,0.007886435331230283,0.007886435331230283,0.0031545741324921135,0.0015772870662460567,0.0,0.00473186119873817,0.006309148264984227,0.30126182965299686,0.00473186119873817,0.007886435331230283,0.007886435331230283,0.0,0.03470031545741325,0.0015772870662460567,0.0015772870662460567,0.025236593059936908,0.014195583596214511,0.00473186119873817,0.0031545741324921135,0.0015772870662460567,0.0031545741324921135,0.0,0.007886435331230283,0.00946372239747634,0.006309148264984227,0.00473186119873817,0.012618296529968454,0.03627760252365931,0.0015772870662460567,0.01892744479495268,0.0,0.0031545741324921135,0.0031545741324921135,0.00946372239747634,0.015772870662460567,0.0031545741324921135,0.0015772870662460567,0.0,0.0015772870662460567,0.007886435331230283,0.026813880126182965,0.0,0.0031545741324921135,0.0031545741324921135,0.0031545741324921135,0.0,0.0031545741324921135,0.006309148264984227,0.0,0.026813880126182965,0.01892744479495268,0.0015772870662460567,0.00946372239747634,0.0015772870662460567,0.022082018927444796,0.00473186119873817,0.0,0.0031545741324921135,0.0031545741324921135,0.01892744479495268,0.0,0.00473186119873817,0.00473186119873817,0.006309148264984227,0.017350157728706624,0.0015772870662460567,0.00946372239747634,0.0015772870662460567,0.0,0.0,0.00473186119873817,0.02050473186119874
150,0.0017241379310344827,0.0,0.0,0.0,0.0,0.05,0.006896551724137931,0.0017241379310344827,0.0034482758620689655,0.015517241379310345,0.013793103448275862,0.005172413793103448,0.005172413793103448,0.0034482758620689655,0.013793103448275862,0.0,0.015517241379310345,0.005172413793103448,0.017241379310344827,0.0,0.01206896551724138,0.0,0.0,0.01206896551724138,0.0034482758620689655,0.0017241379310344827,0.006896551724137931,0.006896551724137931,0.022413793103448276,0.0,0.017241379310344827,0.0034482758620689655,0.008620689655172414,0.0,0.0,0.24655172413793103,0.0034482758620689655,0.022413793103448276,0.008620689655172414,0.0,0.0017241379310344827,0.0017241379310344827,0.0,0.005172413793103448,0.005172413793103448,0.006896551724137931,0.0034482758620689655,0.02413793103448276,0.020689655172413793,0.0034482758620689655,0.0,0.01896551724137931,0.0,0.017241379310344827,0.0,0.0,0.005172413793103448,0.01206896551724138,0.006896551724137931,0.01206896551724138,0.005172413793103448,0.017241379310344827,0.03103448275862069,0.0034482758620689655,0.013793103448275862,0.0017241379310344827,0.032758620689655175,0.006896551724137931,0.013793103448275862,0.02413793103448276,0.01206896551724138,0.005172413793103448,0.015517241379310345,0.0,0.006896551724137931,0.0017241379310344827,0.0,0.0017241379310344827,0.005172413793103448,0.005172413793103448,0.0,0.0,0.017241379310344827,0.008620689655172414,0.0034482758620689655,0.006896551724137931,0.005172413793103448,0.0034482758620689655,0.0,0.0034482758620689655,0.010344827586206896,0.008620689655172414,0.0017241379310344827,0.008620689655172414,0.017241379310344827,0.005172413793103448,0.0,0.013793103448275862,0.0034482758620689655,0.0
151,0.0136986301369863,0.0,0.0,0.021526418786692758,0.03131115459882583,0.005870841487279843,0.011741682974559686,0.005870841487279843,0.0,0.0136986301369863,0.0,0.0019569471624266144,0.0136986301369863,0.021526418786692758,0.007827788649706457,0.003913894324853229,0.005870841487279843,0.0019569471624266144,0.0019569471624266144,0.007827788649706457,0.0019569471624266144,0.0019569471624266144,0.0,0.019569471624266144,0.03718199608610567,0.003913894324853229,0.0,0.0,0.009784735812133072,0.009784735812133072,0.003913894324853229,0.0,0.015655577299412915,0.021526418786692758,0.0136986301369863,0.25048923679060664,0.0,0.0,0.0019569471624266144,0.0019569471624266144,0.009784735812133072,0.0136986301369863,0.007827788649706457,0.003913894324853229,0.011741682974559686,0.0019569471624266144,0.003913894324853229,0.015655577299412915,0.003913894324853229,0.0019569471624266144,0.0,0.0,0.0,0.003913894324853229,0.025440313111545987,0.0,0.003913894324853229,0.0136986301369863,0.005870841487279843,0.005870841487279843,0.011741682974559686,0.003913894324853229,0.021526418786692758,0.0,0.0,0.029354207436399216,0.0,0.0,0.0136986301369863,0.025440313111545987,0.0,0.0,0.003913894324853229,0.005870841487279843,0.0019569471624266144,0.033268101761252444,0.007827788649706457,0.003913894324853229,0.0,0.0019569471624266144,0.003913894324853229,0.0,0.0019569471624266144,0.0019569471624266144,0.0,0.0019569471624266144,0.009784735812133072,0.0,0.0136986301369863,0.003913894324853229,0.0,0.06653620352250489,0.0,0.007827788649706457,0.0,0.015655577299412915,0.003913894324853229,0.0,0.005870841487279843,0.0019569471624266144
152,0.0,0.0062402496099844,0.014040561622464899,0.0078003120124804995,0.029641185647425898,0.0,0.0093603744149766,0.0078003120124804995,0.0109204368174727,0.0046801872074883,0.0031201248049922,0.0046801872074883,0.029641185647425898,0.0,0.0124804992199688,0.0,0.0015600624024961,0.0124804992199688,0.0124804992199688,0.0,0.0062402496099844,0.0,0.0031201248049922,0.0,0.0,0.0,0.0031201248049922,0.0015600624024961,0.0187207488299532,0.0015600624024961,0.0,0.0015600624024961,0.0031201248049922,0.0046801872074883,0.0,0.3166926677067083,0.0031201248049922,0.0031201248049922,0.0,0.0,0.0078003120124804995,0.0015600624024961,0.0,0.0124804992199688,0.0015600624024961,0.0,0.0,0.0046801872074883,0.0202808112324493,0.015600624024960999,0.0,0.0031201248049922,0.0,0.0,0.0109204368174727,0.0,0.0,0.0,0.0078003120124804995,0.0202808112324493,0.0124804992199688,0.0,0.0,0.0078003120124804995,0.0031201248049922,0.0,0.0078003120124804995,0.0,0.0015600624024961,0.0374414976599064,0.0031201248049922,0.0109204368174727,0.0046801872074883,0.0,0.0249609984399376,0.0421216848673947,0.0015600624024961,0.0046801872074883,0.0,0.0046801872074883,0.0078003120124804995,0.0,0.0031201248049922,0.0,0.0046801872074883,0.0031201248049922,0.0093603744149766,0.0109204368174727,0.0031201248049922,0.0405616224648986,0.0015600624024961,0.0218408736349454,0.0,0.0234009360374415,0.0124804992199688,0.0,0.014040561622464899,0.014040561622464899,0.0093603744149766,0.014040561622464899
153,0.019693654266958426,0.0,0.0,0.00437636761487965,0.006564551422319475,0.0087527352297593,0.010940919037199124,0.030634573304157548,0.0,0.0,0.0,0.0,0.0,0.002188183807439825,0.002188183807439825,0.002188183807439825,0.0,0.002188183807439825,0.00437636761487965,0.01312910284463895,0.01312910284463895,0.02188183807439825,0.0,0.002188183807439825,0.0087527352297593,0.002188183807439825,0.00437636761487965,0.0,0.0,0.00437636761487965,0.015317286652078774,0.00437636761487965,0.0087527352297593,0.0,0.0175054704595186,0.2778993435448578,0.006564551422319475,0.002188183807439825,0.0,0.0,0.002188183807439825,0.028446389496717725,0.0,0.0262582056892779,0.01312910284463895,0.0,0.010940919037199124,0.0,0.0,0.006564551422319475,0.0,0.028446389496717725,0.00437636761487965,0.002188183807439825,0.02188183807439825,0.002188183807439825,0.015317286652078774,0.00437636761487965,0.015317286652078774,0.006564551422319475,0.0,0.006564551422319475,0.0,0.01312910284463895,0.0,0.0,0.0,0.0,0.006564551422319475,0.002188183807439825,0.015317286652078774,0.0087527352297593,0.002188183807439825,0.006564551422319475,0.010940919037199124,0.010940919037199124,0.006564551422319475,0.002188183807439825,0.002188183807439825,0.0,0.0,0.0,0.002188183807439825,0.002188183807439825,0.05470459518599562,0.01312910284463895,0.0,0.002188183807439825,0.0350109409190372,0.0,0.0,0.00437636761487965,0.0087527352297593,0.0087527352297593,0.0,0.0350109409190372,0.024070021881838075,0.0087527352297593,0.02188183807439825,0.0
154,0.015463917525773196,0.003436426116838488,0.012027491408934709,0.020618556701030927,0.001718213058419244,0.006872852233676976,0.003436426116838488,0.0,0.010309278350515464,0.022336769759450172,0.0,0.001718213058419244,0.003436426116838488,0.00859106529209622,0.010309278350515464,0.0,0.0,0.0,0.001718213058419244,0.0,0.0,0.04982817869415808,0.024054982817869417,0.003436426116838488,0.0,0.027491408934707903,0.001718213058419244,0.012027491408934709,0.003436426116838488,0.005154639175257732,0.012027491408934709,0.030927835051546393,0.0,0.012027491408934709,0.00859106529209622,0.18041237113402062,0.029209621993127148,0.005154639175257732,0.027491408934707903,0.003436426116838488,0.04639175257731959,0.001718213058419244,0.006872852233676976,0.0,0.005154639175257732,0.001718213058419244,0.0,0.030927835051546393,0.0,0.005154639175257732,0.003436426116838488,0.001718213058419244,0.006872852233676976,0.001718213058419244,0.0,0.00859106529209622,0.0,0.006872852233676976,0.0,0.027491408934707903,0.001718213058419244,0.006872852233676976,0.001718213058419244,0.022336769759450172,0.015463917525773196,0.02577319587628866,0.0,0.0,0.00859106529209622,0.015463917525773196,0.0,0.001718213058419244,0.0,0.0,0.003436426116838488,0.003436426116838488,0.020618556701030927,0.012027491408934709,0.0,0.0,0.003436426116838488,0.003436426116838488,0.001718213058419244,0.006872852233676976,0.013745704467353952,0.005154639175257732,0.005154639175257732,0.001718213058419244,0.00859106529209622,0.029209621993127148,0.001718213058419244,0.005154639175257732,0.01718213058419244,0.005154639175257732,0.001718213058419244,0.00859106529209622,0.018900343642611683,0.001718213058419244,0.001718213058419244,0.006872852233676976
155,0.015228426395939087,0.008460236886632826,0.0,0.0,0.028764805414551606,0.025380710659898477,0.00676818950930626,0.00338409475465313,0.00338409475465313,0.00338409475465313,0.008460236886632826,0.0,0.001692047377326565,0.005076142131979695,0.011844331641285956,0.015228426395939087,0.015228426395939087,0.001692047377326565,0.01353637901861252,0.0338409475465313,0.00338409475465313,0.0,0.005076142131979695,0.005076142131979695,0.0,0.00338409475465313,0.005076142131979695,0.028764805414551606,0.0,0.0,0.0,0.043993231810490696,0.005076142131979695,0.00676818950930626,0.00338409475465313,0.16074450084602368,0.04060913705583756,0.01353637901861252,0.001692047377326565,0.005076142131979695,0.023688663282571912,0.005076142131979695,0.00338409475465313,0.005076142131979695,0.0,0.00676818950930626,0.0,0.01692047377326565,0.005076142131979695,0.00338409475465313,0.0,0.01353637901861252,0.0,0.001692047377326565,0.025380710659898477,0.028764805414551606,0.011844331641285956,0.011844331641285956,0.005076142131979695,0.005076142131979695,0.0338409475465313,0.01692047377326565,0.021996615905245348,0.00338409475465313,0.001692047377326565,0.01353637901861252,0.021996615905245348,0.005076142131979695,0.005076142131979695,0.01015228426395939,0.001692047377326565,0.008460236886632826,0.00338409475465313,0.01353637901861252,0.005076142131979695,0.0,0.00338409475465313,0.00338409475465313,0.018612521150592216,0.005076142131979695,0.001692047377326565,0.00676818950930626,0.0,0.015228426395939087,0.008460236886632826,0.0,0.01015228426395939,0.008460236886632826,0.0,0.01353637901861252,0.0,0.001692047377326565,0.00676818950930626,0.008460236886632826,0.0,0.01353637901861252,0.0,0.001692047377326565,0.0,0.001692047377326565
156,0.00487012987012987,0.02922077922077922,0.0,0.00487012987012987,0.024350649350649352,0.02922077922077922,0.003246753246753247,0.008116883116883116,0.012987012987012988,0.0,0.0,0.00487012987012987,0.00487012987012987,0.008116883116883116,0.0016233766233766235,0.0,0.0,0.0,0.0,0.0016233766233766235,0.0,0.003246753246753247,0.0016233766233766235,0.00487012987012987,0.003246753246753247,0.0016233766233766235,0.008116883116883116,0.00487012987012987,0.016233766233766232,0.0,0.03409090909090909,0.0016233766233766235,0.030844155844155844,0.0016233766233766235,0.008116883116883116,0.25162337662337664,0.01948051948051948,0.00974025974025974,0.006493506493506494,0.00487012987012987,0.025974025974025976,0.006493506493506494,0.0,0.00974025974025974,0.012987012987012988,0.006493506493506494,0.011363636363636364,0.0016233766233766235,0.0,0.006493506493506494,0.024350649350649352,0.0016233766233766235,0.008116883116883116,0.012987012987012988,0.0,0.0,0.0016233766233766235,0.03571428571428571,0.00974025974025974,0.0,0.01461038961038961,0.0016233766233766235,0.01948051948051948,0.012987012987012988,0.00974025974025974,0.017857142857142856,0.0016233766233766235,0.008116883116883116,0.01461038961038961,0.00974025974025974,0.0016233766233766235,0.0016233766233766235,0.017857142857142856,0.0016233766233766235,0.00487012987012987,0.008116883116883116,0.0,0.006493506493506494,0.0,0.0,0.0016233766233766235,0.0016233766233766235,0.0,0.0,0.0,0.01461038961038961,0.0016233766233766235,0.0,0.0,0.006493506493506494,0.0016233766233766235,0.006493506493506494,0.0016233766233766235,0.011363636363636364,0.030844155844155844,0.0,0.003246753246753247,0.0016233766233766235,0.012987012987012988,0.025974025974025976
157,0.01309328968903437,0.01800327332242226,0.006546644844517185,0.0,0.01309328968903437,0.004909983633387889,0.02618657937806874,0.0016366612111292963,0.0,0.0,0.0032733224222585926,0.008183306055646482,0.0016366612111292963,0.0016366612111292963,0.0,0.004909983633387889,0.014729950900163666,0.031096563011456628,0.027823240589198037,0.008183306055646482,0.01309328968903437,0.008183306055646482,0.011456628477905073,0.024549918166939442,0.027823240589198037,0.02127659574468085,0.029459901800327332,0.004909983633387889,0.004909983633387889,0.016366612111292964,0.0,0.0032733224222585926,0.008183306055646482,0.02127659574468085,0.0032733224222585926,0.2684124386252046,0.0,0.006546644844517185,0.0,0.014729950900163666,0.0,0.011456628477905073,0.0,0.0,0.0,0.006546644844517185,0.0,0.0016366612111292963,0.0032733224222585926,0.008183306055646482,0.0016366612111292963,0.0,0.0016366612111292963,0.008183306055646482,0.0032733224222585926,0.004909983633387889,0.0032733224222585926,0.0032733224222585926,0.0032733224222585926,0.0,0.016366612111292964,0.024549918166939442,0.008183306055646482,0.02127659574468085,0.011456628477905073,0.0,0.0,0.011456628477905073,0.009819967266775777,0.0016366612111292963,0.0,0.0,0.008183306055646482,0.0,0.014729950900163666,0.006546644844517185,0.0,0.01309328968903437,0.011456628477905073,0.0,0.006546644844517185,0.0,0.004909983633387889,0.0016366612111292963,0.011456628477905073,0.006546644844517185,0.01800327332242226,0.0016366612111292963,0.0032733224222585926,0.0,0.008183306055646482,0.02127659574468085,0.004909983633387889,0.014729950900163666,0.0,0.0,0.0,0.0016366612111292963,0.0,0.0032733224222585926
158,0.00847457627118644,0.023728813559322035,0.015254237288135594,0.010169491525423728,0.001694915254237288,0.003389830508474576,0.01694915254237288,0.02711864406779661,0.003389830508474576,0.001694915254237288,0.001694915254237288,0.0,0.00847457627118644,0.015254237288135594,0.025423728813559324,0.003389830508474576,0.001694915254237288,0.00847457627118644,0.0,0.005084745762711864,0.02711864406779661,0.0,0.005084745762711864,0.001694915254237288,0.0,0.001694915254237288,0.003389830508474576,0.00847457627118644,0.01694915254237288,0.022033898305084745,0.003389830508474576,0.0,0.011864406779661017,0.003389830508474576,0.010169491525423728,0.31186440677966104,0.0,0.003389830508474576,0.001694915254237288,0.02711864406779661,0.02711864406779661,0.003389830508474576,0.006779661016949152,0.006779661016949152,0.01864406779661017,0.0,0.0,0.006779661016949152,0.001694915254237288,0.00847457627118644,0.00847457627118644,0.0,0.001694915254237288,0.005084745762711864,0.0,0.01694915254237288,0.003389830508474576,0.001694915254237288,0.005084745762711864,0.001694915254237288,0.005084745762711864,0.010169491525423728,0.011864406779661017,0.0,0.01864406779661017,0.001694915254237288,0.003389830508474576,0.011864406779661017,0.003389830508474576,0.00847457627118644,0.0,0.0,0.011864406779661017,0.0,0.00847457627118644,0.005084745762711864,0.001694915254237288,0.003389830508474576,0.001694915254237288,0.011864406779661017,0.001694915254237288,0.01864406779661017,0.0,0.0,0.0,0.0,0.00847457627118644,0.005084745762711864,0.0,0.006779661016949152,0.00847457627118644,0.013559322033898305,0.0,0.0,0.001694915254237288,0.010169491525423728,0.015254237288135594,0.01694915254237288,0.010169491525423728,0.0
159,0.0036363636363636364,0.00909090909090909,0.0,0.0036363636363636364,0.0018181818181818182,0.0018181818181818182,0.007272727272727273,0.05272727272727273,0.005454545454545455,0.0,0.0018181818181818182,0.007272727272727273,0.00909090909090909,0.0018181818181818182,0.0018181818181818182,0.012727272727272728,0.005454545454545455,0.0,0.0018181818181818182,0.0,0.005454545454545455,0.0,0.0,0.0036363636363636364,0.02,0.012727272727272728,0.0018181818181818182,0.0018181818181818182,0.005454545454545455,0.0,0.012727272727272728,0.007272727272727273,0.005454545454545455,0.0,0.0,0.2781818181818182,0.0018181818181818182,0.0,0.02181818181818182,0.0,0.0018181818181818182,0.0,0.0,0.007272727272727273,0.0018181818181818182,0.0,0.04,0.016363636363636365,0.00909090909090909,0.0036363636363636364,0.03090909090909091,0.023636363636363636,0.025454545454545455,0.023636363636363636,0.0,0.0036363636363636364,0.0036363636363636364,0.0,0.00909090909090909,0.02,0.0036363636363636364,0.00909090909090909,0.007272727272727273,0.012727272727272728,0.02,0.0,0.01090909090909091,0.0,0.0036363636363636364,0.0,0.007272727272727273,0.02181818181818182,0.007272727272727273,0.0018181818181818182,0.02909090909090909,0.0018181818181818182,0.0036363636363636364,0.0018181818181818182,0.016363636363636365,0.00909090909090909,0.0,0.0018181818181818182,0.007272727272727273,0.0036363636363636364,0.0,0.0,0.005454545454545455,0.0,0.0,0.0036363636363636364,0.02181818181818182,0.0018181818181818182,0.005454545454545455,0.0018181818181818182,0.0,0.0018181818181818182,0.00909090909090909,0.02,0.007272727272727273,0.016363636363636365
160,0.01348747591522158,0.019267822736030827,0.011560693641618497,0.025048169556840076,0.0,0.007707129094412331,0.007707129094412331,0.0,0.005780346820809248,0.005780346820809248,0.005780346820809248,0.011560693641618497,0.0,0.0019267822736030828,0.0019267822736030828,0.023121387283236993,0.0,0.0,0.009633911368015413,0.011560693641618497,0.0038535645472061657,0.0038535645472061657,0.0,0.0038535645472061657,0.0019267822736030828,0.0019267822736030828,0.0,0.0038535645472061657,0.0,0.0,0.0019267822736030828,0.0,0.011560693641618497,0.0,0.0019267822736030828,0.31213872832369943,0.0038535645472061657,0.005780346820809248,0.0,0.007707129094412331,0.007707129094412331,0.0,0.015414258188824663,0.0038535645472061657,0.0019267822736030828,0.025048169556840076,0.0,0.007707129094412331,0.02697495183044316,0.009633911368015413,0.01348747591522158,0.015414258188824663,0.019267822736030827,0.02119460500963391,0.02119460500963391,0.009633911368015413,0.005780346820809248,0.0,0.005780346820809248,0.0019267822736030828,0.0038535645472061657,0.0,0.0038535645472061657,0.017341040462427744,0.0038535645472061657,0.0,0.0019267822736030828,0.0,0.028901734104046242,0.0,0.0019267822736030828,0.007707129094412331,0.01348747591522158,0.0038535645472061657,0.009633911368015413,0.04046242774566474,0.0019267822736030828,0.0019267822736030828,0.019267822736030827,0.01348747591522158,0.0019267822736030828,0.009633911368015413,0.0019267822736030828,0.0019267822736030828,0.0,0.0019267822736030828,0.015414258188824663,0.0,0.0019267822736030828,0.0038535645472061657,0.0019267822736030828,0.0019267822736030828,0.0019267822736030828,0.007707129094412331,0.007707129094412331,0.0,0.009633911368015413,0.0019267822736030828,0.0,0.017341040462427744
161,0.0017064846416382253,0.011945392491467578,0.005119453924914676,0.0,0.0017064846416382253,0.0017064846416382253,0.0,0.0034129692832764505,0.030716723549488054,0.013651877133105802,0.008532423208191127,0.03924914675767918,0.059726962457337884,0.006825938566552901,0.008532423208191127,0.0,0.0017064846416382253,0.0017064846416382253,0.0017064846416382253,0.0017064846416382253,0.0,0.0,0.0,0.013651877133105802,0.0017064846416382253,0.0017064846416382253,0.0,0.0017064846416382253,0.0,0.011945392491467578,0.0017064846416382253,0.0,0.0017064846416382253,0.010238907849829351,0.0034129692832764505,0.24232081911262798,0.0,0.0017064846416382253,0.023890784982935155,0.010238907849829351,0.008532423208191127,0.0034129692832764505,0.01877133105802048,0.0017064846416382253,0.006825938566552901,0.017064846416382253,0.0017064846416382253,0.0034129692832764505,0.015358361774744027,0.0,0.006825938566552901,0.005119453924914676,0.0,0.005119453924914676,0.0,0.02218430034129693,0.006825938566552901,0.030716723549488054,0.0,0.023890784982935155,0.008532423208191127,0.0,0.032423208191126277,0.025597269624573378,0.01877133105802048,0.0034129692832764505,0.0017064846416382253,0.015358361774744027,0.008532423208191127,0.0034129692832764505,0.010238907849829351,0.0034129692832764505,0.0,0.0,0.0,0.0017064846416382253,0.0017064846416382253,0.006825938566552901,0.010238907849829351,0.010238907849829351,0.0,0.015358361774744027,0.0,0.013651877133105802,0.008532423208191127,0.013651877133105802,0.0034129692832764505,0.0,0.010238907849829351,0.0034129692832764505,0.006825938566552901,0.027303754266211604,0.0,0.0,0.010238907849829351,0.006825938566552901,0.0,0.0,0.0,0.015358361774744027
162,0.04552845528455285,0.016260162601626018,0.0016260162601626016,0.00975609756097561,0.0032520325203252032,0.0016260162601626016,0.02113821138211382,0.0,0.016260162601626018,0.008130081300813009,0.013008130081300813,0.0032520325203252032,0.0,0.0,0.0032520325203252032,0.024390243902439025,0.008130081300813009,0.0032520325203252032,0.01788617886178862,0.0032520325203252032,0.013008130081300813,0.0032520325203252032,0.0,0.0,0.011382113821138212,0.0065040650406504065,0.0032520325203252032,0.0,0.0016260162601626016,0.0,0.016260162601626018,0.014634146341463415,0.0016260162601626016,0.004878048780487805,0.0,0.2097560975609756,0.04715447154471545,0.0032520325203252032,0.00975609756097561,0.008130081300813009,0.0016260162601626016,0.0,0.02926829268292683,0.008130081300813009,0.0016260162601626016,0.04065040650406504,0.0,0.016260162601626018,0.0,0.013008130081300813,0.0,0.0,0.008130081300813009,0.014634146341463415,0.0,0.0065040650406504065,0.0,0.0,0.0,0.0032520325203252032,0.04715447154471545,0.0016260162601626016,0.02113821138211382,0.0,0.0,0.004878048780487805,0.0016260162601626016,0.0,0.008130081300813009,0.008130081300813009,0.0,0.02926829268292683,0.0,0.013008130081300813,0.01951219512195122,0.01951219512195122,0.0,0.0,0.004878048780487805,0.0016260162601626016,0.014634146341463415,0.0,0.008130081300813009,0.0016260162601626016,0.0,0.0,0.03739837398373984,0.0,0.0065040650406504065,0.0,0.0032520325203252032,0.01951219512195122,0.0,0.0,0.016260162601626018,0.014634146341463415,0.0,0.0,0.0,0.0
163,0.001326259946949602,0.002652519893899204,0.003978779840848806,0.011936339522546418,0.002652519893899204,0.003978779840848806,0.022546419098143235,0.002652519893899204,0.005305039787798408,0.001326259946949602,0.002652519893899204,0.026525198938992044,0.01989389920424403,0.011936339522546418,0.009283819628647215,0.005305039787798408,0.003978779840848806,0.0,0.006631299734748011,0.013262599469496022,0.005305039787798408,0.005305039787798408,0.0,0.006631299734748011,0.003978779840848806,0.011936339522546418,0.007957559681697613,0.002652519893899204,0.011936339522546418,0.015915119363395226,0.003978779840848806,0.001326259946949602,0.002652519893899204,0.007957559681697613,0.001326259946949602,0.23076923076923078,0.011936339522546418,0.011936339522546418,0.005305039787798408,0.007957559681697613,0.0,0.0,0.0,0.002652519893899204,0.0,0.009283819628647215,0.007957559681697613,0.006631299734748011,0.003978779840848806,0.002652519893899204,0.03183023872679045,0.03978779840848806,0.0,0.0,0.0,0.011936339522546418,0.0,0.03713527851458886,0.002652519893899204,0.010610079575596816,0.001326259946949602,0.002652519893899204,0.003978779840848806,0.003978779840848806,0.003978779840848806,0.042440318302387266,0.002652519893899204,0.0,0.001326259946949602,0.0,0.001326259946949602,0.0,0.0,0.017241379310344827,0.001326259946949602,0.013262599469496022,0.01856763925729443,0.003978779840848806,0.029177718832891247,0.005305039787798408,0.0,0.002652519893899204,0.009283819628647215,0.006631299734748011,0.007957559681697613,0.003978779840848806,0.011936339522546418,0.006631299734748011,0.002652519893899204,0.0,0.007957559681697613,0.006631299734748011,0.03050397877984085,0.002652519893899204,0.002652519893899204,0.022546419098143235,0.013262599469496022,0.006631299734748011,0.01856763925729443,0.002652519893899204
164,0.009505703422053232,0.0,0.0019011406844106464,0.005703422053231939,0.02091254752851711,0.015209125475285171,0.0019011406844106464,0.0038022813688212928,0.0038022813688212928,0.013307984790874524,0.009505703422053232,0.0,0.0019011406844106464,0.02091254752851711,0.005703422053231939,0.0,0.0038022813688212928,0.011406844106463879,0.0038022813688212928,0.0019011406844106464,0.0,0.0019011406844106464,0.0019011406844106464,0.0076045627376425855,0.005703422053231939,0.022813688212927757,0.0019011406844106464,0.015209125475285171,0.024714828897338403,0.0019011406844106464,0.015209125475285171,0.0,0.011406844106463879,0.005703422053231939,0.0038022813688212928,0.2889733840304182,0.0,0.0,0.0,0.0019011406844106464,0.017110266159695818,0.0,0.026615969581749048,0.017110266159695818,0.0,0.005703422053231939,0.0019011406844106464,0.017110266159695818,0.028517110266159697,0.0038022813688212928,0.0,0.0,0.005703422053231939,0.0038022813688212928,0.0,0.0076045627376425855,0.0076045627376425855,0.0019011406844106464,0.0,0.0038022813688212928,0.03231939163498099,0.0,0.011406844106463879,0.013307984790874524,0.0,0.0076045627376425855,0.0038022813688212928,0.017110266159695818,0.0038022813688212928,0.0076045627376425855,0.0019011406844106464,0.0,0.0019011406844106464,0.0,0.011406844106463879,0.024714828897338403,0.005703422053231939,0.0076045627376425855,0.013307984790874524,0.019011406844106463,0.0,0.0,0.0038022813688212928,0.0038022813688212928,0.0038022813688212928,0.0038022813688212928,0.0076045627376425855,0.0,0.0,0.0019011406844106464,0.0,0.011406844106463879,0.0,0.019011406844106463,0.005703422053231939,0.017110266159695818,0.015209125475285171,0.026615969581749048,0.0019011406844106464,0.0019011406844106464
165,0.0,0.004484304932735426,0.002242152466367713,0.0,0.002242152466367713,0.002242152466367713,0.017937219730941704,0.002242152466367713,0.0,0.004484304932735426,0.002242152466367713,0.002242152466367713,0.002242152466367713,0.0,0.0,0.0,0.008968609865470852,0.004484304932735426,0.002242152466367713,0.002242152466367713,0.042600896860986545,0.002242152466367713,0.0,0.0515695067264574,0.011210762331838564,0.002242152466367713,0.004484304932735426,0.0,0.0,0.0,0.0,0.006726457399103139,0.0,0.020179372197309416,0.0,0.15695067264573992,0.0,0.002242152466367713,0.002242152466367713,0.0,0.004484304932735426,0.0,0.01569506726457399,0.008968609865470852,0.02914798206278027,0.002242152466367713,0.011210762331838564,0.02466367713004484,0.002242152466367713,0.008968609865470852,0.004484304932735426,0.0,0.026905829596412557,0.0,0.002242152466367713,0.006726457399103139,0.0,0.0,0.06502242152466367,0.006726457399103139,0.004484304932735426,0.0,0.008968609865470852,0.004484304932735426,0.008968609865470852,0.004484304932735426,0.02242152466367713,0.004484304932735426,0.0,0.02466367713004484,0.004484304932735426,0.0,0.03811659192825112,0.006726457399103139,0.002242152466367713,0.002242152466367713,0.013452914798206279,0.002242152466367713,0.011210762331838564,0.002242152466367713,0.002242152466367713,0.006726457399103139,0.026905829596412557,0.04484304932735426,0.017937219730941704,0.002242152466367713,0.02914798206278027,0.004484304932735426,0.004484304932735426,0.006726457399103139,0.0,0.004484304932735426,0.0,0.011210762331838564,0.008968609865470852,0.008968609865470852,0.013452914798206279,0.006726457399103139,0.02914798206278027,0.02242152466367713
166,0.029585798816568046,0.0,0.007889546351084813,0.0019723865877712033,0.01775147928994083,0.015779092702169626,0.023668639053254437,0.0,0.013806706114398421,0.007889546351084813,0.009861932938856016,0.0,0.0019723865877712033,0.01775147928994083,0.01972386587771203,0.0,0.015779092702169626,0.0,0.0,0.005917159763313609,0.0019723865877712033,0.0019723865877712033,0.011834319526627219,0.009861932938856016,0.0039447731755424065,0.0,0.011834319526627219,0.0,0.0,0.0019723865877712033,0.0,0.009861932938856016,0.0039447731755424065,0.0019723865877712033,0.0,0.1755424063116371,0.021696252465483234,0.007889546351084813,0.03944773175542406,0.0,0.009861932938856016,0.0,0.0,0.05719921104536489,0.005917159763313609,0.007889546351084813,0.0,0.0019723865877712033,0.0,0.0,0.005917159763313609,0.021696252465483234,0.013806706114398421,0.0,0.0,0.005917159763313609,0.0,0.0,0.023668639053254437,0.005917159763313609,0.0039447731755424065,0.0019723865877712033,0.0019723865877712033,0.0019723865877712033,0.0019723865877712033,0.013806706114398421,0.0,0.0,0.011834319526627219,0.0019723865877712033,0.007889546351084813,0.027613412228796843,0.0019723865877712033,0.007889546351084813,0.0,0.009861932938856016,0.005917159763313609,0.0019723865877712033,0.01775147928994083,0.011834319526627219,0.005917159763313609,0.03353057199211045,0.011834319526627219,0.013806706114398421,0.013806706114398421,0.009861932938856016,0.0039447731755424065,0.0019723865877712033,0.009861932938856016,0.007889546351084813,0.005917159763313609,0.021696252465483234,0.011834319526627219,0.009861932938856016,0.0019723865877712033,0.011834319526627219,0.021696252465483234,0.0039447731755424065,0.0039447731755424065,0.009861932938856016
167,0.0340599455040872,0.005449591280653951,0.0013623978201634877,0.0013623978201634877,0.006811989100817439,0.01634877384196185,0.0,0.009536784741144414,0.004087193460490463,0.014986376021798364,0.0,0.0013623978201634877,0.004087193460490463,0.017711171662125342,0.0013623978201634877,0.004087193460490463,0.01634877384196185,0.0,0.010899182561307902,0.0,0.0027247956403269754,0.004087193460490463,0.01907356948228883,0.01634877384196185,0.004087193460490463,0.0027247956403269754,0.0,0.02316076294277929,0.010899182561307902,0.0013623978201634877,0.014986376021798364,0.009536784741144414,0.01634877384196185,0.006811989100817439,0.035422343324250684,0.22343324250681199,0.03814713896457766,0.01634877384196185,0.004087193460490463,0.0027247956403269754,0.014986376021798364,0.006811989100817439,0.0013623978201634877,0.0,0.013623978201634877,0.0013623978201634877,0.010899182561307902,0.0,0.006811989100817439,0.020435967302452316,0.0,0.0,0.004087193460490463,0.0,0.014986376021798364,0.0027247956403269754,0.0,0.009536784741144414,0.02861035422343324,0.005449591280653951,0.0013623978201634877,0.0027247956403269754,0.0,0.0,0.0027247956403269754,0.0,0.0,0.010899182561307902,0.0,0.0326975476839237,0.0,0.006811989100817439,0.0013623978201634877,0.0,0.0,0.01634877384196185,0.004087193460490463,0.010899182561307902,0.006811989100817439,0.0,0.0340599455040872,0.008174386920980926,0.0,0.004087193460490463,0.0013623978201634877,0.0027247956403269754,0.013623978201634877,0.0027247956403269754,0.0326975476839237,0.017711171662125342,0.013623978201634877,0.008174386920980926,0.0,0.0,0.004087193460490463,0.0013623978201634877,0.0,0.0027247956403269754,0.005449591280653951,0.006811989100817439
168,0.003169572107765452,0.00792393026941363,0.0,0.020602218700475437,0.0,0.004754358161648178,0.001584786053882726,0.004754358161648178,0.003169572107765452,0.0,0.0,0.01584786053882726,0.004754358161648178,0.0,0.01901743264659271,0.014263074484944533,0.001584786053882726,0.0,0.0,0.012678288431061807,0.017432646592709985,0.01901743264659271,0.028526148969889066,0.004754358161648178,0.009508716323296355,0.0,0.0,0.01584786053882726,0.0,0.0,0.012678288431061807,0.0,0.014263074484944533,0.0,0.0,0.312202852614897,0.03169572107765452,0.03169572107765452,0.00792393026941363,0.006339144215530904,0.009508716323296355,0.01901743264659271,0.001584786053882726,0.001584786053882726,0.011093502377179081,0.003169572107765452,0.006339144215530904,0.004754358161648178,0.0,0.0,0.003169572107765452,0.006339144215530904,0.012678288431061807,0.0,0.009508716323296355,0.006339144215530904,0.004754358161648178,0.011093502377179081,0.011093502377179081,0.0,0.003169572107765452,0.011093502377179081,0.001584786053882726,0.009508716323296355,0.012678288431061807,0.006339144215530904,0.0,0.0,0.004754358161648178,0.001584786053882726,0.04595879556259905,0.001584786053882726,0.0,0.009508716323296355,0.004754358161648178,0.012678288431061807,0.006339144215530904,0.004754358161648178,0.014263074484944533,0.0,0.01584786053882726,0.0,0.0,0.006339144215530904,0.001584786053882726,0.001584786053882726,0.003169572107765452,0.0,0.001584786053882726,0.001584786053882726,0.0,0.004754358161648178,0.001584786053882726,0.017432646592709985,0.006339144215530904,0.01584786053882726,0.009508716323296355,0.00792393026941363,0.0,0.006339144215530904
169,0.0017889087656529517,0.01073345259391771,0.0,0.007155635062611807,0.0017889087656529517,0.005366726296958855,0.0,0.007155635062611807,0.0,0.0017889087656529517,0.01073345259391771,0.005366726296958855,0.0035778175313059034,0.012522361359570662,0.0017889087656529517,0.0035778175313059034,0.0035778175313059034,0.005366726296958855,0.0017889087656529517,0.005366726296958855,0.005366726296958855,0.005366726296958855,0.005366726296958855,0.012522361359570662,0.0,0.005366726296958855,0.0,0.007155635062611807,0.01073345259391771,0.0,0.0017889087656529517,0.0,0.0017889087656529517,0.0035778175313059034,0.016100178890876567,0.23255813953488372,0.007155635062611807,0.01073345259391771,0.005366726296958855,0.03220035778175313,0.012522361359570662,0.014311270125223614,0.0035778175313059034,0.0,0.0,0.005366726296958855,0.0,0.008944543828264758,0.0,0.0,0.0017889087656529517,0.0,0.0035778175313059034,0.01967799642218247,0.0,0.007155635062611807,0.017889087656529516,0.0,0.0,0.0035778175313059034,0.03577817531305903,0.02146690518783542,0.005366726296958855,0.0017889087656529517,0.014311270125223614,0.007155635062611807,0.017889087656529516,0.017889087656529516,0.0,0.008944543828264758,0.012522361359570662,0.0,0.008944543828264758,0.0017889087656529517,0.02146690518783542,0.0035778175313059034,0.008944543828264758,0.016100178890876567,0.023255813953488372,0.007155635062611807,0.0,0.008944543828264758,0.005366726296958855,0.017889087656529516,0.0,0.0017889087656529517,0.03041144901610018,0.0,0.005366726296958855,0.008944543828264758,0.03220035778175313,0.0518783542039356,0.01073345259391771,0.017889087656529516,0.0017889087656529517,0.016100178890876567,0.0,0.005366726296958855,0.0,0.0
170,0.001610305958132045,0.027375201288244767,0.0,0.011272141706924315,0.00322061191626409,0.011272141706924315,0.0,0.0,0.02254428341384863,0.02254428341384863,0.00322061191626409,0.01932367149758454,0.01610305958132045,0.001610305958132045,0.0,0.0,0.0,0.0,0.00644122383252818,0.001610305958132045,0.0,0.008051529790660225,0.0,0.01932367149758454,0.011272141706924315,0.004830917874396135,0.0,0.0,0.02254428341384863,0.004830917874396135,0.004830917874396135,0.00322061191626409,0.004830917874396135,0.017713365539452495,0.00644122383252818,0.23510466988727857,0.0,0.01288244766505636,0.0,0.01288244766505636,0.001610305958132045,0.00966183574879227,0.008051529790660225,0.01932367149758454,0.0,0.0,0.00966183574879227,0.0,0.0,0.00322061191626409,0.001610305958132045,0.028985507246376812,0.040257648953301126,0.0,0.00322061191626409,0.0,0.024154589371980676,0.027375201288244767,0.001610305958132045,0.004830917874396135,0.01288244766505636,0.001610305958132045,0.024154589371980676,0.001610305958132045,0.0,0.0,0.00322061191626409,0.004830917874396135,0.00644122383252818,0.0,0.001610305958132045,0.00644122383252818,0.00322061191626409,0.00966183574879227,0.00322061191626409,0.024154589371980676,0.014492753623188406,0.00322061191626409,0.0,0.05475040257648953,0.0,0.033816425120772944,0.0,0.014492753623188406,0.0,0.001610305958132045,0.004830917874396135,0.0322061191626409,0.0,0.0,0.004830917874396135,0.001610305958132045,0.001610305958132045,0.00322061191626409,0.0,0.0,0.008051529790660225,0.00322061191626409,0.00966183574879227,0.004830917874396135
171,0.016129032258064516,0.008797653958944282,0.0,0.004398826979472141,0.005865102639296188,0.030791788856304986,0.0,0.011730205278592375,0.02346041055718475,0.002932551319648094,0.007331378299120235,0.0,0.001466275659824047,0.004398826979472141,0.004398826979472141,0.005865102639296188,0.0,0.0,0.026392961876832845,0.0,0.004398826979472141,0.001466275659824047,0.0,0.001466275659824047,0.017595307917888565,0.045454545454545456,0.004398826979472141,0.004398826979472141,0.0,0.002932551319648094,0.002932551319648094,0.020527859237536656,0.0,0.04398826979472141,0.020527859237536656,0.26099706744868034,0.01466275659824047,0.0,0.005865102639296188,0.0,0.0,0.008797653958944282,0.010263929618768328,0.011730205278592375,0.007331378299120235,0.001466275659824047,0.013196480938416423,0.007331378299120235,0.0,0.0,0.0,0.002932551319648094,0.002932551319648094,0.007331378299120235,0.016129032258064516,0.0,0.01466275659824047,0.008797653958944282,0.020527859237536656,0.004398826979472141,0.0,0.005865102639296188,0.007331378299120235,0.017595307917888565,0.0,0.010263929618768328,0.002932551319648094,0.005865102639296188,0.004398826979472141,0.007331378299120235,0.002932551319648094,0.013196480938416423,0.0,0.004398826979472141,0.01906158357771261,0.01906158357771261,0.007331378299120235,0.007331378299120235,0.002932551319648094,0.0,0.011730205278592375,0.005865102639296188,0.017595307917888565,0.001466275659824047,0.002932551319648094,0.008797653958944282,0.001466275659824047,0.0,0.007331378299120235,0.0,0.0,0.0,0.01466275659824047,0.008797653958944282,0.0,0.020527859237536656,0.0,0.0,0.004398826979472141,0.013196480938416423
172,0.0,0.0039447731755424065,0.0,0.0019723865877712033,0.0,0.01972386587771203,0.0039447731755424065,0.04142011834319527,0.0039447731755424065,0.0039447731755424065,0.01775147928994083,0.0,0.005917159763313609,0.007889546351084813,0.0039447731755424065,0.0019723865877712033,0.01972386587771203,0.023668639053254437,0.0039447731755424065,0.0019723865877712033,0.0019723865877712033,0.0,0.0019723865877712033,0.0039447731755424065,0.0,0.0,0.0,0.0019723865877712033,0.0039447731755424065,0.027613412228796843,0.0019723865877712033,0.007889546351084813,0.005917159763313609,0.005917159763313609,0.03747534516765286,0.22485207100591717,0.0019723865877712033,0.023668639053254437,0.0019723865877712033,0.0,0.0,0.0,0.0039447731755424065,0.03550295857988166,0.0,0.0,0.021696252465483234,0.0,0.03550295857988166,0.0,0.007889546351084813,0.007889546351084813,0.0,0.0,0.0019723865877712033,0.0039447731755424065,0.01972386587771203,0.015779092702169626,0.009861932938856016,0.0,0.0,0.005917159763313609,0.009861932938856016,0.013806706114398421,0.0,0.015779092702169626,0.0039447731755424065,0.011834319526627219,0.0019723865877712033,0.007889546351084813,0.01775147928994083,0.0019723865877712033,0.009861932938856016,0.0019723865877712033,0.015779092702169626,0.0,0.0,0.0039447731755424065,0.015779092702169626,0.0019723865877712033,0.009861932938856016,0.0039447731755424065,0.04930966469428008,0.0039447731755424065,0.005917159763313609,0.0019723865877712033,0.0,0.0,0.0039447731755424065,0.029585798816568046,0.007889546351084813,0.0019723865877712033,0.01972386587771203,0.0,0.0,0.01775147928994083,0.011834319526627219,0.0,0.005917159763313609,0.0039447731755424065
173,0.015714285714285715,0.008571428571428572,0.0,0.0,0.008571428571428572,0.004285714285714286,0.005714285714285714,0.002857142857142857,0.011428571428571429,0.014285714285714285,0.018571428571428572,0.004285714285714286,0.012857142857142857,0.018571428571428572,0.01,0.0,0.004285714285714286,0.002857142857142857,0.01,0.007142857142857143,0.02,0.01,0.014285714285714285,0.0,0.0,0.005714285714285714,0.004285714285714286,0.02142857142857143,0.002857142857142857,0.0,0.002857142857142857,0.0014285714285714286,0.008571428571428572,0.0,0.02142857142857143,0.25142857142857145,0.007142857142857143,0.008571428571428572,0.018571428571428572,0.005714285714285714,0.0,0.004285714285714286,0.0,0.008571428571428572,0.0,0.0,0.008571428571428572,0.0,0.005714285714285714,0.02857142857142857,0.0,0.02,0.0,0.02142857142857143,0.0,0.002857142857142857,0.0014285714285714286,0.007142857142857143,0.005714285714285714,0.02,0.007142857142857143,0.0,0.0014285714285714286,0.0,0.02857142857142857,0.004285714285714286,0.0,0.007142857142857143,0.02,0.0,0.0,0.005714285714285714,0.024285714285714285,0.0014285714285714286,0.004285714285714286,0.007142857142857143,0.047142857142857146,0.0,0.0,0.011428571428571429,0.0014285714285714286,0.008571428571428572,0.002857142857142857,0.015714285714285715,0.0014285714285714286,0.024285714285714285,0.002857142857142857,0.007142857142857143,0.02,0.0,0.011428571428571429,0.0,0.015714285714285715,0.011428571428571429,0.0014285714285714286,0.0,0.007142857142857143,0.0,0.0,0.0
174,0.0,0.013138686131386862,0.00145985401459854,0.020437956204379562,0.0,0.013138686131386862,0.00291970802919708,0.0,0.0,0.00145985401459854,0.00583941605839416,0.0,0.00583941605839416,0.0,0.008759124087591242,0.0,0.0,0.0,0.0,0.00583941605839416,0.00145985401459854,0.0072992700729927005,0.0,0.00291970802919708,0.008759124087591242,0.00583941605839416,0.016058394160583942,0.010218978102189781,0.010218978102189781,0.008759124087591242,0.0,0.00291970802919708,0.0364963503649635,0.02335766423357664,0.0,0.291970802919708,0.013138686131386862,0.0,0.008759124087591242,0.004379562043795621,0.00583941605839416,0.014598540145985401,0.010218978102189781,0.00291970802919708,0.0,0.013138686131386862,0.008759124087591242,0.00291970802919708,0.014598540145985401,0.00145985401459854,0.00291970802919708,0.010218978102189781,0.00291970802919708,0.008759124087591242,0.013138686131386862,0.00583941605839416,0.00291970802919708,0.004379562043795621,0.020437956204379562,0.0072992700729927005,0.0,0.020437956204379562,0.00583941605839416,0.010218978102189781,0.00145985401459854,0.00145985401459854,0.010218978102189781,0.008759124087591242,0.00291970802919708,0.0,0.010218978102189781,0.0364963503649635,0.0072992700729927005,0.0,0.00145985401459854,0.035036496350364967,0.01167883211678832,0.008759124087591242,0.00145985401459854,0.010218978102189781,0.01167883211678832,0.00291970802919708,0.0,0.0,0.00583941605839416,0.008759124087591242,0.00145985401459854,0.004379562043795621,0.00291970802919708,0.0,0.024817518248175182,0.021897810218978103,0.013138686131386862,0.0,0.00145985401459854,0.008759124087591242,0.0,0.00145985401459854,0.01167883211678832,0.010218978102189781
175,0.0018083182640144665,0.0054249547920434,0.02531645569620253,0.0,0.054249547920433995,0.0018083182640144665,0.0018083182640144665,0.0,0.0,0.0018083182640144665,0.0,0.003616636528028933,0.007233273056057866,0.04159132007233273,0.0,0.0,0.0,0.0018083182640144665,0.034358047016274866,0.003616636528028933,0.0162748643761302,0.0108499095840868,0.0,0.0018083182640144665,0.0162748643761302,0.039783001808318265,0.0018083182640144665,0.003616636528028933,0.0,0.007233273056057866,0.0018083182640144665,0.0216998191681736,0.0,0.0018083182640144665,0.0,0.25678119349005424,0.0,0.007233273056057866,0.0054249547920434,0.0162748643761302,0.0,0.0054249547920434,0.0,0.0,0.012658227848101266,0.0,0.0018083182640144665,0.0108499095840868,0.0216998191681736,0.0,0.0,0.0162748643761302,0.0,0.0018083182640144665,0.009041591320072333,0.009041591320072333,0.009041591320072333,0.0018083182640144665,0.0054249547920434,0.0,0.0,0.0,0.014466546112115732,0.0018083182640144665,0.0054249547920434,0.0,0.028933092224231464,0.0,0.0108499095840868,0.054249547920433995,0.003616636528028933,0.0,0.007233273056057866,0.009041591320072333,0.007233273056057866,0.0018083182640144665,0.034358047016274866,0.0018083182640144665,0.012658227848101266,0.0018083182640144665,0.0,0.0,0.0,0.007233273056057866,0.0,0.0,0.0,0.0,0.019891500904159132,0.009041591320072333,0.0,0.0,0.0,0.014466546112115732,0.003616636528028933,0.0,0.0108499095840868,0.0018083182640144665,0.039783001808318265,0.0
176,0.0,0.0035714285714285713,0.0,0.0125,0.007142857142857143,0.0035714285714285713,0.0125,0.0017857142857142857,0.005357142857142857,0.0017857142857142857,0.0035714285714285713,0.0125,0.007142857142857143,0.0017857142857142857,0.0125,0.0,0.017857142857142856,0.0,0.0,0.02857142857142857,0.01607142857142857,0.0,0.014285714285714285,0.010714285714285714,0.0017857142857142857,0.005357142857142857,0.0,0.0035714285714285713,0.010714285714285714,0.0,0.007142857142857143,0.005357142857142857,0.025,0.0035714285714285713,0.0,0.16785714285714284,0.0035714285714285713,0.0,0.007142857142857143,0.0035714285714285713,0.0,0.007142857142857143,0.007142857142857143,0.0,0.005357142857142857,0.02142857142857143,0.0035714285714285713,0.008928571428571428,0.019642857142857142,0.008928571428571428,0.0,0.0035714285714285713,0.0,0.0,0.03214285714285714,0.0035714285714285713,0.04642857142857143,0.010714285714285714,0.014285714285714285,0.0017857142857142857,0.0017857142857142857,0.008928571428571428,0.0,0.005357142857142857,0.0125,0.0035714285714285713,0.0017857142857142857,0.014285714285714285,0.014285714285714285,0.0,0.008928571428571428,0.007142857142857143,0.0035714285714285713,0.008928571428571428,0.04285714285714286,0.0035714285714285713,0.008928571428571428,0.0,0.007142857142857143,0.026785714285714284,0.0125,0.0,0.0,0.0,0.0,0.0035714285714285713,0.0125,0.010714285714285714,0.0017857142857142857,0.039285714285714285,0.010714285714285714,0.005357142857142857,0.0125,0.017857142857142856,0.04107142857142857,0.008928571428571428,0.0017857142857142857,0.0017857142857142857,0.023214285714285715,0.0035714285714285713
177,0.0,0.0038535645472061657,0.0,0.005780346820809248,0.0,0.023121387283236993,0.0,0.005780346820809248,0.017341040462427744,0.007707129094412331,0.011560693641618497,0.0038535645472061657,0.0019267822736030828,0.030828516377649325,0.0038535645472061657,0.0,0.0038535645472061657,0.005780346820809248,0.0038535645472061657,0.007707129094412331,0.038535645472061654,0.0019267822736030828,0.0,0.0019267822736030828,0.009633911368015413,0.0038535645472061657,0.005780346820809248,0.011560693641618497,0.0,0.011560693641618497,0.02697495183044316,0.005780346820809248,0.005780346820809248,0.0019267822736030828,0.0,0.1907514450867052,0.017341040462427744,0.02697495183044316,0.015414258188824663,0.0,0.0038535645472061657,0.0038535645472061657,0.030828516377649325,0.005780346820809248,0.0038535645472061657,0.0019267822736030828,0.005780346820809248,0.028901734104046242,0.01348747591522158,0.009633911368015413,0.019267822736030827,0.0019267822736030828,0.005780346820809248,0.005780346820809248,0.007707129094412331,0.0,0.005780346820809248,0.0019267822736030828,0.0,0.0,0.02119460500963391,0.01348747591522158,0.01348747591522158,0.03275529865125241,0.017341040462427744,0.0,0.007707129094412331,0.019267822736030827,0.0019267822736030828,0.007707129094412331,0.0038535645472061657,0.0,0.009633911368015413,0.0,0.0038535645472061657,0.0019267822736030828,0.005780346820809248,0.0,0.007707129094412331,0.009633911368015413,0.011560693641618497,0.0,0.0038535645472061657,0.009633911368015413,0.0038535645472061657,0.015414258188824663,0.0038535645472061657,0.019267822736030827,0.0019267822736030828,0.005780346820809248,0.019267822736030827,0.011560693641618497,0.0019267822736030828,0.009633911368015413,0.01348747591522158,0.005780346820809248,0.0,0.0038535645472061657,0.009633911368015413,0.0038535645472061657
178,0.005194805194805195,0.0,0.005194805194805195,0.0,0.0,0.0,0.0,0.015584415584415584,0.015584415584415584,0.005194805194805195,0.005194805194805195,0.0,0.012987012987012988,0.007792207792207792,0.0,0.0,0.0,0.0,0.0,0.015584415584415584,0.01818181818181818,0.005194805194805195,0.0,0.0,0.012987012987012988,0.007792207792207792,0.03116883116883117,0.02077922077922078,0.01038961038961039,0.007792207792207792,0.0,0.0,0.0,0.046753246753246755,0.0,0.2051948051948052,0.0025974025974025974,0.0,0.005194805194805195,0.0,0.007792207792207792,0.007792207792207792,0.025974025974025976,0.0,0.0,0.0,0.007792207792207792,0.0025974025974025974,0.0025974025974025974,0.005194805194805195,0.0,0.03116883116883117,0.012987012987012988,0.0,0.005194805194805195,0.025974025974025976,0.0025974025974025974,0.04155844155844156,0.0,0.0025974025974025974,0.005194805194805195,0.0,0.0,0.005194805194805195,0.007792207792207792,0.0025974025974025974,0.01038961038961039,0.007792207792207792,0.0,0.007792207792207792,0.0,0.005194805194805195,0.023376623376623377,0.0,0.0,0.007792207792207792,0.03636363636363636,0.012987012987012988,0.015584415584415584,0.04155844155844156,0.033766233766233764,0.0,0.0025974025974025974,0.005194805194805195,0.0025974025974025974,0.0,0.01038961038961039,0.007792207792207792,0.0025974025974025974,0.007792207792207792,0.007792207792207792,0.005194805194805195,0.0,0.0,0.0025974025974025974,0.02077922077922078,0.0,0.046753246753246755,0.01038961038961039,0.0
179,0.0,0.0,0.03225806451612903,0.008064516129032258,0.0016129032258064516,0.012903225806451613,0.0,0.01129032258064516,0.0016129032258064516,0.017741935483870968,0.016129032258064516,0.004838709677419355,0.014516129032258065,0.004838709677419355,0.0016129032258064516,0.0016129032258064516,0.0032258064516129032,0.0032258064516129032,0.0,0.004838709677419355,0.008064516129032258,0.0016129032258064516,0.0,0.0,0.00967741935483871,0.008064516129032258,0.0064516129032258064,0.0032258064516129032,0.0016129032258064516,0.0,0.004838709677419355,0.0016129032258064516,0.016129032258064516,0.0016129032258064516,0.0016129032258064516,0.1935483870967742,0.0,0.01129032258064516,0.004838709677419355,0.004838709677419355,0.02258064516129032,0.0016129032258064516,0.004838709677419355,0.0064516129032258064,0.0,0.0,0.037096774193548385,0.0032258064516129032,0.0,0.004838709677419355,0.0032258064516129032,0.008064516129032258,0.012903225806451613,0.0032258064516129032,0.056451612903225805,0.01129032258064516,0.0,0.0,0.0,0.0,0.0,0.025806451612903226,0.0,0.024193548387096774,0.037096774193548385,0.0,0.0064516129032258064,0.020967741935483872,0.020967741935483872,0.0032258064516129032,0.0016129032258064516,0.0016129032258064516,0.00967741935483871,0.017741935483870968,0.03064516129032258,0.0,0.004838709677419355,0.020967741935483872,0.0,0.0,0.027419354838709678,0.024193548387096774,0.0,0.004838709677419355,0.008064516129032258,0.0016129032258064516,0.020967741935483872,0.0,0.0,0.0,0.0032258064516129032,0.008064516129032258,0.0,0.027419354838709678,0.0016129032258064516,0.00967741935483871,0.0032258064516129032,0.01935483870967742,0.017741935483870968,0.0016129032258064516
180,0.0067226890756302525,0.0,0.0,0.0016806722689075631,0.01680672268907563,0.008403361344537815,0.0,0.0033613445378151263,0.058823529411764705,0.0016806722689075631,0.0067226890756302525,0.010084033613445379,0.0,0.013445378151260505,0.0,0.008403361344537815,0.0,0.011764705882352941,0.0,0.015126050420168067,0.013445378151260505,0.0033613445378151263,0.0,0.0033613445378151263,0.005042016806722689,0.0016806722689075631,0.0067226890756302525,0.005042016806722689,0.0033613445378151263,0.03361344537815126,0.0016806722689075631,0.0016806722689075631,0.0016806722689075631,0.0033613445378151263,0.0016806722689075631,0.2722689075630252,0.0016806722689075631,0.0,0.0016806722689075631,0.0,0.010084033613445379,0.011764705882352941,0.02689075630252101,0.01680672268907563,0.015126050420168067,0.0016806722689075631,0.0067226890756302525,0.0033613445378151263,0.008403361344537815,0.008403361344537815,0.05378151260504202,0.0,0.0016806722689075631,0.0033613445378151263,0.0,0.0,0.0033613445378151263,0.0,0.005042016806722689,0.015126050420168067,0.0,0.010084033613445379,0.008403361344537815,0.0,0.0,0.0067226890756302525,0.0016806722689075631,0.0016806722689075631,0.018487394957983194,0.0016806722689075631,0.005042016806722689,0.005042016806722689,0.020168067226890758,0.0,0.0,0.0,0.0016806722689075631,0.0016806722689075631,0.0033613445378151263,0.0,0.0,0.015126050420168067,0.0033613445378151263,0.0067226890756302525,0.03865546218487395,0.0,0.008403361344537815,0.0,0.0033613445378151263,0.010084033613445379,0.0,0.02857142857142857,0.020168067226890758,0.010084033613445379,0.013445378151260505,0.005042016806722689,0.015126050420168067,0.005042016806722689,0.015126050420168067,0.0
181,0.0631163708086785,0.0,0.007889546351084813,0.0,0.0,0.021696252465483234,0.0,0.009861932938856016,0.011834319526627219,0.011834319526627219,0.0019723865877712033,0.0019723865877712033,0.0,0.0,0.023668639053254437,0.0,0.009861932938856016,0.03353057199211045,0.027613412228796843,0.015779092702169626,0.013806706114398421,0.0,0.0039447731755424065,0.0,0.0,0.009861932938856016,0.0,0.0,0.007889546351084813,0.0,0.0019723865877712033,0.005917159763313609,0.0039447731755424065,0.03944773175542406,0.0039447731755424065,0.14792899408284024,0.0019723865877712033,0.0,0.007889546351084813,0.029585798816568046,0.0019723865877712033,0.009861932938856016,0.005917159763313609,0.0019723865877712033,0.005917159763313609,0.021696252465483234,0.0019723865877712033,0.0,0.02564102564102564,0.0,0.0,0.01972386587771203,0.0,0.021696252465483234,0.0019723865877712033,0.0019723865877712033,0.0039447731755424065,0.013806706114398421,0.007889546351084813,0.0,0.011834319526627219,0.0,0.0,0.029585798816568046,0.0,0.009861932938856016,0.0039447731755424065,0.013806706114398421,0.0039447731755424065,0.0019723865877712033,0.027613412228796843,0.0039447731755424065,0.0019723865877712033,0.0039447731755424065,0.0039447731755424065,0.007889546351084813,0.0,0.013806706114398421,0.0,0.0,0.0019723865877712033,0.01775147928994083,0.0,0.007889546351084813,0.009861932938856016,0.0019723865877712033,0.0019723865877712033,0.007889546351084813,0.01972386587771203,0.009861932938856016,0.03747534516765286,0.0,0.015779092702169626,0.011834319526627219,0.01775147928994083,0.0019723865877712033,0.0,0.0,0.03353057199211045,0.0
182,0.008097165991902834,0.0020242914979757085,0.03441295546558704,0.0020242914979757085,0.004048582995951417,0.010121457489878543,0.012145748987854251,0.018218623481781375,0.004048582995951417,0.0,0.022267206477732792,0.0,0.010121457489878543,0.0,0.01417004048582996,0.010121457489878543,0.0,0.0,0.0,0.048582995951417005,0.008097165991902834,0.006072874493927126,0.024291497975708502,0.0020242914979757085,0.0020242914979757085,0.0,0.0020242914979757085,0.010121457489878543,0.010121457489878543,0.012145748987854251,0.004048582995951417,0.0020242914979757085,0.0020242914979757085,0.0020242914979757085,0.038461538461538464,0.23684210526315788,0.006072874493927126,0.004048582995951417,0.006072874493927126,0.0020242914979757085,0.0,0.030364372469635626,0.0,0.004048582995951417,0.020242914979757085,0.0,0.01417004048582996,0.0,0.0,0.0020242914979757085,0.0020242914979757085,0.0020242914979757085,0.008097165991902834,0.0,0.0020242914979757085,0.004048582995951417,0.0,0.0,0.012145748987854251,0.0,0.0020242914979757085,0.004048582995951417,0.008097165991902834,0.0,0.01417004048582996,0.018218623481781375,0.006072874493927126,0.006072874493927126,0.004048582995951417,0.01417004048582996,0.006072874493927126,0.0,0.02631578947368421,0.0,0.008097165991902834,0.006072874493927126,0.010121457489878543,0.016194331983805668,0.0020242914979757085,0.0,0.008097165991902834,0.0,0.004048582995951417,0.008097165991902834,0.004048582995951417,0.0,0.010121457489878543,0.02631578947368421,0.016194331983805668,0.018218623481781375,0.008097165991902834,0.010121457489878543,0.0,0.010121457489878543,0.004048582995951417,0.0,0.006072874493927126,0.010121457489878543,0.022267206477732792,0.0
183,0.0017730496453900709,0.0,0.0035460992907801418,0.01950354609929078,0.014184397163120567,0.0,0.005319148936170213,0.0,0.005319148936170213,0.014184397163120567,0.0,0.0017730496453900709,0.0035460992907801418,0.008865248226950355,0.0017730496453900709,0.0,0.008865248226950355,0.0017730496453900709,0.0017730496453900709,0.008865248226950355,0.0,0.02304964539007092,0.005319148936170213,0.0,0.0,0.0070921985815602835,0.0017730496453900709,0.024822695035460994,0.005319148936170213,0.030141843971631204,0.0,0.0,0.0035460992907801418,0.008865248226950355,0.0,0.24822695035460993,0.015957446808510637,0.0,0.014184397163120567,0.0,0.014184397163120567,0.0017730496453900709,0.014184397163120567,0.005319148936170213,0.0,0.0035460992907801418,0.005319148936170213,0.0,0.0035460992907801418,0.0425531914893617,0.0017730496453900709,0.0017730496453900709,0.0,0.0017730496453900709,0.0425531914893617,0.0,0.0,0.01950354609929078,0.012411347517730497,0.0,0.030141843971631204,0.0017730496453900709,0.0,0.0,0.0017730496453900709,0.0070921985815602835,0.0,0.0,0.0,0.01950354609929078,0.0070921985815602835,0.0017730496453900709,0.02304964539007092,0.0,0.012411347517730497,0.0,0.0017730496453900709,0.0017730496453900709,0.0,0.03546099290780142,0.03546099290780142,0.0070921985815602835,0.0,0.0,0.0070921985815602835,0.026595744680851064,0.005319148936170213,0.0,0.031914893617021274,0.0035460992907801418,0.0,0.02127659574468085,0.0017730496453900709,0.005319148936170213,0.0070921985815602835,0.0035460992907801418,0.015957446808510637,0.024822695035460994,0.0,0.0
184,0.030303030303030304,0.0,0.0,0.006734006734006734,0.018518518518518517,0.008417508417508417,0.0016835016835016834,0.026936026936026935,0.011784511784511785,0.0016835016835016834,0.0016835016835016834,0.010101010101010102,0.03198653198653199,0.005050505050505051,0.003367003367003367,0.0,0.006734006734006734,0.0,0.04208754208754209,0.010101010101010102,0.013468013468013467,0.0016835016835016834,0.010101010101010102,0.0,0.0016835016835016834,0.006734006734006734,0.010101010101010102,0.011784511784511785,0.011784511784511785,0.011784511784511785,0.0,0.005050505050505051,0.015151515151515152,0.0016835016835016834,0.013468013468013467,0.29292929292929293,0.006734006734006734,0.003367003367003367,0.005050505050505051,0.0016835016835016834,0.005050505050505051,0.005050505050505051,0.0,0.0016835016835016834,0.0016835016835016834,0.0,0.011784511784511785,0.006734006734006734,0.0,0.0,0.010101010101010102,0.0016835016835016834,0.003367003367003367,0.0016835016835016834,0.0,0.0,0.0,0.04377104377104377,0.003367003367003367,0.005050505050505051,0.0,0.006734006734006734,0.003367003367003367,0.0016835016835016834,0.0,0.015151515151515152,0.0,0.02356902356902357,0.011784511784511785,0.008417508417508417,0.0,0.0,0.0016835016835016834,0.0,0.003367003367003367,0.0016835016835016834,0.020202020202020204,0.0,0.0016835016835016834,0.011784511784511785,0.0,0.010101010101010102,0.0016835016835016834,0.005050505050505051,0.0,0.008417508417508417,0.003367003367003367,0.0,0.005050505050505051,0.02356902356902357,0.006734006734006734,0.006734006734006734,0.02356902356902357,0.010101010101010102,0.0,0.021885521885521887,0.0016835016835016834,0.0,0.003367003367003367,0.015151515151515152
185,0.008771929824561403,0.006578947368421052,0.017543859649122806,0.010964912280701754,0.0021929824561403508,0.02412280701754386,0.0,0.006578947368421052,0.0043859649122807015,0.0,0.008771929824561403,0.03728070175438596,0.0,0.0,0.006578947368421052,0.0,0.0043859649122807015,0.0,0.0,0.0,0.008771929824561403,0.008771929824561403,0.0021929824561403508,0.0,0.0,0.021929824561403508,0.0021929824561403508,0.0,0.0043859649122807015,0.02412280701754386,0.0021929824561403508,0.019736842105263157,0.0,0.0,0.010964912280701754,0.19298245614035087,0.0021929824561403508,0.015350877192982455,0.015350877192982455,0.0,0.0,0.0043859649122807015,0.043859649122807015,0.02631578947368421,0.0,0.0,0.0043859649122807015,0.02412280701754386,0.008771929824561403,0.015350877192982455,0.006578947368421052,0.0043859649122807015,0.008771929824561403,0.0043859649122807015,0.02631578947368421,0.0043859649122807015,0.015350877192982455,0.015350877192982455,0.0043859649122807015,0.03070175438596491,0.0021929824561403508,0.019736842105263157,0.019736842105263157,0.0,0.0043859649122807015,0.0043859649122807015,0.0021929824561403508,0.008771929824561403,0.0,0.0043859649122807015,0.0043859649122807015,0.03508771929824561,0.0021929824561403508,0.0,0.0021929824561403508,0.010964912280701754,0.0043859649122807015,0.0043859649122807015,0.02412280701754386,0.0,0.0043859649122807015,0.0021929824561403508,0.006578947368421052,0.0,0.0,0.0043859649122807015,0.039473684210526314,0.0,0.0,0.0021929824561403508,0.008771929824561403,0.015350877192982455,0.010964912280701754,0.0,0.0,0.0,0.006578947368421052,0.021929824561403508,0.0043859649122807015,0.0021929824561403508
186,0.0,0.00847457627118644,0.003389830508474576,0.001694915254237288,0.0,0.010169491525423728,0.0,0.00847457627118644,0.003389830508474576,0.001694915254237288,0.0,0.005084745762711864,0.005084745762711864,0.006779661016949152,0.0,0.011864406779661017,0.0288135593220339,0.00847457627118644,0.0,0.006779661016949152,0.003389830508474576,0.0,0.0,0.0,0.0,0.00847457627118644,0.003389830508474576,0.005084745762711864,0.005084745762711864,0.011864406779661017,0.0,0.0,0.0,0.020338983050847456,0.020338983050847456,0.188135593220339,0.005084745762711864,0.001694915254237288,0.001694915254237288,0.0,0.006779661016949152,0.03220338983050847,0.003389830508474576,0.005084745762711864,0.0,0.013559322033898305,0.00847457627118644,0.001694915254237288,0.005084745762711864,0.005084745762711864,0.01694915254237288,0.003389830508474576,0.0,0.0,0.005084745762711864,0.010169491525423728,0.0,0.005084745762711864,0.003389830508474576,0.00847457627118644,0.003389830508474576,0.001694915254237288,0.04915254237288136,0.001694915254237288,0.0,0.013559322033898305,0.001694915254237288,0.0,0.01694915254237288,0.005084745762711864,0.011864406779661017,0.003389830508474576,0.001694915254237288,0.001694915254237288,0.0,0.003389830508474576,0.03220338983050847,0.0423728813559322,0.011864406779661017,0.011864406779661017,0.0,0.001694915254237288,0.015254237288135594,0.00847457627118644,0.011864406779661017,0.0,0.025423728813559324,0.00847457627118644,0.01694915254237288,0.0,0.05593220338983051,0.010169491525423728,0.0,0.006779661016949152,0.001694915254237288,0.003389830508474576,0.0,0.0,0.09830508474576272,0.003389830508474576
187,0.04081632653061224,0.003401360544217687,0.008503401360544218,0.0,0.0017006802721088435,0.0,0.0017006802721088435,0.00510204081632653,0.006802721088435374,0.0,0.013605442176870748,0.00510204081632653,0.0,0.023809523809523808,0.00510204081632653,0.0,0.03231292517006803,0.0,0.003401360544217687,0.013605442176870748,0.006802721088435374,0.008503401360544218,0.003401360544217687,0.008503401360544218,0.0,0.017006802721088437,0.0,0.00510204081632653,0.003401360544217687,0.003401360544217687,0.0017006802721088435,0.0,0.01020408163265306,0.0,0.0,0.29931972789115646,0.0017006802721088435,0.015306122448979591,0.0,0.003401360544217687,0.008503401360544218,0.0,0.003401360544217687,0.0,0.0,0.0,0.003401360544217687,0.0017006802721088435,0.0017006802721088435,0.003401360544217687,0.0017006802721088435,0.02040816326530612,0.022108843537414966,0.0,0.022108843537414966,0.0,0.003401360544217687,0.008503401360544218,0.0,0.0017006802721088435,0.0017006802721088435,0.015306122448979591,0.0,0.022108843537414966,0.0,0.0017006802721088435,0.0,0.00510204081632653,0.013605442176870748,0.0017006802721088435,0.00510204081632653,0.01870748299319728,0.0,0.0017006802721088435,0.003401360544217687,0.0,0.017006802721088437,0.025510204081632654,0.015306122448979591,0.006802721088435374,0.0017006802721088435,0.025510204081632654,0.0,0.013605442176870748,0.0,0.0017006802721088435,0.0017006802721088435,0.003401360544217687,0.0,0.013605442176870748,0.008503401360544218,0.006802721088435374,0.00510204081632653,0.0391156462585034,0.025510204081632654,0.015306122448979591,0.006802721088435374,0.0,0.008503401360544218,0.013605442176870748
188,0.005917159763313609,0.011834319526627219,0.03155818540433925,0.0,0.023668639053254437,0.013806706114398421,0.0,0.007889546351084813,0.0019723865877712033,0.0019723865877712033,0.005917159763313609,0.021696252465483234,0.013806706114398421,0.005917159763313609,0.0019723865877712033,0.047337278106508875,0.007889546351084813,0.0019723865877712033,0.005917159763313609,0.0,0.011834319526627219,0.0,0.0019723865877712033,0.0019723865877712033,0.0,0.013806706114398421,0.03550295857988166,0.01775147928994083,0.0039447731755424065,0.0019723865877712033,0.0039447731755424065,0.0019723865877712033,0.0019723865877712033,0.0019723865877712033,0.0,0.2603550295857988,0.0,0.0,0.0039447731755424065,0.01972386587771203,0.03550295857988166,0.007889546351084813,0.0,0.0,0.0,0.0,0.007889546351084813,0.013806706114398421,0.005917159763313609,0.005917159763313609,0.0019723865877712033,0.015779092702169626,0.0,0.0019723865877712033,0.009861932938856016,0.0,0.0,0.0039447731755424065,0.0,0.0,0.0,0.029585798816568046,0.013806706114398421,0.029585798816568046,0.007889546351084813,0.0039447731755424065,0.0019723865877712033,0.0,0.0,0.013806706114398421,0.0019723865877712033,0.0019723865877712033,0.0,0.009861932938856016,0.0019723865877712033,0.0,0.005917159763313609,0.0019723865877712033,0.005917159763313609,0.0,0.009861932938856016,0.0,0.03353057199211045,0.0039447731755424065,0.007889546351084813,0.007889546351084813,0.015779092702169626,0.005917159763313609,0.007889546351084813,0.0019723865877712033,0.011834319526627219,0.0,0.0,0.0039447731755424065,0.007889546351084813,0.0039447731755424065,0.015779092702169626,0.0019723865877712033,0.023668639053254437,0.0019723865877712033
189,0.0,0.0,0.0016638935108153079,0.0016638935108153079,0.0016638935108153079,0.0,0.014975041597337771,0.0,0.0,0.021630615640599003,0.0,0.0016638935108153079,0.0,0.0033277870216306157,0.004991680532445923,0.028286189683860232,0.0,0.0066555740432612314,0.0,0.013311148086522463,0.0033277870216306157,0.0016638935108153079,0.0066555740432612314,0.0033277870216306157,0.0,0.008319467554076539,0.013311148086522463,0.011647254575707155,0.0,0.0016638935108153079,0.0033277870216306157,0.0,0.0033277870216306157,0.008319467554076539,0.014975041597337771,0.3161397670549085,0.028286189683860232,0.014975041597337771,0.004991680532445923,0.0,0.004991680532445923,0.0,0.0066555740432612314,0.011647254575707155,0.0,0.0066555740432612314,0.0016638935108153079,0.056572379367720464,0.004991680532445923,0.018302828618968387,0.028286189683860232,0.016638935108153077,0.0066555740432612314,0.0,0.0016638935108153079,0.019966722129783693,0.0,0.0033277870216306157,0.0,0.011647254575707155,0.0,0.008319467554076539,0.0033277870216306157,0.011647254575707155,0.0,0.0016638935108153079,0.0066555740432612314,0.0016638935108153079,0.0016638935108153079,0.0016638935108153079,0.026622296173044926,0.008319467554076539,0.013311148086522463,0.0033277870216306157,0.0,0.0016638935108153079,0.024958402662229616,0.0033277870216306157,0.0016638935108153079,0.03494176372712146,0.0016638935108153079,0.0,0.0016638935108153079,0.0066555740432612314,0.0,0.013311148086522463,0.0016638935108153079,0.0,0.0016638935108153079,0.0033277870216306157,0.0,0.02329450915141431,0.0066555740432612314,0.0033277870216306157,0.004991680532445923,0.0016638935108153079,0.02329450915141431,0.004991680532445923,0.0033277870216306157,0.0
190,0.017432646592709985,0.014263074484944533,0.004754358161648178,0.006339144215530904,0.0,0.017432646592709985,0.0,0.0,0.001584786053882726,0.0,0.001584786053882726,0.011093502377179081,0.0,0.006339144215530904,0.012678288431061807,0.0,0.001584786053882726,0.0,0.003169572107765452,0.020602218700475437,0.004754358161648178,0.001584786053882726,0.022187004754358162,0.0,0.0,0.017432646592709985,0.0,0.004754358161648178,0.00792393026941363,0.009508716323296355,0.003169572107765452,0.001584786053882726,0.003169572107765452,0.006339144215530904,0.0,0.13946117274167988,0.028526148969889066,0.020602218700475437,0.0,0.025356576862123614,0.00792393026941363,0.011093502377179081,0.001584786053882726,0.001584786053882726,0.014263074484944533,0.001584786053882726,0.00792393026941363,0.0,0.001584786053882726,0.001584786053882726,0.039619651347068144,0.0,0.004754358161648178,0.01584786053882726,0.0,0.001584786053882726,0.006339144215530904,0.03645007923930269,0.001584786053882726,0.006339144215530904,0.0,0.006339144215530904,0.004754358161648178,0.030110935023771792,0.017432646592709985,0.003169572107765452,0.00792393026941363,0.004754358161648178,0.003169572107765452,0.009508716323296355,0.0,0.0,0.012678288431061807,0.02377179080824089,0.003169572107765452,0.011093502377179081,0.001584786053882726,0.030110935023771792,0.0,0.07131537242472266,0.004754358161648178,0.01901743264659271,0.004754358161648178,0.011093502377179081,0.009508716323296355,0.011093502377179081,0.012678288431061807,0.003169572107765452,0.00792393026941363,0.006339144215530904,0.009508716323296355,0.001584786053882726,0.009508716323296355,0.009508716323296355,0.03169572107765452,0.003169572107765452,0.0,0.0,0.003169572107765452,0.02377179080824089
191,0.001841620626151013,0.01289134438305709,0.0055248618784530384,0.01289134438305709,0.007366482504604052,0.0,0.0,0.0,0.0055248618784530384,0.0,0.02578268876611418,0.001841620626151013,0.0,0.003683241252302026,0.001841620626151013,0.040515653775322284,0.02394106813996317,0.0,0.0,0.0,0.003683241252302026,0.01289134438305709,0.0055248618784530384,0.001841620626151013,0.0055248618784530384,0.001841620626151013,0.0,0.027624309392265192,0.003683241252302026,0.011049723756906077,0.03314917127071823,0.001841620626151013,0.0055248618784530384,0.02578268876611418,0.022099447513812154,0.15101289134438306,0.02578268876611418,0.007366482504604052,0.01841620626151013,0.009208103130755065,0.020257826887661142,0.0,0.01841620626151013,0.0,0.02578268876611418,0.007366482504604052,0.009208103130755065,0.0055248618784530384,0.01841620626151013,0.0,0.0,0.007366482504604052,0.007366482504604052,0.011049723756906077,0.0,0.0055248618784530384,0.003683241252302026,0.003683241252302026,0.0,0.0055248618784530384,0.001841620626151013,0.016574585635359115,0.003683241252302026,0.016574585635359115,0.014732965009208104,0.0,0.0055248618784530384,0.009208103130755065,0.029465930018416207,0.003683241252302026,0.001841620626151013,0.001841620626151013,0.022099447513812154,0.003683241252302026,0.0,0.001841620626151013,0.007366482504604052,0.0055248618784530384,0.03314917127071823,0.027624309392265192,0.020257826887661142,0.014732965009208104,0.0055248618784530384,0.01841620626151013,0.001841620626151013,0.0,0.007366482504604052,0.0,0.0,0.0,0.009208103130755065,0.003683241252302026,0.001841620626151013,0.0,0.003683241252302026,0.0,0.040515653775322284,0.0,0.0,0.0
192,0.0015873015873015873,0.01904761904761905,0.014285714285714285,0.015873015873015872,0.0015873015873015873,0.004761904761904762,0.0015873015873015873,0.012698412698412698,0.004761904761904762,0.004761904761904762,0.009523809523809525,0.0,0.0,0.0015873015873015873,0.0015873015873015873,0.0,0.015873015873015872,0.0031746031746031746,0.004761904761904762,0.0015873015873015873,0.0,0.044444444444444446,0.0015873015873015873,0.0015873015873015873,0.0,0.0,0.006349206349206349,0.009523809523809525,0.014285714285714285,0.0,0.006349206349206349,0.0015873015873015873,0.0015873015873015873,0.015873015873015872,0.0,0.2761904761904762,0.0015873015873015873,0.014285714285714285,0.0031746031746031746,0.012698412698412698,0.0015873015873015873,0.006349206349206349,0.0015873015873015873,0.0,0.004761904761904762,0.0015873015873015873,0.004761904761904762,0.0380952380952381,0.012698412698412698,0.0,0.0,0.006349206349206349,0.006349206349206349,0.0031746031746031746,0.0,0.006349206349206349,0.0,0.01904761904761905,0.0015873015873015873,0.03015873015873016,0.0015873015873015873,0.0,0.007936507936507936,0.0,0.0,0.0,0.004761904761904762,0.044444444444444446,0.0,0.03333333333333333,0.0015873015873015873,0.0,0.0,0.0,0.009523809523809525,0.004761904761904762,0.014285714285714285,0.01746031746031746,0.020634920634920634,0.006349206349206349,0.007936507936507936,0.01904761904761905,0.007936507936507936,0.004761904761904762,0.0,0.026984126984126985,0.012698412698412698,0.006349206349206349,0.0,0.006349206349206349,0.01904761904761905,0.0031746031746031746,0.0,0.0,0.007936507936507936,0.0015873015873015873,0.0,0.026984126984126985,0.004761904761904762,0.0031746031746031746
193,0.015817223198594025,0.01054481546572935,0.0,0.014059753954305799,0.007029876977152899,0.0492091388400703,0.007029876977152899,0.02460456942003515,0.007029876977152899,0.008787346221441126,0.0,0.012302284710017574,0.0,0.005272407732864675,0.005272407732864675,0.0,0.0,0.008787346221441126,0.015817223198594025,0.0017574692442882249,0.0210896309314587,0.0035149384885764497,0.0,0.0210896309314587,0.0035149384885764497,0.0,0.0035149384885764497,0.0017574692442882249,0.0017574692442882249,0.0,0.0,0.0035149384885764497,0.014059753954305799,0.0017574692442882249,0.0017574692442882249,0.1616871704745167,0.0,0.0,0.007029876977152899,0.0,0.0,0.014059753954305799,0.01054481546572935,0.0017574692442882249,0.01757469244288225,0.07557117750439367,0.0,0.014059753954305799,0.033391915641476276,0.007029876977152899,0.0,0.01054481546572935,0.005272407732864675,0.0,0.0017574692442882249,0.0017574692442882249,0.012302284710017574,0.0035149384885764497,0.008787346221441126,0.012302284710017574,0.007029876977152899,0.008787346221441126,0.0,0.0632688927943761,0.007029876977152899,0.0,0.005272407732864675,0.033391915641476276,0.0,0.005272407732864675,0.0,0.0017574692442882249,0.008787346221441126,0.0035149384885764497,0.005272407732864675,0.0017574692442882249,0.0,0.008787346221441126,0.014059753954305799,0.0,0.028119507908611598,0.005272407732864675,0.0035149384885764497,0.008787346221441126,0.0,0.0,0.0,0.008787346221441126,0.0017574692442882249,0.0,0.0,0.0,0.0017574692442882249,0.01054481546572935,0.0210896309314587,0.0035149384885764497,0.005272407732864675,0.01757469244288225,0.0351493848857645,0.005272407732864675
194,0.0037105751391465678,0.0,0.0,0.0,0.0074211502782931356,0.0,0.0,0.02040816326530612,0.0018552875695732839,0.0074211502782931356,0.0,0.027829313543599257,0.0,0.011131725417439703,0.0,0.0037105751391465678,0.0074211502782931356,0.0,0.00927643784786642,0.0,0.0018552875695732839,0.0018552875695732839,0.014842300556586271,0.0,0.0055658627087198514,0.0037105751391465678,0.011131725417439703,0.00927643784786642,0.0,0.0074211502782931356,0.014842300556586271,0.0,0.0,0.011131725417439703,0.0055658627087198514,0.3432282003710575,0.0037105751391465678,0.016697588126159554,0.022263450834879406,0.0,0.00927643784786642,0.0,0.011131725417439703,0.04452690166975881,0.011131725417439703,0.011131725417439703,0.0,0.0037105751391465678,0.0,0.0,0.0,0.0037105751391465678,0.0,0.0018552875695732839,0.0,0.0,0.0,0.0018552875695732839,0.012987012987012988,0.011131725417439703,0.0,0.0018552875695732839,0.0,0.011131725417439703,0.022263450834879406,0.0018552875695732839,0.0037105751391465678,0.011131725417439703,0.0018552875695732839,0.0037105751391465678,0.011131725417439703,0.0037105751391465678,0.014842300556586271,0.011131725417439703,0.0,0.011131725417439703,0.0037105751391465678,0.0,0.0,0.02411873840445269,0.0037105751391465678,0.0,0.0,0.0018552875695732839,0.0,0.00927643784786642,0.0018552875695732839,0.014842300556586271,0.0074211502782931356,0.0,0.0074211502782931356,0.0037105751391465678,0.012987012987012988,0.012987012987012988,0.022263450834879406,0.027829313543599257,0.029684601113172542,0.0018552875695732839,0.0018552875695732839,0.0074211502782931356
195,0.0,0.01125703564727955,0.001876172607879925,0.01125703564727955,0.03189493433395872,0.0,0.001876172607879925,0.0075046904315197,0.03377110694183865,0.0075046904315197,0.00375234521575985,0.005628517823639775,0.02626641651031895,0.013133208255159476,0.0075046904315197,0.016885553470919325,0.0075046904315197,0.04690431519699812,0.009380863039399626,0.0,0.00375234521575985,0.0,0.0,0.005628517823639775,0.0300187617260788,0.0075046904315197,0.0,0.009380863039399626,0.0,0.009380863039399626,0.0,0.00375234521575985,0.01125703564727955,0.0075046904315197,0.001876172607879925,0.24202626641651032,0.0,0.0150093808630394,0.0,0.001876172607879925,0.0,0.01876172607879925,0.01876172607879925,0.0,0.0,0.06378986866791744,0.020637898686679174,0.00375234521575985,0.00375234521575985,0.0,0.0,0.0075046904315197,0.001876172607879925,0.0,0.009380863039399626,0.016885553470919325,0.0,0.005628517823639775,0.00375234521575985,0.03377110694183865,0.01125703564727955,0.0075046904315197,0.005628517823639775,0.00375234521575985,0.0,0.0,0.001876172607879925,0.0,0.0,0.0,0.00375234521575985,0.0075046904315197,0.0,0.016885553470919325,0.00375234521575985,0.0,0.00375234521575985,0.0,0.013133208255159476,0.001876172607879925,0.0300187617260788,0.0,0.01876172607879925,0.0150093808630394,0.0,0.00375234521575985,0.0,0.0,0.001876172607879925,0.0,0.016885553470919325,0.0,0.0075046904315197,0.0,0.0,0.013133208255159476,0.0075046904315197,0.0,0.0,0.00375234521575985
196,0.017167381974248927,0.015736766809728183,0.0,0.02145922746781116,0.008583690987124463,0.004291845493562232,0.01859799713876967,0.015736766809728183,0.004291845493562232,0.022889842632331903,0.004291845493562232,0.032904148783977114,0.0,0.010014306151645207,0.0,0.005722460658082976,0.00715307582260372,0.008583690987124463,0.012875536480686695,0.004291845493562232,0.002861230329041488,0.01430615164520744,0.0,0.0,0.005722460658082976,0.005722460658082976,0.012875536480686695,0.001430615164520744,0.0,0.008583690987124463,0.004291845493562232,0.001430615164520744,0.0,0.001430615164520744,0.0,0.2804005722460658,0.0,0.020028612303290415,0.0,0.008583690987124463,0.01859799713876967,0.0,0.004291845493562232,0.005722460658082976,0.0,0.0,0.008583690987124463,0.011444921316165951,0.002861230329041488,0.002861230329041488,0.001430615164520744,0.001430615164520744,0.015736766809728183,0.008583690987124463,0.005722460658082976,0.01430615164520744,0.0,0.0,0.0,0.008583690987124463,0.001430615164520744,0.005722460658082976,0.002861230329041488,0.004291845493562232,0.0,0.00715307582260372,0.010014306151645207,0.0,0.022889842632331903,0.00715307582260372,0.002861230329041488,0.004291845493562232,0.005722460658082976,0.020028612303290415,0.00715307582260372,0.005722460658082976,0.002861230329041488,0.002861230329041488,0.032904148783977114,0.0,0.0,0.012875536480686695,0.002861230329041488,0.01859799713876967,0.008583690987124463,0.01859799713876967,0.002861230329041488,0.005722460658082976,0.0,0.012875536480686695,0.010014306151645207,0.008583690987124463,0.008583690987124463,0.001430615164520744,0.031473533619456366,0.005722460658082976,0.0,0.001430615164520744,0.0,0.011444921316165951
197,0.0,0.010121457489878543,0.0,0.004048582995951417,0.0020242914979757085,0.0,0.0020242914979757085,0.01417004048582996,0.0020242914979757085,0.008097165991902834,0.0020242914979757085,0.010121457489878543,0.0020242914979757085,0.0,0.0020242914979757085,0.012145748987854251,0.004048582995951417,0.016194331983805668,0.0020242914979757085,0.0,0.0,0.010121457489878543,0.01417004048582996,0.010121457489878543,0.02631578947368421,0.022267206477732792,0.004048582995951417,0.024291497975708502,0.012145748987854251,0.024291497975708502,0.0,0.0020242914979757085,0.006072874493927126,0.012145748987854251,0.0,0.1902834008097166,0.0,0.008097165991902834,0.004048582995951417,0.016194331983805668,0.006072874493927126,0.006072874493927126,0.010121457489878543,0.0,0.004048582995951417,0.0,0.0020242914979757085,0.004048582995951417,0.010121457489878543,0.004048582995951417,0.0,0.0,0.0020242914979757085,0.0,0.0,0.044534412955465584,0.004048582995951417,0.006072874493927126,0.004048582995951417,0.0,0.02631578947368421,0.0,0.01417004048582996,0.0,0.0,0.0,0.022267206477732792,0.008097165991902834,0.016194331983805668,0.0,0.0020242914979757085,0.01417004048582996,0.0,0.0,0.010121457489878543,0.0,0.0020242914979757085,0.004048582995951417,0.016194331983805668,0.0,0.058704453441295545,0.032388663967611336,0.008097165991902834,0.0,0.016194331983805668,0.012145748987854251,0.0,0.020242914979757085,0.006072874493927126,0.018218623481781375,0.010121457489878543,0.024291497975708502,0.012145748987854251,0.0020242914979757085,0.004048582995951417,0.0,0.0020242914979757085,0.02631578947368421,0.018218623481781375,0.006072874493927126
198,0.021834061135371178,0.010189228529839884,0.005822416302765648,0.005822416302765648,0.0,0.004366812227074236,0.008733624454148471,0.023289665211062592,0.004366812227074236,0.0,0.010189228529839884,0.005822416302765648,0.004366812227074236,0.008733624454148471,0.00727802037845706,0.001455604075691412,0.0,0.001455604075691412,0.001455604075691412,0.011644832605531296,0.013100436681222707,0.046579330422125184,0.0,0.017467248908296942,0.0,0.004366812227074236,0.008733624454148471,0.008733624454148471,0.002911208151382824,0.001455604075691412,0.001455604075691412,0.004366812227074236,0.01601164483260553,0.001455604075691412,0.0,0.33770014556040756,0.008733624454148471,0.010189228529839884,0.001455604075691412,0.0,0.0,0.010189228529839884,0.017467248908296942,0.001455604075691412,0.00727802037845706,0.00727802037845706,0.0,0.004366812227074236,0.001455604075691412,0.001455604075691412,0.005822416302765648,0.0,0.005822416302765648,0.036390101892285295,0.005822416302765648,0.0,0.004366812227074236,0.010189228529839884,0.0,0.001455604075691412,0.002911208151382824,0.011644832605531296,0.008733624454148471,0.005822416302765648,0.013100436681222707,0.004366812227074236,0.002911208151382824,0.002911208151382824,0.002911208151382824,0.001455604075691412,0.00727802037845706,0.004366812227074236,0.0,0.017467248908296942,0.008733624454148471,0.01601164483260553,0.001455604075691412,0.002911208151382824,0.0,0.004366812227074236,0.0,0.00727802037845706,0.0,0.001455604075691412,0.004366812227074236,0.0,0.004366812227074236,0.00727802037845706,0.002911208151382824,0.005822416302765648,0.0,0.00727802037845706,0.010189228529839884,0.00727802037845706,0.020378457059679767,0.010189228529839884,0.008733624454148471,0.002911208151382824,0.010189228529839884,0.027656477438136828
199,0.007122507122507123,0.017094017094017096,0.0,0.0014245014245014246,0.007122507122507123,0.004273504273504274,0.021367521367521368,0.002849002849002849,0.0,0.009971509971509971,0.011396011396011397,0.009971509971509971,0.0014245014245014246,0.0,0.0,0.008547008547008548,0.0014245014245014246,0.004273504273504274,0.002849002849002849,0.008547008547008548,0.002849002849002849,0.002849002849002849,0.011396011396011397,0.004273504273504274,0.002849002849002849,0.0014245014245014246,0.004273504273504274,0.004273504273504274,0.0014245014245014246,0.0,0.0,0.0,0.017094017094017096,0.008547008547008548,0.0,0.2692307692307692,0.0,0.004273504273504274,0.01566951566951567,0.0,0.004273504273504274,0.0,0.014245014245014245,0.008547008547008548,0.018518518518518517,0.0,0.0014245014245014246,0.05128205128205128,0.0,0.0,0.011396011396011397,0.018518518518518517,0.007122507122507123,0.005698005698005698,0.024216524216524215,0.004273504273504274,0.009971509971509971,0.007122507122507123,0.022792022792022793,0.01566951566951567,0.002849002849002849,0.0,0.007122507122507123,0.002849002849002849,0.03561253561253561,0.0,0.002849002849002849,0.002849002849002849,0.007122507122507123,0.011396011396011397,0.011396011396011397,0.0,0.011396011396011397,0.022792022792022793,0.019943019943019943,0.0,0.014245014245014245,0.004273504273504274,0.0014245014245014246,0.0,0.011396011396011397,0.0014245014245014246,0.004273504273504274,0.002849002849002849,0.018518518518518517,0.0,0.0,0.004273504273504274,0.0014245014245014246,0.0,0.014245014245014245,0.002849002849002849,0.0,0.0,0.009971509971509971,0.014245014245014245,0.01282051282051282,0.038461538461538464,0.0014245014245014246,0.008547008547008548
200,0.0,0.008146639511201629,0.0,0.014256619144602852,0.018329938900203666,0.004073319755600814,0.020366598778004074,0.026476578411405296,0.012219959266802444,0.014256619144602852,0.012219959266802444,0.020366598778004074,0.0,0.0,0.006109979633401222,0.028513238289205704,0.0,0.0,0.002036659877800407,0.010183299389002037,0.002036659877800407,0.002036659877800407,0.024439918533604887,0.014256619144602852,0.0,0.008146639511201629,0.03665987780040733,0.004073319755600814,0.0,0.006109979633401222,0.0,0.014256619144602852,0.018329938900203666,0.010183299389002037,0.010183299389002037,0.1446028513238289,0.002036659877800407,0.06517311608961303,0.0,0.012219959266802444,0.012219959266802444,0.002036659877800407,0.008146639511201629,0.016293279022403257,0.0,0.010183299389002037,0.0,0.0,0.002036659877800407,0.008146639511201629,0.010183299389002037,0.0,0.002036659877800407,0.010183299389002037,0.006109979633401222,0.004073319755600814,0.0,0.008146639511201629,0.02240325865580448,0.012219959266802444,0.010183299389002037,0.014256619144602852,0.012219959266802444,0.012219959266802444,0.04276985743380855,0.016293279022403257,0.010183299389002037,0.006109979633401222,0.0,0.0,0.0,0.0,0.002036659877800407,0.008146639511201629,0.004073319755600814,0.006109979633401222,0.0,0.010183299389002037,0.002036659877800407,0.008146639511201629,0.0,0.004073319755600814,0.0,0.0,0.0,0.010183299389002037,0.0,0.012219959266802444,0.006109979633401222,0.006109979633401222,0.012219959266802444,0.014256619144602852,0.006109979633401222,0.002036659877800407,0.020366598778004074,0.0,0.018329938900203666,0.012219959266802444,0.004073319755600814,0.0
201,0.003738317757009346,0.013084112149532711,0.001869158878504673,0.005607476635514018,0.0,0.011214953271028037,0.013084112149532711,0.005607476635514018,0.001869158878504673,0.005607476635514018,0.0,0.0,0.001869158878504673,0.003738317757009346,0.013084112149532711,0.0,0.0,0.003738317757009346,0.009345794392523364,0.0,0.007476635514018692,0.0,0.009345794392523364,0.014953271028037384,0.0,0.001869158878504673,0.018691588785046728,0.0,0.013084112149532711,0.005607476635514018,0.016822429906542057,0.011214953271028037,0.0,0.001869158878504673,0.001869158878504673,0.2897196261682243,0.0,0.001869158878504673,0.001869158878504673,0.001869158878504673,0.009345794392523364,0.007476635514018692,0.0,0.016822429906542057,0.003738317757009346,0.007476635514018692,0.005607476635514018,0.001869158878504673,0.005607476635514018,0.005607476635514018,0.03925233644859813,0.029906542056074768,0.001869158878504673,0.0,0.009345794392523364,0.001869158878504673,0.0,0.04299065420560748,0.0,0.0,0.007476635514018692,0.003738317757009346,0.016822429906542057,0.007476635514018692,0.007476635514018692,0.003738317757009346,0.014953271028037384,0.001869158878504673,0.005607476635514018,0.0,0.0,0.0,0.0,0.016822429906542057,0.018691588785046728,0.001869158878504673,0.0,0.001869158878504673,0.020560747663551402,0.005607476635514018,0.0,0.0,0.003738317757009346,0.0,0.037383177570093455,0.001869158878504673,0.0,0.0,0.003738317757009346,0.03177570093457944,0.0,0.048598130841121495,0.009345794392523364,0.007476635514018692,0.0,0.005607476635514018,0.009345794392523364,0.001869158878504673,0.014953271028037384,0.009345794392523364
202,0.022108843537414966,0.0017006802721088435,0.0,0.01870748299319728,0.015306122448979591,0.0,0.01870748299319728,0.0017006802721088435,0.0017006802721088435,0.008503401360544218,0.0,0.00510204081632653,0.003401360544217687,0.0017006802721088435,0.008503401360544218,0.003401360544217687,0.0,0.003401360544217687,0.0017006802721088435,0.0017006802721088435,0.0,0.0017006802721088435,0.013605442176870748,0.025510204081632654,0.006802721088435374,0.008503401360544218,0.01020408163265306,0.00510204081632653,0.01870748299319728,0.02040816326530612,0.003401360544217687,0.006802721088435374,0.0017006802721088435,0.02040816326530612,0.01870748299319728,0.17517006802721088,0.00510204081632653,0.0017006802721088435,0.030612244897959183,0.025510204081632654,0.0017006802721088435,0.00510204081632653,0.0,0.0,0.03231292517006803,0.0017006802721088435,0.008503401360544218,0.0,0.027210884353741496,0.011904761904761904,0.003401360544217687,0.022108843537414966,0.006802721088435374,0.017006802721088437,0.0,0.0,0.003401360544217687,0.02040816326530612,0.013605442176870748,0.006802721088435374,0.0017006802721088435,0.003401360544217687,0.003401360544217687,0.006802721088435374,0.0,0.006802721088435374,0.0017006802721088435,0.013605442176870748,0.0017006802721088435,0.013605442176870748,0.0,0.0017006802721088435,0.02891156462585034,0.003401360544217687,0.0,0.0017006802721088435,0.006802721088435374,0.00510204081632653,0.003401360544217687,0.017006802721088437,0.00510204081632653,0.0017006802721088435,0.0017006802721088435,0.0017006802721088435,0.0,0.01870748299319728,0.0017006802721088435,0.003401360544217687,0.0,0.01870748299319728,0.015306122448979591,0.0017006802721088435,0.02040816326530612,0.023809523809523808,0.02040816326530612,0.0,0.00510204081632653,0.03741496598639456,0.0,0.003401360544217687
203,0.009146341463414634,0.001524390243902439,0.01524390243902439,0.006097560975609756,0.012195121951219513,0.0,0.01524390243902439,0.0,0.0,0.042682926829268296,0.0,0.036585365853658534,0.0,0.021341463414634148,0.007621951219512195,0.003048780487804878,0.0,0.007621951219512195,0.0,0.007621951219512195,0.006097560975609756,0.003048780487804878,0.010670731707317074,0.001524390243902439,0.0,0.010670731707317074,0.001524390243902439,0.003048780487804878,0.001524390243902439,0.0,0.001524390243902439,0.009146341463414634,0.007621951219512195,0.021341463414634148,0.0,0.2972560975609756,0.006097560975609756,0.018292682926829267,0.006097560975609756,0.007621951219512195,0.010670731707317074,0.001524390243902439,0.001524390243902439,0.0,0.021341463414634148,0.0,0.0,0.01676829268292683,0.0,0.0,0.007621951219512195,0.001524390243902439,0.007621951219512195,0.010670731707317074,0.007621951219512195,0.0,0.022865853658536585,0.010670731707317074,0.022865853658536585,0.004573170731707317,0.004573170731707317,0.0,0.0,0.010670731707317074,0.001524390243902439,0.0,0.0,0.010670731707317074,0.021341463414634148,0.001524390243902439,0.0,0.006097560975609756,0.0,0.010670731707317074,0.004573170731707317,0.009146341463414634,0.006097560975609756,0.03201219512195122,0.009146341463414634,0.006097560975609756,0.001524390243902439,0.018292682926829267,0.006097560975609756,0.001524390243902439,0.007621951219512195,0.001524390243902439,0.01524390243902439,0.0,0.0,0.004573170731707317,0.001524390243902439,0.004573170731707317,0.003048780487804878,0.001524390243902439,0.004573170731707317,0.004573170731707317,0.025914634146341462,0.004573170731707317,0.012195121951219513,0.0
204,0.0,0.02457002457002457,0.06633906633906633,0.014742014742014743,0.014742014742014743,0.009828009828009828,0.007371007371007371,0.009828009828009828,0.0,0.0,0.04914004914004914,0.004914004914004914,0.0,0.002457002457002457,0.0,0.002457002457002457,0.004914004914004914,0.007371007371007371,0.002457002457002457,0.02702702702702703,0.0,0.0,0.0,0.029484029484029485,0.002457002457002457,0.02702702702702703,0.002457002457002457,0.014742014742014743,0.002457002457002457,0.004914004914004914,0.004914004914004914,0.002457002457002457,0.009828009828009828,0.002457002457002457,0.02457002457002457,0.20638820638820637,0.0,0.0,0.022113022113022112,0.0,0.002457002457002457,0.007371007371007371,0.0,0.004914004914004914,0.009828009828009828,0.0,0.007371007371007371,0.012285012285012284,0.004914004914004914,0.0,0.004914004914004914,0.0,0.002457002457002457,0.0171990171990172,0.0,0.02702702702702703,0.007371007371007371,0.002457002457002457,0.014742014742014743,0.0343980343980344,0.0,0.0,0.0,0.004914004914004914,0.022113022113022112,0.002457002457002457,0.002457002457002457,0.0,0.007371007371007371,0.0,0.004914004914004914,0.002457002457002457,0.0,0.004914004914004914,0.002457002457002457,0.002457002457002457,0.0171990171990172,0.012285012285012284,0.007371007371007371,0.012285012285012284,0.007371007371007371,0.0,0.036855036855036855,0.007371007371007371,0.0,0.002457002457002457,0.0,0.004914004914004914,0.0,0.03194103194103194,0.0171990171990172,0.0,0.007371007371007371,0.002457002457002457,0.0,0.007371007371007371,0.004914004914004914,0.0,0.0,0.0
205,0.01037037037037037,0.0,0.002962962962962963,0.002962962962962963,0.0,0.01925925925925926,0.007407407407407408,0.011851851851851851,0.0,0.0,0.005925925925925926,0.0,0.008888888888888889,0.0014814814814814814,0.04296296296296296,0.0,0.0,0.0044444444444444444,0.0,0.0,0.008888888888888889,0.016296296296296295,0.017777777777777778,0.0044444444444444444,0.014814814814814815,0.01037037037037037,0.007407407407407408,0.013333333333333334,0.0044444444444444444,0.005925925925925926,0.011851851851851851,0.0,0.013333333333333334,0.01037037037037037,0.02666666666666667,0.2651851851851852,0.016296296296296295,0.002962962962962963,0.0,0.0,0.002962962962962963,0.0044444444444444444,0.0014814814814814814,0.03111111111111111,0.0,0.0014814814814814814,0.0014814814814814814,0.0,0.0,0.013333333333333334,0.0014814814814814814,0.01037037037037037,0.002962962962962963,0.007407407407407408,0.02962962962962963,0.007407407407407408,0.008888888888888889,0.0,0.005925925925925926,0.0,0.0014814814814814814,0.0,0.01037037037037037,0.011851851851851851,0.008888888888888889,0.01925925925925926,0.011851851851851851,0.01925925925925926,0.0014814814814814814,0.0,0.0014814814814814814,0.002962962962962963,0.0,0.0014814814814814814,0.008888888888888889,0.0014814814814814814,0.008888888888888889,0.011851851851851851,0.0014814814814814814,0.0044444444444444444,0.002962962962962963,0.0014814814814814814,0.013333333333333334,0.0,0.007407407407407408,0.002962962962962963,0.04148148148148148,0.007407407407407408,0.02962962962962963,0.0044444444444444444,0.0044444444444444444,0.016296296296296295,0.007407407407407408,0.0014814814814814814,0.002962962962962963,0.016296296296296295,0.0,0.013333333333333334,0.0,0.0
206,0.0,0.004106776180698152,0.022587268993839837,0.0,0.012320328542094456,0.006160164271047228,0.0,0.022587268993839837,0.006160164271047228,0.02053388090349076,0.008213552361396304,0.0,0.004106776180698152,0.0,0.0,0.006160164271047228,0.002053388090349076,0.014373716632443531,0.006160164271047228,0.004106776180698152,0.0,0.006160164271047228,0.03285420944558522,0.004106776180698152,0.0,0.030800821355236138,0.004106776180698152,0.008213552361396304,0.02053388090349076,0.0,0.0,0.01642710472279261,0.0,0.002053388090349076,0.0,0.22587268993839835,0.004106776180698152,0.024640657084188913,0.0,0.004106776180698152,0.08008213552361396,0.002053388090349076,0.012320328542094456,0.0,0.0,0.028747433264887063,0.0,0.008213552361396304,0.006160164271047228,0.006160164271047228,0.014373716632443531,0.008213552361396304,0.004106776180698152,0.002053388090349076,0.008213552361396304,0.0,0.024640657084188913,0.004106776180698152,0.008213552361396304,0.0,0.008213552361396304,0.004106776180698152,0.002053388090349076,0.004106776180698152,0.006160164271047228,0.004106776180698152,0.004106776180698152,0.022587268993839837,0.014373716632443531,0.012320328542094456,0.006160164271047228,0.008213552361396304,0.004106776180698152,0.0,0.012320328542094456,0.012320328542094456,0.024640657084188913,0.0,0.0,0.014373716632443531,0.0,0.018480492813141684,0.01642710472279261,0.0,0.0,0.018480492813141684,0.0,0.002053388090349076,0.004106776180698152,0.002053388090349076,0.002053388090349076,0.0,0.0,0.008213552361396304,0.006160164271047228,0.01026694045174538,0.004106776180698152,0.0,0.002053388090349076,0.0
207,0.01338432122370937,0.0,0.0057361376673040155,0.0057361376673040155,0.04397705544933078,0.0019120458891013384,0.032504780114722756,0.0038240917782026767,0.021032504780114723,0.0076481835564053535,0.011472275334608031,0.0,0.0,0.009560229445506692,0.0019120458891013384,0.0248565965583174,0.009560229445506692,0.015296367112810707,0.0019120458891013384,0.011472275334608031,0.0,0.0248565965583174,0.0038240917782026767,0.0,0.0,0.0057361376673040155,0.0,0.0,0.03824091778202677,0.0019120458891013384,0.0038240917782026767,0.0248565965583174,0.0076481835564053535,0.0057361376673040155,0.009560229445506692,0.15678776290630975,0.0019120458891013384,0.009560229445506692,0.017208413001912046,0.015296367112810707,0.0019120458891013384,0.0,0.0,0.0,0.03824091778202677,0.0,0.011472275334608031,0.0019120458891013384,0.009560229445506692,0.0019120458891013384,0.0057361376673040155,0.0057361376673040155,0.0019120458891013384,0.0076481835564053535,0.0038240917782026767,0.0076481835564053535,0.019120458891013385,0.015296367112810707,0.0019120458891013384,0.0038240917782026767,0.0,0.0038240917782026767,0.036328871892925434,0.0,0.0057361376673040155,0.009560229445506692,0.0,0.0,0.0057361376673040155,0.028680688336520075,0.009560229445506692,0.0019120458891013384,0.0057361376673040155,0.0,0.03441682600382409,0.011472275334608031,0.0076481835564053535,0.011472275334608031,0.01338432122370937,0.0,0.030592734225621414,0.01338432122370937,0.0038240917782026767,0.0,0.0019120458891013384,0.0076481835564053535,0.0038240917782026767,0.0057361376673040155,0.0038240917782026767,0.0019120458891013384,0.01338432122370937,0.0019120458891013384,0.017208413001912046,0.015296367112810707,0.0038240917782026767,0.0,0.0,0.0,0.0,0.0038240917782026767
208,0.004016064257028112,0.010040160642570281,0.0,0.010040160642570281,0.018072289156626505,0.03413654618473896,0.006024096385542169,0.0,0.014056224899598393,0.0,0.008032128514056224,0.008032128514056224,0.004016064257028112,0.0,0.006024096385542169,0.002008032128514056,0.004016064257028112,0.0,0.018072289156626505,0.0,0.004016064257028112,0.006024096385542169,0.010040160642570281,0.006024096385542169,0.002008032128514056,0.002008032128514056,0.04618473895582329,0.002008032128514056,0.010040160642570281,0.004016064257028112,0.008032128514056224,0.014056224899598393,0.018072289156626505,0.024096385542168676,0.0,0.14056224899598393,0.008032128514056224,0.0,0.004016064257028112,0.01606425702811245,0.012048192771084338,0.004016064257028112,0.0,0.0,0.0,0.004016064257028112,0.002008032128514056,0.008032128514056224,0.008032128514056224,0.008032128514056224,0.0,0.02208835341365462,0.014056224899598393,0.0,0.0,0.0,0.02610441767068273,0.0,0.004016064257028112,0.0,0.0,0.004016064257028112,0.006024096385542169,0.0,0.014056224899598393,0.0,0.03614457831325301,0.004016064257028112,0.004016064257028112,0.004016064257028112,0.004016064257028112,0.012048192771084338,0.020080321285140562,0.0,0.006024096385542169,0.010040160642570281,0.018072289156626505,0.010040160642570281,0.0,0.004016064257028112,0.028112449799196786,0.05220883534136546,0.0,0.008032128514056224,0.002008032128514056,0.01606425702811245,0.010040160642570281,0.006024096385542169,0.014056224899598393,0.0,0.0321285140562249,0.002008032128514056,0.006024096385542169,0.006024096385542169,0.040160642570281124,0.002008032128514056,0.02208835341365462,0.004016064257028112,0.008032128514056224,0.0
209,0.0199203187250996,0.0,0.0,0.00597609561752988,0.0,0.0,0.00199203187250996,0.00597609561752988,0.0,0.0099601593625498,0.00398406374501992,0.03187250996015936,0.017928286852589643,0.01593625498007968,0.00199203187250996,0.0,0.0,0.00199203187250996,0.0,0.00199203187250996,0.0,0.0,0.00199203187250996,0.0,0.0,0.0,0.00199203187250996,0.00398406374501992,0.00597609561752988,0.0,0.017928286852589643,0.0,0.055776892430278883,0.0,0.00796812749003984,0.3346613545816733,0.0,0.017928286852589643,0.0,0.0,0.00597609561752988,0.0,0.0,0.00597609561752988,0.0,0.0,0.0,0.013944223107569721,0.0,0.00597609561752988,0.0,0.01593625498007968,0.00796812749003984,0.0,0.00199203187250996,0.025896414342629483,0.021912350597609563,0.00796812749003984,0.00199203187250996,0.0199203187250996,0.00199203187250996,0.0,0.0,0.00597609561752988,0.021912350597609563,0.0,0.00597609561752988,0.013944223107569721,0.01195219123505976,0.021912350597609563,0.017928286852589643,0.01593625498007968,0.0,0.025896414342629483,0.0,0.00199203187250996,0.013944223107569721,0.00199203187250996,0.00199203187250996,0.00199203187250996,0.0,0.01593625498007968,0.01593625498007968,0.00398406374501992,0.0,0.00199203187250996,0.00199203187250996,0.00398406374501992,0.00199203187250996,0.00796812749003984,0.01195219123505976,0.00398406374501992,0.0,0.00796812749003984,0.03187250996015936,0.00199203187250996,0.0,0.00199203187250996,0.0099601593625498,0.00796812749003984
210,0.007366482504604052,0.0,0.01841620626151013,0.0,0.02394106813996317,0.009208103130755065,0.01289134438305709,0.01289134438305709,0.0,0.0,0.003683241252302026,0.0,0.003683241252302026,0.001841620626151013,0.01289134438305709,0.02578268876611418,0.0,0.016574585635359115,0.001841620626151013,0.020257826887661142,0.001841620626151013,0.001841620626151013,0.003683241252302026,0.01289134438305709,0.020257826887661142,0.05156537753222836,0.003683241252302026,0.003683241252302026,0.009208103130755065,0.0,0.0,0.0,0.011049723756906077,0.02578268876611418,0.009208103130755065,0.1731123388581952,0.001841620626151013,0.007366482504604052,0.0,0.0,0.0055248618784530384,0.003683241252302026,0.0055248618784530384,0.009208103130755065,0.003683241252302026,0.0,0.0055248618784530384,0.001841620626151013,0.009208103130755065,0.0,0.01289134438305709,0.003683241252302026,0.011049723756906077,0.01289134438305709,0.003683241252302026,0.003683241252302026,0.0055248618784530384,0.027624309392265192,0.01289134438305709,0.003683241252302026,0.009208103130755065,0.0,0.03314917127071823,0.0055248618784530384,0.001841620626151013,0.011049723756906077,0.0,0.009208103130755065,0.011049723756906077,0.0,0.0423572744014733,0.0055248618784530384,0.003683241252302026,0.014732965009208104,0.0,0.007366482504604052,0.007366482504604052,0.0,0.0055248618784530384,0.0055248618784530384,0.011049723756906077,0.003683241252302026,0.02394106813996317,0.06077348066298342,0.007366482504604052,0.0055248618784530384,0.0,0.007366482504604052,0.011049723756906077,0.003683241252302026,0.001841620626151013,0.0,0.001841620626151013,0.003683241252302026,0.0,0.0,0.003683241252302026,0.0,0.03130755064456722,0.0
211,0.009693053311793215,0.0,0.0,0.01615508885298869,0.0032310177705977385,0.0032310177705977385,0.006462035541195477,0.025848142164781908,0.0,0.017770597738287562,0.0016155088852988692,0.0016155088852988692,0.011308562197092083,0.011308562197092083,0.0,0.006462035541195477,0.0210016155088853,0.0,0.0016155088852988692,0.0,0.0016155088852988692,0.0016155088852988692,0.0032310177705977385,0.0016155088852988692,0.033925686591276254,0.0,0.008077544426494346,0.0016155088852988692,0.0016155088852988692,0.027463651050080775,0.0,0.0,0.0032310177705977385,0.008077544426494346,0.0,0.2827140549273021,0.0,0.0032310177705977385,0.0,0.0,0.014539579967689823,0.011308562197092083,0.0016155088852988692,0.0,0.012924071082390954,0.0,0.0032310177705977385,0.0016155088852988692,0.0,0.01938610662358643,0.0016155088852988692,0.006462035541195477,0.012924071082390954,0.011308562197092083,0.0,0.017770597738287562,0.0,0.0032310177705977385,0.03715670436187399,0.006462035541195477,0.0016155088852988692,0.0,0.009693053311793215,0.029079159935379646,0.0032310177705977385,0.006462035541195477,0.0032310177705977385,0.0,0.0,0.0032310177705977385,0.0016155088852988692,0.0,0.0,0.004846526655896607,0.025848142164781908,0.022617124394184167,0.011308562197092083,0.033925686591276254,0.0032310177705977385,0.0032310177705977385,0.011308562197092083,0.0032310177705977385,0.0,0.011308562197092083,0.004846526655896607,0.008077544426494346,0.0016155088852988692,0.017770597738287562,0.004846526655896607,0.0016155088852988692,0.024232633279483037,0.0210016155088853,0.004846526655896607,0.008077544426494346,0.0016155088852988692,0.0032310177705977385,0.0016155088852988692,0.012924071082390954,0.012924071082390954,0.004846526655896607
212,0.004975124378109453,0.006633499170812604,0.0,0.0,0.008291873963515755,0.0,0.028192371475953566,0.006633499170812604,0.0,0.0,0.011608623548922056,0.001658374792703151,0.006633499170812604,0.0,0.0,0.0,0.04477611940298507,0.014925373134328358,0.001658374792703151,0.01824212271973466,0.0,0.0,0.011608623548922056,0.026533996683250415,0.001658374792703151,0.013266998341625208,0.006633499170812604,0.0,0.006633499170812604,0.004975124378109453,0.008291873963515755,0.008291873963515755,0.001658374792703151,0.006633499170812604,0.003316749585406302,0.33167495854063017,0.02321724709784411,0.03648424543946932,0.011608623548922056,0.0,0.006633499170812604,0.001658374792703151,0.004975124378109453,0.04975124378109453,0.001658374792703151,0.0,0.008291873963515755,0.004975124378109453,0.008291873963515755,0.0,0.008291873963515755,0.001658374792703151,0.001658374792703151,0.0,0.01658374792703151,0.0,0.001658374792703151,0.009950248756218905,0.013266998341625208,0.0,0.0,0.006633499170812604,0.0,0.0,0.0,0.009950248756218905,0.001658374792703151,0.008291873963515755,0.003316749585406302,0.0,0.0,0.0,0.009950248756218905,0.02155887230514096,0.02321724709784411,0.001658374792703151,0.008291873963515755,0.0,0.009950248756218905,0.0,0.0,0.001658374792703151,0.001658374792703151,0.01990049751243781,0.0,0.0,0.02155887230514096,0.0,0.009950248756218905,0.006633499170812604,0.01658374792703151,0.0,0.0,0.004975124378109453,0.0,0.009950248756218905,0.0,0.0,0.006633499170812604,0.0
213,0.0018656716417910447,0.014925373134328358,0.0,0.022388059701492536,0.0,0.0018656716417910447,0.0037313432835820895,0.0,0.014925373134328358,0.0037313432835820895,0.05223880597014925,0.020522388059701493,0.0,0.0,0.013059701492537313,0.007462686567164179,0.0,0.014925373134328358,0.029850746268656716,0.0,0.0,0.007462686567164179,0.005597014925373134,0.0037313432835820895,0.0,0.0037313432835820895,0.009328358208955223,0.0,0.009328358208955223,0.0,0.005597014925373134,0.013059701492537313,0.029850746268656716,0.0018656716417910447,0.0,0.1623134328358209,0.009328358208955223,0.005597014925373134,0.0018656716417910447,0.013059701492537313,0.024253731343283583,0.0018656716417910447,0.0,0.03544776119402985,0.0,0.007462686567164179,0.027985074626865673,0.0037313432835820895,0.0,0.011194029850746268,0.024253731343283583,0.020522388059701493,0.0,0.007462686567164179,0.0,0.0,0.005597014925373134,0.03171641791044776,0.005597014925373134,0.0,0.011194029850746268,0.007462686567164179,0.0018656716417910447,0.007462686567164179,0.011194029850746268,0.05223880597014925,0.018656716417910446,0.014925373134328358,0.0,0.0018656716417910447,0.0,0.009328358208955223,0.0,0.0,0.0,0.0018656716417910447,0.0,0.014925373134328358,0.0037313432835820895,0.013059701492537313,0.0037313432835820895,0.011194029850746268,0.005597014925373134,0.0037313432835820895,0.0018656716417910447,0.0,0.0037313432835820895,0.007462686567164179,0.0,0.04291044776119403,0.007462686567164179,0.0,0.0037313432835820895,0.009328358208955223,0.005597014925373134,0.005597014925373134,0.009328358208955223,0.0,0.005597014925373134,0.013059701492537313
214,0.0,0.0015822784810126582,0.0031645569620253164,0.0,0.012658227848101266,0.015822784810126583,0.007911392405063292,0.006329113924050633,0.007911392405063292,0.0,0.004746835443037975,0.0,0.0015822784810126582,0.0,0.030063291139240507,0.04272151898734177,0.007911392405063292,0.00949367088607595,0.0031645569620253164,0.0189873417721519,0.0015822784810126582,0.0015822784810126582,0.0031645569620253164,0.0,0.012658227848101266,0.0031645569620253164,0.0015822784810126582,0.0015822784810126582,0.02531645569620253,0.0,0.0,0.011075949367088608,0.015822784810126583,0.0,0.0031645569620253164,0.30537974683544306,0.022151898734177215,0.0189873417721519,0.006329113924050633,0.0015822784810126582,0.006329113924050633,0.00949367088607595,0.0,0.0,0.011075949367088608,0.007911392405063292,0.0,0.0031645569620253164,0.020569620253164556,0.0189873417721519,0.0,0.011075949367088608,0.0,0.0015822784810126582,0.006329113924050633,0.0,0.004746835443037975,0.014240506329113924,0.0031645569620253164,0.0379746835443038,0.0,0.012658227848101266,0.006329113924050633,0.0,0.0031645569620253164,0.0015822784810126582,0.0,0.007911392405063292,0.014240506329113924,0.0015822784810126582,0.023734177215189875,0.014240506329113924,0.007911392405063292,0.006329113924050633,0.0015822784810126582,0.0,0.00949367088607595,0.01740506329113924,0.0,0.023734177215189875,0.0015822784810126582,0.0015822784810126582,0.0,0.0189873417721519,0.0,0.0,0.004746835443037975,0.007911392405063292,0.0031645569620253164,0.0,0.004746835443037975,0.0015822784810126582,0.0,0.004746835443037975,0.0,0.0,0.011075949367088608,0.020569620253164556,0.0015822784810126582,0.0
215,0.0,0.004291845493562232,0.002145922746781116,0.008583690987124463,0.034334763948497854,0.002145922746781116,0.006437768240343348,0.027896995708154508,0.004291845493562232,0.004291845493562232,0.012875536480686695,0.0,0.004291845493562232,0.017167381974248927,0.002145922746781116,0.0,0.01072961373390558,0.0,0.0,0.0,0.01072961373390558,0.0,0.004291845493562232,0.004291845493562232,0.0,0.034334763948497854,0.02145922746781116,0.017167381974248927,0.008583690987124463,0.032188841201716736,0.006437768240343348,0.0,0.017167381974248927,0.015021459227467811,0.008583690987124463,0.22103004291845493,0.0,0.017167381974248927,0.012875536480686695,0.006437768240343348,0.015021459227467811,0.004291845493562232,0.006437768240343348,0.006437768240343348,0.02575107296137339,0.01072961373390558,0.0,0.0,0.01072961373390558,0.0,0.002145922746781116,0.0,0.004291845493562232,0.002145922746781116,0.002145922746781116,0.015021459227467811,0.008583690987124463,0.03862660944206009,0.002145922746781116,0.0,0.0,0.008583690987124463,0.032188841201716736,0.002145922746781116,0.0,0.002145922746781116,0.0,0.015021459227467811,0.002145922746781116,0.0,0.0,0.01072961373390558,0.0,0.0,0.002145922746781116,0.002145922746781116,0.004291845493562232,0.0407725321888412,0.0,0.002145922746781116,0.017167381974248927,0.0,0.0,0.0,0.017167381974248927,0.002145922746781116,0.01072961373390558,0.0,0.004291845493562232,0.0,0.0,0.002145922746781116,0.01072961373390558,0.015021459227467811,0.0,0.027896995708154508,0.01072961373390558,0.023605150214592276,0.0,0.0
216,0.0109375,0.0234375,0.0078125,0.0015625,0.0,0.003125,0.0,0.0,0.0203125,0.0234375,0.003125,0.0,0.0296875,0.0,0.0140625,0.0140625,0.0125,0.0046875,0.021875,0.0015625,0.0015625,0.003125,0.00625,0.003125,0.0,0.0,0.01875,0.0296875,0.0046875,0.0046875,0.0046875,0.0140625,0.0015625,0.0,0.0171875,0.2015625,0.0015625,0.0,0.003125,0.0265625,0.0,0.015625,0.021875,0.003125,0.0171875,0.009375,0.0109375,0.0,0.0046875,0.00625,0.0046875,0.009375,0.0078125,0.0328125,0.0171875,0.0109375,0.00625,0.0015625,0.0,0.00625,0.003125,0.009375,0.0125,0.0046875,0.009375,0.0,0.009375,0.0078125,0.0,0.0140625,0.0390625,0.0109375,0.003125,0.0,0.0046875,0.0140625,0.0265625,0.003125,0.0046875,0.0,0.0015625,0.0,0.01875,0.0015625,0.0,0.0,0.0015625,0.003125,0.0,0.003125,0.0078125,0.0,0.003125,0.0125,0.0,0.0171875,0.0,0.0046875,0.0203125,0.0078125
217,0.0015455950540958269,0.010819165378670788,0.027820710973724884,0.03709428129829984,0.00927357032457496,0.0,0.015455950540958269,0.0015455950540958269,0.0030911901081916537,0.02009273570324575,0.0,0.015455950540958269,0.010819165378670788,0.0015455950540958269,0.0015455950540958269,0.0015455950540958269,0.00463678516228748,0.0015455950540958269,0.00463678516228748,0.0015455950540958269,0.0061823802163833074,0.0,0.00463678516228748,0.0030911901081916537,0.0030911901081916537,0.0030911901081916537,0.0015455950540958269,0.0015455950540958269,0.0,0.0,0.00927357032457496,0.0015455950540958269,0.00463678516228748,0.013910355486862442,0.0,0.29057187017001546,0.00463678516228748,0.0015455950540958269,0.00463678516228748,0.0030911901081916537,0.012364760432766615,0.013910355486862442,0.0015455950540958269,0.0,0.0,0.04636785162287481,0.0061823802163833074,0.010819165378670788,0.0,0.0030911901081916537,0.013910355486862442,0.013910355486862442,0.0061823802163833074,0.00463678516228748,0.0,0.0030911901081916537,0.00927357032457496,0.0,0.0,0.0077279752704791345,0.0,0.0,0.0030911901081916537,0.0015455950540958269,0.015455950540958269,0.07727975270479134,0.0061823802163833074,0.0,0.0061823802163833074,0.021638330757341576,0.0030911901081916537,0.0,0.0,0.01854714064914992,0.00463678516228748,0.0015455950540958269,0.0,0.0030911901081916537,0.0,0.017001545595054096,0.013910355486862442,0.0015455950540958269,0.0015455950540958269,0.00927357032457496,0.030911901081916538,0.0030911901081916537,0.0030911901081916537,0.0,0.0030911901081916537,0.015455950540958269,0.0061823802163833074,0.0015455950540958269,0.0,0.013910355486862442,0.023183925811437404,0.0030911901081916537,0.00463678516228748,0.0061823802163833074,0.0,0.0
218,0.010186757215619695,0.010186757215619695,0.0050933786078098476,0.001697792869269949,0.0,0.006791171477079796,0.0,0.0,0.023769100169779286,0.015280135823429542,0.02037351443123939,0.001697792869269949,0.0,0.0,0.008488964346349746,0.0,0.013582342954159592,0.001697792869269949,0.001697792869269949,0.001697792869269949,0.023769100169779286,0.03395585738539898,0.013582342954159592,0.0,0.025466893039049237,0.0050933786078098476,0.003395585738539898,0.013582342954159592,0.0,0.0,0.001697792869269949,0.025466893039049237,0.011884550084889643,0.0,0.0,0.22071307300509338,0.0,0.001697792869269949,0.05432937181663837,0.011884550084889643,0.0050933786078098476,0.001697792869269949,0.008488964346349746,0.015280135823429542,0.025466893039049237,0.0050933786078098476,0.010186757215619695,0.01867572156196944,0.003395585738539898,0.030560271646859084,0.01867572156196944,0.0,0.0,0.003395585738539898,0.0,0.0050933786078098476,0.008488964346349746,0.008488964346349746,0.0,0.0,0.0,0.010186757215619695,0.001697792869269949,0.0050933786078098476,0.008488964346349746,0.0,0.010186757215619695,0.027164685908319185,0.0050933786078098476,0.015280135823429542,0.0,0.006791171477079796,0.008488964346349746,0.008488964346349746,0.006791171477079796,0.001697792869269949,0.001697792869269949,0.001697792869269949,0.008488964346349746,0.001697792869269949,0.0,0.0,0.006791171477079796,0.003395585738539898,0.010186757215619695,0.0,0.015280135823429542,0.001697792869269949,0.030560271646859084,0.008488964346349746,0.0,0.010186757215619695,0.02037351443123939,0.0050933786078098476,0.0,0.0050933786078098476,0.0050933786078098476,0.006791171477079796,0.0050933786078098476,0.0
219,0.03815261044176707,0.010040160642570281,0.010040160642570281,0.008032128514056224,0.0,0.006024096385542169,0.002008032128514056,0.002008032128514056,0.020080321285140562,0.0,0.0,0.0,0.0,0.010040160642570281,0.0,0.004016064257028112,0.004016064257028112,0.0,0.0,0.004016064257028112,0.05622489959839357,0.002008032128514056,0.008032128514056224,0.004016064257028112,0.012048192771084338,0.024096385542168676,0.006024096385542169,0.02610441767068273,0.0,0.002008032128514056,0.014056224899598393,0.004016064257028112,0.04216867469879518,0.0,0.0,0.20080321285140562,0.0,0.0,0.012048192771084338,0.004016064257028112,0.0,0.0,0.0,0.0,0.014056224899598393,0.006024096385542169,0.04216867469879518,0.002008032128514056,0.002008032128514056,0.002008032128514056,0.018072289156626505,0.0,0.004016064257028112,0.01606425702811245,0.004016064257028112,0.01606425702811245,0.006024096385542169,0.004016064257028112,0.018072289156626505,0.0,0.002008032128514056,0.012048192771084338,0.006024096385542169,0.002008032128514056,0.010040160642570281,0.01606425702811245,0.014056224899598393,0.0,0.004016064257028112,0.006024096385542169,0.008032128514056224,0.008032128514056224,0.006024096385542169,0.030120481927710843,0.0,0.0,0.0,0.0,0.004016064257028112,0.002008032128514056,0.002008032128514056,0.002008032128514056,0.002008032128514056,0.0,0.002008032128514056,0.008032128514056224,0.0,0.08433734939759036,0.004016064257028112,0.0,0.006024096385542169,0.014056224899598393,0.010040160642570281,0.012048192771084338,0.0,0.0,0.002008032128514056,0.012048192771084338,0.002008032128514056,0.01606425702811245
220,0.0014814814814814814,0.02666666666666667,0.011851851851851851,0.0014814814814814814,0.037037037037037035,0.0044444444444444444,0.005925925925925926,0.02074074074074074,0.002962962962962963,0.002962962962962963,0.002962962962962963,0.0044444444444444444,0.0,0.0014814814814814814,0.02962962962962963,0.0,0.014814814814814815,0.01037037037037037,0.0014814814814814814,0.002962962962962963,0.0,0.0,0.014814814814814815,0.011851851851851851,0.016296296296296295,0.0044444444444444444,0.011851851851851851,0.005925925925925926,0.013333333333333334,0.002962962962962963,0.0,0.02962962962962963,0.005925925925925926,0.007407407407407408,0.013333333333333334,0.16296296296296298,0.005925925925925926,0.022222222222222223,0.0,0.0014814814814814814,0.0,0.008888888888888889,0.0014814814814814814,0.011851851851851851,0.0044444444444444444,0.0014814814814814814,0.0014814814814814814,0.013333333333333334,0.002962962962962963,0.0,0.022222222222222223,0.0,0.0044444444444444444,0.002962962962962963,0.03111111111111111,0.017777777777777778,0.0,0.013333333333333334,0.005925925925925926,0.008888888888888889,0.0,0.0044444444444444444,0.007407407407407408,0.002962962962962963,0.005925925925925926,0.037037037037037035,0.014814814814814815,0.002962962962962963,0.0,0.0,0.0014814814814814814,0.002962962962962963,0.0,0.025185185185185185,0.0,0.0,0.008888888888888889,0.0014814814814814814,0.028148148148148148,0.0,0.007407407407407408,0.0014814814814814814,0.002962962962962963,0.0014814814814814814,0.002962962962962963,0.025185185185185185,0.01925925925925926,0.0,0.011851851851851851,0.002962962962962963,0.0,0.0,0.005925925925925926,0.01037037037037037,0.0044444444444444444,0.013333333333333334,0.014814814814814815,0.028148148148148148,0.028148148148148148,0.008888888888888889
221,0.0,0.003875968992248062,0.009689922480620155,0.0,0.005813953488372093,0.0,0.0,0.003875968992248062,0.003875968992248062,0.009689922480620155,0.03488372093023256,0.005813953488372093,0.003875968992248062,0.005813953488372093,0.009689922480620155,0.001937984496124031,0.0,0.0,0.023255813953488372,0.0,0.023255813953488372,0.01937984496124031,0.015503875968992248,0.007751937984496124,0.005813953488372093,0.005813953488372093,0.009689922480620155,0.011627906976744186,0.01937984496124031,0.013565891472868217,0.03682170542635659,0.005813953488372093,0.03294573643410853,0.005813953488372093,0.003875968992248062,0.19767441860465115,0.04263565891472868,0.001937984496124031,0.007751937984496124,0.003875968992248062,0.0,0.0,0.009689922480620155,0.015503875968992248,0.001937984496124031,0.009689922480620155,0.01744186046511628,0.007751937984496124,0.003875968992248062,0.0,0.0,0.005813953488372093,0.029069767441860465,0.007751937984496124,0.003875968992248062,0.005813953488372093,0.013565891472868217,0.005813953488372093,0.009689922480620155,0.005813953488372093,0.009689922480620155,0.0,0.007751937984496124,0.001937984496124031,0.001937984496124031,0.007751937984496124,0.015503875968992248,0.0,0.001937984496124031,0.0,0.003875968992248062,0.001937984496124031,0.0,0.005813953488372093,0.040697674418604654,0.001937984496124031,0.0,0.011627906976744186,0.003875968992248062,0.0,0.0,0.029069767441860465,0.001937984496124031,0.003875968992248062,0.003875968992248062,0.011627906976744186,0.025193798449612403,0.009689922480620155,0.001937984496124031,0.009689922480620155,0.009689922480620155,0.0,0.003875968992248062,0.015503875968992248,0.0,0.0,0.005813953488372093,0.003875968992248062,0.0,0.001937984496124031
222,0.0,0.0033333333333333335,0.021666666666666667,0.0033333333333333335,0.005,0.0016666666666666668,0.0,0.0033333333333333335,0.011666666666666667,0.0033333333333333335,0.0,0.006666666666666667,0.016666666666666666,0.006666666666666667,0.0,0.0016666666666666668,0.015,0.0016666666666666668,0.011666666666666667,0.0,0.0,0.013333333333333334,0.013333333333333334,0.0,0.011666666666666667,0.02,0.0,0.0,0.0,0.011666666666666667,0.0,0.0,0.0,0.0,0.018333333333333333,0.18,0.008333333333333333,0.011666666666666667,0.015,0.011666666666666667,0.006666666666666667,0.015,0.011666666666666667,0.021666666666666667,0.005,0.0,0.016666666666666666,0.013333333333333334,0.0033333333333333335,0.0016666666666666668,0.0033333333333333335,0.0,0.006666666666666667,0.01,0.015,0.006666666666666667,0.0016666666666666668,0.008333333333333333,0.0,0.023333333333333334,0.013333333333333334,0.0033333333333333335,0.0,0.0,0.0033333333333333335,0.01,0.015,0.013333333333333334,0.006666666666666667,0.01,0.0,0.0,0.005,0.01,0.016666666666666666,0.0,0.03,0.025,0.028333333333333332,0.0016666666666666668,0.013333333333333334,0.021666666666666667,0.0,0.02,0.0,0.021666666666666667,0.0016666666666666668,0.0,0.03166666666666667,0.021666666666666667,0.0016666666666666668,0.015,0.0033333333333333335,0.0,0.006666666666666667,0.0,0.021666666666666667,0.011666666666666667,0.0,0.018333333333333333
223,0.009478672985781991,0.001579778830963665,0.001579778830963665,0.0,0.0,0.0,0.00631911532385466,0.001579778830963665,0.0,0.007898894154818325,0.01263823064770932,0.0,0.018957345971563982,0.00315955766192733,0.0,0.0,0.01579778830963665,0.01579778830963665,0.0315955766192733,0.004739336492890996,0.01263823064770932,0.001579778830963665,0.001579778830963665,0.004739336492890996,0.001579778830963665,0.018957345971563982,0.0,0.045813586097946286,0.004739336492890996,0.00315955766192733,0.001579778830963665,0.017377567140600316,0.001579778830963665,0.0,0.001579778830963665,0.1848341232227488,0.004739336492890996,0.0,0.01579778830963665,0.00315955766192733,0.001579778830963665,0.001579778830963665,0.0,0.01263823064770932,0.0,0.0,0.001579778830963665,0.02843601895734597,0.0,0.02843601895734597,0.014218009478672985,0.017377567140600316,0.0,0.01579778830963665,0.0,0.0,0.0,0.007898894154818325,0.009478672985781991,0.007898894154818325,0.0,0.00315955766192733,0.014218009478672985,0.0,0.00315955766192733,0.04107424960505529,0.00315955766192733,0.0,0.0,0.001579778830963665,0.011058451816745656,0.00315955766192733,0.014218009478672985,0.026856240126382307,0.0,0.009478672985781991,0.0,0.007898894154818325,0.01579778830963665,0.022116903633491312,0.001579778830963665,0.001579778830963665,0.0,0.023696682464454975,0.00631911532385466,0.009478672985781991,0.017377567140600316,0.0,0.014218009478672985,0.001579778830963665,0.004739336492890996,0.0,0.0,0.0,0.0,0.01263823064770932,0.01579778830963665,0.020537124802527645,0.044233807266982623,0.045813586097946286
224,0.001841620626151013,0.001841620626151013,0.0,0.011049723756906077,0.0,0.0055248618784530384,0.009208103130755065,0.03130755064456722,0.022099447513812154,0.009208103130755065,0.0,0.0,0.029465930018416207,0.007366482504604052,0.001841620626151013,0.0,0.01289134438305709,0.007366482504604052,0.022099447513812154,0.011049723756906077,0.0,0.0,0.0,0.0,0.009208103130755065,0.01841620626151013,0.001841620626151013,0.0,0.0,0.055248618784530384,0.0,0.0,0.007366482504604052,0.0,0.003683241252302026,0.1712707182320442,0.01841620626151013,0.0,0.007366482504604052,0.003683241252302026,0.003683241252302026,0.001841620626151013,0.03867403314917127,0.007366482504604052,0.0,0.014732965009208104,0.0,0.0055248618784530384,0.011049723756906077,0.003683241252302026,0.0,0.014732965009208104,0.001841620626151013,0.0,0.009208103130755065,0.0,0.0,0.0,0.0055248618784530384,0.003683241252302026,0.001841620626151013,0.001841620626151013,0.001841620626151013,0.011049723756906077,0.020257826887661142,0.003683241252302026,0.001841620626151013,0.001841620626151013,0.016574585635359115,0.0055248618784530384,0.0,0.0,0.03683241252302026,0.007366482504604052,0.001841620626151013,0.003683241252302026,0.011049723756906077,0.001841620626151013,0.06629834254143646,0.014732965009208104,0.020257826887661142,0.022099447513812154,0.003683241252302026,0.01841620626151013,0.0,0.011049723756906077,0.011049723756906077,0.007366482504604052,0.009208103130755065,0.009208103130755065,0.0055248618784530384,0.007366482504604052,0.003683241252302026,0.01289134438305709,0.0055248618784530384,0.0,0.011049723756906077,0.007366482504604052,0.022099447513812154,0.0
225,0.013618677042801557,0.011673151750972763,0.019455252918287938,0.009727626459143969,0.0,0.0019455252918287938,0.0038910505836575876,0.0019455252918287938,0.005836575875486381,0.0,0.023346303501945526,0.0,0.0,0.0,0.0019455252918287938,0.0019455252918287938,0.017509727626459144,0.013618677042801557,0.017509727626459144,0.009727626459143969,0.0,0.0,0.005836575875486381,0.0,0.0019455252918287938,0.01556420233463035,0.0,0.005836575875486381,0.0019455252918287938,0.0019455252918287938,0.021400778210116732,0.0019455252918287938,0.011673151750972763,0.0,0.0,0.3463035019455253,0.011673151750972763,0.0038910505836575876,0.009727626459143969,0.0,0.005836575875486381,0.0038910505836575876,0.0038910505836575876,0.0,0.007782101167315175,0.009727626459143969,0.005836575875486381,0.0038910505836575876,0.0019455252918287938,0.009727626459143969,0.0,0.0,0.0,0.007782101167315175,0.0019455252918287938,0.0019455252918287938,0.0019455252918287938,0.005836575875486381,0.0,0.013618677042801557,0.0019455252918287938,0.0,0.0,0.0,0.0,0.019455252918287938,0.0038910505836575876,0.011673151750972763,0.007782101167315175,0.023346303501945526,0.0019455252918287938,0.01556420233463035,0.007782101167315175,0.009727626459143969,0.005836575875486381,0.011673151750972763,0.029182879377431907,0.005836575875486381,0.0,0.019455252918287938,0.0019455252918287938,0.009727626459143969,0.0038910505836575876,0.0038910505836575876,0.007782101167315175,0.023346303501945526,0.0019455252918287938,0.0,0.013618677042801557,0.0019455252918287938,0.0019455252918287938,0.0038910505836575876,0.0019455252918287938,0.019455252918287938,0.0,0.0019455252918287938,0.011673151750972763,0.0038910505836575876,0.027237354085603113,0.005836575875486381
226,0.011164274322169059,0.01594896331738437,0.011164274322169059,0.001594896331738437,0.0,0.0,0.004784688995215311,0.001594896331738437,0.009569377990430622,0.014354066985645933,0.014354066985645933,0.001594896331738437,0.007974481658692184,0.004784688995215311,0.001594896331738437,0.011164274322169059,0.001594896331738437,0.0,0.009569377990430622,0.014354066985645933,0.01594896331738437,0.019138755980861243,0.003189792663476874,0.017543859649122806,0.0,0.0,0.001594896331738437,0.02073365231259968,0.011164274322169059,0.004784688995215311,0.02073365231259968,0.007974481658692184,0.007974481658692184,0.001594896331738437,0.0,0.19617224880382775,0.0,0.009569377990430622,0.007974481658692184,0.006379585326953748,0.001594896331738437,0.0,0.011164274322169059,0.003189792663476874,0.006379585326953748,0.011164274322169059,0.004784688995215311,0.003189792663476874,0.01594896331738437,0.003189792663476874,0.0,0.01594896331738437,0.0,0.0,0.0,0.0,0.0,0.03349282296650718,0.009569377990430622,0.011164274322169059,0.0,0.012759170653907496,0.019138755980861243,0.022328548644338118,0.01594896331738437,0.004784688995215311,0.004784688995215311,0.017543859649122806,0.019138755980861243,0.006379585326953748,0.0,0.019138755980861243,0.011164274322169059,0.019138755980861243,0.004784688995215311,0.012759170653907496,0.003189792663476874,0.0,0.0,0.03349282296650718,0.001594896331738437,0.009569377990430622,0.011164274322169059,0.001594896331738437,0.001594896331738437,0.004784688995215311,0.003189792663476874,0.003189792663476874,0.006379585326953748,0.001594896331738437,0.014354066985645933,0.0,0.03508771929824561,0.009569377990430622,0.0,0.01594896331738437,0.017543859649122806,0.01594896331738437,0.0,0.0
227,0.0,0.001692047377326565,0.0,0.0,0.0,0.005076142131979695,0.01692047377326565,0.00676818950930626,0.00676818950930626,0.01353637901861252,0.0,0.015228426395939087,0.015228426395939087,0.01015228426395939,0.001692047377326565,0.0,0.001692047377326565,0.015228426395939087,0.0,0.00676818950930626,0.001692047377326565,0.01692047377326565,0.005076142131979695,0.01015228426395939,0.011844331641285956,0.02030456852791878,0.005076142131979695,0.005076142131979695,0.001692047377326565,0.00676818950930626,0.00338409475465313,0.02030456852791878,0.001692047377326565,0.001692047377326565,0.008460236886632826,0.2521150592216582,0.0,0.01015228426395939,0.018612521150592216,0.0,0.02030456852791878,0.001692047377326565,0.0,0.001692047377326565,0.0,0.008460236886632826,0.021996615905245348,0.03722504230118443,0.025380710659898477,0.0,0.00676818950930626,0.0,0.0,0.018612521150592216,0.0,0.025380710659898477,0.00338409475465313,0.0,0.02030456852791878,0.01015228426395939,0.01015228426395939,0.0,0.021996615905245348,0.008460236886632826,0.0,0.0,0.0,0.0,0.011844331641285956,0.028764805414551606,0.02030456852791878,0.0,0.0,0.005076142131979695,0.02030456852791878,0.001692047377326565,0.01015228426395939,0.0,0.005076142131979695,0.00338409475465313,0.011844331641285956,0.0,0.001692047377326565,0.008460236886632826,0.0,0.00676818950930626,0.005076142131979695,0.03553299492385787,0.032148900169204735,0.0,0.00338409475465313,0.0,0.0,0.0,0.01692047377326565,0.001692047377326565,0.00338409475465313,0.00676818950930626,0.0,0.0
228,0.00186219739292365,0.01303538175046555,0.0037243947858473,0.0,0.01303538175046555,0.0148975791433892,0.0,0.03165735567970205,0.0,0.0260707635009311,0.00186219739292365,0.0074487895716946,0.0074487895716946,0.00186219739292365,0.00558659217877095,0.00186219739292365,0.0,0.0,0.00931098696461825,0.0,0.00931098696461825,0.0,0.00931098696461825,0.0,0.01303538175046555,0.01675977653631285,0.0,0.00931098696461825,0.00186219739292365,0.0,0.0111731843575419,0.00186219739292365,0.01303538175046555,0.0260707635009311,0.0186219739292365,0.28305400372439476,0.0,0.0,0.00186219739292365,0.01675977653631285,0.0,0.0223463687150838,0.0,0.0,0.00931098696461825,0.01303538175046555,0.00558659217877095,0.00931098696461825,0.00186219739292365,0.024208566108007448,0.0,0.0148975791433892,0.00186219739292365,0.0,0.0,0.00186219739292365,0.0,0.0148975791433892,0.01303538175046555,0.0,0.0,0.0037243947858473,0.0,0.037243947858473,0.00558659217877095,0.0,0.0148975791433892,0.0037243947858473,0.00186219739292365,0.0,0.0,0.0037243947858473,0.01303538175046555,0.0111731843575419,0.01675977653631285,0.00931098696461825,0.00186219739292365,0.0186219739292365,0.00558659217877095,0.0,0.0037243947858473,0.01303538175046555,0.0186219739292365,0.0,0.00558659217877095,0.0037243947858473,0.00558659217877095,0.00186219739292365,0.00558659217877095,0.0111731843575419,0.0,0.0446927374301676,0.0037243947858473,0.00186219739292365,0.0037243947858473,0.0,0.00558659217877095,0.0,0.0,0.020484171322160148
229,0.003367003367003367,0.015151515151515152,0.018518518518518517,0.0,0.005050505050505051,0.010101010101010102,0.011784511784511785,0.005050505050505051,0.013468013468013467,0.008417508417508417,0.0016835016835016834,0.0,0.0016835016835016834,0.0,0.018518518518518517,0.005050505050505051,0.003367003367003367,0.011784511784511785,0.020202020202020204,0.018518518518518517,0.0016835016835016834,0.0016835016835016834,0.003367003367003367,0.0,0.0,0.0016835016835016834,0.003367003367003367,0.0,0.0,0.0,0.011784511784511785,0.0016835016835016834,0.02356902356902357,0.005050505050505051,0.018518518518518517,0.2053872053872054,0.008417508417508417,0.0,0.010101010101010102,0.006734006734006734,0.008417508417508417,0.03535353535353535,0.0,0.010101010101010102,0.003367003367003367,0.005050505050505051,0.018518518518518517,0.0016835016835016834,0.006734006734006734,0.0016835016835016834,0.005050505050505051,0.0,0.02356902356902357,0.006734006734006734,0.016835016835016835,0.0016835016835016834,0.011784511784511785,0.02356902356902357,0.003367003367003367,0.006734006734006734,0.020202020202020204,0.0016835016835016834,0.0,0.003367003367003367,0.016835016835016835,0.03872053872053872,0.003367003367003367,0.005050505050505051,0.0,0.0,0.0016835016835016834,0.008417508417508417,0.0,0.011784511784511785,0.003367003367003367,0.010101010101010102,0.0016835016835016834,0.008417508417508417,0.0,0.018518518518518517,0.0,0.020202020202020204,0.006734006734006734,0.0,0.018518518518518517,0.005050505050505051,0.010101010101010102,0.020202020202020204,0.008417508417508417,0.013468013468013467,0.0,0.0016835016835016834,0.005050505050505051,0.0,0.05218855218855219,0.005050505050505051,0.0016835016835016834,0.010101010101010102,0.0,0.003367003367003367
230,0.014905149051490514,0.014905149051490514,0.0040650406504065045,0.012195121951219513,0.0,0.0027100271002710027,0.006775067750677507,0.0,0.0,0.0,0.01084010840108401,0.0,0.012195121951219513,0.009485094850948509,0.005420054200542005,0.009485094850948509,0.0,0.0013550135501355014,0.0027100271002710027,0.013550135501355014,0.0,0.014905149051490514,0.008130081300813009,0.0,0.0040650406504065045,0.0013550135501355014,0.0027100271002710027,0.03387533875338753,0.005420054200542005,0.013550135501355014,0.0,0.023035230352303523,0.005420054200542005,0.005420054200542005,0.0,0.26558265582655827,0.0027100271002710027,0.0,0.0040650406504065045,0.014905149051490514,0.0013550135501355014,0.0,0.0,0.02168021680216802,0.0013550135501355014,0.0040650406504065045,0.0027100271002710027,0.0013550135501355014,0.0013550135501355014,0.02032520325203252,0.0,0.0013550135501355014,0.0040650406504065045,0.0027100271002710027,0.016260162601626018,0.012195121951219513,0.01084010840108401,0.0,0.008130081300813009,0.005420054200542005,0.0027100271002710027,0.04742547425474255,0.0013550135501355014,0.008130081300813009,0.014905149051490514,0.005420054200542005,0.02710027100271003,0.0013550135501355014,0.0,0.02981029810298103,0.0027100271002710027,0.0027100271002710027,0.0,0.0040650406504065045,0.0,0.0,0.0013550135501355014,0.03116531165311653,0.0,0.0,0.0,0.009485094850948509,0.0,0.013550135501355014,0.03116531165311653,0.01084010840108401,0.005420054200542005,0.0013550135501355014,0.005420054200542005,0.01084010840108401,0.0040650406504065045,0.0013550135501355014,0.02168021680216802,0.0,0.009485094850948509,0.008130081300813009,0.0,0.013550135501355014,0.0027100271002710027,0.02981029810298103
231,0.006259780907668232,0.003129890453834116,0.03286384976525822,0.00782472613458529,0.018779342723004695,0.028169014084507043,0.018779342723004695,0.003129890453834116,0.0,0.01564945226917058,0.001564945226917058,0.0,0.003129890453834116,0.001564945226917058,0.003129890453834116,0.004694835680751174,0.012519561815336464,0.003129890453834116,0.0,0.003129890453834116,0.001564945226917058,0.00782472613458529,0.0,0.003129890453834116,0.00782472613458529,0.001564945226917058,0.001564945226917058,0.0,0.001564945226917058,0.017214397496087636,0.0297339593114241,0.009389671361502348,0.009389671361502348,0.010954616588419406,0.00782472613458529,0.25508607198748046,0.01564945226917058,0.012519561815336464,0.02190923317683881,0.01564945226917058,0.004694835680751174,0.0297339593114241,0.0,0.0,0.001564945226917058,0.02034428794992175,0.0,0.009389671361502348,0.0,0.009389671361502348,0.009389671361502348,0.009389671361502348,0.003129890453834116,0.001564945226917058,0.0,0.0,0.00782472613458529,0.00782472613458529,0.0,0.001564945226917058,0.03286384976525822,0.00782472613458529,0.028169014084507043,0.00782472613458529,0.001564945226917058,0.001564945226917058,0.003129890453834116,0.0,0.0,0.03286384976525822,0.001564945226917058,0.00782472613458529,0.010954616588419406,0.003129890453834116,0.012519561815336464,0.0,0.009389671361502348,0.025039123630672927,0.004694835680751174,0.003129890453834116,0.003129890453834116,0.010954616588419406,0.017214397496087636,0.001564945226917058,0.001564945226917058,0.0,0.006259780907668232,0.0,0.006259780907668232,0.0,0.014084507042253521,0.00782472613458529,0.0,0.006259780907668232,0.001564945226917058,0.0,0.001564945226917058,0.00782472613458529,0.006259780907668232,0.0
232,0.027675276752767528,0.025830258302583026,0.0018450184501845018,0.0036900369003690036,0.007380073800738007,0.012915129151291513,0.007380073800738007,0.0,0.0018450184501845018,0.01107011070110701,0.0,0.0,0.016605166051660517,0.0,0.0,0.005535055350553505,0.007380073800738007,0.01845018450184502,0.007380073800738007,0.005535055350553505,0.0036900369003690036,0.033210332103321034,0.00922509225092251,0.005535055350553505,0.0,0.023985239852398525,0.014760147601476014,0.01107011070110701,0.01107011070110701,0.0,0.0,0.005535055350553505,0.0018450184501845018,0.0,0.005535055350553505,0.1937269372693727,0.0018450184501845018,0.0,0.012915129151291513,0.0018450184501845018,0.00922509225092251,0.0,0.01845018450184502,0.0018450184501845018,0.005535055350553505,0.0036900369003690036,0.007380073800738007,0.0036900369003690036,0.0,0.00922509225092251,0.00922509225092251,0.00922509225092251,0.0,0.0018450184501845018,0.005535055350553505,0.0,0.023985239852398525,0.0,0.0,0.0,0.046125461254612546,0.012915129151291513,0.03136531365313653,0.0,0.0,0.0036900369003690036,0.0,0.04797047970479705,0.0036900369003690036,0.014760147601476014,0.0,0.0,0.0,0.0,0.0,0.0,0.0018450184501845018,0.005535055350553505,0.0,0.0018450184501845018,0.0,0.0036900369003690036,0.00922509225092251,0.0,0.0,0.016605166051660517,0.023985239852398525,0.04059040590405904,0.046125461254612546,0.025830258302583026,0.0036900369003690036,0.0018450184501845018,0.0036900369003690036,0.0036900369003690036,0.0,0.005535055350553505,0.02214022140221402,0.0,0.0018450184501845018,0.016605166051660517
233,0.01568627450980392,0.0,0.0,0.00980392156862745,0.07058823529411765,0.0,0.0,0.0,0.00196078431372549,0.0,0.01568627450980392,0.0,0.00196078431372549,0.0,0.023529411764705882,0.0,0.01764705882352941,0.00784313725490196,0.013725490196078431,0.00392156862745098,0.011764705882352941,0.0,0.0,0.0,0.00784313725490196,0.023529411764705882,0.021568627450980392,0.0,0.00196078431372549,0.00196078431372549,0.013725490196078431,0.0058823529411764705,0.0,0.00196078431372549,0.00980392156862745,0.16862745098039217,0.01568627450980392,0.0058823529411764705,0.06666666666666667,0.025490196078431372,0.023529411764705882,0.01568627450980392,0.00196078431372549,0.00784313725490196,0.0,0.011764705882352941,0.00784313725490196,0.00196078431372549,0.0,0.00784313725490196,0.013725490196078431,0.00392156862745098,0.0,0.00196078431372549,0.0058823529411764705,0.03333333333333333,0.0,0.0058823529411764705,0.00196078431372549,0.023529411764705882,0.00392156862745098,0.0,0.00392156862745098,0.0,0.03137254901960784,0.0,0.0,0.0,0.0,0.0058823529411764705,0.0058823529411764705,0.03137254901960784,0.00196078431372549,0.01764705882352941,0.00980392156862745,0.0,0.0058823529411764705,0.013725490196078431,0.00196078431372549,0.011764705882352941,0.0,0.0,0.0,0.027450980392156862,0.00196078431372549,0.029411764705882353,0.00980392156862745,0.00196078431372549,0.0,0.00980392156862745,0.01568627450980392,0.0058823529411764705,0.013725490196078431,0.00196078431372549,0.0,0.00196078431372549,0.0,0.0,0.00196078431372549,0.0
234,0.009041591320072333,0.0081374321880651,0.003616636528028933,0.006329113924050633,0.0216998191681736,0.0045207956600361665,0.0054249547920434,0.0045207956600361665,0.0009041591320072332,0.0009041591320072332,0.0018083182640144665,0.0009041591320072332,0.0,0.0027124773960217,0.007233273056057866,0.009041591320072333,0.0045207956600361665,0.0009041591320072332,0.0108499095840868,0.007233273056057866,0.0,0.013562386980108499,0.0009041591320072332,0.0081374321880651,0.0009041591320072332,0.0045207956600361665,0.003616636528028933,0.07504520795660036,0.0018083182640144665,0.007233273056057866,0.0,0.0,0.003616636528028933,0.007233273056057866,0.0018083182640144665,0.0027124773960217,0.0,0.0,0.0018083182640144665,0.0018083182640144665,0.0,0.0009041591320072332,0.0081374321880651,0.0009041591320072332,0.0009041591320072332,0.0045207956600361665,0.007233273056057866,0.0018083182640144665,0.0,0.003616636528028933,0.009945750452079566,0.0027124773960217,0.0054249547920434,0.011754068716094032,0.0,0.14828209764918626,0.0018083182640144665,0.0018083182640144665,0.0009041591320072332,0.0009041591320072332,0.0,0.15822784810126583,0.0009041591320072332,0.0,0.0027124773960217,0.0027124773960217,0.0081374321880651,0.10488245931283906,0.0009041591320072332,0.0009041591320072332,0.0,0.0,0.019891500904159132,0.0,0.0,0.0045207956600361665,0.0045207956600361665,0.0009041591320072332,0.0018083182640144665,0.0018083182640144665,0.0216998191681736,0.0027124773960217,0.0,0.0009041591320072332,0.0,0.0,0.07866184448462929,0.006329113924050633,0.0018083182640144665,0.06238698010849909,0.0,0.007233273056057866,0.003616636528028933,0.003616636528028933,0.0045207956600361665,0.026220614828209764,0.0,0.0054249547920434,0.0018083182640144665,0.003616636528028933
235,0.001486988847583643,0.011895910780669145,0.0007434944237918215,0.0022304832713754648,0.001486988847583643,0.0007434944237918215,0.0022304832713754648,0.0037174721189591076,0.009665427509293681,0.0022304832713754648,0.007434944237918215,0.0,0.0007434944237918215,0.008178438661710037,0.0,0.0052044609665427505,0.002973977695167286,0.0,0.0,0.008178438661710037,0.0044609665427509295,0.0,0.001486988847583643,0.0007434944237918215,0.0022304832713754648,0.01412639405204461,0.001486988847583643,0.07732342007434945,0.0022304832713754648,0.0052044609665427505,0.001486988847583643,0.0022304832713754648,0.001486988847583643,0.005947955390334572,0.0,0.0007434944237918215,0.0007434944237918215,0.0,0.006691449814126394,0.0,0.001486988847583643,0.011152416356877323,0.013382899628252789,0.0044609665427509295,0.0,0.001486988847583643,0.0007434944237918215,0.0,0.0,0.007434944237918215,0.001486988847583643,0.0,0.002973977695167286,0.0,0.0044609665427509295,0.12639405204460966,0.0007434944237918215,0.001486988847583643,0.012639405204460967,0.005947955390334572,0.0037174721189591076,0.14275092936802974,0.0052044609665427505,0.0044609665427509295,0.0,0.001486988847583643,0.03345724907063197,0.15092936802973977,0.0,0.0022304832713754648,0.002973977695167286,0.008178438661710037,0.0,0.0007434944237918215,0.0044609665427509295,0.0007434944237918215,0.01412639405204461,0.0044609665427509295,0.0,0.0,0.0052044609665427505,0.0007434944237918215,0.001486988847583643,0.001486988847583643,0.0,0.0,0.08921933085501858,0.0007434944237918215,0.0052044609665427505,0.055762081784386616,0.005947955390334572,0.01412639405204461,0.008921933085501859,0.008178438661710037,0.008921933085501859,0.0037174721189591076,0.0,0.007434944237918215,0.0022304832713754648,0.006691449814126394
236,0.004366812227074236,0.00960698689956332,0.0017467248908296944,0.0008733624454148472,0.0069868995633187774,0.0,0.0026200873362445414,0.004366812227074236,0.0,0.0,0.005240174672489083,0.00611353711790393,0.011353711790393014,0.0069868995633187774,0.0,0.0,0.0008733624454148472,0.0,0.0008733624454148472,0.0,0.004366812227074236,0.026200873362445413,0.0,0.0,0.014847161572052401,0.0026200873362445414,0.004366812227074236,0.15196506550218342,0.0008733624454148472,0.010480349344978166,0.01222707423580786,0.0,0.0008733624454148472,0.010480349344978166,0.0026200873362445414,0.0026200873362445414,0.00960698689956332,0.01572052401746725,0.0,0.005240174672489083,0.0017467248908296944,0.0034934497816593887,0.02445414847161572,0.0,0.010480349344978166,0.0008733624454148472,0.0,0.00611353711790393,0.0034934497816593887,0.0008733624454148472,0.010480349344978166,0.0008733624454148472,0.026200873362445413,0.0008733624454148472,0.0,0.08646288209606987,0.0069868995633187774,0.0017467248908296944,0.0008733624454148472,0.0026200873362445414,0.004366812227074236,0.06462882096069869,0.0008733624454148472,0.004366812227074236,0.0008733624454148472,0.0,0.0008733624454148472,0.0890829694323144,0.0,0.00960698689956332,0.0,0.005240174672489083,0.004366812227074236,0.01921397379912664,0.007860262008733625,0.0008733624454148472,0.0034934497816593887,0.00960698689956332,0.01572052401746725,0.0008733624454148472,0.0008733624454148472,0.0008733624454148472,0.0008733624454148472,0.0017467248908296944,0.0026200873362445414,0.0026200873362445414,0.09519650655021834,0.0034934497816593887,0.0,0.09344978165938865,0.0017467248908296944,0.0069868995633187774,0.0017467248908296944,0.0017467248908296944,0.0008733624454148472,0.0026200873362445414,0.0,0.0034934497816593887,0.011353711790393014,0.0
237,0.0014684287812041115,0.0,0.004405286343612335,0.0022026431718061676,0.0,0.0007342143906020558,0.004405286343612335,0.003671071953010279,0.0,0.0014684287812041115,0.006607929515418502,0.0,0.003671071953010279,0.0022026431718061676,0.0007342143906020558,0.004405286343612335,0.008076358296622614,0.0007342143906020558,0.010279001468428781,0.003671071953010279,0.0007342143906020558,0.0,0.0007342143906020558,0.004405286343612335,0.002936857562408223,0.012481644640234948,0.013215859030837005,0.17254038179148312,0.0,0.005139500734214391,0.0007342143906020558,0.0014684287812041115,0.0,0.002936857562408223,0.0007342143906020558,0.005139500734214391,0.0,0.002936857562408223,0.0014684287812041115,0.013950073421439061,0.0,0.0014684287812041115,0.0,0.0014684287812041115,0.0,0.0,0.0,0.0,0.0014684287812041115,0.0014684287812041115,0.0007342143906020558,0.007342143906020558,0.002936857562408223,0.0022026431718061676,0.0,0.07415565345080763,0.0,0.007342143906020558,0.009544787077826725,0.013950073421439061,0.002936857562408223,0.14390602055800295,0.0022026431718061676,0.0,0.0022026431718061676,0.004405286343612335,0.0,0.11820851688693099,0.002936857562408223,0.002936857562408223,0.0007342143906020558,0.0,0.006607929515418502,0.0,0.00881057268722467,0.0007342143906020558,0.0,0.010279001468428781,0.0,0.0014684287812041115,0.0,0.005873715124816446,0.004405286343612335,0.005873715124816446,0.005139500734214391,0.011013215859030838,0.08002936857562408,0.002936857562408223,0.012481644640234948,0.11086637298091043,0.007342143906020558,0.005139500734214391,0.0014684287812041115,0.0,0.0007342143906020558,0.0,0.0007342143906020558,0.0,0.011747430249632892,0.0014684287812041115
238,0.00089126559714795,0.004456327985739751,0.008021390374331552,0.00267379679144385,0.012477718360071301,0.0017825311942959,0.0035650623885918,0.0035650623885918,0.0,0.008021390374331552,0.0,0.008912655971479501,0.0,0.0,0.013368983957219251,0.0106951871657754,0.0071301247771836,0.0053475935828877,0.0,0.00267379679144385,0.00089126559714795,0.008912655971479501,0.015151515151515152,0.00267379679144385,0.008021390374331552,0.0,0.01693404634581105,0.07575757575757576,0.006238859180035651,0.0053475935828877,0.0017825311942959,0.0,0.00267379679144385,0.00089126559714795,0.0,0.00267379679144385,0.00089126559714795,0.00089126559714795,0.00267379679144385,0.00267379679144385,0.0,0.00267379679144385,0.00267379679144385,0.0053475935828877,0.0035650623885918,0.006238859180035651,0.00089126559714795,0.0017825311942959,0.0,0.0106951871657754,0.0035650623885918,0.0,0.027629233511586453,0.0,0.0053475935828877,0.16755793226381463,0.0,0.006238859180035651,0.0,0.004456327985739751,0.0035650623885918,0.12477718360071301,0.00089126559714795,0.0035650623885918,0.0053475935828877,0.0,0.0,0.07575757575757576,0.0017825311942959,0.0142602495543672,0.008021390374331552,0.00267379679144385,0.006238859180035651,0.0017825311942959,0.0,0.0,0.00267379679144385,0.0071301247771836,0.0,0.00089126559714795,0.00089126559714795,0.0142602495543672,0.0,0.004456327985739751,0.00089126559714795,0.00089126559714795,0.07040998217468805,0.004456327985739751,0.0,0.10873440285204991,0.008912655971479501,0.00267379679144385,0.0106951871657754,0.0053475935828877,0.0,0.0,0.0035650623885918,0.0035650623885918,0.0017825311942959,0.0017825311942959
239,0.006593406593406593,0.01391941391941392,0.0,0.002197802197802198,0.00805860805860806,0.002197802197802198,0.0007326007326007326,0.0,0.0,0.0,0.005860805860805861,0.004395604395604396,0.013186813186813187,0.014652014652014652,0.004395604395604396,0.005128205128205128,0.0,0.002197802197802198,0.002197802197802198,0.004395604395604396,0.0,0.008791208791208791,0.0,0.0007326007326007326,0.0007326007326007326,0.0007326007326007326,0.004395604395604396,0.12087912087912088,0.002197802197802198,0.0029304029304029304,0.008791208791208791,0.005860805860805861,0.004395604395604396,0.0,0.0,0.005128205128205128,0.0,0.007326007326007326,0.0007326007326007326,0.0014652014652014652,0.0,0.0,0.0007326007326007326,0.0014652014652014652,0.0,0.002197802197802198,0.003663003663003663,0.003663003663003663,0.002197802197802198,0.013186813186813187,0.013186813186813187,0.002197802197802198,0.0007326007326007326,0.0,0.002197802197802198,0.07472527472527472,0.004395604395604396,0.01391941391941392,0.0007326007326007326,0.00805860805860806,0.008791208791208791,0.10989010989010989,0.005860805860805861,0.0,0.0007326007326007326,0.0,0.0,0.12087912087912088,0.012454212454212455,0.0,0.00805860805860806,0.0,0.0014652014652014652,0.017582417582417582,0.01611721611721612,0.015384615384615385,0.003663003663003663,0.005128205128205128,0.0029304029304029304,0.0,0.002197802197802198,0.00805860805860806,0.0007326007326007326,0.002197802197802198,0.006593406593406593,0.0,0.08205128205128205,0.0,0.0029304029304029304,0.10842490842490843,0.007326007326007326,0.005128205128205128,0.005860805860805861,0.005128205128205128,0.0029304029304029304,0.005860805860805861,0.005860805860805861,0.005860805860805861,0.0014652014652014652,0.0
240,0.0,0.0,0.0008045052292839903,0.002413515687851971,0.0,0.003218020917135961,0.0008045052292839903,0.013676588897827836,0.0,0.0016090104585679806,0.0056315366049879325,0.010458567980691875,0.0,0.0008045052292839903,0.0,0.0008045052292839903,0.013676588897827836,0.0008045052292839903,0.003218020917135961,0.0008045052292839903,0.02172164119066774,0.008849557522123894,0.0056315366049879325,0.0008045052292839903,0.004827031375703942,0.0008045052292839903,0.0,0.16572807723250202,0.0008045052292839903,0.004827031375703942,0.0,0.0,0.008045052292839904,0.0008045052292839903,0.003218020917135961,0.0,0.006436041834271922,0.002413515687851971,0.0,0.0008045052292839903,0.0008045052292839903,0.0056315366049879325,0.0016090104585679806,0.0,0.0008045052292839903,0.010458567980691875,0.0,0.004827031375703942,0.0,0.02413515687851971,0.0016090104585679806,0.0016090104585679806,0.0016090104585679806,0.002413515687851971,0.004022526146419952,0.07240547063555913,0.0,0.0,0.0008045052292839903,0.0,0.0249396621078037,0.1584875301689461,0.0056315366049879325,0.009654062751407884,0.004827031375703942,0.0016090104585679806,0.0016090104585679806,0.06838294448913917,0.003218020917135961,0.0,0.0,0.011263073209975865,0.0,0.0,0.0,0.0,0.0,0.004022526146419952,0.0016090104585679806,0.0,0.016894609814963796,0.0016090104585679806,0.0008045052292839903,0.011263073209975865,0.003218020917135961,0.004827031375703942,0.09654062751407884,0.0,0.0016090104585679806,0.10378117457763475,0.0008045052292839903,0.011263073209975865,0.007240547063555913,0.004022526146419952,0.0,0.004827031375703942,0.002413515687851971,0.0,0.0016090104585679806,0.004827031375703942
241,0.00727802037845706,0.004366812227074236,0.00363901018922853,0.0,0.0,0.0,0.010189228529839884,0.004366812227074236,0.000727802037845706,0.0,0.0,0.002183406113537118,0.002183406113537118,0.002911208151382824,0.008733624454148471,0.0,0.000727802037845706,0.000727802037845706,0.006550218340611353,0.00363901018922853,0.002911208151382824,0.000727802037845706,0.002183406113537118,0.0,0.001455604075691412,0.002911208151382824,0.000727802037845706,0.15211062590975255,0.012372634643377001,0.0,0.001455604075691412,0.0,0.001455604075691412,0.01455604075691412,0.000727802037845706,0.0,0.012372634643377001,0.000727802037845706,0.008005822416302766,0.004366812227074236,0.010189228529839884,0.009461426491994178,0.010189228529839884,0.028384279475982533,0.001455604075691412,0.013828238719068414,0.0,0.001455604075691412,0.005822416302765648,0.0,0.0,0.002183406113537118,0.002911208151382824,0.0,0.000727802037845706,0.11208151382823872,0.000727802037845706,0.001455604075691412,0.005094614264919942,0.000727802037845706,0.0,0.12445414847161572,0.0,0.002183406113537118,0.001455604075691412,0.000727802037845706,0.002183406113537118,0.06550218340611354,0.0,0.002183406113537118,0.000727802037845706,0.000727802037845706,0.001455604075691412,0.0,0.000727802037845706,0.0,0.000727802037845706,0.005094614264919942,0.0,0.0,0.00363901018922853,0.01455604075691412,0.009461426491994178,0.000727802037845706,0.0,0.008005822416302766,0.1346433770014556,0.00363901018922853,0.005094614264919942,0.09243085880640466,0.0,0.002911208151382824,0.0,0.005094614264919942,0.0,0.002183406113537118,0.011644832605531296,0.004366812227074236,0.008005822416302766,0.001455604075691412
242,0.0,0.005529225908372828,0.0007898894154818325,0.00315955766192733,0.004739336492890996,0.010268562401263823,0.010268562401263823,0.0,0.014218009478672985,0.002369668246445498,0.011848341232227487,0.009478672985781991,0.0,0.00315955766192733,0.002369668246445498,0.005529225908372828,0.0,0.004739336492890996,0.0,0.008688783570300158,0.002369668246445498,0.001579778830963665,0.011848341232227487,0.00631911532385466,0.002369668246445498,0.0039494470774091624,0.0007898894154818325,0.11295418641390205,0.009478672985781991,0.001579778830963665,0.0039494470774091624,0.0007898894154818325,0.008688783570300158,0.007898894154818325,0.0,0.001579778830963665,0.0,0.001579778830963665,0.0,0.0,0.004739336492890996,0.0,0.007898894154818325,0.00315955766192733,0.001579778830963665,0.0,0.0,0.0,0.0007898894154818325,0.0007898894154818325,0.0039494470774091624,0.0039494470774091624,0.009478672985781991,0.0007898894154818325,0.001579778830963665,0.10505529225908374,0.001579778830963665,0.0007898894154818325,0.0007898894154818325,0.0007898894154818325,0.0007898894154818325,0.05766192733017378,0.0071090047393364926,0.007898894154818325,0.013428120063191154,0.0071090047393364926,0.002369668246445498,0.146129541864139,0.02448657187993681,0.004739336492890996,0.0007898894154818325,0.0,0.011058451816745656,0.004739336492890996,0.00631911532385466,0.005529225908372828,0.0,0.0039494470774091624,0.001579778830963665,0.0,0.007898894154818325,0.0,0.002369668246445498,0.0007898894154818325,0.0,0.0,0.11690363349131122,0.0007898894154818325,0.0007898894154818325,0.11137440758293839,0.0007898894154818325,0.00315955766192733,0.0,0.0,0.004739336492890996,0.0,0.015007898894154818,0.00631911532385466,0.0,0.0007898894154818325
243,0.0,0.0,0.008211678832116789,0.0018248175182481751,0.0018248175182481751,0.0,0.0,0.005474452554744526,0.0,0.0018248175182481751,0.004562043795620438,0.0,0.002737226277372263,0.0,0.0,0.0018248175182481751,0.0,0.005474452554744526,0.005474452554744526,0.0,0.01916058394160584,0.0009124087591240876,0.0,0.005474452554744526,0.0009124087591240876,0.0009124087591240876,0.0,0.08667883211678833,0.0,0.0009124087591240876,0.0018248175182481751,0.0018248175182481751,0.012773722627737226,0.0009124087591240876,0.0,0.0,0.0009124087591240876,0.0,0.0,0.002737226277372263,0.0018248175182481751,0.009124087591240875,0.0009124087591240876,0.0,0.0,0.004562043795620438,0.0,0.0,0.009124087591240875,0.006386861313868613,0.005474452554744526,0.020985401459854013,0.002737226277372263,0.0009124087591240876,0.014598540145985401,0.06751824817518248,0.0018248175182481751,0.0,0.002737226277372263,0.0,0.004562043795620438,0.09762773722627738,0.0009124087591240876,0.017335766423357664,0.0009124087591240876,0.0036496350364963502,0.0,0.09032846715328467,0.0009124087591240876,0.010036496350364963,0.01824817518248175,0.0009124087591240876,0.0018248175182481751,0.0018248175182481751,0.008211678832116789,0.006386861313868613,0.0009124087591240876,0.0036496350364963502,0.0,0.002737226277372263,0.01551094890510949,0.0,0.016423357664233577,0.0018248175182481751,0.005474452554744526,0.004562043795620438,0.18248175182481752,0.0,0.0018248175182481751,0.1104014598540146,0.005474452554744526,0.0072992700729927005,0.004562043795620438,0.004562043795620438,0.0009124087591240876,0.010948905109489052,0.004562043795620438,0.002737226277372263,0.016423357664233577,0.009124087591240875
244,0.0061396776669224865,0.0,0.0030698388334612432,0.0023023791250959325,0.0023023791250959325,0.00844205679201842,0.00844205679201842,0.0007674597083653108,0.003837298541826554,0.003837298541826554,0.0007674597083653108,0.009976976208749041,0.0,0.011511895625479662,0.0,0.0030698388334612432,0.01841903300076746,0.0015349194167306216,0.005372217958557176,0.019953952417498082,0.0007674597083653108,0.0015349194167306216,0.0,0.0,0.00844205679201842,0.003837298541826554,0.0,0.07674597083653108,0.0,0.0007674597083653108,0.0,0.005372217958557176,0.0,0.006907137375287797,0.0,0.0015349194167306216,0.0,0.0007674597083653108,0.0007674597083653108,0.005372217958557176,0.0,0.01688411358403684,0.0,0.0,0.0007674597083653108,0.0030698388334612432,0.0023023791250959325,0.005372217958557176,0.0007674597083653108,0.0023023791250959325,0.0007674597083653108,0.00920951650038373,0.0015349194167306216,0.0023023791250959325,0.0015349194167306216,0.07367613200306984,0.0007674597083653108,0.007674597083653108,0.016116653875671526,0.013046815042210284,0.003837298541826554,0.14428242517267845,0.0007674597083653108,0.0007674597083653108,0.0023023791250959325,0.015349194167306216,0.0030698388334612432,0.13277052954719878,0.0,0.01688411358403684,0.0,0.005372217958557176,0.0,0.0007674597083653108,0.013046815042210284,0.0,0.0,0.0015349194167306216,0.004604758250191865,0.0,0.0,0.013046815042210284,0.0015349194167306216,0.0007674597083653108,0.006907137375287797,0.0023023791250959325,0.1335379892555641,0.0,0.0015349194167306216,0.08365310821181889,0.0007674597083653108,0.0023023791250959325,0.003837298541826554,0.01841903300076746,0.0,0.0,0.0007674597083653108,0.0023023791250959325,0.0015349194167306216,0.0007674597083653108
245,0.004122011541632316,0.0008244023083264633,0.0,0.0,0.0,0.0,0.005770816158285243,0.00247320692497939,0.0008244023083264633,0.00247320692497939,0.0016488046166529267,0.0,0.0016488046166529267,0.00741962077493817,0.0,0.00494641384995878,0.00494641384995878,0.00247320692497939,0.00247320692497939,0.00989282769991756,0.0,0.0,0.004122011541632316,0.0,0.00247320692497939,0.018961253091508656,0.0008244023083264633,0.0651277823577906,0.0016488046166529267,0.00247320692497939,0.0016488046166529267,0.0,0.0032976092333058533,0.015663643858202802,0.0008244023083264633,0.010717230008244023,0.0032976092333058533,0.00494641384995878,0.0016488046166529267,0.0,0.0008244023083264633,0.0008244023083264633,0.0,0.00247320692497939,0.0008244023083264633,0.0,0.00247320692497939,0.01236603462489695,0.00494641384995878,0.0,0.005770816158285243,0.0016488046166529267,0.008244023083264633,0.005770816158285243,0.0016488046166529267,0.12860676009892827,0.0008244023083264633,0.00494641384995878,0.0016488046166529267,0.00494641384995878,0.0,0.11046990931574609,0.0032976092333058533,0.0,0.015663643858202802,0.0008244023083264633,0.0,0.0585325638911789,0.0,0.004122011541632316,0.0032976092333058533,0.00247320692497939,0.018961253091508656,0.0008244023083264633,0.0008244023083264633,0.0016488046166529267,0.0,0.015663643858202802,0.004122011541632316,0.0032976092333058533,0.005770816158285243,0.0,0.004122011541632316,0.008244023083264633,0.0,0.0,0.15004122011541632,0.005770816158285243,0.00494641384995878,0.16323165704863973,0.0016488046166529267,0.0008244023083264633,0.008244023083264633,0.00989282769991756,0.00247320692497939,0.00989282769991756,0.0008244023083264633,0.0,0.0016488046166529267,0.0
246,0.01021209740769835,0.0,0.0015710919088766694,0.003927729772191673,0.0,0.0,0.0,0.0054988216810683424,0.0,0.0007855459544383347,0.0,0.0204241948153967,0.0,0.002356637863315004,0.0007855459544383347,0.01178318931657502,0.002356637863315004,0.01021209740769835,0.007855459544383346,0.0015710919088766694,0.0,0.002356637863315004,0.0007855459544383347,0.0007855459544383347,0.0007855459544383347,0.004713275726630008,0.0007855459544383347,0.07305577376276512,0.0015710919088766694,0.003142183817753339,0.002356637863315004,0.003927729772191673,0.003142183817753339,0.018853102906520033,0.0007855459544383347,0.0,0.002356637863315004,0.0015710919088766694,0.0054988216810683424,0.0,0.002356637863315004,0.003142183817753339,0.004713275726630008,0.004713275726630008,0.004713275726630008,0.012568735271013355,0.0015710919088766694,0.0,0.01178318931657502,0.003927729772191673,0.007069913589945012,0.006284367635506678,0.0015710919088766694,0.0015710919088766694,0.007855459544383346,0.15003927729772193,0.014139827179890024,0.002356637863315004,0.0015710919088766694,0.002356637863315004,0.002356637863315004,0.07855459544383346,0.0,0.0015710919088766694,0.004713275726630008,0.002356637863315004,0.00864100549882168,0.13668499607227022,0.0,0.003142183817753339,0.006284367635506678,0.0,0.0015710919088766694,0.014139827179890024,0.0,0.0,0.0007855459544383347,0.0,0.002356637863315004,0.007069913589945012,0.014139827179890024,0.009426551453260016,0.003142183817753339,0.0015710919088766694,0.002356637863315004,0.0015710919088766694,0.11233307148468186,0.0015710919088766694,0.0,0.12647289866457187,0.0015710919088766694,0.0015710919088766694,0.0,0.002356637863315004,0.0,0.0007855459544383347,0.0,0.0,0.0,0.0007855459544383347
247,0.0009652509652509653,0.0,0.0019305019305019305,0.0009652509652509653,0.0,0.0,0.009652509652509652,0.0,0.0019305019305019305,0.007722007722007722,0.0028957528957528956,0.0009652509652509653,0.005791505791505791,0.0,0.0,0.0019305019305019305,0.010617760617760617,0.006756756756756757,0.009652509652509652,0.0019305019305019305,0.0009652509652509653,0.011583011583011582,0.0,0.009652509652509652,0.004826254826254826,0.0009652509652509653,0.007722007722007722,0.1274131274131274,0.0009652509652509653,0.0019305019305019305,0.007722007722007722,0.0028957528957528956,0.0,0.021235521235521235,0.003861003861003861,0.0,0.0,0.005791505791505791,0.009652509652509652,0.006756756756756757,0.0,0.0009652509652509653,0.0019305019305019305,0.008687258687258687,0.0009652509652509653,0.003861003861003861,0.0019305019305019305,0.0009652509652509653,0.003861003861003861,0.0009652509652509653,0.0,0.012548262548262547,0.017374517374517374,0.0,0.010617760617760617,0.08204633204633205,0.0,0.0028957528957528956,0.008687258687258687,0.0,0.004826254826254826,0.07915057915057915,0.004826254826254826,0.0019305019305019305,0.003861003861003861,0.008687258687258687,0.016409266409266408,0.10617760617760617,0.004826254826254826,0.0028957528957528956,0.007722007722007722,0.0,0.006756756756756757,0.007722007722007722,0.0009652509652509653,0.0,0.0,0.003861003861003861,0.010617760617760617,0.006756756756756757,0.005791505791505791,0.008687258687258687,0.0,0.0,0.0019305019305019305,0.0,0.10231660231660232,0.0,0.0009652509652509653,0.111003861003861,0.0,0.008687258687258687,0.01833976833976834,0.0009652509652509653,0.0,0.0,0.003861003861003861,0.0,0.005791505791505791,0.007722007722007722
248,0.01014040561622465,0.0,0.0031201248049922,0.0,0.01014040561622465,0.0070202808112324495,0.0070202808112324495,0.0015600624024961,0.00078003120124805,0.0109204368174727,0.0046801872074883,0.0046801872074883,0.00078003120124805,0.0046801872074883,0.0,0.0039001560062402497,0.0015600624024961,0.0109204368174727,0.0,0.0062402496099844,0.00078003120124805,0.0,0.01170046801872075,0.0046801872074883,0.0,0.0,0.0,0.08970358814352575,0.0015600624024961,0.0062402496099844,0.0,0.0070202808112324495,0.0109204368174727,0.01794071762870515,0.0046801872074883,0.01014040561622465,0.0,0.0031201248049922,0.0,0.00234009360374415,0.0,0.00078003120124805,0.0015600624024961,0.014040561622464899,0.00078003120124805,0.00546021840873635,0.00234009360374415,0.0,0.0039001560062402497,0.0046801872074883,0.0046801872074883,0.00078003120124805,0.0,0.0039001560062402497,0.0,0.10920436817472699,0.00078003120124805,0.0109204368174727,0.0,0.00234009360374415,0.00078003120124805,0.11622464898595944,0.02106084243369735,0.0039001560062402497,0.01014040561622465,0.00234009360374415,0.00078003120124805,0.15756630265210608,0.0,0.0046801872074883,0.0015600624024961,0.00078003120124805,0.0015600624024961,0.0015600624024961,0.0,0.00078003120124805,0.0070202808112324495,0.0124804992199688,0.01014040561622465,0.0031201248049922,0.00234009360374415,0.00078003120124805,0.0,0.00078003120124805,0.0031201248049922,0.0070202808112324495,0.0655226209048362,0.0,0.0039001560062402497,0.11232449297971919,0.0031201248049922,0.0015600624024961,0.0015600624024961,0.0031201248049922,0.0039001560062402497,0.00858034321372855,0.0,0.0,0.0,0.00078003120124805
249,0.0017667844522968198,0.00265017667844523,0.019434628975265017,0.0,0.00530035335689046,0.0017667844522968198,0.0017667844522968198,0.015901060070671377,0.00265017667844523,0.0017667844522968198,0.0017667844522968198,0.0017667844522968198,0.00265017667844523,0.0008833922261484099,0.00441696113074205,0.0,0.0,0.0035335689045936395,0.0,0.0,0.01060070671378092,0.0035335689045936395,0.00265017667844523,0.022084805653710248,0.00265017667844523,0.0008833922261484099,0.00530035335689046,0.06802120141342756,0.0008833922261484099,0.00265017667844523,0.011484098939929329,0.0,0.00530035335689046,0.0088339222614841,0.0008833922261484099,0.012367491166077738,0.0035335689045936395,0.012367491166077738,0.01678445229681979,0.0,0.00441696113074205,0.0,0.0008833922261484099,0.00265017667844523,0.00265017667844523,0.00441696113074205,0.0017667844522968198,0.007950530035335688,0.0008833922261484099,0.0017667844522968198,0.01678445229681979,0.0035335689045936395,0.00441696113074205,0.0,0.0008833922261484099,0.06713780918727916,0.00441696113074205,0.0,0.00530035335689046,0.00441696113074205,0.0017667844522968198,0.17667844522968199,0.0,0.0,0.0035335689045936395,0.0008833922261484099,0.0,0.15636042402826855,0.0,0.00265017667844523,0.0035335689045936395,0.0035335689045936395,0.0,0.0017667844522968198,0.00441696113074205,0.0,0.0017667844522968198,0.0008833922261484099,0.00265017667844523,0.0008833922261484099,0.0,0.0,0.00530035335689046,0.0008833922261484099,0.007950530035335688,0.006183745583038869,0.127208480565371,0.0017667844522968198,0.0,0.07420494699646643,0.00265017667844523,0.0008833922261484099,0.00265017667844523,0.0,0.0035335689045936395,0.009717314487632508,0.0,0.0,0.0017667844522968198,0.0008833922261484099
250,0.007776049766718507,0.0007776049766718507,0.0015552099533437014,0.0015552099533437014,0.013219284603421462,0.0007776049766718507,0.0,0.0,0.0038880248833592537,0.0,0.0,0.0007776049766718507,0.01010886469673406,0.0,0.01088646967340591,0.0,0.005443234836702955,0.0,0.0015552099533437014,0.003110419906687403,0.015552099533437015,0.0,0.0,0.005443234836702955,0.0015552099533437014,0.0023328149300155523,0.006998444790046656,0.11275272161741835,0.01088646967340591,0.0,0.004665629860031105,0.0023328149300155523,0.0023328149300155523,0.0023328149300155523,0.014774494556765163,0.01010886469673406,0.0,0.007776049766718507,0.01166407465007776,0.0007776049766718507,0.0015552099533437014,0.0,0.0023328149300155523,0.0,0.0007776049766718507,0.0007776049766718507,0.0038880248833592537,0.0015552099533437014,0.0015552099533437014,0.004665629860031105,0.0023328149300155523,0.0007776049766718507,0.0015552099533437014,0.0023328149300155523,0.0,0.12130637636080871,0.0,0.003110419906687403,0.0038880248833592537,0.005443234836702955,0.0,0.07776049766718507,0.0038880248833592537,0.0007776049766718507,0.0015552099533437014,0.006220839813374806,0.007776049766718507,0.12286158631415241,0.0007776049766718507,0.0015552099533437014,0.0023328149300155523,0.0023328149300155523,0.0,0.0007776049766718507,0.0,0.005443234836702955,0.0007776049766718507,0.0007776049766718507,0.003110419906687403,0.005443234836702955,0.0015552099533437014,0.0038880248833592537,0.0023328149300155523,0.0,0.0007776049766718507,0.0,0.13452566096423016,0.0,0.00933125972006221,0.13374805598755832,0.0,0.017107309486780714,0.01088646967340591,0.007776049766718507,0.0,0.0,0.0023328149300155523,0.0,0.0,0.0
251,0.0,0.0007272727272727272,0.0,0.005818181818181818,0.0,0.002909090909090909,0.0014545454545454545,0.0,0.016727272727272726,0.0007272727272727272,0.007272727272727273,0.0,0.0036363636363636364,0.002181818181818182,0.012363636363636363,0.0007272727272727272,0.009454545454545455,0.0,0.0007272727272727272,0.0,0.006545454545454545,0.0007272727272727272,0.002909090909090909,0.007272727272727273,0.010181818181818183,0.0,0.0,0.12509090909090909,0.002909090909090909,0.0007272727272727272,0.0007272727272727272,0.002181818181818182,0.0014545454545454545,0.0014545454545454545,0.002909090909090909,0.0007272727272727272,0.0014545454545454545,0.0007272727272727272,0.002181818181818182,0.0007272727272727272,0.002909090909090909,0.0007272727272727272,0.0007272727272727272,0.008,0.002181818181818182,0.0,0.02109090909090909,0.0036363636363636364,0.0,0.002909090909090909,0.005090909090909091,0.005090909090909091,0.005090909090909091,0.0,0.0014545454545454545,0.13818181818181818,0.002181818181818182,0.0014545454545454545,0.0,0.0,0.0,0.12872727272727272,0.0,0.0014545454545454545,0.010181818181818183,0.0,0.002909090909090909,0.12436363636363636,0.004363636363636364,0.005090909090909091,0.008,0.0,0.0,0.002181818181818182,0.0,0.006545454545454545,0.0014545454545454545,0.015272727272727273,0.0,0.0,0.0007272727272727272,0.012363636363636363,0.006545454545454545,0.0,0.006545454545454545,0.002181818181818182,0.09236363636363637,0.005090909090909091,0.008,0.05163636363636363,0.0007272727272727272,0.0036363636363636364,0.01309090909090909,0.0036363636363636364,0.022545454545454546,0.005818181818181818,0.0014545454545454545,0.002909090909090909,0.0,0.013818181818181818
252,0.0,0.005384615384615384,0.0015384615384615385,0.0038461538461538464,0.008461538461538461,0.0,0.0007692307692307692,0.0,0.0038461538461538464,0.019230769230769232,0.006153846153846154,0.002307692307692308,0.003076923076923077,0.0015384615384615385,0.002307692307692308,0.007692307692307693,0.0007692307692307692,0.0007692307692307692,0.0038461538461538464,0.004615384615384616,0.0,0.0,0.0,0.012307692307692308,0.0007692307692307692,0.0,0.0015384615384615385,0.12076923076923077,0.013076923076923076,0.002307692307692308,0.0,0.0015384615384615385,0.010769230769230769,0.005384615384615384,0.006153846153846154,0.0,0.002307692307692308,0.006923076923076923,0.0007692307692307692,0.0007692307692307692,0.0015384615384615385,0.007692307692307693,0.0015384615384615385,0.003076923076923077,0.0015384615384615385,0.003076923076923077,0.008461538461538461,0.0,0.0,0.0038461538461538464,0.0,0.0015384615384615385,0.0,0.007692307692307693,0.005384615384615384,0.1453846153846154,0.0,0.008461538461538461,0.0,0.0015384615384615385,0.0,0.06230769230769231,0.009230769230769232,0.0015384615384615385,0.0007692307692307692,0.0015384615384615385,0.0,0.11538461538461539,0.0,0.0,0.016153846153846154,0.0,0.0,0.01,0.003076923076923077,0.0,0.003076923076923077,0.004615384615384616,0.002307692307692308,0.008461538461538461,0.0,0.008461538461538461,0.0,0.002307692307692308,0.0015384615384615385,0.0015384615384615385,0.14461538461538462,0.0015384615384615385,0.0007692307692307692,0.09692307692307692,0.0007692307692307692,0.0015384615384615385,0.008461538461538461,0.01,0.002307692307692308,0.011538461538461539,0.0,0.0,0.0007692307692307692,0.006153846153846154
253,0.0024529844644317253,0.005723630417007359,0.0024529844644317253,0.0008176614881439084,0.007358953393295176,0.012264922322158627,0.006541291905151268,0.011447260834014717,0.0,0.004905968928863451,0.0,0.001635322976287817,0.0,0.005723630417007359,0.003270645952575634,0.009811937857726901,0.008994276369582993,0.0,0.013900245298446443,0.005723630417007359,0.0008176614881439084,0.017170891251022075,0.005723630417007359,0.003270645952575634,0.001635322976287817,0.0008176614881439084,0.0024529844644317253,0.06050695012264922,0.004905968928863451,0.03188879803761243,0.008176614881439084,0.0008176614881439084,0.007358953393295176,0.0,0.001635322976287817,0.0008176614881439084,0.005723630417007359,0.007358953393295176,0.0008176614881439084,0.0,0.001635322976287817,0.0024529844644317253,0.011447260834014717,0.0024529844644317253,0.001635322976287817,0.005723630417007359,0.008994276369582993,0.004088307440719542,0.012264922322158627,0.001635322976287817,0.0024529844644317253,0.013900245298446443,0.0,0.001635322976287817,0.003270645952575634,0.09076042518397383,0.005723630417007359,0.0024529844644317253,0.0,0.0,0.003270645952575634,0.10629599345870809,0.0,0.006541291905151268,0.0024529844644317253,0.019623875715453803,0.0,0.07522485690923958,0.0008176614881439084,0.008176614881439084,0.0008176614881439084,0.0008176614881439084,0.01553556827473426,0.0,0.008994276369582993,0.0,0.0008176614881439084,0.0008176614881439084,0.0,0.0,0.004088307440719542,0.0,0.0,0.013082583810302535,0.0008176614881439084,0.001635322976287817,0.09403107113654947,0.0008176614881439084,0.006541291905151268,0.16271463614063778,0.0024529844644317253,0.0024529844644317253,0.008994276369582993,0.0008176614881439084,0.001635322976287817,0.0008176614881439084,0.0008176614881439084,0.0,0.007358953393295176,0.003270645952575634
254,0.0,0.0067243035542747355,0.0,0.004803073967339097,0.002881844380403458,0.0,0.0,0.005763688760806916,0.0009606147934678194,0.0,0.0019212295869356388,0.011527377521613832,0.0019212295869356388,0.0,0.0009606147934678194,0.002881844380403458,0.010566762728146013,0.01825168107588857,0.0009606147934678194,0.0019212295869356388,0.01440922190201729,0.0019212295869356388,0.0,0.0,0.0,0.0009606147934678194,0.0009606147934678194,0.08549471661863593,0.0,0.0019212295869356388,0.0,0.0009606147934678194,0.007684918347742555,0.010566762728146013,0.002881844380403458,0.013448607108549471,0.0019212295869356388,0.0019212295869356388,0.0019212295869356388,0.0019212295869356388,0.0,0.0019212295869356388,0.002881844380403458,0.004803073967339097,0.0009606147934678194,0.0,0.0038424591738712775,0.0009606147934678194,0.008645533141210375,0.008645533141210375,0.0019212295869356388,0.0,0.0,0.0,0.0019212295869356388,0.15177713736791545,0.01536983669548511,0.0019212295869356388,0.0,0.0,0.0,0.10566762728146013,0.008645533141210375,0.0,0.0,0.002881844380403458,0.0038424591738712775,0.07588856868395773,0.0,0.010566762728146013,0.0,0.0,0.0,0.0,0.0,0.002881844380403458,0.0,0.022094140249759846,0.0019212295869356388,0.0067243035542747355,0.0,0.0009606147934678194,0.002881844380403458,0.002881844380403458,0.004803073967339097,0.0009606147934678194,0.1777137367915466,0.0,0.0009606147934678194,0.09510086455331412,0.0019212295869356388,0.0009606147934678194,0.01633045148895293,0.002881844380403458,0.0,0.004803073967339097,0.0,0.01536983669548511,0.002881844380403458,0.0009606147934678194
255,0.0017857142857142857,0.0017857142857142857,0.0,0.0,0.005357142857142857,0.0,0.008928571428571428,0.0,0.004464285714285714,0.008035714285714285,0.0035714285714285713,0.004464285714285714,0.024107142857142858,0.0026785714285714286,0.0035714285714285713,0.0035714285714285713,0.017857142857142856,0.009821428571428571,0.0017857142857142857,0.0008928571428571428,0.005357142857142857,0.004464285714285714,0.0008928571428571428,0.0,0.0026785714285714286,0.0017857142857142857,0.015178571428571428,0.09642857142857143,0.009821428571428571,0.008035714285714285,0.0008928571428571428,0.0,0.0,0.0,0.0017857142857142857,0.0,0.010714285714285714,0.0125,0.0,0.0035714285714285713,0.0,0.0017857142857142857,0.0,0.007142857142857143,0.0017857142857142857,0.0,0.0026785714285714286,0.0,0.008928571428571428,0.013392857142857142,0.0125,0.0035714285714285713,0.0017857142857142857,0.005357142857142857,0.0026785714285714286,0.11785714285714285,0.008928571428571428,0.0017857142857142857,0.0026785714285714286,0.005357142857142857,0.009821428571428571,0.08928571428571429,0.0035714285714285713,0.0035714285714285713,0.0,0.0,0.0,0.06428571428571428,0.005357142857142857,0.0,0.0035714285714285713,0.0017857142857142857,0.0035714285714285713,0.0008928571428571428,0.0017857142857142857,0.008035714285714285,0.0008928571428571428,0.0017857142857142857,0.0035714285714285713,0.0026785714285714286,0.0026785714285714286,0.01607142857142857,0.007142857142857143,0.009821428571428571,0.0035714285714285713,0.0026785714285714286,0.11607142857142858,0.03482142857142857,0.0,0.07142857142857142,0.0,0.0,0.015178571428571428,0.0,0.0,0.0017857142857142857,0.022321428571428572,0.004464285714285714,0.009821428571428571,0.0026785714285714286
256,0.0,0.005159071367153913,0.0017196904557179708,0.0034393809114359416,0.0,0.0,0.0,0.0060189165950128975,0.013757523645743766,0.0017196904557179708,0.0017196904557179708,0.0,0.017196904557179708,0.0017196904557179708,0.0,0.006878761822871883,0.0008598452278589854,0.004299226139294927,0.0008598452278589854,0.010318142734307825,0.010318142734307825,0.0034393809114359416,0.0017196904557179708,0.004299226139294927,0.0,0.005159071367153913,0.0,0.0885640584694755,0.0,0.006878761822871883,0.0,0.012897678417884782,0.004299226139294927,0.0008598452278589854,0.0008598452278589854,0.0025795356835769563,0.0,0.007738607050730868,0.0,0.0,0.0025795356835769563,0.015477214101461736,0.0008598452278589854,0.0025795356835769563,0.006878761822871883,0.0,0.0,0.004299226139294927,0.0,0.0008598452278589854,0.005159071367153913,0.0025795356835769563,0.010318142734307825,0.009458297506448839,0.0,0.0765262252794497,0.0008598452278589854,0.0060189165950128975,0.010318142734307825,0.0034393809114359416,0.0008598452278589854,0.061908856405846945,0.0008598452278589854,0.0017196904557179708,0.0,0.0,0.006878761822871883,0.14531384350816853,0.012037833190025795,0.0060189165950128975,0.0,0.0,0.0,0.0008598452278589854,0.0017196904557179708,0.0008598452278589854,0.004299226139294927,0.0,0.0017196904557179708,0.013757523645743766,0.004299226139294927,0.0,0.0060189165950128975,0.009458297506448839,0.0,0.0034393809114359416,0.1410146173688736,0.0017196904557179708,0.0017196904557179708,0.16595012897678418,0.004299226139294927,0.0,0.008598452278589854,0.0034393809114359416,0.004299226139294927,0.0,0.0025795356835769563,0.0008598452278589854,0.0,0.0
257,0.0,0.0015910898965791568,0.0,0.0,0.022275258552108195,0.0,0.0031821797931583136,0.010342084327764518,0.0,0.00477326968973747,0.017501988862370723,0.010342084327764518,0.0015910898965791568,0.003977724741447892,0.003977724741447892,0.0,0.003977724741447892,0.003977724741447892,0.005568814638027049,0.00954653937947494,0.003977724741447892,0.0,0.010342084327764518,0.0015910898965791568,0.008750994431185362,0.027048528241845664,0.007159904534606206,0.08194112967382657,0.013524264120922832,0.003977724741447892,0.005568814638027049,0.005568814638027049,0.005568814638027049,0.00477326968973747,0.002386634844868735,0.0,0.003977724741447892,0.0015910898965791568,0.0015910898965791568,0.007955449482895784,0.0007955449482895784,0.0015910898965791568,0.008750994431185362,0.007159904534606206,0.00954653937947494,0.0007955449482895784,0.0,0.0007955449482895784,0.002386634844868735,0.010342084327764518,0.003977724741447892,0.002386634844868735,0.006364359586316627,0.0031821797931583136,0.00477326968973747,0.08512330946698489,0.0,0.008750994431185362,0.0031821797931583136,0.007159904534606206,0.0,0.08512330946698489,0.007955449482895784,0.0031821797931583136,0.0031821797931583136,0.002386634844868735,0.00954653937947494,0.08750994431185362,0.003977724741447892,0.0031821797931583136,0.0,0.003977724741447892,0.0,0.012728719172633254,0.007955449482895784,0.00954653937947494,0.0,0.0,0.00477326968973747,0.0007955449482895784,0.003977724741447892,0.0015910898965791568,0.00477326968973747,0.0031821797931583136,0.0,0.0,0.12410501193317422,0.00477326968973747,0.0007955449482895784,0.10023866348448687,0.0,0.011933174224343675,0.007159904534606206,0.012728719172633254,0.002386634844868735,0.003977724741447892,0.0007955449482895784,0.0,0.00477326968973747,0.0
258,0.0008992805755395684,0.00539568345323741,0.0,0.0,0.0,0.006294964028776978,0.009892086330935251,0.01618705035971223,0.0044964028776978415,0.006294964028776978,0.0,0.009892086330935251,0.0,0.0,0.0044964028776978415,0.0017985611510791368,0.0017985611510791368,0.0017985611510791368,0.0008992805755395684,0.002697841726618705,0.0008992805755395684,0.006294964028776978,0.0008992805755395684,0.006294964028776978,0.0017985611510791368,0.0008992805755395684,0.0008992805755395684,0.09982014388489209,0.00539568345323741,0.0017985611510791368,0.0035971223021582736,0.0,0.0,0.0008992805755395684,0.0017985611510791368,0.0017985611510791368,0.0,0.0,0.006294964028776978,0.0017985611510791368,0.0044964028776978415,0.006294964028776978,0.007194244604316547,0.012589928057553957,0.0,0.0,0.002697841726618705,0.006294964028776978,0.002697841726618705,0.012589928057553957,0.008992805755395683,0.002697841726618705,0.002697841726618705,0.0,0.0,0.18075539568345322,0.00539568345323741,0.0008992805755395684,0.00539568345323741,0.0044964028776978415,0.0044964028776978415,0.09262589928057553,0.0,0.008093525179856115,0.0,0.0017985611510791368,0.0,0.08543165467625899,0.0044964028776978415,0.002697841726618705,0.0,0.017985611510791366,0.007194244604316547,0.009892086330935251,0.023381294964028777,0.0035971223021582736,0.0017985611510791368,0.0,0.0017985611510791368,0.0,0.0035971223021582736,0.01079136690647482,0.0,0.00539568345323741,0.0,0.0008992805755395684,0.09082733812949641,0.007194244604316547,0.0008992805755395684,0.09802158273381295,0.0044964028776978415,0.006294964028776978,0.0008992805755395684,0.0044964028776978415,0.008093525179856115,0.0008992805755395684,0.0044964028776978415,0.0,0.007194244604316547,0.0
259,0.0008149959250203749,0.015484922575387123,0.004889975550122249,0.0032599837000814994,0.0,0.006519967400162999,0.0008149959250203749,0.0024449877750611247,0.0,0.0024449877750611247,0.0008149959250203749,0.0,0.0032599837000814994,0.0,0.0024449877750611247,0.0024449877750611247,0.009779951100244499,0.004074979625101874,0.0,0.004889975550122249,0.0057049714751426246,0.012224938875305624,0.004074979625101874,0.014669926650366748,0.0,0.0057049714751426246,0.0,0.16625916870415647,0.0032599837000814994,0.004074979625101874,0.008149959250203748,0.0,0.0,0.0024449877750611247,0.004889975550122249,0.0,0.0008149959250203749,0.0,0.018744906275468622,0.004074979625101874,0.0008149959250203749,0.0008149959250203749,0.0024449877750611247,0.0,0.0024449877750611247,0.0016299918500407497,0.008964955175224124,0.0,0.0024449877750611247,0.0057049714751426246,0.0032599837000814994,0.004074979625101874,0.0024449877750611247,0.0016299918500407497,0.0016299918500407497,0.07823960880195599,0.0,0.0,0.008149959250203748,0.0032599837000814994,0.0,0.1532192339038305,0.0008149959250203749,0.010594947025264874,0.0008149959250203749,0.0057049714751426246,0.0,0.08801955990220049,0.004074979625101874,0.0008149959250203749,0.0024449877750611247,0.0008149959250203749,0.006519967400162999,0.008964955175224124,0.0016299918500407497,0.0,0.0,0.0057049714751426246,0.010594947025264874,0.006519967400162999,0.0008149959250203749,0.013039934800325998,0.0032599837000814994,0.007334963325183374,0.0024449877750611247,0.013854930725346373,0.07090464547677261,0.0008149959250203749,0.007334963325183374,0.06438467807660962,0.0024449877750611247,0.004889975550122249,0.010594947025264874,0.006519967400162999,0.0,0.011409942950285249,0.0008149959250203749,0.008149959250203748,0.009779951100244499,0.006519967400162999
260,0.004885993485342019,0.0,0.004071661237785016,0.004885993485342019,0.003257328990228013,0.0008143322475570033,0.008143322475570033,0.0024429967426710096,0.0,0.0008143322475570033,0.0016286644951140066,0.006514657980456026,0.0008143322475570033,0.003257328990228013,0.006514657980456026,0.005700325732899023,0.004071661237785016,0.0,0.013843648208469055,0.0,0.0016286644951140066,0.0008143322475570033,0.004071661237785016,0.003257328990228013,0.007328990228013029,0.0024429967426710096,0.0,0.08550488599348534,0.0008143322475570033,0.008957654723127036,0.0,0.0008143322475570033,0.003257328990228013,0.0016286644951140066,0.0,0.0,0.0008143322475570033,0.004071661237785016,0.005700325732899023,0.0016286644951140066,0.0016286644951140066,0.024429967426710098,0.0,0.0008143322475570033,0.007328990228013029,0.0008143322475570033,0.0008143322475570033,0.0,0.0,0.004071661237785016,0.0016286644951140066,0.0016286644951140066,0.0,0.0,0.0008143322475570033,0.13436482084690554,0.015472312703583062,0.011400651465798045,0.0016286644951140066,0.004885993485342019,0.007328990228013029,0.11074918566775244,0.0008143322475570033,0.0,0.0,0.0,0.005700325732899023,0.1498371335504886,0.009771986970684038,0.006514657980456026,0.0,0.0016286644951140066,0.006514657980456026,0.004071661237785016,0.004071661237785016,0.0016286644951140066,0.021986970684039087,0.0,0.004071661237785016,0.0,0.0,0.0024429967426710096,0.012214983713355049,0.0024429967426710096,0.004071661237785016,0.0,0.10260586319218241,0.005700325732899023,0.0,0.09120521172638436,0.013843648208469055,0.0,0.0,0.003257328990228013,0.003257328990228013,0.0,0.0016286644951140066,0.0016286644951140066,0.0008143322475570033,0.004071661237785016
261,0.0,0.000949667616334283,0.004748338081671415,0.000949667616334283,0.00949667616334283,0.0,0.005698005698005698,0.002849002849002849,0.004748338081671415,0.000949667616334283,0.000949667616334283,0.0,0.005698005698005698,0.0,0.0,0.005698005698005698,0.001899335232668566,0.000949667616334283,0.000949667616334283,0.014245014245014245,0.010446343779677113,0.0,0.0,0.002849002849002849,0.001899335232668566,0.007597340930674264,0.0,0.06932573599240266,0.006647673314339981,0.008547008547008548,0.001899335232668566,0.000949667616334283,0.002849002849002849,0.007597340930674264,0.004748338081671415,0.000949667616334283,0.000949667616334283,0.0,0.0,0.0,0.005698005698005698,0.002849002849002849,0.0,0.002849002849002849,0.0,0.002849002849002849,0.000949667616334283,0.000949667616334283,0.001899335232668566,0.014245014245014245,0.002849002849002849,0.0,0.0,0.003798670465337132,0.001899335232668566,0.16999050332383667,0.0,0.002849002849002849,0.0,0.015194681861348529,0.005698005698005698,0.13485280151946819,0.0,0.0,0.024691358024691357,0.002849002849002849,0.004748338081671415,0.09591642924976258,0.005698005698005698,0.0,0.0,0.003798670465337132,0.0,0.012345679012345678,0.002849002849002849,0.005698005698005698,0.000949667616334283,0.000949667616334283,0.000949667616334283,0.0,0.007597340930674264,0.0,0.0,0.010446343779677113,0.0,0.00949667616334283,0.13295346628679963,0.00949667616334283,0.0,0.08167141500474834,0.002849002849002849,0.012345679012345678,0.0,0.0,0.0,0.003798670465337132,0.008547008547008548,0.001899335232668566,0.0,0.0
262,0.0008084074373484236,0.0,0.0008084074373484236,0.004042037186742118,0.004850444624090542,0.0,0.004850444624090542,0.0008084074373484236,0.015359741309620048,0.0016168148746968471,0.0,0.0032336297493936943,0.0008084074373484236,0.0032336297493936943,0.0,0.0,0.0,0.0016168148746968471,0.02667744543249798,0.0,0.018593371059013743,0.0,0.004042037186742118,0.012126111560226353,0.0,0.0,0.014551333872271624,0.13500404203718674,0.0008084074373484236,0.0,0.0032336297493936943,0.0032336297493936943,0.0032336297493936943,0.01131770412287793,0.0032336297493936943,0.005658852061438965,0.029911075181891674,0.0008084074373484236,0.005658852061438965,0.0,0.0,0.0032336297493936943,0.0,0.0,0.0008084074373484236,0.0,0.0,0.0,0.0016168148746968471,0.0,0.004850444624090542,0.002425222312045271,0.004850444624090542,0.004042037186742118,0.010509296685529508,0.08326596604688763,0.0016168148746968471,0.007275666936135812,0.02021018593371059,0.0,0.004042037186742118,0.10832659660468877,0.0,0.0008084074373484236,0.0,0.002425222312045271,0.009700889248181084,0.09215844785772029,0.0032336297493936943,0.0008084074373484236,0.005658852061438965,0.0032336297493936943,0.0032336297493936943,0.0016168148746968471,0.0016168148746968471,0.0137429264349232,0.0008084074373484236,0.0008084074373484236,0.002425222312045271,0.012934518997574777,0.012934518997574777,0.0,0.0008084074373484236,0.010509296685529508,0.015359741309620048,0.0,0.09620048504446241,0.0,0.010509296685529508,0.09539207760711399,0.0064672594987873885,0.002425222312045271,0.0016168148746968471,0.0,0.0032336297493936943,0.0016168148746968471,0.0,0.004042037186742118,0.0032336297493936943,0.0032336297493936943
263,0.003641660597232338,0.009468317552804079,0.011653313911143482,0.0007283321194464676,0.0029133284777858705,0.0065549890750182084,0.0007283321194464676,0.0,0.003641660597232338,0.0,0.005826656955571741,0.013838310269482883,0.005826656955571741,0.0014566642388929353,0.0007283321194464676,0.003641660597232338,0.005826656955571741,0.0014566642388929353,0.0014566642388929353,0.0021849963583394027,0.0,0.0007283321194464676,0.0,0.0014566642388929353,0.0007283321194464676,0.008011653313911144,0.0029133284777858705,0.09613983976693372,0.004369992716678805,0.005826656955571741,0.005098324836125273,0.007283321194464676,0.0007283321194464676,0.0,0.0014566642388929353,0.003641660597232338,0.0,0.0007283321194464676,0.0,0.0014566642388929353,0.0007283321194464676,0.0,0.0021849963583394027,0.0014566642388929353,0.0007283321194464676,0.0065549890750182084,0.0,0.0021849963583394027,0.010196649672250545,0.0014566642388929353,0.00873998543335761,0.003641660597232338,0.00873998543335761,0.003641660597232338,0.011653313911143482,0.10269482884195193,0.0014566642388929353,0.0,0.0014566642388929353,0.0,0.004369992716678805,0.09832483612527312,0.0,0.01529497450837582,0.005098324836125273,0.0014566642388929353,0.004369992716678805,0.10196649672250546,0.0,0.003641660597232338,0.0014566642388929353,0.0029133284777858705,0.0,0.0,0.024763292061179897,0.005098324836125273,0.010196649672250545,0.0007283321194464676,0.0065549890750182084,0.009468317552804079,0.00873998543335761,0.0014566642388929353,0.0021849963583394027,0.0007283321194464676,0.0014566642388929353,0.016023306627822288,0.09905316824471959,0.009468317552804079,0.010196649672250545,0.13838310269482884,0.0014566642388929353,0.0,0.005098324836125273,0.005098324836125273,0.005098324836125273,0.0,0.0014566642388929353,0.005826656955571741,0.0014566642388929353,0.0014566642388929353
264,0.003968253968253968,0.011111111111111112,0.011111111111111112,0.0,0.0,0.003968253968253968,0.006349206349206349,0.0015873015873015873,0.0,0.009523809523809525,0.01507936507936508,0.0,0.022222222222222223,0.0,0.0,0.0,0.0,0.0007936507936507937,0.0007936507936507937,0.0,0.004761904761904762,0.0007936507936507937,0.0,0.0007936507936507937,0.0,0.007142857142857143,0.004761904761904762,0.05714285714285714,0.00873015873015873,0.0015873015873015873,0.0,0.0031746031746031746,0.003968253968253968,0.0,0.0007936507936507937,0.011904761904761904,0.0007936507936507937,0.0,0.010317460317460317,0.002380952380952381,0.0015873015873015873,0.0,0.0,0.002380952380952381,0.0,0.0015873015873015873,0.011111111111111112,0.0,0.003968253968253968,0.0,0.002380952380952381,0.003968253968253968,0.007936507936507936,0.0031746031746031746,0.002380952380952381,0.09523809523809523,0.0,0.002380952380952381,0.0,0.0015873015873015873,0.0,0.10238095238095238,0.01904761904761905,0.007142857142857143,0.0007936507936507937,0.002380952380952381,0.002380952380952381,0.13253968253968254,0.0007936507936507937,0.005555555555555556,0.0015873015873015873,0.005555555555555556,0.005555555555555556,0.0031746031746031746,0.0,0.003968253968253968,0.010317460317460317,0.005555555555555556,0.006349206349206349,0.003968253968253968,0.0007936507936507937,0.002380952380952381,0.006349206349206349,0.0007936507936507937,0.007936507936507936,0.0,0.15873015873015872,0.009523809523809525,0.0007936507936507937,0.10158730158730159,0.0,0.0,0.009523809523809525,0.004761904761904762,0.0015873015873015873,0.003968253968253968,0.02142857142857143,0.0007936507936507937,0.0,0.004761904761904762
265,0.008835341365461847,0.0008032128514056225,0.0,0.008835341365461847,0.0024096385542168677,0.005622489959839358,0.004819277108433735,0.004016064257028112,0.0,0.008032128514056224,0.004016064257028112,0.010441767068273093,0.0,0.005622489959839358,0.014457831325301205,0.012048192771084338,0.0008032128514056225,0.010441767068273093,0.0008032128514056225,0.0008032128514056225,0.00321285140562249,0.00321285140562249,0.0,0.004016064257028112,0.0024096385542168677,0.0,0.0008032128514056225,0.0570281124497992,0.00321285140562249,0.0,0.004819277108433735,0.004016064257028112,0.0008032128514056225,0.00642570281124498,0.0024096385542168677,0.0008032128514056225,0.00642570281124498,0.0,0.012048192771084338,0.010441767068273093,0.0,0.0008032128514056225,0.001606425702811245,0.0,0.001606425702811245,0.0008032128514056225,0.0,0.0,0.00321285140562249,0.001606425702811245,0.0,0.0008032128514056225,0.0024096385542168677,0.008032128514056224,0.013654618473895583,0.1357429718875502,0.021686746987951807,0.001606425702811245,0.0,0.01285140562248996,0.00642570281124498,0.10200803212851406,0.004819277108433735,0.0008032128514056225,0.0,0.0,0.0024096385542168677,0.10281124497991968,0.0008032128514056225,0.004016064257028112,0.0,0.0024096385542168677,0.0008032128514056225,0.0,0.0,0.0,0.00321285140562249,0.00642570281124498,0.0,0.008032128514056224,0.001606425702811245,0.004819277108433735,0.00321285140562249,0.00963855421686747,0.011244979919678716,0.004819277108433735,0.11967871485943775,0.0,0.0008032128514056225,0.14538152610441768,0.0008032128514056225,0.005622489959839358,0.007228915662650603,0.0,0.001606425702811245,0.00642570281124498,0.0008032128514056225,0.0,0.0,0.0
266,0.0,0.010628875110717449,0.002657218777679362,0.0,0.0,0.002657218777679362,0.0,0.0,0.002657218777679362,0.002657218777679362,0.002657218777679362,0.00354295837023915,0.00354295837023915,0.008857395925597875,0.008857395925597875,0.011514614703277236,0.0,0.00354295837023915,0.005314437555358724,0.002657218777679362,0.0008857395925597874,0.0008857395925597874,0.005314437555358724,0.0,0.0,0.012400354295837024,0.0,0.11514614703277236,0.002657218777679362,0.00354295837023915,0.0,0.0044286979627989375,0.005314437555358724,0.0008857395925597874,0.002657218777679362,0.0,0.008857395925597875,0.00354295837023915,0.0,0.007971656333038087,0.0,0.0008857395925597874,0.0,0.015943312666076175,0.0070859167404783,0.0044286979627989375,0.0,0.0,0.0,0.0,0.00354295837023915,0.01682905225863596,0.0008857395925597874,0.0,0.00974313551815766,0.08945969884853854,0.01682905225863596,0.001771479185119575,0.0,0.0,0.00354295837023915,0.13640389725420726,0.0,0.006200177147918512,0.00354295837023915,0.005314437555358724,0.0070859167404783,0.09388839681133747,0.0044286979627989375,0.015943312666076175,0.0,0.0,0.0,0.0,0.0,0.008857395925597875,0.00354295837023915,0.005314437555358724,0.0008857395925597874,0.012400354295837024,0.010628875110717449,0.0044286979627989375,0.006200177147918512,0.0,0.0,0.0044286979627989375,0.1337466784765279,0.0,0.008857395925597875,0.06288751107174491,0.0,0.011514614703277236,0.002657218777679362,0.0008857395925597874,0.0044286979627989375,0.00354295837023915,0.013286093888396812,0.0,0.008857395925597875,0.002657218777679362
267,0.0007911392405063291,0.003955696202531646,0.0007911392405063291,0.0015822784810126582,0.0023734177215189874,0.0023734177215189874,0.0007911392405063291,0.0,0.0015822784810126582,0.0,0.015822784810126583,0.0,0.00949367088607595,0.0015822784810126582,0.0023734177215189874,0.0015822784810126582,0.003955696202531646,0.004746835443037975,0.014240506329113924,0.0,0.006329113924050633,0.00870253164556962,0.003955696202531646,0.0031645569620253164,0.0,0.0007911392405063291,0.00949367088607595,0.05458860759493671,0.0,0.0015822784810126582,0.0007911392405063291,0.006329113924050633,0.0,0.0007911392405063291,0.014240506329113924,0.007120253164556962,0.0,0.00949367088607595,0.011867088607594937,0.006329113924050633,0.0,0.0007911392405063291,0.00949367088607595,0.0023734177215189874,0.0031645569620253164,0.011075949367088608,0.0007911392405063291,0.0023734177215189874,0.0,0.007911392405063292,0.007911392405063292,0.015822784810126583,0.005537974683544304,0.0015822784810126582,0.0007911392405063291,0.06962025316455696,0.005537974683544304,0.011075949367088608,0.0,0.0023734177215189874,0.0,0.18275316455696203,0.007911392405063292,0.0031645569620253164,0.0007911392405063291,0.005537974683544304,0.0,0.1463607594936709,0.0007911392405063291,0.0,0.005537974683544304,0.0015822784810126582,0.00870253164556962,0.0,0.0,0.006329113924050633,0.0,0.0,0.006329113924050633,0.02689873417721519,0.011075949367088608,0.0015822784810126582,0.0031645569620253164,0.0,0.013449367088607595,0.006329113924050633,0.08860759493670886,0.0015822784810126582,0.0,0.07120253164556962,0.0,0.0007911392405063291,0.0023734177215189874,0.011075949367088608,0.0,0.003955696202531646,0.007911392405063292,0.0015822784810126582,0.0007911392405063291,0.0
268,0.0,0.005878030859662013,0.00440852314474651,0.0036737692872887582,0.002204261572373255,0.005878030859662013,0.0014695077149155032,0.0,0.011756061719324026,0.00440852314474651,0.0036737692872887582,0.008082292432035268,0.008082292432035268,0.0007347538574577516,0.0036737692872887582,0.0014695077149155032,0.0007347538574577516,0.01689933872152829,0.009551800146950772,0.0,0.005143277002204262,0.011756061719324026,0.0,0.005143277002204262,0.018368846436443792,0.0,0.0007347538574577516,0.0639235855988244,0.0007347538574577516,0.0014695077149155032,0.0014695077149155032,0.0036737692872887582,0.011021307861866276,0.0036737692872887582,0.00440852314474651,0.0036737692872887582,0.002204261572373255,0.0,0.0029390154298310064,0.0029390154298310064,0.005143277002204262,0.005878030859662013,0.002204261572373255,0.0014695077149155032,0.0,0.00440852314474651,0.0014695077149155032,0.005143277002204262,0.0,0.005878030859662013,0.0,0.0,0.002204261572373255,0.010286554004408524,0.0029390154298310064,0.15135929463629685,0.005878030859662013,0.005878030859662013,0.008082292432035268,0.0014695077149155032,0.0,0.11168258633357825,0.00440852314474651,0.0036737692872887582,0.002204261572373255,0.0007347538574577516,0.0,0.08743570903747244,0.002204261572373255,0.012490815576781777,0.0036737692872887582,0.005878030859662013,0.0,0.00881704628949302,0.01322556943423953,0.005143277002204262,0.0,0.0029390154298310064,0.011756061719324026,0.0014695077149155032,0.0014695077149155032,0.008082292432035268,0.0,0.0073475385745775165,0.0007347538574577516,0.005143277002204262,0.10066127847171198,0.0014695077149155032,0.0,0.10213078618662748,0.0,0.008082292432035268,0.002204261572373255,0.0,0.0014695077149155032,0.002204261572373255,0.0,0.014695077149155033,0.00440852314474651,0.006612784717119765
269,0.0,0.001670843776106934,0.006683375104427736,0.015873015873015872,0.001670843776106934,0.001670843776106934,0.000835421888053467,0.002506265664160401,0.0,0.0,0.006683375104427736,0.006683375104427736,0.003341687552213868,0.0,0.000835421888053467,0.004177109440267335,0.0,0.002506265664160401,0.006683375104427736,0.0,0.005012531328320802,0.002506265664160401,0.0,0.00835421888053467,0.001670843776106934,0.0,0.0,0.000835421888053467,0.011695906432748537,0.001670843776106934,0.000835421888053467,0.002506265664160401,0.000835421888053467,0.0,0.000835421888053467,0.001670843776106934,0.01086048454469507,0.000835421888053467,0.004177109440267335,0.00835421888053467,0.007518796992481203,0.005012531328320802,0.002506265664160401,0.001670843776106934,0.0,0.0,0.002506265664160401,0.001670843776106934,0.02172096908939014,0.0,0.004177109440267335,0.1620718462823726,0.000835421888053467,0.005012531328320802,0.010025062656641603,0.13450292397660818,0.007518796992481203,0.0,0.015873015873015872,0.001670843776106934,0.0,0.0,0.002506265664160401,0.0,0.02172096908939014,0.005012531328320802,0.010025062656641603,0.0,0.0,0.000835421888053467,0.000835421888053467,0.007518796992481203,0.0,0.007518796992481203,0.003341687552213868,0.0,0.013366750208855471,0.006683375104427736,0.004177109440267335,0.0,0.000835421888053467,0.0,0.01086048454469507,0.01921470342522974,0.003341687552213868,0.012531328320802004,0.0,0.000835421888053467,0.000835421888053467,0.15789473684210525,0.0,0.01086048454469507,0.0,0.004177109440267335,0.0,0.01921470342522974,0.1595655806182122,0.002506265664160401,0.005012531328320802,0.0
270,0.0,0.0011918951132300357,0.003575685339690107,0.0011918951132300357,0.0011918951132300357,0.003575685339690107,0.007151370679380214,0.003575685339690107,0.0023837902264600714,0.0,0.010727056019070322,0.0,0.0,0.00834326579261025,0.0011918951132300357,0.004767580452920143,0.0011918951132300357,0.00834326579261025,0.003575685339690107,0.0023837902264600714,0.003575685339690107,0.003575685339690107,0.0,0.007151370679380214,0.0,0.0,0.0,0.02026221692491061,0.003575685339690107,0.00834326579261025,0.01907032181168057,0.003575685339690107,0.003575685339690107,0.014302741358760428,0.007151370679380214,0.010727056019070322,0.0,0.0,0.003575685339690107,0.013110846245530394,0.0,0.0023837902264600714,0.0,0.0059594755661501785,0.0011918951132300357,0.0011918951132300357,0.0011918951132300357,0.0011918951132300357,0.0,0.0,0.0023837902264600714,0.1394517282479142,0.0059594755661501785,0.004767580452920143,0.0,0.20858164481525626,0.0,0.0,0.0011918951132300357,0.003575685339690107,0.02026221692491061,0.0,0.0011918951132300357,0.0,0.02026221692491061,0.0023837902264600714,0.0,0.009535160905840286,0.004767580452920143,0.0,0.003575685339690107,0.0023837902264600714,0.0011918951132300357,0.0023837902264600714,0.0,0.0023837902264600714,0.010727056019070322,0.0,0.0,0.0,0.00834326579261025,0.004767580452920143,0.0,0.0023837902264600714,0.0023837902264600714,0.004767580452920143,0.0,0.0,0.003575685339690107,0.18116805721096543,0.004767580452920143,0.0011918951132300357,0.0,0.0023837902264600714,0.02026221692491061,0.0011918951132300357,0.09177592371871275,0.003575685339690107,0.0166865315852205,0.004767580452920143
271,0.0,0.007352941176470588,0.0,0.009453781512605041,0.01050420168067227,0.011554621848739496,0.0,0.031512605042016806,0.0,0.004201680672268907,0.009453781512605041,0.0,0.007352941176470588,0.0,0.0031512605042016808,0.0,0.0,0.0010504201680672268,0.0,0.0063025210084033615,0.0,0.014705882352941176,0.0,0.018907563025210083,0.0010504201680672268,0.0,0.0031512605042016808,0.007352941176470588,0.0010504201680672268,0.0063025210084033615,0.0,0.0,0.0010504201680672268,0.0031512605042016808,0.0063025210084033615,0.007352941176470588,0.0021008403361344537,0.0,0.01050420168067227,0.0021008403361344537,0.0,0.0031512605042016808,0.0021008403361344537,0.0021008403361344537,0.0,0.011554621848739496,0.0031512605042016808,0.008403361344537815,0.0,0.0063025210084033615,0.0021008403361344537,0.13760504201680673,0.0063025210084033615,0.0,0.011554621848739496,0.1207983193277311,0.0,0.0,0.0063025210084033615,0.0063025210084033615,0.0,0.005252100840336135,0.0,0.0010504201680672268,0.0,0.01050420168067227,0.0,0.0010504201680672268,0.0010504201680672268,0.009453781512605041,0.0010504201680672268,0.0031512605042016808,0.009453781512605041,0.01050420168067227,0.01050420168067227,0.004201680672268907,0.0063025210084033615,0.0,0.01365546218487395,0.037815126050420166,0.0010504201680672268,0.02100840336134454,0.007352941176470588,0.0063025210084033615,0.0010504201680672268,0.0,0.005252100840336135,0.0031512605042016808,0.0,0.14915966386554622,0.0031512605042016808,0.0010504201680672268,0.0010504201680672268,0.0021008403361344537,0.0021008403361344537,0.0,0.15021008403361344,0.0063025210084033615,0.0,0.0
272,0.0,0.002657218777679362,0.0,0.0,0.007971656333038087,0.007971656333038087,0.0008857395925597874,0.0070859167404783,0.00974313551815766,0.007971656333038087,0.002657218777679362,0.023029229406554472,0.002657218777679362,0.008857395925597875,0.001771479185119575,0.0044286979627989375,0.0,0.005314437555358724,0.007971656333038087,0.0008857395925597874,0.0008857395925597874,0.007971656333038087,0.002657218777679362,0.006200177147918512,0.0,0.0,0.0,0.0070859167404783,0.0,0.0,0.0008857395925597874,0.006200177147918512,0.010628875110717449,0.0008857395925597874,0.021257750221434897,0.0,0.00974313551815766,0.0008857395925597874,0.0,0.007971656333038087,0.0,0.001771479185119575,0.0008857395925597874,0.00354295837023915,0.015057573073516387,0.001771479185119575,0.0,0.0,0.00974313551815766,0.0,0.0,0.14348981399468555,0.0,0.0,0.0,0.16651904340124005,0.001771479185119575,0.0044286979627989375,0.0070859167404783,0.002657218777679362,0.002657218777679362,0.0008857395925597874,0.001771479185119575,0.0008857395925597874,0.0,0.0,0.0,0.010628875110717449,0.0044286979627989375,0.0,0.0,0.0,0.0044286979627989375,0.008857395925597875,0.0,0.010628875110717449,0.0008857395925597874,0.006200177147918512,0.0,0.0008857395925597874,0.00974313551815766,0.001771479185119575,0.001771479185119575,0.0008857395925597874,0.0,0.0,0.001771479185119575,0.00974313551815766,0.013286093888396812,0.13463241806908768,0.00354295837023915,0.006200177147918512,0.0,0.024800708591674048,0.002657218777679362,0.002657218777679362,0.18157661647475642,0.002657218777679362,0.005314437555358724,0.0
273,0.00471253534401508,0.001885014137606032,0.006597549481621112,0.0,0.0,0.003770028275212064,0.017907634307257305,0.000942507068803016,0.001885014137606032,0.0,0.001885014137606032,0.002827521206409048,0.008482563619227144,0.0,0.007540056550424128,0.010367577756833177,0.000942507068803016,0.0,0.0,0.001885014137606032,0.005655042412818096,0.01885014137606032,0.0,0.003770028275212064,0.000942507068803016,0.0,0.011310084825636193,0.000942507068803016,0.002827521206409048,0.01413760603204524,0.019792648444863337,0.015080113100848256,0.000942507068803016,0.000942507068803016,0.0,0.010367577756833177,0.001885014137606032,0.006597549481621112,0.02544769085768143,0.000942507068803016,0.001885014137606032,0.003770028275212064,0.000942507068803016,0.016022620169651274,0.013195098963242224,0.0,0.006597549481621112,0.010367577756833177,0.000942507068803016,0.002827521206409048,0.000942507068803016,0.15080113100848255,0.001885014137606032,0.000942507068803016,0.003770028275212064,0.1696512723845429,0.001885014137606032,0.003770028275212064,0.001885014137606032,0.0,0.005655042412818096,0.002827521206409048,0.002827521206409048,0.0,0.00471253534401508,0.003770028275212064,0.000942507068803016,0.000942507068803016,0.021677662582469368,0.0,0.010367577756833177,0.005655042412818096,0.0,0.000942507068803016,0.002827521206409048,0.00942507068803016,0.0,0.02639019792648445,0.001885014137606032,0.007540056550424128,0.008482563619227144,0.0,0.003770028275212064,0.000942507068803016,0.002827521206409048,0.0,0.013195098963242224,0.00471253534401508,0.006597549481621112,0.11027332704995288,0.008482563619227144,0.0,0.008482563619227144,0.010367577756833177,0.001885014137606032,0.01413760603204524,0.0706880301602262,0.001885014137606032,0.020735155513666354,0.0
274,0.0,0.0,0.002881844380403458,0.002881844380403458,0.0009606147934678194,0.0009606147934678194,0.0019212295869356388,0.01536983669548511,0.01440922190201729,0.009606147934678195,0.005763688760806916,0.0,0.0038424591738712775,0.004803073967339097,0.011527377521613832,0.01825168107588857,0.009606147934678195,0.0009606147934678194,0.01921229586935639,0.010566762728146013,0.0009606147934678194,0.0009606147934678194,0.0067243035542747355,0.0,0.0019212295869356388,0.0009606147934678194,0.0,0.0038424591738712775,0.012487992315081652,0.0,0.004803073967339097,0.01729106628242075,0.0009606147934678194,0.005763688760806916,0.01440922190201729,0.0,0.0038424591738712775,0.002881844380403458,0.0038424591738712775,0.0009606147934678194,0.0,0.0009606147934678194,0.0,0.002881844380403458,0.0009606147934678194,0.0067243035542747355,0.004803073967339097,0.0,0.0019212295869356388,0.0009606147934678194,0.0,0.07684918347742556,0.012487992315081652,0.0,0.0009606147934678194,0.1037463976945245,0.0019212295869356388,0.0,0.0019212295869356388,0.009606147934678195,0.022094140249759846,0.0009606147934678194,0.0019212295869356388,0.012487992315081652,0.0009606147934678194,0.0009606147934678194,0.0009606147934678194,0.0067243035542747355,0.004803073967339097,0.0067243035542747355,0.0009606147934678194,0.0009606147934678194,0.01729106628242075,0.004803073967339097,0.009606147934678195,0.004803073967339097,0.01440922190201729,0.0067243035542747355,0.009606147934678195,0.03170028818443804,0.0038424591738712775,0.0038424591738712775,0.002881844380403458,0.008645533141210375,0.007684918347742555,0.0038424591738712775,0.0,0.0038424591738712775,0.007684918347742555,0.16714697406340057,0.002881844380403458,0.0038424591738712775,0.0019212295869356388,0.002881844380403458,0.0019212295869356388,0.0019212295869356388,0.1690682036503362,0.0019212295869356388,0.0019212295869356388,0.0
275,0.002190580503833516,0.0,0.019715224534501644,0.019715224534501644,0.0065717415115005475,0.001095290251916758,0.001095290251916758,0.004381161007667032,0.0032858707557502738,0.001095290251916758,0.014238773274917854,0.0208105147864184,0.00547645125958379,0.0032858707557502738,0.008762322015334063,0.001095290251916758,0.0032858707557502738,0.0065717415115005475,0.001095290251916758,0.002190580503833516,0.0,0.0032858707557502738,0.014238773274917854,0.0,0.0,0.0,0.02190580503833516,0.01642935377875137,0.004381161007667032,0.009857612267250822,0.0032858707557502738,0.004381161007667032,0.001095290251916758,0.0,0.0032858707557502738,0.0,0.0,0.008762322015334063,0.001095290251916758,0.007667031763417305,0.0,0.018619934282584884,0.01095290251916758,0.024096385542168676,0.007667031763417305,0.0,0.012048192771084338,0.0,0.02628696604600219,0.0,0.0032858707557502738,0.0755750273822563,0.007667031763417305,0.004381161007667032,0.00547645125958379,0.13472070098576122,0.001095290251916758,0.0,0.004381161007667032,0.0032858707557502738,0.002190580503833516,0.001095290251916758,0.00547645125958379,0.017524644030668127,0.002190580503833516,0.01533406352683461,0.012048192771084338,0.0208105147864184,0.0032858707557502738,0.00547645125958379,0.0032858707557502738,0.023001095290251915,0.002190580503833516,0.0,0.0065717415115005475,0.0,0.008762322015334063,0.004381161007667032,0.0,0.009857612267250822,0.019715224534501644,0.0,0.004381161007667032,0.002190580503833516,0.029572836801752465,0.0,0.0,0.0032858707557502738,0.001095290251916758,0.09748083242059145,0.00547645125958379,0.0,0.007667031763417305,0.0032858707557502738,0.00547645125958379,0.0032858707557502738,0.09748083242059145,0.01095290251916758,0.0,0.0
276,0.0048484848484848485,0.0036363636363636364,0.0024242424242424242,0.0,0.0,0.0012121212121212121,0.0,0.0036363636363636364,0.012121212121212121,0.0,0.0,0.0036363636363636364,0.0048484848484848485,0.007272727272727273,0.0036363636363636364,0.0,0.0012121212121212121,0.0048484848484848485,0.0048484848484848485,0.02666666666666667,0.0,0.0048484848484848485,0.009696969696969697,0.0,0.0,0.013333333333333334,0.0024242424242424242,0.0,0.0,0.006060606060606061,0.006060606060606061,0.0024242424242424242,0.0024242424242424242,0.0024242424242424242,0.01575757575757576,0.008484848484848486,0.0048484848484848485,0.0,0.0012121212121212121,0.0024242424242424242,0.008484848484848486,0.0036363636363636364,0.0012121212121212121,0.0036363636363636364,0.0036363636363636364,0.0,0.012121212121212121,0.0,0.0012121212121212121,0.007272727272727273,0.012121212121212121,0.16242424242424242,0.0024242424242424242,0.024242424242424242,0.0012121212121212121,0.14424242424242426,0.0012121212121212121,0.0036363636363636364,0.008484848484848486,0.0036363636363636364,0.007272727272727273,0.0,0.0012121212121212121,0.0,0.0024242424242424242,0.0024242424242424242,0.014545454545454545,0.0036363636363636364,0.0,0.0036363636363636364,0.0036363636363636364,0.006060606060606061,0.0024242424242424242,0.0,0.0,0.007272727272727273,0.0012121212121212121,0.0012121212121212121,0.006060606060606061,0.0,0.0012121212121212121,0.0036363636363636364,0.0012121212121212121,0.0,0.01090909090909091,0.0,0.02909090909090909,0.0024242424242424242,0.0,0.08484848484848485,0.0024242424242424242,0.0,0.0048484848484848485,0.009696969696969697,0.01090909090909091,0.007272727272727273,0.18666666666666668,0.0,0.0048484848484848485,0.0048484848484848485
277,0.0010309278350515464,0.002061855670103093,0.0,0.013402061855670102,0.004123711340206186,0.004123711340206186,0.002061855670103093,0.005154639175257732,0.010309278350515464,0.005154639175257732,0.003092783505154639,0.0010309278350515464,0.009278350515463918,0.003092783505154639,0.0,0.005154639175257732,0.002061855670103093,0.0010309278350515464,0.009278350515463918,0.008247422680412371,0.02577319587628866,0.0,0.0,0.0,0.002061855670103093,0.004123711340206186,0.01958762886597938,0.006185567010309278,0.03402061855670103,0.006185567010309278,0.008247422680412371,0.0,0.0,0.0010309278350515464,0.015463917525773196,0.008247422680412371,0.0010309278350515464,0.0,0.006185567010309278,0.0010309278350515464,0.0,0.004123711340206186,0.0,0.0,0.0010309278350515464,0.0010309278350515464,0.0010309278350515464,0.0010309278350515464,0.0,0.002061855670103093,0.01134020618556701,0.09175257731958762,0.004123711340206186,0.004123711340206186,0.006185567010309278,0.13298969072164948,0.0,0.0,0.004123711340206186,0.002061855670103093,0.0,0.002061855670103093,0.010309278350515464,0.003092783505154639,0.0,0.016494845360824743,0.0,0.0010309278350515464,0.010309278350515464,0.01958762886597938,0.002061855670103093,0.0010309278350515464,0.0,0.01134020618556701,0.005154639175257732,0.002061855670103093,0.0,0.005154639175257732,0.005154639175257732,0.0010309278350515464,0.010309278350515464,0.009278350515463918,0.006185567010309278,0.006185567010309278,0.0010309278350515464,0.005154639175257732,0.003092783505154639,0.015463917525773196,0.002061855670103093,0.1556701030927835,0.004123711340206186,0.0010309278350515464,0.002061855670103093,0.0,0.007216494845360825,0.005154639175257732,0.16804123711340208,0.0,0.006185567010309278,0.0
278,0.012035010940919038,0.0,0.015317286652078774,0.006564551422319475,0.00437636761487965,0.014223194748358862,0.0010940919037199124,0.006564551422319475,0.0010940919037199124,0.0032822757111597373,0.0010940919037199124,0.0,0.006564551422319475,0.0,0.0010940919037199124,0.002188183807439825,0.0,0.002188183807439825,0.0,0.00437636761487965,0.002188183807439825,0.0087527352297593,0.016411378555798686,0.0010940919037199124,0.0,0.0032822757111597373,0.006564551422319475,0.00437636761487965,0.0010940919037199124,0.0,0.009846827133479213,0.0010940919037199124,0.0,0.0,0.009846827133479213,0.0,0.0087527352297593,0.0,0.0010940919037199124,0.0032822757111597373,0.0010940919037199124,0.002188183807439825,0.0,0.0,0.002188183807439825,0.007658643326039387,0.0010940919037199124,0.002188183807439825,0.0,0.002188183807439825,0.0087527352297593,0.09737417943107221,0.0010940919037199124,0.014223194748358862,0.002188183807439825,0.15645514223194748,0.002188183807439825,0.010940919037199124,0.00437636761487965,0.006564551422319475,0.0010940919037199124,0.007658643326039387,0.002188183807439825,0.019693654266958426,0.012035010940919038,0.02516411378555799,0.0,0.0,0.0010940919037199124,0.0,0.0010940919037199124,0.0,0.00437636761487965,0.00437636761487965,0.0010940919037199124,0.014223194748358862,0.012035010940919038,0.010940919037199124,0.00437636761487965,0.005470459518599562,0.00437636761487965,0.002188183807439825,0.0087527352297593,0.0087527352297593,0.0010940919037199124,0.009846827133479213,0.009846827133479213,0.0010940919037199124,0.0010940919037199124,0.14332603938730853,0.002188183807439825,0.005470459518599562,0.002188183807439825,0.0,0.0,0.0010940919037199124,0.16083150984682712,0.005470459518599562,0.0087527352297593,0.014223194748358862
279,0.007123775601068566,0.003561887800534283,0.020480854853072127,0.004452359750667854,0.0008904719501335708,0.0017809439002671415,0.015138023152270703,0.0017809439002671415,0.0,0.008014247551202136,0.0008904719501335708,0.02226179875333927,0.0,0.0008904719501335708,0.0,0.016918967052537846,0.0017809439002671415,0.003561887800534283,0.007123775601068566,0.0,0.0026714158504007124,0.006233303650934996,0.0,0.005342831700801425,0.0008904719501335708,0.009795191451469279,0.0,0.005342831700801425,0.004452359750667854,0.0,0.003561887800534283,0.0,0.0,0.0,0.0026714158504007124,0.0008904719501335708,0.017809439002671415,0.0008904719501335708,0.003561887800534283,0.0,0.008014247551202136,0.0,0.012466607301869992,0.009795191451469279,0.003561887800534283,0.005342831700801425,0.0008904719501335708,0.01157613535173642,0.0,0.009795191451469279,0.0008904719501335708,0.16028495102404275,0.0026714158504007124,0.0,0.0008904719501335708,0.15672306322350846,0.006233303650934996,0.006233303650934996,0.004452359750667854,0.0026714158504007124,0.004452359750667854,0.0,0.0,0.004452359750667854,0.0008904719501335708,0.005342831700801425,0.0026714158504007124,0.016918967052537846,0.016918967052537846,0.0,0.0026714158504007124,0.0,0.01068566340160285,0.0008904719501335708,0.003561887800534283,0.0017809439002671415,0.0,0.0017809439002671415,0.0026714158504007124,0.006233303650934996,0.0,0.005342831700801425,0.0,0.0,0.004452359750667854,0.0,0.01068566340160285,0.003561887800534283,0.0017809439002671415,0.07747105966162066,0.009795191451469279,0.003561887800534283,0.0026714158504007124,0.004452359750667854,0.003561887800534283,0.008014247551202136,0.17809439002671415,0.013357079252003561,0.0,0.008014247551202136
280,0.0,0.0,0.00522466039707419,0.0,0.0,0.006269592476489028,0.014629049111807733,0.003134796238244514,0.0041797283176593526,0.003134796238244514,0.0041797283176593526,0.008359456635318705,0.0020898641588296763,0.014629049111807733,0.00522466039707419,0.0,0.0020898641588296763,0.0,0.0,0.0073145245559038665,0.0041797283176593526,0.00522466039707419,0.003134796238244514,0.003134796238244514,0.003134796238244514,0.008359456635318705,0.0010449320794148381,0.0020898641588296763,0.0010449320794148381,0.0,0.0010449320794148381,0.0010449320794148381,0.02821316614420063,0.0010449320794148381,0.003134796238244514,0.00522466039707419,0.0,0.0020898641588296763,0.008359456635318705,0.0010449320794148381,0.01044932079414838,0.00522466039707419,0.03239289446185998,0.013584117032392894,0.003134796238244514,0.008359456635318705,0.012539184952978056,0.003134796238244514,0.009404388714733543,0.01567398119122257,0.0020898641588296763,0.07210031347962383,0.0,0.00522466039707419,0.012539184952978056,0.18808777429467086,0.003134796238244514,0.0020898641588296763,0.003134796238244514,0.0,0.013584117032392894,0.0010449320794148381,0.0020898641588296763,0.0020898641588296763,0.0010449320794148381,0.0,0.022988505747126436,0.0041797283176593526,0.0010449320794148381,0.0041797283176593526,0.0,0.0,0.0,0.0,0.01044932079414838,0.0,0.0020898641588296763,0.0,0.0,0.008359456635318705,0.01567398119122257,0.0,0.0020898641588296763,0.003134796238244514,0.0073145245559038665,0.01044932079414838,0.0010449320794148381,0.0,0.0010449320794148381,0.1180773249738767,0.0010449320794148381,0.006269592476489028,0.0020898641588296763,0.018808777429467086,0.0010449320794148381,0.0020898641588296763,0.16927899686520376,0.0020898641588296763,0.0,0.0
281,0.010626992561105207,0.0010626992561105207,0.003188097768331562,0.005313496280552604,0.0,0.0021253985122210413,0.0021253985122210413,0.009564293304994687,0.0,0.011689691817215728,0.005313496280552604,0.0010626992561105207,0.0010626992561105207,0.003188097768331562,0.0,0.01381509032943677,0.0,0.0,0.0,0.003188097768331562,0.0,0.004250797024442083,0.0,0.0,0.0,0.009564293304994687,0.0010626992561105207,0.0010626992561105207,0.008501594048884165,0.022316684378320937,0.0,0.004250797024442083,0.004250797024442083,0.0,0.0021253985122210413,0.003188097768331562,0.007438894792773645,0.0021253985122210413,0.0,0.0,0.0,0.0021253985122210413,0.004250797024442083,0.007438894792773645,0.011689691817215728,0.005313496280552604,0.009564293304994687,0.0,0.006376195536663124,0.009564293304994687,0.0010626992561105207,0.09139213602550478,0.005313496280552604,0.0010626992561105207,0.0010626992561105207,0.22316684378320936,0.0010626992561105207,0.004250797024442083,0.0021253985122210413,0.0010626992561105207,0.0010626992561105207,0.006376195536663124,0.005313496280552604,0.008501594048884165,0.0021253985122210413,0.031880977683315624,0.005313496280552604,0.009564293304994687,0.004250797024442083,0.003188097768331562,0.010626992561105207,0.0,0.0010626992561105207,0.008501594048884165,0.0,0.0,0.011689691817215728,0.0,0.0,0.007438894792773645,0.0,0.0,0.0,0.0,0.0010626992561105207,0.0,0.023379383634431455,0.0,0.0010626992561105207,0.17534537725823593,0.0010626992561105207,0.0,0.0010626992561105207,0.0,0.004250797024442083,0.006376195536663124,0.13602550478214664,0.0010626992561105207,0.0010626992561105207,0.0
282,0.0,0.010471204188481676,0.0020942408376963353,0.0010471204188481676,0.0,0.009424083769633508,0.02198952879581152,0.004188481675392671,0.0010471204188481676,0.0,0.0020942408376963353,0.0,0.0010471204188481676,0.014659685863874346,0.013612565445026177,0.012565445026178011,0.0031413612565445027,0.0020942408376963353,0.0020942408376963353,0.0,0.009424083769633508,0.010471204188481676,0.0031413612565445027,0.0,0.0031413612565445027,0.004188481675392671,0.0010471204188481676,0.0,0.010471204188481676,0.005235602094240838,0.0010471204188481676,0.0010471204188481676,0.031413612565445025,0.010471204188481676,0.0,0.008376963350785341,0.0020942408376963353,0.014659685863874346,0.0,0.008376963350785341,0.012565445026178011,0.0,0.008376963350785341,0.0,0.008376963350785341,0.004188481675392671,0.0,0.0,0.005235602094240838,0.0,0.0010471204188481676,0.08376963350785341,0.0,0.0,0.0031413612565445027,0.20418848167539266,0.0,0.005235602094240838,0.012565445026178011,0.0,0.007329842931937173,0.013612565445026177,0.0031413612565445027,0.004188481675392671,0.02931937172774869,0.0031413612565445027,0.004188481675392671,0.0,0.0,0.0020942408376963353,0.005235602094240838,0.0010471204188481676,0.0031413612565445027,0.009424083769633508,0.0010471204188481676,0.005235602094240838,0.0020942408376963353,0.004188481675392671,0.028272251308900525,0.0031413612565445027,0.0062827225130890054,0.0020942408376963353,0.004188481675392671,0.013612565445026177,0.0010471204188481676,0.004188481675392671,0.0062827225130890054,0.004188481675392671,0.0,0.1130890052356021,0.015706806282722512,0.007329842931937173,0.0,0.0010471204188481676,0.0031413612565445027,0.012565445026178011,0.07329842931937172,0.0031413612565445027,0.016753926701570682,0.007329842931937173
283,0.0022123893805309734,0.0022123893805309734,0.0011061946902654867,0.00663716814159292,0.004424778761061947,0.012168141592920354,0.00663716814159292,0.004424778761061947,0.0,0.01327433628318584,0.0,0.0022123893805309734,0.0,0.0,0.0,0.014380530973451327,0.004424778761061947,0.0011061946902654867,0.0022123893805309734,0.015486725663716814,0.028761061946902654,0.00331858407079646,0.0022123893805309734,0.0,0.0,0.0,0.008849557522123894,0.0,0.012168141592920354,0.01991150442477876,0.0055309734513274336,0.0,0.017699115044247787,0.00995575221238938,0.00995575221238938,0.00331858407079646,0.0055309734513274336,0.0011061946902654867,0.0,0.0011061946902654867,0.015486725663716814,0.004424778761061947,0.00331858407079646,0.00663716814159292,0.00663716814159292,0.0,0.0022123893805309734,0.0022123893805309734,0.01327433628318584,0.0055309734513274336,0.0011061946902654867,0.1426991150442478,0.0011061946902654867,0.028761061946902654,0.00663716814159292,0.09955752212389381,0.022123893805309734,0.008849557522123894,0.0055309734513274336,0.0,0.012168141592920354,0.0011061946902654867,0.00331858407079646,0.007743362831858407,0.018805309734513276,0.0,0.014380530973451327,0.0022123893805309734,0.00331858407079646,0.0011061946902654867,0.008849557522123894,0.004424778761061947,0.0,0.0,0.004424778761061947,0.0011061946902654867,0.004424778761061947,0.00331858407079646,0.0,0.00331858407079646,0.012168141592920354,0.00663716814159292,0.0,0.0,0.0022123893805309734,0.0,0.0022123893805309734,0.0055309734513274336,0.01327433628318584,0.1261061946902655,0.0,0.008849557522123894,0.0022123893805309734,0.0022123893805309734,0.0022123893805309734,0.0,0.09955752212389381,0.011061946902654867,0.0,0.01327433628318584
284,0.0,0.008588957055214725,0.0036809815950920245,0.006134969325153374,0.0036809815950920245,0.012269938650306749,0.00245398773006135,0.001226993865030675,0.0036809815950920245,0.00245398773006135,0.0196319018404908,0.00245398773006135,0.01717791411042945,0.0098159509202454,0.006134969325153374,0.0,0.00245398773006135,0.008588957055214725,0.006134969325153374,0.00245398773006135,0.015950920245398775,0.008588957055214725,0.013496932515337423,0.001226993865030675,0.006134969325153374,0.0098159509202454,0.0,0.0036809815950920245,0.012269938650306749,0.0049079754601227,0.015950920245398775,0.0,0.00245398773006135,0.0,0.0,0.0,0.001226993865030675,0.001226993865030675,0.0036809815950920245,0.015950920245398775,0.001226993865030675,0.0098159509202454,0.007361963190184049,0.0,0.001226993865030675,0.0049079754601227,0.008588957055214725,0.023312883435582823,0.0,0.0,0.00245398773006135,0.12515337423312883,0.0,0.0098159509202454,0.011042944785276074,0.1423312883435583,0.0,0.0,0.0098159509202454,0.008588957055214725,0.0,0.0036809815950920245,0.0,0.0,0.0049079754601227,0.0036809815950920245,0.012269938650306749,0.00245398773006135,0.00245398773006135,0.0,0.00245398773006135,0.013496932515337423,0.0,0.00245398773006135,0.011042944785276074,0.0,0.012269938650306749,0.0,0.0049079754601227,0.026993865030674847,0.0,0.0,0.001226993865030675,0.014723926380368098,0.001226993865030675,0.001226993865030675,0.0036809815950920245,0.001226993865030675,0.0,0.09325153374233129,0.01717791411042945,0.0049079754601227,0.018404907975460124,0.0049079754601227,0.007361963190184049,0.0098159509202454,0.10920245398773006,0.00245398773006135,0.0049079754601227,0.0
285,0.0011614401858304297,0.012775842044134728,0.0,0.0,0.013937282229965157,0.005807200929152149,0.0011614401858304297,0.011614401858304297,0.0023228803716608595,0.003484320557491289,0.013937282229965157,0.0011614401858304297,0.026713124274099883,0.0011614401858304297,0.003484320557491289,0.013937282229965157,0.0,0.013937282229965157,0.004645760743321719,0.0011614401858304297,0.005807200929152149,0.004645760743321719,0.009291521486643438,0.006968641114982578,0.012775842044134728,0.019744483159117306,0.008130081300813009,0.0,0.005807200929152149,0.010452961672473868,0.005807200929152149,0.0,0.0,0.0023228803716608595,0.0,0.0023228803716608595,0.010452961672473868,0.005807200929152149,0.0,0.003484320557491289,0.004645760743321719,0.0,0.0011614401858304297,0.0,0.009291521486643438,0.0,0.013937282229965157,0.0011614401858304297,0.003484320557491289,0.0011614401858304297,0.004645760743321719,0.10685249709639953,0.0011614401858304297,0.0011614401858304297,0.0011614401858304297,0.12311265969802555,0.0,0.0023228803716608595,0.005807200929152149,0.004645760743321719,0.0,0.004645760743321719,0.004645760743321719,0.003484320557491289,0.0,0.005807200929152149,0.0,0.015098722415795587,0.0,0.011614401858304297,0.0,0.0023228803716608595,0.004645760743321719,0.0,0.006968641114982578,0.0011614401858304297,0.0,0.0023228803716608595,0.0023228803716608595,0.006968641114982578,0.0,0.025551684088269456,0.0023228803716608595,0.003484320557491289,0.0011614401858304297,0.003484320557491289,0.0011614401858304297,0.036004645760743324,0.008130081300813009,0.18118466898954705,0.0011614401858304297,0.0011614401858304297,0.008130081300813009,0.009291521486643438,0.0,0.0011614401858304297,0.08710801393728224,0.0,0.010452961672473868,0.015098722415795587
286,0.00243605359317905,0.0,0.001218026796589525,0.0,0.0036540803897685747,0.0,0.0,0.0,0.013398294762484775,0.0060901339829476245,0.0,0.00243605359317905,0.013398294762484775,0.007308160779537149,0.0389768574908648,0.02192448233861145,0.001218026796589525,0.010962241169305725,0.00243605359317905,0.00243605359317905,0.007308160779537149,0.0,0.0,0.013398294762484775,0.01705237515225335,0.0048721071863581,0.0,0.010962241169305725,0.0060901339829476245,0.00243605359317905,0.007308160779537149,0.0036540803897685747,0.0060901339829476245,0.001218026796589525,0.0,0.001218026796589525,0.00243605359317905,0.0036540803897685747,0.001218026796589525,0.0,0.00243605359317905,0.00243605359317905,0.00243605359317905,0.0,0.020706455542021926,0.024360535931790498,0.0,0.0036540803897685747,0.0,0.020706455542021926,0.018270401948842874,0.13276492082825822,0.0036540803897685747,0.0,0.001218026796589525,0.09378806333739342,0.0,0.001218026796589525,0.0,0.025578562728380026,0.013398294762484775,0.0,0.0,0.00243605359317905,0.0048721071863581,0.0060901339829476245,0.0,0.012180267965895249,0.010962241169305725,0.008526187576126675,0.0,0.0097442143727162,0.0048721071863581,0.001218026796589525,0.014616321559074299,0.001218026796589525,0.001218026796589525,0.01705237515225335,0.0048721071863581,0.0036540803897685747,0.010962241169305725,0.00243605359317905,0.0036540803897685747,0.00243605359317905,0.001218026796589525,0.0,0.008526187576126675,0.00243605359317905,0.0,0.10109622411693057,0.001218026796589525,0.007308160779537149,0.0,0.0,0.0,0.0,0.14981729598051158,0.0036540803897685747,0.0036540803897685747,0.014616321559074299
287,0.01509433962264151,0.008490566037735849,0.005660377358490566,0.0037735849056603774,0.0,0.002830188679245283,0.006603773584905661,0.020754716981132074,0.0,0.009433962264150943,0.0037735849056603774,0.01509433962264151,0.0,0.002830188679245283,0.0,0.0037735849056603774,0.0,0.007547169811320755,0.0,0.011320754716981131,0.0009433962264150943,0.0,0.008490566037735849,0.0,0.0009433962264150943,0.009433962264150943,0.0018867924528301887,0.011320754716981131,0.0,0.0009433962264150943,0.002830188679245283,0.0018867924528301887,0.008490566037735849,0.0,0.0047169811320754715,0.006603773584905661,0.0,0.0,0.0009433962264150943,0.002830188679245283,0.0018867924528301887,0.0,0.02830188679245283,0.0009433962264150943,0.0047169811320754715,0.0018867924528301887,0.0,0.008490566037735849,0.002830188679245283,0.008490566037735849,0.0018867924528301887,0.11132075471698114,0.0018867924528301887,0.005660377358490566,0.0,0.08679245283018867,0.0,0.0018867924528301887,0.0009433962264150943,0.002830188679245283,0.014150943396226415,0.0018867924528301887,0.002830188679245283,0.014150943396226415,0.006603773584905661,0.017924528301886792,0.0009433962264150943,0.0009433962264150943,0.016037735849056604,0.0037735849056603774,0.0009433962264150943,0.0009433962264150943,0.0,0.008490566037735849,0.0018867924528301887,0.0009433962264150943,0.0,0.006603773584905661,0.008490566037735849,0.0,0.0009433962264150943,0.0,0.007547169811320755,0.0009433962264150943,0.0,0.011320754716981131,0.002830188679245283,0.0018867924528301887,0.0037735849056603774,0.2018867924528302,0.0009433962264150943,0.0,0.0,0.0047169811320754715,0.0037735849056603774,0.012264150943396227,0.1471698113207547,0.0,0.02169811320754717,0.020754716981132074
288,0.002859866539561487,0.0019065776930409914,0.0009532888465204957,0.0009532888465204957,0.0,0.0038131553860819827,0.002859866539561487,0.002859866539561487,0.0019065776930409914,0.005719733079122974,0.0038131553860819827,0.0,0.0009532888465204957,0.01811248808388942,0.015252621544327931,0.0019065776930409914,0.0,0.0009532888465204957,0.0009532888465204957,0.0,0.0,0.0,0.0,0.0,0.009532888465204958,0.00667302192564347,0.016205910390848427,0.0076263107721639654,0.0019065776930409914,0.0076263107721639654,0.0019065776930409914,0.008579599618684462,0.002859866539561487,0.0,0.0019065776930409914,0.0009532888465204957,0.008579599618684462,0.004766444232602479,0.009532888465204958,0.0,0.0009532888465204957,0.0009532888465204957,0.0,0.0038131553860819827,0.0,0.0,0.017159199237368923,0.0,0.0019065776930409914,0.002859866539561487,0.0009532888465204957,0.18875119161105816,0.0,0.004766444232602479,0.0,0.11534795042897998,0.011439466158245948,0.002859866539561487,0.00667302192564347,0.0,0.0009532888465204957,0.002859866539561487,0.0,0.00667302192564347,0.004766444232602479,0.0038131553860819827,0.0,0.010486177311725452,0.0,0.0009532888465204957,0.0076263107721639654,0.004766444232602479,0.0,0.0076263107721639654,0.012392755004766444,0.020972354623450904,0.004766444232602479,0.01811248808388942,0.0009532888465204957,0.010486177311725452,0.0,0.0009532888465204957,0.0076263107721639654,0.00667302192564347,0.0,0.0076263107721639654,0.004766444232602479,0.0,0.0219256434699714,0.19637750238322213,0.0038131553860819827,0.0,0.011439466158245948,0.0009532888465204957,0.005719733079122974,0.0,0.08102955195424213,0.0009532888465204957,0.017159199237368923,0.0019065776930409914
289,0.007337526205450734,0.0,0.0041928721174004195,0.0010482180293501049,0.02410901467505241,0.0,0.005241090146750524,0.0041928721174004195,0.005241090146750524,0.015723270440251572,0.0020964360587002098,0.006289308176100629,0.006289308176100629,0.0010482180293501049,0.0010482180293501049,0.0031446540880503146,0.0020964360587002098,0.006289308176100629,0.0,0.0010482180293501049,0.006289308176100629,0.0,0.007337526205450734,0.0020964360587002098,0.0,0.0010482180293501049,0.0020964360587002098,0.005241090146750524,0.0020964360587002098,0.015723270440251572,0.0,0.0010482180293501049,0.0041928721174004195,0.0031446540880503146,0.0,0.0,0.009433962264150943,0.0010482180293501049,0.010482180293501049,0.0,0.007337526205450734,0.0010482180293501049,0.0010482180293501049,0.0041928721174004195,0.0010482180293501049,0.007337526205450734,0.012578616352201259,0.007337526205450734,0.0041928721174004195,0.0,0.0041928721174004195,0.15723270440251572,0.005241090146750524,0.0,0.0,0.16352201257861634,0.0041928721174004195,0.0020964360587002098,0.020964360587002098,0.0,0.0020964360587002098,0.0,0.0,0.0010482180293501049,0.0010482180293501049,0.008385744234800839,0.0,0.0,0.0010482180293501049,0.0,0.019916142557651992,0.014675052410901468,0.0010482180293501049,0.0010482180293501049,0.0010482180293501049,0.0031446540880503146,0.011530398322851153,0.01781970649895178,0.0010482180293501049,0.0,0.0,0.0,0.007337526205450734,0.0041928721174004195,0.0010482180293501049,0.005241090146750524,0.007337526205450734,0.0,0.0041928721174004195,0.15513626834381553,0.009433962264150943,0.0010482180293501049,0.0,0.0031446540880503146,0.0041928721174004195,0.0041928721174004195,0.1331236897274633,0.0010482180293501049,0.0010482180293501049,0.0020964360587002098
290,0.0,0.0,0.0020408163265306124,0.004081632653061225,0.006122448979591836,0.01020408163265306,0.0020408163265306124,0.0020408163265306124,0.006122448979591836,0.012244897959183673,0.013265306122448979,0.004081632653061225,0.0010204081632653062,0.0010204081632653062,0.0010204081632653062,0.0010204081632653062,0.0,0.004081632653061225,0.004081632653061225,0.004081632653061225,0.00816326530612245,0.007142857142857143,0.0,0.0,0.0,0.0020408163265306124,0.0010204081632653062,0.0010204081632653062,0.006122448979591836,0.003061224489795918,0.004081632653061225,0.012244897959183673,0.003061224489795918,0.0020408163265306124,0.0020408163265306124,0.0020408163265306124,0.003061224489795918,0.0,0.0010204081632653062,0.0,0.007142857142857143,0.0,0.0,0.003061224489795918,0.00816326530612245,0.00510204081632653,0.0,0.003061224489795918,0.0,0.00510204081632653,0.0,0.2010204081632653,0.0010204081632653062,0.0,0.0010204081632653062,0.19081632653061226,0.0010204081632653062,0.0,0.012244897959183673,0.0010204081632653062,0.0010204081632653062,0.0020408163265306124,0.003061224489795918,0.0010204081632653062,0.007142857142857143,0.004081632653061225,0.01020408163265306,0.0020408163265306124,0.02346938775510204,0.0,0.0,0.0,0.0010204081632653062,0.0010204081632653062,0.01020408163265306,0.0,0.011224489795918367,0.003061224489795918,0.0,0.0010204081632653062,0.0010204081632653062,0.00510204081632653,0.0,0.0020408163265306124,0.0,0.0,0.0020408163265306124,0.00510204081632653,0.0,0.1704081632653061,0.0020408163265306124,0.0,0.022448979591836733,0.022448979591836733,0.0010204081632653062,0.0,0.10204081632653061,0.0,0.0010204081632653062,0.00510204081632653
291,0.006829268292682927,0.000975609756097561,0.004878048780487805,0.000975609756097561,0.0224390243902439,0.004878048780487805,0.001951219512195122,0.0,0.0,0.002926829268292683,0.00975609756097561,0.001951219512195122,0.004878048780487805,0.000975609756097561,0.00975609756097561,0.000975609756097561,0.006829268292682927,0.0,0.000975609756097561,0.002926829268292683,0.016585365853658537,0.002926829268292683,0.004878048780487805,0.0,0.002926829268292683,0.003902439024390244,0.0,0.0,0.0,0.003902439024390244,0.002926829268292683,0.0,0.0,0.0,0.001951219512195122,0.001951219512195122,0.000975609756097561,0.0,0.010731707317073172,0.001951219512195122,0.002926829268292683,0.0,0.0,0.001951219512195122,0.001951219512195122,0.0,0.002926829268292683,0.013658536585365854,0.0,0.002926829268292683,0.007804878048780488,0.2,0.001951219512195122,0.002926829268292683,0.00878048780487805,0.10048780487804879,0.006829268292682927,0.002926829268292683,0.0,0.000975609756097561,0.0,0.002926829268292683,0.0,0.037073170731707315,0.007804878048780488,0.003902439024390244,0.000975609756097561,0.004878048780487805,0.023414634146341463,0.00878048780487805,0.014634146341463415,0.000975609756097561,0.004878048780487805,0.0,0.0,0.002926829268292683,0.001951219512195122,0.002926829268292683,0.0,0.000975609756097561,0.0,0.0,0.006829268292682927,0.0,0.000975609756097561,0.000975609756097561,0.001951219512195122,0.0,0.007804878048780488,0.16975609756097562,0.012682926829268294,0.014634146341463415,0.002926829268292683,0.0,0.0,0.002926829268292683,0.1375609756097561,0.00975609756097561,0.011707317073170732,0.000975609756097561
292,0.006329113924050633,0.012658227848101266,0.0010548523206751054,0.007383966244725738,0.0,0.0,0.04219409282700422,0.011603375527426161,0.007383966244725738,0.005274261603375527,0.022151898734177215,0.011603375527426161,0.004219409282700422,0.004219409282700422,0.007383966244725738,0.0,0.0031645569620253164,0.0,0.004219409282700422,0.005274261603375527,0.011603375527426161,0.007383966244725738,0.004219409282700422,0.006329113924050633,0.0,0.0,0.004219409282700422,0.0,0.002109704641350211,0.0,0.002109704641350211,0.027426160337552744,0.0010548523206751054,0.0,0.0,0.0,0.0010548523206751054,0.0010548523206751054,0.006329113924050633,0.007383966244725738,0.004219409282700422,0.006329113924050633,0.0010548523206751054,0.0010548523206751054,0.0,0.004219409282700422,0.026371308016877638,0.0031645569620253164,0.0010548523206751054,0.002109704641350211,0.0,0.1350210970464135,0.0031645569620253164,0.0010548523206751054,0.00949367088607595,0.08649789029535865,0.0,0.004219409282700422,0.002109704641350211,0.0,0.0010548523206751054,0.0010548523206751054,0.0,0.0010548523206751054,0.0031645569620253164,0.0,0.0010548523206751054,0.002109704641350211,0.0,0.002109704641350211,0.0010548523206751054,0.0031645569620253164,0.0031645569620253164,0.004219409282700422,0.013713080168776372,0.0,0.014767932489451477,0.008438818565400843,0.0,0.016877637130801686,0.0010548523206751054,0.014767932489451477,0.0031645569620253164,0.010548523206751054,0.00949367088607595,0.0,0.0010548523206751054,0.0,0.0,0.2088607594936709,0.004219409282700422,0.005274261603375527,0.008438818565400843,0.00949367088607595,0.010548523206751054,0.0,0.0949367088607595,0.0010548523206751054,0.006329113924050633,0.004219409282700422
293,0.005649717514124294,0.0,0.013559322033898305,0.006779661016949152,0.004519774011299435,0.023728813559322035,0.0022598870056497176,0.0011299435028248588,0.0022598870056497176,0.0,0.021468926553672316,0.0022598870056497176,0.0,0.0011299435028248588,0.0,0.011299435028248588,0.0,0.0,0.0,0.0011299435028248588,0.0022598870056497176,0.006779661016949152,0.007909604519774011,0.013559322033898305,0.011299435028248588,0.00903954802259887,0.0,0.0022598870056497176,0.007909604519774011,0.00903954802259887,0.010169491525423728,0.0,0.0,0.010169491525423728,0.0,0.003389830508474576,0.0022598870056497176,0.003389830508474576,0.003389830508474576,0.0,0.01807909604519774,0.00903954802259887,0.0,0.006779661016949152,0.015819209039548022,0.0,0.0011299435028248588,0.006779661016949152,0.0011299435028248588,0.014689265536723164,0.011299435028248588,0.12429378531073447,0.00903954802259887,0.0,0.003389830508474576,0.0903954802259887,0.0,0.011299435028248588,0.0022598870056497176,0.0022598870056497176,0.005649717514124294,0.004519774011299435,0.0,0.0022598870056497176,0.005649717514124294,0.014689265536723164,0.007909604519774011,0.0,0.0,0.006779661016949152,0.005649717514124294,0.0,0.004519774011299435,0.011299435028248588,0.012429378531073447,0.00903954802259887,0.00903954802259887,0.005649717514124294,0.0,0.0022598870056497176,0.006779661016949152,0.0,0.0011299435028248588,0.0022598870056497176,0.003389830508474576,0.011299435028248588,0.0,0.022598870056497175,0.0011299435028248588,0.15254237288135594,0.006779661016949152,0.005649717514124294,0.0011299435028248588,0.0,0.0,0.003389830508474576,0.14350282485875707,0.0011299435028248588,0.0011299435028248588,0.0011299435028248588
294,0.0,0.00909090909090909,0.0,0.0,0.0015151515151515152,0.0015151515151515152,0.004545454545454545,0.0015151515151515152,0.004545454545454545,0.0,0.0,0.051515151515151514,0.0,0.0030303030303030303,0.0015151515151515152,0.0,0.03939393939393939,0.0015151515151515152,0.0015151515151515152,0.0,0.0015151515151515152,0.0015151515151515152,0.0015151515151515152,0.0015151515151515152,0.0,0.006060606060606061,0.0015151515151515152,0.0,0.0,0.004545454545454545,0.007575757575757576,0.0,0.0030303030303030303,0.0015151515151515152,0.004545454545454545,0.0,0.0015151515151515152,0.004545454545454545,0.0015151515151515152,0.004545454545454545,0.006060606060606061,0.016666666666666666,0.0,0.0,0.00909090909090909,0.0,0.0,0.00909090909090909,0.0015151515151515152,0.0030303030303030303,0.0,0.21212121212121213,0.0030303030303030303,0.0,0.012121212121212121,0.10151515151515152,0.0,0.006060606060606061,0.0,0.010606060606060607,0.0,0.0,0.0015151515151515152,0.0015151515151515152,0.03636363636363636,0.0015151515151515152,0.0015151515151515152,0.0030303030303030303,0.0030303030303030303,0.004545454545454545,0.0,0.0015151515151515152,0.0,0.0,0.0,0.0,0.019696969696969695,0.004545454545454545,0.012121212121212121,0.013636363636363636,0.0015151515151515152,0.016666666666666666,0.0,0.010606060606060607,0.0015151515151515152,0.00909090909090909,0.0,0.024242424242424242,0.004545454545454545,0.1303030303030303,0.006060606060606061,0.004545454545454545,0.0,0.0015151515151515152,0.0030303030303030303,0.0,0.11666666666666667,0.0,0.004545454545454545,0.0015151515151515152
295,0.01917255297679112,0.0,0.0030272452068617556,0.0010090817356205853,0.0,0.004036326942482341,0.005045408678102927,0.004036326942482341,0.010090817356205853,0.01917255297679112,0.0010090817356205853,0.0030272452068617556,0.005045408678102927,0.0,0.005045408678102927,0.006054490413723511,0.0,0.007063572149344097,0.004036326942482341,0.007063572149344097,0.014127144298688193,0.004036326942482341,0.0010090817356205853,0.007063572149344097,0.0010090817356205853,0.018163471241170535,0.0030272452068617556,0.017154389505549948,0.0,0.004036326942482341,0.0010090817356205853,0.005045408678102927,0.013118062563067608,0.0,0.0030272452068617556,0.0020181634712411706,0.0030272452068617556,0.009081735620585268,0.0010090817356205853,0.0030272452068617556,0.0030272452068617556,0.0020181634712411706,0.005045408678102927,0.010090817356205853,0.011099899091826439,0.014127144298688193,0.009081735620585268,0.0,0.024217961654894045,0.0,0.012108980827447022,0.12209889001009082,0.005045408678102927,0.008072653884964682,0.006054490413723511,0.08879919273461151,0.02119071644803229,0.008072653884964682,0.010090817356205853,0.0020181634712411706,0.005045408678102927,0.016145307769929364,0.0,0.0,0.0010090817356205853,0.0,0.0,0.013118062563067608,0.008072653884964682,0.004036326942482341,0.0010090817356205853,0.0,0.0020181634712411706,0.010090817356205853,0.007063572149344097,0.0010090817356205853,0.0010090817356205853,0.005045408678102927,0.0020181634712411706,0.0,0.010090817356205853,0.0,0.016145307769929364,0.0,0.004036326942482341,0.009081735620585268,0.008072653884964682,0.008072653884964682,0.0030272452068617556,0.16145307769929365,0.0,0.0020181634712411706,0.0030272452068617556,0.0010090817356205853,0.0020181634712411706,0.0020181634712411706,0.09485368314833502,0.022199798183652877,0.0,0.0
296,0.0,0.008247422680412371,0.0,0.023711340206185566,0.0,0.008247422680412371,0.003092783505154639,0.008247422680412371,0.0,0.007216494845360825,0.01443298969072165,0.027835051546391754,0.01958762886597938,0.004123711340206186,0.004123711340206186,0.0010309278350515464,0.01134020618556701,0.010309278350515464,0.002061855670103093,0.0,0.0,0.007216494845360825,0.0,0.0,0.0,0.02268041237113402,0.0010309278350515464,0.0,0.003092783505154639,0.005154639175257732,0.010309278350515464,0.0010309278350515464,0.0010309278350515464,0.003092783505154639,0.007216494845360825,0.002061855670103093,0.012371134020618556,0.0010309278350515464,0.0010309278350515464,0.0010309278350515464,0.01443298969072165,0.004123711340206186,0.002061855670103093,0.0,0.0010309278350515464,0.0,0.0,0.0010309278350515464,0.0,0.006185567010309278,0.0010309278350515464,0.13711340206185568,0.004123711340206186,0.0010309278350515464,0.0,0.1979381443298969,0.03402061855670103,0.0010309278350515464,0.008247422680412371,0.005154639175257732,0.0,0.0010309278350515464,0.002061855670103093,0.015463917525773196,0.0,0.0,0.013402061855670102,0.005154639175257732,0.003092783505154639,0.002061855670103093,0.0010309278350515464,0.003092783505154639,0.002061855670103093,0.004123711340206186,0.002061855670103093,0.0,0.0,0.010309278350515464,0.0010309278350515464,0.002061855670103093,0.0010309278350515464,0.003092783505154639,0.003092783505154639,0.003092783505154639,0.010309278350515464,0.002061855670103093,0.0,0.003092783505154639,0.006185567010309278,0.09072164948453608,0.007216494845360825,0.005154639175257732,0.0,0.0,0.0010309278350515464,0.002061855670103093,0.13711340206185568,0.004123711340206186,0.0010309278350515464,0.0
297,0.016835016835016835,0.006734006734006734,0.005892255892255892,0.0008417508417508417,0.009259259259259259,0.005892255892255892,0.006734006734006734,0.0016835016835016834,0.0008417508417508417,0.0025252525252525255,0.0,0.0,0.0008417508417508417,0.0025252525252525255,0.0016835016835016834,0.004208754208754209,0.0,0.013468013468013467,0.0016835016835016834,0.007575757575757576,0.005892255892255892,0.005892255892255892,0.0008417508417508417,0.0,0.01430976430976431,0.0016835016835016834,0.0008417508417508417,0.020202020202020204,0.0016835016835016834,0.0008417508417508417,0.0,0.0,0.0,0.0016835016835016834,0.005892255892255892,0.005050505050505051,0.010101010101010102,0.010101010101010102,0.003367003367003367,0.020202020202020204,0.0025252525252525255,0.005892255892255892,0.011784511784511785,0.0008417508417508417,0.010942760942760943,0.0,0.004208754208754209,0.0008417508417508417,0.0,0.005892255892255892,0.0,0.132996632996633,0.003367003367003367,0.0008417508417508417,0.0,0.1447811447811448,0.0,0.0016835016835016834,0.004208754208754209,0.0,0.0008417508417508417,0.009259259259259259,0.0,0.0,0.0025252525252525255,0.0016835016835016834,0.0008417508417508417,0.0025252525252525255,0.008417508417508417,0.0016835016835016834,0.0008417508417508417,0.0016835016835016834,0.0,0.0016835016835016834,0.003367003367003367,0.0008417508417508417,0.0,0.0016835016835016834,0.0,0.003367003367003367,0.005050505050505051,0.004208754208754209,0.003367003367003367,0.01430976430976431,0.004208754208754209,0.0008417508417508417,0.0,0.034511784511784514,0.0,0.18855218855218855,0.010942760942760943,0.0,0.0025252525252525255,0.0016835016835016834,0.0,0.0,0.15404040404040403,0.005050505050505051,0.0,0.0008417508417508417
298,0.009267840593141797,0.0009267840593141798,0.0018535681186283596,0.0027803521779425394,0.006487488415199258,0.0027803521779425394,0.0018535681186283596,0.0074142724745134385,0.0009267840593141798,0.0027803521779425394,0.0018535681186283596,0.0009267840593141798,0.0,0.010194624652455977,0.0,0.0037071362372567192,0.0,0.0,0.0009267840593141798,0.027803521779425393,0.0009267840593141798,0.0,0.0,0.006487488415199258,0.004633920296570899,0.010194624652455977,0.0018535681186283596,0.0,0.013901760889712697,0.019462465245597776,0.0018535681186283596,0.03243744207599629,0.0074142724745134385,0.012048192771084338,0.008341056533827619,0.011121408711770158,0.009267840593141797,0.0,0.0009267840593141798,0.0009267840593141798,0.0027803521779425394,0.010194624652455977,0.024096385542168676,0.0009267840593141798,0.005560704355885079,0.0009267840593141798,0.0,0.016682113067655237,0.010194624652455977,0.0037071362372567192,0.0,0.12140871177015755,0.004633920296570899,0.0009267840593141798,0.0,0.12604263206672844,0.0009267840593141798,0.004633920296570899,0.006487488415199258,0.0,0.012974976830398516,0.005560704355885079,0.0027803521779425394,0.0027803521779425394,0.0,0.0037071362372567192,0.014828544949026877,0.0037071362372567192,0.0,0.0,0.006487488415199258,0.0018535681186283596,0.0,0.0018535681186283596,0.0,0.0,0.004633920296570899,0.0,0.0037071362372567192,0.0,0.0,0.03243744207599629,0.0009267840593141798,0.005560704355885079,0.0027803521779425394,0.008341056533827619,0.0037071362372567192,0.005560704355885079,0.0027803521779425394,0.10750695088044486,0.0,0.019462465245597776,0.0018535681186283596,0.0,0.006487488415199258,0.008341056533827619,0.13623725671918444,0.006487488415199258,0.0037071362372567192,0.018535681186283594
299,0.0010822510822510823,0.005411255411255411,0.006493506493506494,0.003246753246753247,0.003246753246753247,0.011904761904761904,0.006493506493506494,0.0,0.0,0.0010822510822510823,0.007575757575757576,0.016233766233766232,0.0,0.0,0.020562770562770564,0.005411255411255411,0.006493506493506494,0.024891774891774892,0.003246753246753247,0.012987012987012988,0.0,0.0,0.0010822510822510823,0.003246753246753247,0.0,0.0,0.0,0.003246753246753247,0.0183982683982684,0.0,0.0,0.0,0.004329004329004329,0.0010822510822510823,0.007575757575757576,0.006493506493506494,0.0,0.016233766233766232,0.0,0.004329004329004329,0.003246753246753247,0.0,0.006493506493506494,0.0,0.0183982683982684,0.003246753246753247,0.004329004329004329,0.0010822510822510823,0.0021645021645021645,0.003246753246753247,0.004329004329004329,0.17857142857142858,0.004329004329004329,0.003246753246753247,0.017316017316017316,0.07900432900432901,0.0,0.0,0.003246753246753247,0.01948051948051948,0.011904761904761904,0.0021645021645021645,0.004329004329004329,0.004329004329004329,0.017316017316017316,0.0,0.01406926406926407,0.0010822510822510823,0.003246753246753247,0.0010822510822510823,0.0,0.0021645021645021645,0.0021645021645021645,0.007575757575757576,0.0,0.01406926406926407,0.0,0.00974025974025974,0.006493506493506494,0.0,0.0010822510822510823,0.0021645021645021645,0.0,0.0021645021645021645,0.00974025974025974,0.0,0.0010822510822510823,0.012987012987012988,0.0,0.11796536796536797,0.03354978354978355,0.015151515151515152,0.003246753246753247,0.0010822510822510823,0.0,0.0,0.1331168831168831,0.0,0.0010822510822510823,0.00974025974025974
300,0.0,0.0,0.009814612868047983,0.0021810250817884407,0.0,0.007633587786259542,0.0010905125408942203,0.003271537622682661,0.0010905125408942203,0.0010905125408942203,0.010905125408942203,0.011995637949836423,0.004362050163576881,0.0,0.007633587786259542,0.0021810250817884407,0.0010905125408942203,0.0,0.0,0.008724100327153763,0.003271537622682661,0.016357688113413305,0.007633587786259542,0.0,0.0010905125408942203,0.014176663031624863,0.0021810250817884407,0.0,0.008724100327153763,0.009814612868047983,0.0010905125408942203,0.003271537622682661,0.004362050163576881,0.0021810250817884407,0.0,0.015267175572519083,0.0,0.006543075245365322,0.004362050163576881,0.004362050163576881,0.0,0.014176663031624863,0.0054525627044711015,0.006543075245365322,0.0010905125408942203,0.0,0.011995637949836423,0.0,0.0021810250817884407,0.017448200654307525,0.003271537622682661,0.08396946564885496,0.0,0.0010905125408942203,0.0,0.11777535441657579,0.004362050163576881,0.016357688113413305,0.0,0.006543075245365322,0.0010905125408942203,0.022900763358778626,0.0010905125408942203,0.0021810250817884407,0.010905125408942203,0.0,0.0021810250817884407,0.006543075245365322,0.0,0.0021810250817884407,0.003271537622682661,0.003271537622682661,0.009814612868047983,0.0,0.006543075245365322,0.013086150490730643,0.0054525627044711015,0.0,0.0021810250817884407,0.006543075245365322,0.0021810250817884407,0.003271537622682661,0.0021810250817884407,0.0,0.0,0.006543075245365322,0.006543075245365322,0.003271537622682661,0.0,0.14285714285714285,0.03380588876772083,0.0021810250817884407,0.0021810250817884407,0.009814612868047983,0.003271537622682661,0.0,0.2050163576881134,0.0054525627044711015,0.0021810250817884407,0.0
301,0.0,0.0,0.010805500982318271,0.004911591355599214,0.0029469548133595285,0.0009823182711198428,0.011787819253438114,0.0009823182711198428,0.004911591355599214,0.0009823182711198428,0.0,0.0,0.012770137524557957,0.0,0.003929273084479371,0.0,0.004911591355599214,0.0068762278978389,0.0009823182711198428,0.0029469548133595285,0.0068762278978389,0.003929273084479371,0.0019646365422396855,0.0029469548133595285,0.0009823182711198428,0.0009823182711198428,0.0019646365422396855,0.0,0.0019646365422396855,0.0,0.0,0.0009823182711198428,0.005893909626719057,0.0029469548133595285,0.003929273084479371,0.0,0.014734774066797643,0.0,0.0029469548133595285,0.0,0.0,0.0009823182711198428,0.005893909626719057,0.008840864440078585,0.0,0.003929273084479371,0.0,0.008840864440078585,0.0019646365422396855,0.004911591355599214,0.0,0.16306483300589392,0.009823182711198428,0.01669941060903733,0.008840864440078585,0.15422396856581533,0.0,0.0,0.003929273084479371,0.0019646365422396855,0.0009823182711198428,0.0,0.0009823182711198428,0.003929273084479371,0.0,0.003929273084479371,0.0009823182711198428,0.0,0.0,0.0,0.003929273084479371,0.0019646365422396855,0.011787819253438114,0.0029469548133595285,0.003929273084479371,0.0009823182711198428,0.003929273084479371,0.003929273084479371,0.003929273084479371,0.0009823182711198428,0.003929273084479371,0.0019646365422396855,0.0,0.012770137524557957,0.0,0.005893909626719057,0.0,0.0,0.009823182711198428,0.1994106090373281,0.0,0.0,0.0009823182711198428,0.0137524557956778,0.0019646365422396855,0.003929273084479371,0.16895874263261296,0.005893909626719057,0.0,0.003929273084479371
302,0.0,0.003980099502487562,0.0,0.0009950248756218905,0.004975124378109453,0.004975124378109453,0.0009950248756218905,0.0029850746268656717,0.0,0.0,0.007960199004975124,0.009950248756218905,0.006965174129353234,0.0,0.006965174129353234,0.0,0.0009950248756218905,0.009950248756218905,0.006965174129353234,0.0009950248756218905,0.009950248756218905,0.005970149253731343,0.006965174129353234,0.0,0.013930348258706468,0.0,0.008955223880597015,0.005970149253731343,0.0009950248756218905,0.0,0.001990049751243781,0.0,0.006965174129353234,0.0,0.007960199004975124,0.0,0.0,0.0009950248756218905,0.006965174129353234,0.0029850746268656717,0.011940298507462687,0.014925373134328358,0.005970149253731343,0.0,0.007960199004975124,0.0,0.004975124378109453,0.001990049751243781,0.0029850746268656717,0.0,0.001990049751243781,0.09353233830845771,0.0,0.0029850746268656717,0.0029850746268656717,0.1681592039800995,0.0029850746268656717,0.024875621890547265,0.026865671641791045,0.009950248756218905,0.001990049751243781,0.005970149253731343,0.0009950248756218905,0.001990049751243781,0.003980099502487562,0.0,0.003980099502487562,0.0,0.009950248756218905,0.001990049751243781,0.0,0.0,0.0,0.0,0.005970149253731343,0.004975124378109453,0.01791044776119403,0.006965174129353234,0.0,0.005970149253731343,0.001990049751243781,0.001990049751243781,0.0009950248756218905,0.001990049751243781,0.0029850746268656717,0.012935323383084577,0.0009950248756218905,0.001990049751243781,0.007960199004975124,0.13432835820895522,0.0,0.011940298507462687,0.009950248756218905,0.0029850746268656717,0.0,0.013930348258706468,0.1681592039800995,0.010945273631840797,0.0,0.005970149253731343
303,0.007881773399014778,0.003940886699507389,0.0,0.0009852216748768472,0.0019704433497536944,0.014778325123152709,0.005911330049261084,0.01083743842364532,0.005911330049261084,0.007881773399014778,0.0019704433497536944,0.0009852216748768472,0.011822660098522168,0.0049261083743842365,0.026600985221674877,0.0,0.006896551724137931,0.013793103448275862,0.0,0.003940886699507389,0.0009852216748768472,0.002955665024630542,0.0049261083743842365,0.002955665024630542,0.002955665024630542,0.02167487684729064,0.005911330049261084,0.027586206896551724,0.0019704433497536944,0.008866995073891626,0.008866995073891626,0.003940886699507389,0.006896551724137931,0.0019704433497536944,0.002955665024630542,0.002955665024630542,0.0,0.0,0.0,0.0009852216748768472,0.0,0.003940886699507389,0.009852216748768473,0.0,0.0019704433497536944,0.0019704433497536944,0.013793103448275862,0.003940886699507389,0.0,0.0,0.0009852216748768472,0.12019704433497537,0.01083743842364532,0.020689655172413793,0.0049261083743842365,0.13004926108374384,0.0,0.0019704433497536944,0.0009852216748768472,0.009852216748768473,0.0,0.0,0.002955665024630542,0.005911330049261084,0.0009852216748768472,0.0019704433497536944,0.002955665024630542,0.003940886699507389,0.006896551724137931,0.0,0.0019704433497536944,0.007881773399014778,0.01083743842364532,0.003940886699507389,0.003940886699507389,0.0049261083743842365,0.0,0.009852216748768473,0.002955665024630542,0.0,0.0187192118226601,0.0,0.005911330049261084,0.0009852216748768472,0.003940886699507389,0.0,0.014778325123152709,0.006896551724137931,0.006896551724137931,0.15960591133004925,0.0019704433497536944,0.0,0.024630541871921183,0.002955665024630542,0.0,0.005911330049261084,0.09064039408866995,0.0,0.0009852216748768472,0.006896551724137931
304,0.0,0.004835589941972921,0.017408123791102514,0.0009671179883945841,0.006769825918762089,0.007736943907156673,0.0,0.0009671179883945841,0.0019342359767891683,0.0009671179883945841,0.0,0.015473887814313346,0.012572533849129593,0.0029013539651837525,0.0009671179883945841,0.0029013539651837525,0.0029013539651837525,0.0,0.010638297872340425,0.0,0.0029013539651837525,0.015473887814313346,0.0019342359767891683,0.0009671179883945841,0.0,0.0,0.0,0.013539651837524178,0.0,0.0019342359767891683,0.0019342359767891683,0.006769825918762089,0.0019342359767891683,0.007736943907156673,0.010638297872340425,0.0029013539651837525,0.005802707930367505,0.022243713733075435,0.0,0.0019342359767891683,0.02321083172147002,0.0019342359767891683,0.005802707930367505,0.0009671179883945841,0.0,0.0,0.007736943907156673,0.0019342359767891683,0.0,0.0038684719535783366,0.024177949709864602,0.109284332688588,0.0,0.007736943907156673,0.0,0.09381044487427466,0.0009671179883945841,0.0,0.0019342359767891683,0.005802707930367505,0.007736943907156673,0.0009671179883945841,0.0,0.0038684719535783366,0.0019342359767891683,0.0038684719535783366,0.004835589941972921,0.0,0.005802707930367505,0.008704061895551257,0.008704061895551257,0.0,0.004835589941972921,0.0,0.0009671179883945841,0.0009671179883945841,0.010638297872340425,0.0,0.0,0.0029013539651837525,0.0019342359767891683,0.0009671179883945841,0.006769825918762089,0.005802707930367505,0.0,0.0038684719535783366,0.0019342359767891683,0.0,0.0019342359767891683,0.18181818181818182,0.006769825918762089,0.0019342359767891683,0.006769825918762089,0.006769825918762089,0.0029013539651837525,0.0019342359767891683,0.20309477756286268,0.0038684719535783366,0.013539651837524178,0.0029013539651837525
305,0.0,0.0,0.001282051282051282,0.001282051282051282,0.002564102564102564,0.0,0.0038461538461538464,0.005128205128205128,0.002564102564102564,0.0,0.0,0.0,0.01282051282051282,0.002564102564102564,0.005128205128205128,0.005128205128205128,0.002564102564102564,0.0,0.005128205128205128,0.001282051282051282,0.001282051282051282,0.010256410256410256,0.0,0.011538461538461539,0.017948717948717947,0.00641025641025641,0.0,0.014102564102564103,0.0,0.011538461538461539,0.03205128205128205,0.01282051282051282,0.001282051282051282,0.001282051282051282,0.0,0.010256410256410256,0.0,0.001282051282051282,0.005128205128205128,0.014102564102564103,0.010256410256410256,0.001282051282051282,0.0,0.0038461538461538464,0.0,0.0,0.0,0.017948717948717947,0.0,0.0038461538461538464,0.002564102564102564,0.11794871794871795,0.0,0.001282051282051282,0.0038461538461538464,0.12435897435897436,0.0,0.002564102564102564,0.0,0.001282051282051282,0.001282051282051282,0.00641025641025641,0.002564102564102564,0.014102564102564103,0.0038461538461538464,0.010256410256410256,0.010256410256410256,0.001282051282051282,0.002564102564102564,0.008974358974358974,0.0038461538461538464,0.005128205128205128,0.002564102564102564,0.0038461538461538464,0.01282051282051282,0.001282051282051282,0.0,0.0,0.0,0.010256410256410256,0.0,0.001282051282051282,0.002564102564102564,0.001282051282051282,0.01282051282051282,0.0,0.0,0.001282051282051282,0.007692307692307693,0.17435897435897435,0.0,0.0,0.0038461538461538464,0.0,0.020512820512820513,0.001282051282051282,0.16923076923076924,0.001282051282051282,0.005128205128205128,0.002564102564102564
306,0.000881057268722467,0.007048458149779736,0.0,0.004405286343612335,0.003524229074889868,0.0,0.0,0.000881057268722467,0.014096916299559472,0.003524229074889868,0.0,0.003524229074889868,0.0,0.0,0.004405286343612335,0.0,0.0026431718061674008,0.0026431718061674008,0.03259911894273128,0.009691629955947136,0.007929515418502203,0.001762114537444934,0.0,0.003524229074889868,0.0026431718061674008,0.004405286343612335,0.0026431718061674008,0.003524229074889868,0.000881057268722467,0.014096916299559472,0.000881057268722467,0.0,0.0,0.01145374449339207,0.001762114537444934,0.0052863436123348016,0.0,0.0,0.007048458149779736,0.0,0.003524229074889868,0.0026431718061674008,0.003524229074889868,0.0,0.004405286343612335,0.009691629955947136,0.0026431718061674008,0.0,0.000881057268722467,0.001762114537444934,0.001762114537444934,0.17092511013215858,0.0,0.003524229074889868,0.000881057268722467,0.15859030837004406,0.000881057268722467,0.004405286343612335,0.0,0.0,0.0,0.009691629955947136,0.006167400881057269,0.007929515418502203,0.000881057268722467,0.001762114537444934,0.0,0.0052863436123348016,0.014977973568281937,0.0026431718061674008,0.0052863436123348016,0.003524229074889868,0.004405286343612335,0.003524229074889868,0.000881057268722467,0.0,0.001762114537444934,0.000881057268722467,0.007048458149779736,0.004405286343612335,0.0052863436123348016,0.004405286343612335,0.02378854625550661,0.0026431718061674008,0.0052863436123348016,0.0,0.01145374449339207,0.0026431718061674008,0.001762114537444934,0.14889867841409693,0.001762114537444934,0.001762114537444934,0.0,0.0,0.003524229074889868,0.0,0.173568281938326,0.000881057268722467,0.000881057268722467,0.0026431718061674008
307,0.012024048096192385,0.0,0.001002004008016032,0.0,0.0,0.002004008016032064,0.0,0.014028056112224449,0.01503006012024048,0.0,0.00501002004008016,0.001002004008016032,0.006012024048096192,0.002004008016032064,0.003006012024048096,0.00501002004008016,0.002004008016032064,0.0070140280561122245,0.002004008016032064,0.012024048096192385,0.041082164328657314,0.0,0.006012024048096192,0.00501002004008016,0.0,0.0,0.001002004008016032,0.0070140280561122245,0.001002004008016032,0.0,0.003006012024048096,0.003006012024048096,0.001002004008016032,0.0,0.002004008016032064,0.01503006012024048,0.003006012024048096,0.006012024048096192,0.0,0.003006012024048096,0.002004008016032064,0.003006012024048096,0.0,0.00501002004008016,0.0,0.001002004008016032,0.008016032064128256,0.001002004008016032,0.0070140280561122245,0.004008016032064128,0.026052104208416832,0.12324649298597194,0.003006012024048096,0.0,0.001002004008016032,0.08917835671342686,0.003006012024048096,0.0,0.0,0.004008016032064128,0.003006012024048096,0.002004008016032064,0.001002004008016032,0.0,0.013026052104208416,0.02404809619238477,0.004008016032064128,0.001002004008016032,0.026052104208416832,0.0070140280561122245,0.001002004008016032,0.0070140280561122245,0.003006012024048096,0.0070140280561122245,0.003006012024048096,0.0,0.00501002004008016,0.0070140280561122245,0.0,0.041082164328657314,0.017034068136272545,0.006012024048096192,0.001002004008016032,0.004008016032064128,0.003006012024048096,0.006012024048096192,0.009018036072144289,0.00501002004008016,0.0,0.17535070140280562,0.0,0.0,0.002004008016032064,0.0,0.0,0.0,0.12925851703406813,0.00501002004008016,0.00501002004008016,0.01002004008016032
308,0.0,0.0020429009193054137,0.0030643513789581204,0.01634320735444331,0.005107252298263534,0.009193054136874362,0.0,0.006128702757916241,0.0,0.0,0.0,0.0030643513789581204,0.0,0.0010214504596527069,0.0030643513789581204,0.0010214504596527069,0.005107252298263534,0.013278855975485188,0.006128702757916241,0.0010214504596527069,0.011235955056179775,0.02349336057201226,0.007150153217568948,0.008171603677221655,0.01940755873340143,0.0020429009193054137,0.0010214504596527069,0.0,0.018386108273748723,0.0,0.0010214504596527069,0.0,0.018386108273748723,0.009193054136874362,0.0010214504596527069,0.0,0.007150153217568948,0.021450459652706845,0.0,0.0040858018386108275,0.0,0.0040858018386108275,0.0,0.0010214504596527069,0.0040858018386108275,0.0,0.0,0.006128702757916241,0.0,0.005107252298263534,0.005107252298263534,0.09090909090909091,0.0,0.0010214504596527069,0.0020429009193054137,0.18692543411644535,0.0,0.0030643513789581204,0.008171603677221655,0.0,0.0030643513789581204,0.0,0.0040858018386108275,0.007150153217568948,0.018386108273748723,0.0,0.026557711950970377,0.0010214504596527069,0.0030643513789581204,0.031664964249233915,0.0030643513789581204,0.012257405515832482,0.020429009193054137,0.0040858018386108275,0.0010214504596527069,0.0030643513789581204,0.026557711950970377,0.008171603677221655,0.0010214504596527069,0.007150153217568948,0.006128702757916241,0.020429009193054137,0.0020429009193054137,0.0030643513789581204,0.0,0.0030643513789581204,0.0010214504596527069,0.0,0.0020429009193054137,0.11031664964249234,0.0,0.0040858018386108275,0.02349336057201226,0.0,0.012257405515832482,0.0,0.0755873340143003,0.0020429009193054137,0.0030643513789581204,0.0030643513789581204
309,0.0,0.007194244604316547,0.0008992805755395684,0.0017985611510791368,0.0017985611510791368,0.0017985611510791368,0.0,0.0008992805755395684,0.006294964028776978,0.0,0.009892086330935251,0.0044964028776978415,0.0035971223021582736,0.0,0.002697841726618705,0.0,0.0,0.008992805755395683,0.006294964028776978,0.0,0.024280575539568347,0.0,0.0,0.00539568345323741,0.0035971223021582736,0.007194244604316547,0.015287769784172662,0.0008992805755395684,0.0,0.006294964028776978,0.007194244604316547,0.0008992805755395684,0.00539568345323741,0.0035971223021582736,0.0008992805755395684,0.00539568345323741,0.0008992805755395684,0.0035971223021582736,0.012589928057553957,0.0017985611510791368,0.0,0.0,0.0,0.0,0.006294964028776978,0.008093525179856115,0.002697841726618705,0.0017985611510791368,0.002697841726618705,0.02068345323741007,0.025179856115107913,0.10071942446043165,0.025179856115107913,0.006294964028776978,0.006294964028776978,0.1591726618705036,0.0044964028776978415,0.0044964028776978415,0.018884892086330936,0.0008992805755395684,0.0,0.022482014388489208,0.0008992805755395684,0.0035971223021582736,0.0,0.0044964028776978415,0.0035971223021582736,0.008093525179856115,0.0044964028776978415,0.0,0.002697841726618705,0.0008992805755395684,0.0,0.009892086330935251,0.0017985611510791368,0.0008992805755395684,0.008093525179856115,0.0017985611510791368,0.0044964028776978415,0.014388489208633094,0.0,0.0,0.008992805755395683,0.0035971223021582736,0.002697841726618705,0.006294964028776978,0.0008992805755395684,0.012589928057553957,0.0,0.12949640287769784,0.011690647482014389,0.0017985611510791368,0.0,0.008093525179856115,0.0,0.009892086330935251,0.14298561151079137,0.006294964028776978,0.0,0.006294964028776978
310,0.0,0.0,0.013114754098360656,0.0,0.017486338797814208,0.008743169398907104,0.0,0.0,0.0,0.004371584699453552,0.001092896174863388,0.001092896174863388,0.003278688524590164,0.001092896174863388,0.00546448087431694,0.001092896174863388,0.0,0.0,0.01092896174863388,0.00546448087431694,0.007650273224043716,0.001092896174863388,0.015300546448087432,0.002185792349726776,0.002185792349726776,0.00546448087431694,0.002185792349726776,0.0,0.015300546448087432,0.01092896174863388,0.002185792349726776,0.008743169398907104,0.006557377049180328,0.008743169398907104,0.006557377049180328,0.006557377049180328,0.008743169398907104,0.001092896174863388,0.018579234972677595,0.0,0.025136612021857924,0.0,0.0,0.01092896174863388,0.0,0.001092896174863388,0.001092896174863388,0.009836065573770493,0.004371584699453552,0.015300546448087432,0.0,0.11256830601092896,0.003278688524590164,0.0,0.0,0.12786885245901639,0.003278688524590164,0.0,0.001092896174863388,0.0,0.001092896174863388,0.0,0.013114754098360656,0.009836065573770493,0.003278688524590164,0.0,0.004371584699453552,0.0,0.018579234972677595,0.002185792349726776,0.009836065573770493,0.015300546448087432,0.01092896174863388,0.0,0.001092896174863388,0.013114754098360656,0.001092896174863388,0.0,0.001092896174863388,0.003278688524590164,0.013114754098360656,0.003278688524590164,0.0,0.012021857923497269,0.006557377049180328,0.004371584699453552,0.002185792349726776,0.001092896174863388,0.00546448087431694,0.13005464480874318,0.0,0.012021857923497269,0.0,0.001092896174863388,0.013114754098360656,0.0,0.1628415300546448,0.00546448087431694,0.0,0.0
311,0.0065005417118093175,0.0065005417118093175,0.0,0.011917659804983749,0.0,0.0010834236186348862,0.0032502708559046588,0.0021668472372697724,0.009750812567713976,0.0,0.0032502708559046588,0.0021668472372697724,0.0010834236186348862,0.0010834236186348862,0.0021668472372697724,0.0,0.0,0.004333694474539545,0.007583965330444204,0.0032502708559046588,0.007583965330444204,0.0065005417118093175,0.0,0.00866738894907909,0.0,0.0010834236186348862,0.0,0.009750812567713976,0.0,0.0,0.004333694474539545,0.0032502708559046588,0.0,0.014084507042253521,0.0032502708559046588,0.0032502708559046588,0.0010834236186348862,0.0065005417118093175,0.005417118093174431,0.010834236186348862,0.0010834236186348862,0.009750812567713976,0.011917659804983749,0.014084507042253521,0.0,0.018418201516793065,0.0032502708559046588,0.00866738894907909,0.0021668472372697724,0.0,0.005417118093174431,0.17984832069339113,0.0010834236186348862,0.004333694474539545,0.0010834236186348862,0.13217768147345613,0.0010834236186348862,0.0,0.0032502708559046588,0.0,0.005417118093174431,0.0,0.0021668472372697724,0.0021668472372697724,0.0010834236186348862,0.015167930660888408,0.0,0.0032502708559046588,0.0,0.0,0.005417118093174431,0.016251354279523293,0.0065005417118093175,0.0,0.0,0.0065005417118093175,0.015167930660888408,0.014084507042253521,0.0032502708559046588,0.00866738894907909,0.0021668472372697724,0.0021668472372697724,0.004333694474539545,0.00866738894907909,0.0065005417118093175,0.0021668472372697724,0.0065005417118093175,0.0,0.0,0.07150595882990249,0.005417118093174431,0.0021668472372697724,0.005417118093174431,0.007583965330444204,0.0010834236186348862,0.0,0.20801733477789816,0.0021668472372697724,0.0,0.009750812567713976
312,0.005543237250554324,0.0022172949002217295,0.0033259423503325942,0.0022172949002217295,0.013303769401330377,0.004434589800443459,0.0011086474501108647,0.009977827050997782,0.0,0.004434589800443459,0.0022172949002217295,0.0011086474501108647,0.0,0.0,0.0022172949002217295,0.0,0.007760532150776054,0.0,0.005543237250554324,0.0,0.0,0.0,0.0066518847006651885,0.0011086474501108647,0.0,0.0033259423503325942,0.009977827050997782,0.0,0.0,0.011086474501108648,0.0011086474501108647,0.0,0.009977827050997782,0.0,0.0011086474501108647,0.008869179600886918,0.0,0.02771618625277162,0.011086474501108648,0.0,0.0011086474501108647,0.0,0.0022172949002217295,0.0,0.024390243902439025,0.0066518847006651885,0.0011086474501108647,0.009977827050997782,0.014412416851441241,0.0022172949002217295,0.012195121951219513,0.07538802660753881,0.013303769401330377,0.0022172949002217295,0.008869179600886918,0.1984478935698448,0.0,0.0011086474501108647,0.0022172949002217295,0.0011086474501108647,0.008869179600886918,0.0066518847006651885,0.0,0.004434589800443459,0.0011086474501108647,0.0,0.0033259423503325942,0.013303769401330377,0.007760532150776054,0.005543237250554324,0.0066518847006651885,0.0022172949002217295,0.005543237250554324,0.013303769401330377,0.005543237250554324,0.0022172949002217295,0.0022172949002217295,0.011086474501108648,0.0011086474501108647,0.004434589800443459,0.012195121951219513,0.0011086474501108647,0.0,0.0,0.0011086474501108647,0.0033259423503325942,0.0022172949002217295,0.0011086474501108647,0.0,0.13414634146341464,0.0,0.0,0.0033259423503325942,0.0011086474501108647,0.007760532150776054,0.0011086474501108647,0.19068736141906872,0.0,0.0011086474501108647,0.0
313,0.0032258064516129032,0.0,0.014516129032258065,0.0,0.03225806451612903,0.00967741935483871,0.014516129032258065,0.0064516129032258064,0.004838709677419355,0.0,0.03387096774193549,0.0,0.0016129032258064516,0.0016129032258064516,0.008064516129032258,0.0,0.0,0.0,0.0016129032258064516,0.0,0.0,0.0,0.004838709677419355,0.0,0.012903225806451613,0.0016129032258064516,0.0,0.10967741935483871,0.0,0.0,0.0,0.03225806451612903,0.004838709677419355,0.004838709677419355,0.0,0.0032258064516129032,0.014516129032258065,0.008064516129032258,0.012903225806451613,0.02258064516129032,0.014516129032258065,0.2161290322580645,0.012903225806451613,0.0064516129032258064,0.0032258064516129032,0.00967741935483871,0.004838709677419355,0.0,0.004838709677419355,0.02258064516129032,0.0,0.004838709677419355,0.0016129032258064516,0.016129032258064516,0.004838709677419355,0.0,0.0016129032258064516,0.03870967741935484,0.0,0.0,0.004838709677419355,0.0032258064516129032,0.004838709677419355,0.07096774193548387,0.027419354838709678,0.0016129032258064516,0.004838709677419355,0.004838709677419355,0.0,0.00967741935483871,0.020967741935483872,0.0,0.0,0.0016129032258064516,0.004838709677419355,0.0,0.0016129032258064516,0.017741935483870968,0.0016129032258064516,0.0064516129032258064,0.0,0.0016129032258064516,0.0,0.0,0.0,0.00967741935483871,0.027419354838709678,0.008064516129032258,0.0,0.0,0.0,0.01129032258064516,0.0,0.0032258064516129032,0.01935483870967742,0.0032258064516129032,0.0,0.0,0.0016129032258064516,0.0
314,0.004149377593360996,0.005532503457814661,0.009681881051175657,0.017980636237897647,0.0,0.004149377593360996,0.006915629322268326,0.006915629322268326,0.0,0.0,0.009681881051175657,0.004149377593360996,0.008298755186721992,0.004149377593360996,0.0027662517289073307,0.006915629322268326,0.0,0.0013831258644536654,0.0,0.005532503457814661,0.0,0.0,0.0,0.0013831258644536654,0.0,0.0013831258644536654,0.005532503457814661,0.1632088520055325,0.015214384508990318,0.0,0.0,0.0027662517289073307,0.009681881051175657,0.0013831258644536654,0.0013831258644536654,0.012448132780082987,0.0318118948824343,0.034578146611341634,0.0,0.0027662517289073307,0.0013831258644536654,0.2572614107883817,0.0,0.035961272475795295,0.016597510373443983,0.0027662517289073307,0.004149377593360996,0.006915629322268326,0.004149377593360996,0.004149377593360996,0.0,0.0,0.0027662517289073307,0.005532503457814661,0.011065006915629323,0.02074688796680498,0.004149377593360996,0.006915629322268326,0.005532503457814661,0.0,0.0,0.004149377593360996,0.004149377593360996,0.0,0.013831258644536652,0.009681881051175657,0.0,0.005532503457814661,0.0013831258644536654,0.0,0.0,0.0,0.013831258644536652,0.0027662517289073307,0.004149377593360996,0.0013831258644536654,0.0,0.005532503457814661,0.0,0.024896265560165973,0.0,0.0,0.011065006915629323,0.008298755186721992,0.0,0.0,0.027662517289073305,0.0,0.0,0.016597510373443983,0.0013831258644536654,0.04149377593360996,0.008298755186721992,0.0,0.005532503457814661,0.005532503457814661,0.0013831258644536654,0.006915629322268326,0.0027662517289073307,0.0
315,0.002785515320334262,0.001392757660167131,0.004178272980501393,0.013927576601671309,0.0,0.03203342618384401,0.004178272980501393,0.001392757660167131,0.0,0.001392757660167131,0.0,0.009749303621169917,0.001392757660167131,0.0,0.001392757660167131,0.01532033426183844,0.05153203342618384,0.013927576601671309,0.001392757660167131,0.033426183844011144,0.001392757660167131,0.001392757660167131,0.0,0.006963788300835654,0.012534818941504178,0.0,0.02924791086350975,0.22423398328690808,0.012534818941504178,0.006963788300835654,0.004178272980501393,0.004178272980501393,0.001392757660167131,0.008356545961002786,0.005571030640668524,0.005571030640668524,0.005571030640668524,0.002785515320334262,0.013927576601671309,0.011142061281337047,0.0,0.14623955431754876,0.001392757660167131,0.037604456824512536,0.011142061281337047,0.01532033426183844,0.016713091922005572,0.004178272980501393,0.005571030640668524,0.001392757660167131,0.006963788300835654,0.0,0.001392757660167131,0.008356545961002786,0.0,0.001392757660167131,0.004178272980501393,0.0,0.002785515320334262,0.001392757660167131,0.009749303621169917,0.005571030640668524,0.001392757660167131,0.006963788300835654,0.0,0.005571030640668524,0.005571030640668524,0.0,0.001392757660167131,0.005571030640668524,0.016713091922005572,0.004178272980501393,0.006963788300835654,0.0,0.0,0.004178272980501393,0.0,0.0,0.0,0.001392757660167131,0.018105849582172703,0.001392757660167131,0.008356545961002786,0.001392757660167131,0.002785515320334262,0.005571030640668524,0.001392757660167131,0.005571030640668524,0.0,0.001392757660167131,0.0,0.0,0.005571030640668524,0.004178272980501393,0.03064066852367688,0.001392757660167131,0.0,0.019498607242339833,0.0,0.004178272980501393
316,0.005235602094240838,0.015706806282722512,0.0,0.009162303664921465,0.0,0.0,0.01963350785340314,0.0,0.007853403141361256,0.005235602094240838,0.0,0.0,0.010471204188481676,0.007853403141361256,0.002617801047120419,0.0013089005235602095,0.0,0.002617801047120419,0.009162303664921465,0.03534031413612566,0.0013089005235602095,0.003926701570680628,0.014397905759162303,0.0,0.017015706806282723,0.007853403141361256,0.0,0.22251308900523561,0.002617801047120419,0.0,0.017015706806282723,0.0013089005235602095,0.0013089005235602095,0.011780104712041885,0.028795811518324606,0.003926701570680628,0.031413612565445025,0.0,0.0,0.010471204188481676,0.002617801047120419,0.13743455497382198,0.007853403141361256,0.002617801047120419,0.005235602094240838,0.0013089005235602095,0.003926701570680628,0.002617801047120419,0.002617801047120419,0.015706806282722512,0.007853403141361256,0.005235602094240838,0.006544502617801047,0.005235602094240838,0.014397905759162303,0.04319371727748691,0.0013089005235602095,0.014397905759162303,0.003926701570680628,0.0,0.006544502617801047,0.0013089005235602095,0.0,0.0,0.0,0.010471204188481676,0.011780104712041885,0.002617801047120419,0.0013089005235602095,0.006544502617801047,0.005235602094240838,0.002617801047120419,0.0,0.0,0.0,0.0,0.005235602094240838,0.009162303664921465,0.007853403141361256,0.0,0.007853403141361256,0.0,0.002617801047120419,0.013089005235602094,0.005235602094240838,0.0013089005235602095,0.014397905759162303,0.01963350785340314,0.005235602094240838,0.003926701570680628,0.0,0.0,0.020942408376963352,0.006544502617801047,0.011780104712041885,0.002617801047120419,0.0,0.005235602094240838,0.013089005235602094,0.003926701570680628
317,0.0,0.0015552099533437014,0.003110419906687403,0.0,0.0,0.0,0.0015552099533437014,0.0015552099533437014,0.0,0.012441679626749611,0.0015552099533437014,0.007776049766718507,0.0,0.0015552099533437014,0.0015552099533437014,0.01088646967340591,0.0,0.015552099533437015,0.0,0.004665629860031105,0.0015552099533437014,0.0,0.0015552099533437014,0.0,0.013996889580093312,0.0015552099533437014,0.0,0.19284603421461896,0.004665629860031105,0.004665629860031105,0.004665629860031105,0.01088646967340591,0.0015552099533437014,0.02177293934681182,0.0,0.003110419906687403,0.0015552099533437014,0.0,0.0,0.0,0.0,0.2892690513219285,0.017107309486780714,0.02332814930015552,0.012441679626749611,0.012441679626749611,0.0,0.0,0.003110419906687403,0.03110419906687403,0.01088646967340591,0.003110419906687403,0.003110419906687403,0.003110419906687403,0.0,0.004665629860031105,0.0,0.0,0.01088646967340591,0.003110419906687403,0.003110419906687403,0.02332814930015552,0.003110419906687403,0.0,0.007776049766718507,0.006220839813374806,0.013996889580093312,0.0,0.0,0.004665629860031105,0.0,0.0,0.0015552099533437014,0.0,0.003110419906687403,0.0,0.0015552099533437014,0.006220839813374806,0.003110419906687403,0.003110419906687403,0.02021772939346812,0.003110419906687403,0.003110419906687403,0.0,0.007776049766718507,0.004665629860031105,0.0,0.01088646967340591,0.003110419906687403,0.007776049766718507,0.006220839813374806,0.017107309486780714,0.017107309486780714,0.0,0.004665629860031105,0.015552099533437015,0.02177293934681182,0.0,0.006220839813374806,0.013996889580093312
318,0.0030075187969924814,0.006015037593984963,0.010526315789473684,0.0030075187969924814,0.0015037593984962407,0.0015037593984962407,0.004511278195488722,0.004511278195488722,0.006015037593984963,0.0030075187969924814,0.0,0.0030075187969924814,0.009022556390977444,0.019548872180451128,0.0030075187969924814,0.0015037593984962407,0.007518796992481203,0.009022556390977444,0.0,0.007518796992481203,0.0,0.004511278195488722,0.004511278195488722,0.004511278195488722,0.0015037593984962407,0.015037593984962405,0.03007518796992481,0.1548872180451128,0.006015037593984963,0.0,0.0015037593984962407,0.012030075187969926,0.0,0.0,0.0,0.0030075187969924814,0.0,0.0,0.021052631578947368,0.006015037593984963,0.009022556390977444,0.2075187969924812,0.0030075187969924814,0.012030075187969926,0.0030075187969924814,0.0,0.010526315789473684,0.010526315789473684,0.0,0.013533834586466165,0.004511278195488722,0.012030075187969926,0.004511278195488722,0.006015037593984963,0.012030075187969926,0.016541353383458645,0.0015037593984962407,0.0,0.0,0.015037593984962405,0.016541353383458645,0.006015037593984963,0.022556390977443608,0.006015037593984963,0.0,0.0015037593984962407,0.019548872180451128,0.0,0.006015037593984963,0.0,0.006015037593984963,0.0015037593984962407,0.009022556390977444,0.010526315789473684,0.0,0.02406015037593985,0.0030075187969924814,0.006015037593984963,0.022556390977443608,0.0015037593984962407,0.0030075187969924814,0.007518796992481203,0.0,0.007518796992481203,0.007518796992481203,0.007518796992481203,0.0,0.004511278195488722,0.004511278195488722,0.0030075187969924814,0.01804511278195489,0.0015037593984962407,0.021052631578947368,0.0,0.006015037593984963,0.015037593984962405,0.0,0.0,0.0030075187969924814,0.01804511278195489
319,0.023968042609853527,0.017310252996005325,0.009320905459387484,0.0013315579227696406,0.03994673768308921,0.0013315579227696406,0.0013315579227696406,0.0013315579227696406,0.002663115845539281,0.011984021304926764,0.0013315579227696406,0.0013315579227696406,0.0039946737683089215,0.005326231691078562,0.002663115845539281,0.009320905459387484,0.0,0.02529960053262317,0.0,0.0013315579227696406,0.010652463382157125,0.011984021304926764,0.0,0.002663115845539281,0.006657789613848202,0.0013315579227696406,0.0,0.20372836218375498,0.0013315579227696406,0.0,0.0,0.002663115845539281,0.0013315579227696406,0.0,0.005326231691078562,0.0013315579227696406,0.0013315579227696406,0.0,0.0013315579227696406,0.0,0.002663115845539281,0.2237017310252996,0.005326231691078562,0.002663115845539281,0.0013315579227696406,0.0,0.0,0.002663115845539281,0.010652463382157125,0.0013315579227696406,0.0,0.0,0.0039946737683089215,0.014647137150466045,0.0013315579227696406,0.0039946737683089215,0.0,0.0013315579227696406,0.002663115845539281,0.0,0.0,0.0013315579227696406,0.0,0.0013315579227696406,0.019973368841544607,0.0,0.0039946737683089215,0.017310252996005325,0.0,0.007989347536617843,0.002663115845539281,0.002663115845539281,0.0,0.0,0.022636484687083888,0.02663115845539281,0.0,0.005326231691078562,0.02929427430093209,0.02529960053262317,0.0039946737683089215,0.0,0.0013315579227696406,0.0039946737683089215,0.0,0.02130492676431425,0.0039946737683089215,0.006657789613848202,0.03462050599201065,0.0013315579227696406,0.014647137150466045,0.007989347536617843,0.0013315579227696406,0.011984021304926764,0.0,0.0013315579227696406,0.002663115845539281,0.010652463382157125,0.011984021304926764,0.002663115845539281
320,0.008547008547008548,0.0,0.011396011396011397,0.0,0.01566951566951567,0.0,0.0014245014245014246,0.0,0.007122507122507123,0.0014245014245014246,0.0,0.0,0.002849002849002849,0.0014245014245014246,0.002849002849002849,0.0,0.01282051282051282,0.01566951566951567,0.0,0.0014245014245014246,0.0,0.0014245014245014246,0.011396011396011397,0.0,0.007122507122507123,0.004273504273504274,0.0,0.28062678062678065,0.004273504273504274,0.007122507122507123,0.017094017094017096,0.0014245014245014246,0.037037037037037035,0.0014245014245014246,0.0,0.017094017094017096,0.007122507122507123,0.0014245014245014246,0.0,0.002849002849002849,0.002849002849002849,0.1623931623931624,0.011396011396011397,0.01282051282051282,0.014245014245014245,0.0,0.0,0.008547008547008548,0.009971509971509971,0.0,0.0,0.004273504273504274,0.0,0.007122507122507123,0.0,0.009971509971509971,0.018518518518518517,0.0,0.0,0.007122507122507123,0.0,0.007122507122507123,0.01282051282051282,0.0,0.03418803418803419,0.0014245014245014246,0.03418803418803419,0.0014245014245014246,0.0,0.0,0.002849002849002849,0.0014245014245014246,0.019943019943019943,0.0,0.0,0.01282051282051282,0.004273504273504274,0.021367521367521368,0.002849002849002849,0.007122507122507123,0.0,0.0,0.0,0.0,0.021367521367521368,0.0,0.0,0.002849002849002849,0.0,0.007122507122507123,0.0,0.0014245014245014246,0.005698005698005698,0.0,0.0014245014245014246,0.0014245014245014246,0.03276353276353276,0.002849002849002849,0.005698005698005698,0.0
321,0.004261363636363636,0.0,0.0014204545454545455,0.007102272727272727,0.0014204545454545455,0.0014204545454545455,0.007102272727272727,0.019886363636363636,0.0,0.048295454545454544,0.0,0.009943181818181818,0.02130681818181818,0.0,0.007102272727272727,0.002840909090909091,0.005681818181818182,0.0014204545454545455,0.004261363636363636,0.0,0.0,0.014204545454545454,0.0,0.0014204545454545455,0.0,0.008522727272727272,0.008522727272727272,0.29829545454545453,0.008522727272727272,0.0,0.005681818181818182,0.011363636363636364,0.009943181818181818,0.008522727272727272,0.0014204545454545455,0.002840909090909091,0.002840909090909091,0.0,0.0,0.014204545454545454,0.005681818181818182,0.16051136363636365,0.004261363636363636,0.002840909090909091,0.0,0.014204545454545454,0.002840909090909091,0.0014204545454545455,0.0,0.017045454545454544,0.002840909090909091,0.0,0.01278409090909091,0.0014204545454545455,0.0014204545454545455,0.0014204545454545455,0.014204545454545454,0.0,0.0014204545454545455,0.0014204545454545455,0.007102272727272727,0.0,0.0,0.0,0.0,0.0014204545454545455,0.011363636363636364,0.0,0.005681818181818182,0.014204545454545454,0.0,0.0014204545454545455,0.0014204545454545455,0.008522727272727272,0.004261363636363636,0.007102272727272727,0.01278409090909091,0.005681818181818182,0.0,0.002840909090909091,0.0,0.0,0.0014204545454545455,0.009943181818181818,0.004261363636363636,0.005681818181818182,0.005681818181818182,0.0014204545454545455,0.004261363636363636,0.004261363636363636,0.0,0.03409090909090909,0.0014204545454545455,0.0,0.0014204545454545455,0.005681818181818182,0.007102272727272727,0.004261363636363636,0.03977272727272727,0.0
322,0.005961251862891207,0.007451564828614009,0.0029806259314456036,0.0,0.0014903129657228018,0.0014903129657228018,0.007451564828614009,0.020864381520119227,0.005961251862891207,0.0,0.0,0.0,0.00894187779433681,0.0,0.0029806259314456036,0.004470938897168405,0.0029806259314456036,0.0029806259314456036,0.019374068554396422,0.0014903129657228018,0.0,0.01788375558867362,0.011922503725782414,0.014903129657228018,0.011922503725782414,0.014903129657228018,0.007451564828614009,0.16840536512667661,0.005961251862891207,0.0,0.0,0.005961251862891207,0.0,0.0,0.01639344262295082,0.0029806259314456036,0.01788375558867362,0.0,0.0,0.0029806259314456036,0.019374068554396422,0.14903129657228018,0.0014903129657228018,0.0014903129657228018,0.013412816691505217,0.011922503725782414,0.0,0.005961251862891207,0.005961251862891207,0.0,0.0,0.0,0.0014903129657228018,0.01788375558867362,0.005961251862891207,0.00894187779433681,0.0,0.005961251862891207,0.0014903129657228018,0.0014903129657228018,0.00894187779433681,0.004470938897168405,0.02384500745156483,0.00894187779433681,0.00894187779433681,0.007451564828614009,0.011922503725782414,0.0,0.014903129657228018,0.0,0.03427719821162444,0.0014903129657228018,0.0029806259314456036,0.00894187779433681,0.0,0.01639344262295082,0.0,0.0,0.007451564828614009,0.00894187779433681,0.010432190760059613,0.02533532041728763,0.02384500745156483,0.013412816691505217,0.00894187779433681,0.0,0.0,0.014903129657228018,0.0014903129657228018,0.0,0.0014903129657228018,0.0029806259314456036,0.01639344262295082,0.028315946348733235,0.019374068554396422,0.0,0.0,0.0,0.0014903129657228018,0.013412816691505217
323,0.013333333333333334,0.017777777777777778,0.005925925925925926,0.025185185185185185,0.0,0.0,0.005925925925925926,0.002962962962962963,0.0044444444444444444,0.0,0.0014814814814814814,0.0044444444444444444,0.0,0.0014814814814814814,0.0014814814814814814,0.011851851851851851,0.0,0.0,0.0,0.005925925925925926,0.007407407407407408,0.0,0.0014814814814814814,0.0014814814814814814,0.002962962962962963,0.0014814814814814814,0.01037037037037037,0.20148148148148148,0.0,0.016296296296296295,0.022222222222222223,0.002962962962962963,0.01037037037037037,0.0,0.0014814814814814814,0.0,0.022222222222222223,0.047407407407407405,0.002962962962962963,0.0044444444444444444,0.002962962962962963,0.25037037037037035,0.0014814814814814814,0.0,0.0,0.005925925925925926,0.0,0.007407407407407408,0.002962962962962963,0.01037037037037037,0.023703703703703703,0.002962962962962963,0.028148148148148148,0.008888888888888889,0.0,0.002962962962962963,0.0,0.008888888888888889,0.007407407407407408,0.0014814814814814814,0.002962962962962963,0.008888888888888889,0.0014814814814814814,0.0,0.0,0.007407407407407408,0.025185185185185185,0.01037037037037037,0.0,0.0044444444444444444,0.0,0.002962962962962963,0.0,0.0,0.002962962962962963,0.0,0.01037037037037037,0.0044444444444444444,0.013333333333333334,0.0,0.0014814814814814814,0.0,0.0044444444444444444,0.0,0.0014814814814814814,0.0,0.002962962962962963,0.014814814814814815,0.008888888888888889,0.0,0.002962962962962963,0.002962962962962963,0.0014814814814814814,0.013333333333333334,0.0014814814814814814,0.01037037037037037,0.0014814814814814814,0.002962962962962963,0.002962962962962963,0.005925925925925926
324,0.0,0.002861230329041488,0.0,0.0,0.002861230329041488,0.011444921316165951,0.010014306151645207,0.02145922746781116,0.015736766809728183,0.004291845493562232,0.004291845493562232,0.01430615164520744,0.002861230329041488,0.0,0.01859799713876967,0.005722460658082976,0.001430615164520744,0.0,0.0,0.0,0.0,0.020028612303290415,0.005722460658082976,0.010014306151645207,0.001430615164520744,0.011444921316165951,0.002861230329041488,0.20743919885550788,0.01859799713876967,0.002861230329041488,0.027181688125894134,0.004291845493562232,0.004291845493562232,0.017167381974248927,0.001430615164520744,0.001430615164520744,0.011444921316165951,0.002861230329041488,0.010014306151645207,0.0,0.0,0.11015736766809728,0.0,0.005722460658082976,0.001430615164520744,0.0,0.001430615164520744,0.005722460658082976,0.00715307582260372,0.001430615164520744,0.0,0.005722460658082976,0.002861230329041488,0.005722460658082976,0.001430615164520744,0.0,0.0,0.012875536480686695,0.0,0.008583690987124463,0.010014306151645207,0.02145922746781116,0.04864091559370529,0.001430615164520744,0.0,0.00715307582260372,0.002861230329041488,0.011444921316165951,0.0,0.002861230329041488,0.004291845493562232,0.00715307582260372,0.005722460658082976,0.002861230329041488,0.008583690987124463,0.002861230329041488,0.001430615164520744,0.00715307582260372,0.002861230329041488,0.004291845493562232,0.0,0.00715307582260372,0.0,0.005722460658082976,0.002861230329041488,0.030042918454935622,0.017167381974248927,0.001430615164520744,0.002861230329041488,0.001430615164520744,0.004291845493562232,0.005722460658082976,0.04864091559370529,0.03719599427753934,0.005722460658082976,0.0,0.001430615164520744,0.001430615164520744,0.027181688125894134,0.0
325,0.0,0.0054869684499314125,0.023319615912208505,0.0054869684499314125,0.0,0.0013717421124828531,0.02194787379972565,0.012345679012345678,0.0,0.015089163237311385,0.00411522633744856,0.006858710562414266,0.0,0.01783264746227709,0.00411522633744856,0.0027434842249657062,0.009602194787379973,0.00411522633744856,0.0013717421124828531,0.0027434842249657062,0.0054869684499314125,0.01783264746227709,0.0,0.012345679012345678,0.0,0.009602194787379973,0.0,0.11385459533607682,0.015089163237311385,0.01646090534979424,0.0,0.0,0.01783264746227709,0.0054869684499314125,0.009602194787379973,0.00411522633744856,0.00411522633744856,0.0,0.006858710562414266,0.0054869684499314125,0.0013717421124828531,0.25102880658436216,0.0027434842249657062,0.0,0.0027434842249657062,0.006858710562414266,0.0205761316872428,0.00823045267489712,0.0013717421124828531,0.0013717421124828531,0.0,0.019204389574759947,0.0,0.0027434842249657062,0.009602194787379973,0.0013717421124828531,0.009602194787379973,0.00411522633744856,0.006858710562414266,0.0,0.0,0.00823045267489712,0.00823045267489712,0.0054869684499314125,0.006858710562414266,0.0,0.0013717421124828531,0.0013717421124828531,0.0054869684499314125,0.0,0.009602194787379973,0.0054869684499314125,0.02194787379972565,0.0013717421124828531,0.009602194787379973,0.023319615912208505,0.0027434842249657062,0.0,0.00411522633744856,0.02880658436213992,0.0013717421124828531,0.023319615912208505,0.0054869684499314125,0.00411522633744856,0.010973936899862825,0.0,0.0013717421124828531,0.0027434842249657062,0.0,0.00411522633744856,0.0013717421124828531,0.0027434842249657062,0.0013717421124828531,0.0,0.006858710562414266,0.0054869684499314125,0.009602194787379973,0.0,0.02194787379972565,0.0205761316872428
326,0.0,0.0,0.0,0.009966777408637873,0.006644518272425249,0.004429678848283499,0.0,0.0011074197120708748,0.005537098560354375,0.0,0.0221483942414175,0.0011074197120708748,0.0011074197120708748,0.028792912513842746,0.014396456256921373,0.0,0.007751937984496124,0.006644518272425249,0.0033222591362126247,0.0,0.0022148394241417496,0.016611295681063124,0.004429678848283499,0.0033222591362126247,0.0011074197120708748,0.0,0.007751937984496124,0.19047619047619047,0.015503875968992248,0.006644518272425249,0.0033222591362126247,0.0,0.0033222591362126247,0.0011074197120708748,0.015503875968992248,0.004429678848283499,0.012181616832779624,0.004429678848283499,0.0011074197120708748,0.004429678848283499,0.0022148394241417496,0.23145071982281284,0.006644518272425249,0.005537098560354375,0.006644518272425249,0.006644518272425249,0.0,0.0011074197120708748,0.0,0.0011074197120708748,0.0,0.008859357696566999,0.0033222591362126247,0.0033222591362126247,0.0033222591362126247,0.024363233665559248,0.005537098560354375,0.0022148394241417496,0.007751937984496124,0.0011074197120708748,0.018826135105204873,0.012181616832779624,0.0022148394241417496,0.008859357696566999,0.005537098560354375,0.004429678848283499,0.005537098560354375,0.0,0.023255813953488372,0.0,0.012181616832779624,0.023255813953488372,0.0022148394241417496,0.0,0.017718715393133997,0.008859357696566999,0.0011074197120708748,0.0022148394241417496,0.0022148394241417496,0.005537098560354375,0.008859357696566999,0.0,0.024363233665559248,0.0,0.0033222591362126247,0.012181616832779624,0.0,0.0011074197120708748,0.02547065337763012,0.004429678848283499,0.004429678848283499,0.0,0.0033222591362126247,0.0022148394241417496,0.0,0.013289036544850499,0.0,0.0,0.006644518272425249,0.0022148394241417496
327,0.006570302233902759,0.002628120893561104,0.013140604467805518,0.018396846254927726,0.01445466491458607,0.00788436268068331,0.001314060446780552,0.0,0.011826544021024968,0.0,0.023653088042049936,0.0,0.005256241787122208,0.009198423127463863,0.009198423127463863,0.009198423127463863,0.030223390275952694,0.0,0.02102496714848883,0.0,0.010512483574244415,0.001314060446780552,0.02759526938239159,0.005256241787122208,0.00788436268068331,0.003942181340341655,0.0,0.1366622864651774,0.005256241787122208,0.006570302233902759,0.023653088042049936,0.003942181340341655,0.011826544021024968,0.0,0.001314060446780552,0.003942181340341655,0.0,0.0,0.002628120893561104,0.00788436268068331,0.006570302233902759,0.26544021024967146,0.006570302233902759,0.0,0.0,0.0,0.018396846254927726,0.001314060446780552,0.002628120893561104,0.017082785808147174,0.003942181340341655,0.02102496714848883,0.0,0.0,0.00788436268068331,0.013140604467805518,0.0,0.003942181340341655,0.001314060446780552,0.001314060446780552,0.001314060446780552,0.011826544021024968,0.002628120893561104,0.005256241787122208,0.013140604467805518,0.001314060446780552,0.010512483574244415,0.001314060446780552,0.002628120893561104,0.003942181340341655,0.001314060446780552,0.005256241787122208,0.0,0.018396846254927726,0.0,0.003942181340341655,0.0,0.0,0.0,0.0,0.001314060446780552,0.00788436268068331,0.003942181340341655,0.009198423127463863,0.003942181340341655,0.00788436268068331,0.0,0.0,0.001314060446780552,0.001314060446780552,0.0,0.0,0.0,0.01445466491458607,0.002628120893561104,0.001314060446780552,0.035479632063074903,0.0,0.0,0.011826544021024968
328,0.013313609467455622,0.0,0.02514792899408284,0.0,0.0029585798816568047,0.0029585798816568047,0.022189349112426034,0.0,0.0014792899408284023,0.01775147928994083,0.0,0.0014792899408284023,0.005917159763313609,0.04585798816568047,0.008875739644970414,0.0073964497041420114,0.010355029585798817,0.0014792899408284023,0.011834319526627219,0.01775147928994083,0.0029585798816568047,0.0,0.008875739644970414,0.0,0.008875739644970414,0.0,0.01775147928994083,0.12130177514792899,0.0,0.004437869822485207,0.04437869822485207,0.0,0.0,0.0,0.0,0.05917159763313609,0.0,0.0014792899408284023,0.0,0.0,0.004437869822485207,0.27071005917159763,0.03106508875739645,0.0,0.008875739644970414,0.0,0.011834319526627219,0.0,0.004437869822485207,0.0014792899408284023,0.0,0.004437869822485207,0.0,0.0,0.016272189349112426,0.0,0.0029585798816568047,0.0,0.0029585798816568047,0.011834319526627219,0.0,0.0,0.0029585798816568047,0.0,0.0,0.0,0.0073964497041420114,0.0073964497041420114,0.0,0.0014792899408284023,0.004437869822485207,0.0,0.0029585798816568047,0.004437869822485207,0.0029585798816568047,0.0,0.022189349112426034,0.011834319526627219,0.0,0.0029585798816568047,0.0029585798816568047,0.0,0.010355029585798817,0.0,0.0,0.023668639053254437,0.0,0.011834319526627219,0.0,0.004437869822485207,0.005917159763313609,0.004437869822485207,0.0,0.0029585798816568047,0.0014792899408284023,0.0029585798816568047,0.0,0.0,0.014792899408284023,0.005917159763313609
329,0.01977401129943503,0.014124293785310734,0.007062146892655367,0.0,0.00423728813559322,0.0,0.002824858757062147,0.00423728813559322,0.0,0.0014124293785310734,0.02401129943502825,0.0,0.0,0.03248587570621469,0.0,0.0,0.0,0.0014124293785310734,0.002824858757062147,0.007062146892655367,0.0,0.026836158192090395,0.0211864406779661,0.0,0.00423728813559322,0.00423728813559322,0.009887005649717515,0.15819209039548024,0.0,0.0014124293785310734,0.002824858757062147,0.0,0.009887005649717515,0.0014124293785310734,0.011299435028248588,0.0,0.0014124293785310734,0.007062146892655367,0.0,0.025423728813559324,0.007062146892655367,0.24293785310734464,0.0211864406779661,0.012711864406779662,0.0,0.00423728813559322,0.005649717514124294,0.0,0.00423728813559322,0.00847457627118644,0.00423728813559322,0.002824858757062147,0.0,0.0,0.0014124293785310734,0.0,0.0014124293785310734,0.007062146892655367,0.002824858757062147,0.005649717514124294,0.018361581920903956,0.005649717514124294,0.00847457627118644,0.0014124293785310734,0.0014124293785310734,0.012711864406779662,0.0,0.00423728813559322,0.002824858757062147,0.011299435028248588,0.0014124293785310734,0.0,0.0014124293785310734,0.0014124293785310734,0.01694915254237288,0.005649717514124294,0.005649717514124294,0.00847457627118644,0.0014124293785310734,0.0014124293785310734,0.0,0.00423728813559322,0.0,0.007062146892655367,0.002824858757062147,0.0,0.007062146892655367,0.002824858757062147,0.0,0.014124293785310734,0.0211864406779661,0.00423728813559322,0.002824858757062147,0.01694915254237288,0.03531073446327684,0.009887005649717515,0.00423728813559322,0.0,0.011299435028248588,0.007062146892655367
330,0.0070028011204481795,0.0070028011204481795,0.012605042016806723,0.0028011204481792717,0.0,0.0028011204481792717,0.0070028011204481795,0.0014005602240896359,0.0,0.0,0.0014005602240896359,0.0,0.0,0.004201680672268907,0.0056022408963585435,0.0,0.012605042016806723,0.0,0.012605042016806723,0.0028011204481792717,0.01680672268907563,0.0014005602240896359,0.011204481792717087,0.004201680672268907,0.0028011204481792717,0.0028011204481792717,0.01680672268907563,0.2703081232492997,0.014005602240896359,0.0,0.028011204481792718,0.01680672268907563,0.0014005602240896359,0.0,0.0,0.0028011204481792717,0.0,0.0014005602240896359,0.0014005602240896359,0.004201680672268907,0.00980392156862745,0.12184873949579832,0.00980392156862745,0.0,0.008403361344537815,0.0,0.012605042016806723,0.004201680672268907,0.0056022408963585435,0.0014005602240896359,0.0,0.014005602240896359,0.00980392156862745,0.0028011204481792717,0.0028011204481792717,0.011204481792717087,0.01680672268907563,0.0,0.011204481792717087,0.004201680672268907,0.0,0.011204481792717087,0.0028011204481792717,0.01680672268907563,0.0014005602240896359,0.0350140056022409,0.008403361344537815,0.0,0.01680672268907563,0.0,0.0014005602240896359,0.012605042016806723,0.0,0.0056022408963585435,0.0,0.0,0.0,0.008403361344537815,0.014005602240896359,0.00980392156862745,0.029411764705882353,0.0070028011204481795,0.004201680672268907,0.011204481792717087,0.0,0.0,0.004201680672268907,0.0,0.0,0.0056022408963585435,0.0,0.018207282913165267,0.0056022408963585435,0.0,0.004201680672268907,0.012605042016806723,0.0028011204481792717,0.022408963585434174,0.0014005602240896359,0.004201680672268907
331,0.01738122827346466,0.0011587485515643105,0.009269988412514484,0.0,0.0,0.011587485515643106,0.0034762456546929316,0.0,0.011587485515643106,0.0,0.006952491309385863,0.009269988412514484,0.010428736964078795,0.0011587485515643105,0.04287369640787949,0.0034762456546929316,0.030127462340672075,0.011587485515643106,0.01738122827346466,0.030127462340672075,0.002317497103128621,0.010428736964078795,0.0,0.015063731170336037,0.0034762456546929316,0.0,0.004634994206257242,0.1853997682502897,0.008111239860950173,0.008111239860950173,0.0034762456546929316,0.002317497103128621,0.019698725376593278,0.0,0.0011587485515643105,0.009269988412514484,0.02085747392815759,0.023174971031286212,0.0,0.008111239860950173,0.006952491309385863,0.13904982618771727,0.01738122827346466,0.013904982618771726,0.002317497103128621,0.0034762456546929316,0.002317497103128621,0.002317497103128621,0.011587485515643106,0.011587485515643106,0.0,0.010428736964078795,0.015063731170336037,0.0011587485515643105,0.0,0.002317497103128621,0.0,0.0011587485515643105,0.012746234067207415,0.0,0.0,0.0011587485515643105,0.011587485515643106,0.002317497103128621,0.0,0.011587485515643106,0.0011587485515643105,0.0034762456546929316,0.0011587485515643105,0.010428736964078795,0.0011587485515643105,0.002317497103128621,0.026651216685979143,0.008111239860950173,0.0,0.0,0.012746234067207415,0.027809965237543453,0.0,0.0,0.0011587485515643105,0.012746234067207415,0.0,0.0011587485515643105,0.02433371958285052,0.0,0.0011587485515643105,0.008111239860950173,0.0,0.009269988412514484,0.002317497103128621,0.004634994206257242,0.002317497103128621,0.0011587485515643105,0.010428736964078795,0.0,0.0,0.0011587485515643105,0.0011587485515643105,0.0
332,0.013201320132013201,0.0,0.0,0.0049504950495049506,0.01155115511551155,0.0049504950495049506,0.0,0.0016501650165016502,0.0049504950495049506,0.0,0.01485148514851485,0.00825082508250825,0.0049504950495049506,0.0033003300330033004,0.01485148514851485,0.01155115511551155,0.006600660066006601,0.0033003300330033004,0.024752475247524754,0.0049504950495049506,0.0016501650165016502,0.0049504950495049506,0.0,0.0,0.006600660066006601,0.0016501650165016502,0.01485148514851485,0.17986798679867988,0.0049504950495049506,0.0,0.0016501650165016502,0.01155115511551155,0.009900990099009901,0.00825082508250825,0.009900990099009901,0.0,0.0,0.024752475247524754,0.0016501650165016502,0.0,0.006600660066006601,0.13861386138613863,0.0,0.01155115511551155,0.0033003300330033004,0.01155115511551155,0.006600660066006601,0.0,0.0,0.0033003300330033004,0.0297029702970297,0.013201320132013201,0.0033003300330033004,0.01155115511551155,0.0,0.028052805280528052,0.0016501650165016502,0.0049504950495049506,0.0,0.0,0.0049504950495049506,0.01155115511551155,0.018151815181518153,0.0033003300330033004,0.0,0.0,0.0016501650165016502,0.00825082508250825,0.0016501650165016502,0.0033003300330033004,0.018151815181518153,0.009900990099009901,0.0,0.028052805280528052,0.0165016501650165,0.0049504950495049506,0.0165016501650165,0.013201320132013201,0.0049504950495049506,0.0016501650165016502,0.0016501650165016502,0.0,0.0033003300330033004,0.018151815181518153,0.0016501650165016502,0.0033003300330033004,0.0297029702970297,0.0,0.0,0.013201320132013201,0.01155115511551155,0.01155115511551155,0.006600660066006601,0.006600660066006601,0.0016501650165016502,0.0165016501650165,0.0,0.0049504950495049506,0.0049504950495049506,0.0033003300330033004
333,0.008383233532934131,0.0,0.013173652694610778,0.0,0.0,0.0,0.005988023952095809,0.00718562874251497,0.0023952095808383233,0.0011976047904191617,0.004790419161676647,0.004790419161676647,0.010778443113772455,0.0,0.008383233532934131,0.0,0.032335329341317366,0.004790419161676647,0.0,0.0023952095808383233,0.0,0.005988023952095809,0.0023952095808383233,0.0011976047904191617,0.031137724550898204,0.003592814371257485,0.004790419161676647,0.13652694610778443,0.017964071856287425,0.01437125748502994,0.0,0.005988023952095809,0.00718562874251497,0.0023952095808383233,0.0,0.0,0.013173652694610778,0.016766467065868262,0.010778443113772455,0.0,0.0,0.2119760479041916,0.003592814371257485,0.0023952095808383233,0.011976047904191617,0.008383233532934131,0.016766467065868262,0.0011976047904191617,0.00718562874251497,0.011976047904191617,0.004790419161676647,0.008383233532934131,0.02035928143712575,0.004790419161676647,0.010778443113772455,0.0,0.0011976047904191617,0.005988023952095809,0.0,0.013173652694610778,0.016766467065868262,0.023952095808383235,0.0023952095808383233,0.011976047904191617,0.0023952095808383233,0.0,0.02874251497005988,0.009580838323353293,0.003592814371257485,0.0,0.010778443113772455,0.015568862275449102,0.003592814371257485,0.0,0.0,0.011976047904191617,0.0011976047904191617,0.008383233532934131,0.0,0.0011976047904191617,0.0,0.019161676646706587,0.0,0.0011976047904191617,0.0,0.017964071856287425,0.003592814371257485,0.0,0.0023952095808383233,0.003592814371257485,0.005988023952095809,0.0023952095808383233,0.02874251497005988,0.0011976047904191617,0.00718562874251497,0.004790419161676647,0.009580838323353293,0.003592814371257485,0.009580838323353293,0.0011976047904191617
334,0.003663003663003663,0.0,0.008547008547008548,0.017094017094017096,0.002442002442002442,0.0,0.007326007326007326,0.0,0.0,0.003663003663003663,0.001221001221001221,0.004884004884004884,0.003663003663003663,0.002442002442002442,0.002442002442002442,0.003663003663003663,0.001221001221001221,0.009768009768009768,0.006105006105006105,0.015873015873015872,0.0,0.007326007326007326,0.03907203907203907,0.05616605616605617,0.007326007326007326,0.0231990231990232,0.001221001221001221,0.20634920634920634,0.013431013431013432,0.0,0.019536019536019536,0.001221001221001221,0.0,0.0,0.004884004884004884,0.001221001221001221,0.001221001221001221,0.013431013431013432,0.0,0.009768009768009768,0.002442002442002442,0.15384615384615385,0.0,0.013431013431013432,0.0,0.013431013431013432,0.008547008547008548,0.0,0.020757020757020756,0.002442002442002442,0.001221001221001221,0.0,0.0,0.002442002442002442,0.0,0.003663003663003663,0.014652014652014652,0.015873015873015872,0.0,0.002442002442002442,0.008547008547008548,0.006105006105006105,0.020757020757020756,0.009768009768009768,0.0,0.03418803418803419,0.014652014652014652,0.0,0.004884004884004884,0.002442002442002442,0.0,0.0,0.0,0.01221001221001221,0.001221001221001221,0.0,0.0,0.02564102564102564,0.003663003663003663,0.006105006105006105,0.001221001221001221,0.007326007326007326,0.001221001221001221,0.0,0.003663003663003663,0.006105006105006105,0.007326007326007326,0.009768009768009768,0.003663003663003663,0.002442002442002442,0.0,0.007326007326007326,0.01098901098901099,0.006105006105006105,0.001221001221001221,0.0,0.001221001221001221,0.003663003663003663,0.02197802197802198,0.0
335,0.0011862396204033216,0.0011862396204033216,0.01542111506524318,0.002372479240806643,0.005931198102016607,0.018979833926453145,0.002372479240806643,0.0,0.0035587188612099642,0.0166073546856465,0.005931198102016607,0.017793594306049824,0.0166073546856465,0.005931198102016607,0.0035587188612099642,0.0011862396204033216,0.0011862396204033216,0.005931198102016607,0.0,0.002372479240806643,0.0035587188612099642,0.002372479240806643,0.00830367734282325,0.002372479240806643,0.0011862396204033216,0.0011862396204033216,0.0011862396204033216,0.2526690391459075,0.0,0.03202846975088968,0.0,0.0,0.014234875444839857,0.0011862396204033216,0.010676156583629894,0.002372479240806643,0.0011862396204033216,0.0,0.002372479240806643,0.005931198102016607,0.0,0.13641755634638197,0.0,0.0,0.0166073546856465,0.009489916963226572,0.027283511269276393,0.011862396204033215,0.0035587188612099642,0.0,0.004744958481613286,0.005931198102016607,0.01542111506524318,0.0,0.00830367734282325,0.011862396204033215,0.0,0.0011862396204033216,0.009489916963226572,0.0035587188612099642,0.0,0.004744958481613286,0.002372479240806643,0.004744958481613286,0.013048635824436536,0.0,0.014234875444839857,0.0,0.0011862396204033216,0.005931198102016607,0.0,0.00830367734282325,0.01542111506524318,0.01542111506524318,0.0,0.0,0.010676156583629894,0.01542111506524318,0.0,0.005931198102016607,0.02965599051008304,0.0,0.002372479240806643,0.0011862396204033216,0.0,0.013048635824436536,0.0035587188612099642,0.0,0.0011862396204033216,0.0011862396204033216,0.0071174377224199285,0.005931198102016607,0.0,0.0011862396204033216,0.0035587188612099642,0.009489916963226572,0.014234875444839857,0.0,0.03558718861209965,0.0166073546856465
336,0.005298013245033113,0.005298013245033113,0.003973509933774834,0.0,0.01456953642384106,0.007947019867549669,0.0013245033112582781,0.0013245033112582781,0.01456953642384106,0.013245033112582781,0.013245033112582781,0.007947019867549669,0.0,0.011920529801324504,0.025165562913907286,0.0,0.0,0.003973509933774834,0.018543046357615896,0.025165562913907286,0.003973509933774834,0.0,0.0013245033112582781,0.0026490066225165563,0.006622516556291391,0.005298013245033113,0.0013245033112582781,0.08741721854304636,0.009271523178807948,0.0026490066225165563,0.0013245033112582781,0.0,0.025165562913907286,0.0026490066225165563,0.030463576158940398,0.006622516556291391,0.0013245033112582781,0.006622516556291391,0.0,0.0,0.007947019867549669,0.21986754966887417,0.010596026490066225,0.009271523178807948,0.005298013245033113,0.01456953642384106,0.026490066225165563,0.003973509933774834,0.0,0.0,0.005298013245033113,0.0013245033112582781,0.0013245033112582781,0.0013245033112582781,0.0,0.0,0.003973509933774834,0.0,0.026490066225165563,0.0,0.007947019867549669,0.0013245033112582781,0.006622516556291391,0.003973509933774834,0.0026490066225165563,0.02384105960264901,0.0,0.0,0.005298013245033113,0.017218543046357615,0.011920529801324504,0.02781456953642384,0.003973509933774834,0.007947019867549669,0.005298013245033113,0.003973509933774834,0.010596026490066225,0.0,0.0013245033112582781,0.007947019867549669,0.0013245033112582781,0.0,0.0013245033112582781,0.0,0.018543046357615896,0.019867549668874173,0.01456953642384106,0.04370860927152318,0.009271523178807948,0.0,0.0026490066225165563,0.003973509933774834,0.0,0.007947019867549669,0.0013245033112582781,0.007947019867549669,0.007947019867549669,0.0,0.0,0.003973509933774834
337,0.0013850415512465374,0.002770083102493075,0.00554016620498615,0.0013850415512465374,0.0013850415512465374,0.002770083102493075,0.018005540166204988,0.0,0.023545706371191136,0.006925207756232687,0.0,0.00554016620498615,0.0,0.0013850415512465374,0.0013850415512465374,0.00554016620498615,0.006925207756232687,0.00554016620498615,0.008310249307479225,0.0,0.0013850415512465374,0.004155124653739612,0.0013850415512465374,0.0,0.0,0.0,0.0,0.12049861495844875,0.018005540166204988,0.009695290858725761,0.02077562326869806,0.008310249307479225,0.0,0.01662049861495845,0.0,0.019390581717451522,0.02077562326869806,0.0,0.0013850415512465374,0.008310249307479225,0.0,0.18005540166204986,0.004155124653739612,0.006925207756232687,0.0,0.0013850415512465374,0.012465373961218837,0.006925207756232687,0.0,0.0013850415512465374,0.0110803324099723,0.002770083102493075,0.004155124653739612,0.0110803324099723,0.013850415512465374,0.0,0.05263157894736842,0.012465373961218837,0.0013850415512465374,0.0,0.0013850415512465374,0.03462603878116344,0.002770083102493075,0.002770083102493075,0.009695290858725761,0.0013850415512465374,0.013850415512465374,0.029085872576177285,0.0,0.0,0.006925207756232687,0.0013850415512465374,0.0013850415512465374,0.0013850415512465374,0.004155124653739612,0.018005540166204988,0.0013850415512465374,0.009695290858725761,0.004155124653739612,0.04155124653739612,0.0,0.013850415512465374,0.012465373961218837,0.0110803324099723,0.009695290858725761,0.002770083102493075,0.024930747922437674,0.00554016620498615,0.013850415512465374,0.0,0.0,0.002770083102493075,0.0,0.006925207756232687,0.002770083102493075,0.0013850415512465374,0.00554016620498615,0.0221606648199446,0.00554016620498615,0.0013850415512465374
338,0.0161090458488228,0.004956629491945477,0.0161090458488228,0.0037174721189591076,0.0,0.007434944237918215,0.009913258983890954,0.006195786864931847,0.0,0.0,0.006195786864931847,0.0,0.0,0.0012391573729863693,0.0012391573729863693,0.0037174721189591076,0.0,0.01982651796778191,0.03593556381660471,0.0012391573729863693,0.0024783147459727386,0.006195786864931847,0.0037174721189591076,0.01734820322180917,0.0,0.01734820322180917,0.01858736059479554,0.23667905824039653,0.01982651796778191,0.0,0.0,0.006195786864931847,0.0,0.0,0.0012391573729863693,0.006195786864931847,0.0,0.0,0.013630731102850062,0.0037174721189591076,0.0012391573729863693,0.09789343246592318,0.0,0.022304832713754646,0.0024783147459727386,0.008674101610904586,0.0012391573729863693,0.023543990086741014,0.004956629491945477,0.012391573729863693,0.0012391573729863693,0.0037174721189591076,0.0024783147459727386,0.0,0.0024783147459727386,0.0012391573729863693,0.0012391573729863693,0.0024783147459727386,0.0037174721189591076,0.0,0.0,0.006195786864931847,0.004956629491945477,0.0012391573729863693,0.0012391573729863693,0.007434944237918215,0.0024783147459727386,0.011152416356877323,0.0161090458488228,0.0024783147459727386,0.0,0.024783147459727387,0.0,0.0037174721189591076,0.0,0.008674101610904586,0.007434944237918215,0.006195786864931847,0.0,0.0024783147459727386,0.030978934324659233,0.0024783147459727386,0.009913258983890954,0.004956629491945477,0.011152416356877323,0.022304832713754646,0.0024783147459727386,0.009913258983890954,0.0161090458488228,0.021065675340768277,0.004956629491945477,0.0,0.0,0.03965303593556382,0.008674101610904586,0.01486988847583643,0.0,0.006195786864931847,0.0,0.007434944237918215
339,0.004739336492890996,0.011058451816745656,0.01579778830963665,0.00631911532385466,0.014218009478672985,0.001579778830963665,0.004739336492890996,0.014218009478672985,0.01579778830963665,0.0,0.0,0.007898894154818325,0.01579778830963665,0.00315955766192733,0.004739336492890996,0.00315955766192733,0.0,0.00315955766192733,0.004739336492890996,0.026856240126382307,0.00631911532385466,0.001579778830963665,0.00631911532385466,0.001579778830963665,0.00631911532385466,0.00315955766192733,0.01579778830963665,0.11374407582938388,0.001579778830963665,0.001579778830963665,0.0,0.00315955766192733,0.0,0.01579778830963665,0.023696682464454975,0.001579778830963665,0.00315955766192733,0.018957345971563982,0.01263823064770932,0.001579778830963665,0.00315955766192733,0.14533965244865718,0.00631911532385466,0.004739336492890996,0.0,0.018957345971563982,0.0315955766192733,0.011058451816745656,0.014218009478672985,0.00315955766192733,0.017377567140600316,0.014218009478672985,0.001579778830963665,0.0315955766192733,0.0,0.004739336492890996,0.00631911532385466,0.0,0.007898894154818325,0.0,0.01263823064770932,0.0,0.009478672985781991,0.009478672985781991,0.02527646129541864,0.014218009478672985,0.0,0.01263823064770932,0.0,0.004739336492890996,0.0,0.00315955766192733,0.0,0.022116903633491312,0.014218009478672985,0.022116903633491312,0.00315955766192733,0.00315955766192733,0.0,0.00315955766192733,0.001579778830963665,0.0,0.001579778830963665,0.02843601895734597,0.0,0.004739336492890996,0.004739336492890996,0.0,0.00631911532385466,0.001579778830963665,0.017377567140600316,0.004739336492890996,0.017377567140600316,0.018957345971563982,0.0,0.004739336492890996,0.001579778830963665,0.001579778830963665,0.004739336492890996,0.001579778830963665
340,0.0029154518950437317,0.01749271137026239,0.0014577259475218659,0.0,0.004373177842565598,0.01020408163265306,0.03935860058309038,0.037900874635568516,0.04081632653061224,0.0,0.0,0.0058309037900874635,0.0,0.0058309037900874635,0.0014577259475218659,0.0058309037900874635,0.0,0.0014577259475218659,0.008746355685131196,0.004373177842565598,0.0,0.0014577259475218659,0.02040816326530612,0.0,0.004373177842565598,0.0058309037900874635,0.0014577259475218659,0.16326530612244897,0.0014577259475218659,0.008746355685131196,0.008746355685131196,0.0058309037900874635,0.011661807580174927,0.0,0.0058309037900874635,0.0029154518950437317,0.014577259475218658,0.0014577259475218659,0.0,0.0,0.0,0.1239067055393586,0.014577259475218658,0.0,0.018950437317784258,0.0014577259475218659,0.0,0.0,0.0,0.004373177842565598,0.0,0.013119533527696793,0.0058309037900874635,0.01749271137026239,0.016034985422740525,0.021865889212827987,0.021865889212827987,0.0,0.0,0.0014577259475218659,0.01020408163265306,0.0,0.007288629737609329,0.007288629737609329,0.01020408163265306,0.004373177842565598,0.004373177842565598,0.0029154518950437317,0.0029154518950437317,0.01749271137026239,0.0,0.014577259475218658,0.0014577259475218659,0.0029154518950437317,0.0,0.01020408163265306,0.004373177842565598,0.0,0.008746355685131196,0.021865889212827987,0.004373177842565598,0.0,0.021865889212827987,0.008746355685131196,0.0,0.0029154518950437317,0.004373177842565598,0.0014577259475218659,0.004373177842565598,0.01020408163265306,0.02478134110787172,0.008746355685131196,0.011661807580174927,0.0,0.01020408163265306,0.007288629737609329,0.0,0.007288629737609329,0.0,0.033527696793002916
341,0.0,0.00819672131147541,0.001366120218579235,0.0,0.01092896174863388,0.009562841530054645,0.01912568306010929,0.004098360655737705,0.0,0.00546448087431694,0.02459016393442623,0.004098360655737705,0.0,0.0,0.001366120218579235,0.00546448087431694,0.00819672131147541,0.00273224043715847,0.01366120218579235,0.001366120218579235,0.001366120218579235,0.00546448087431694,0.006830601092896175,0.015027322404371584,0.0,0.0,0.01092896174863388,0.16939890710382513,0.020491803278688523,0.009562841530054645,0.01912568306010929,0.01639344262295082,0.020491803278688523,0.0,0.00819672131147541,0.0,0.00273224043715847,0.00546448087431694,0.015027322404371584,0.001366120218579235,0.00546448087431694,0.20765027322404372,0.004098360655737705,0.00273224043715847,0.01366120218579235,0.0,0.0,0.006830601092896175,0.00546448087431694,0.004098360655737705,0.023224043715846996,0.0,0.0,0.0,0.0,0.004098360655737705,0.0,0.006830601092896175,0.006830601092896175,0.004098360655737705,0.012295081967213115,0.006830601092896175,0.00273224043715847,0.001366120218579235,0.01639344262295082,0.0,0.0,0.0,0.01092896174863388,0.00273224043715847,0.004098360655737705,0.0,0.0,0.00819672131147541,0.00273224043715847,0.0,0.006830601092896175,0.001366120218579235,0.0,0.00546448087431694,0.03415300546448088,0.001366120218579235,0.004098360655737705,0.015027322404371584,0.028688524590163935,0.012295081967213115,0.0,0.015027322404371584,0.00273224043715847,0.00546448087431694,0.015027322404371584,0.00546448087431694,0.0,0.01639344262295082,0.006830601092896175,0.0,0.001366120218579235,0.00546448087431694,0.004098360655737705,0.001366120218579235
342,0.008860759493670886,0.0,0.0,0.002531645569620253,0.0,0.0,0.0,0.0012658227848101266,0.0,0.015189873417721518,0.0037974683544303796,0.0012658227848101266,0.005063291139240506,0.021518987341772152,0.039240506329113925,0.005063291139240506,0.010126582278481013,0.002531645569620253,0.002531645569620253,0.013924050632911392,0.01139240506329114,0.02278481012658228,0.005063291139240506,0.010126582278481013,0.0189873417721519,0.007594936708860759,0.020253164556962026,0.16835443037974684,0.01139240506329114,0.006329113924050633,0.002531645569620253,0.002531645569620253,0.0012658227848101266,0.0012658227848101266,0.0,0.012658227848101266,0.002531645569620253,0.0037974683544303796,0.008860759493670886,0.0012658227848101266,0.0,0.20126582278481012,0.010126582278481013,0.002531645569620253,0.0,0.0012658227848101266,0.0012658227848101266,0.0012658227848101266,0.0037974683544303796,0.01139240506329114,0.002531645569620253,0.010126582278481013,0.010126582278481013,0.0012658227848101266,0.0012658227848101266,0.002531645569620253,0.005063291139240506,0.008860759493670886,0.012658227848101266,0.0012658227848101266,0.01139240506329114,0.0012658227848101266,0.002531645569620253,0.0,0.01139240506329114,0.02531645569620253,0.0012658227848101266,0.0012658227848101266,0.043037974683544304,0.008860759493670886,0.002531645569620253,0.002531645569620253,0.0,0.0,0.0,0.010126582278481013,0.008860759493670886,0.0,0.0,0.0,0.0037974683544303796,0.002531645569620253,0.0,0.0012658227848101266,0.0012658227848101266,0.0,0.008860759493670886,0.03164556962025317,0.006329113924050633,0.006329113924050633,0.010126582278481013,0.008860759493670886,0.005063291139240506,0.0012658227848101266,0.0,0.02278481012658228,0.0012658227848101266,0.015189873417721518,0.0,0.002531645569620253
343,0.001447178002894356,0.001447178002894356,0.0,0.0,0.005788712011577424,0.0,0.0,0.008683068017366137,0.0,0.0,0.01881331403762663,0.013024602026049204,0.0,0.001447178002894356,0.013024602026049204,0.004341534008683068,0.0,0.01881331403762663,0.013024602026049204,0.0,0.004341534008683068,0.001447178002894356,0.001447178002894356,0.0,0.002894356005788712,0.0,0.01447178002894356,0.11432706222865413,0.020260492040520984,0.0,0.004341534008683068,0.00723589001447178,0.00723589001447178,0.024602026049204053,0.0,0.0,0.002894356005788712,0.001447178002894356,0.005788712011577424,0.002894356005788712,0.0,0.15195369030390737,0.024602026049204053,0.0,0.004341534008683068,0.013024602026049204,0.004341534008683068,0.023154848046309694,0.017366136034732273,0.0,0.010130246020260492,0.0,0.013024602026049204,0.004341534008683068,0.0,0.00723589001447178,0.013024602026049204,0.0,0.008683068017366137,0.001447178002894356,0.030390738060781478,0.013024602026049204,0.03907380607814761,0.00723589001447178,0.005788712011577424,0.0,0.0,0.0,0.002894356005788712,0.013024602026049204,0.0,0.002894356005788712,0.0,0.01447178002894356,0.001447178002894356,0.02170767004341534,0.03328509406657019,0.02894356005788712,0.0,0.001447178002894356,0.0,0.008683068017366137,0.001447178002894356,0.001447178002894356,0.01881331403762663,0.02170767004341534,0.0,0.017366136034732273,0.0,0.0,0.0361794500723589,0.004341534008683068,0.01447178002894356,0.004341534008683068,0.013024602026049204,0.015918958031837915,0.002894356005788712,0.0,0.008683068017366137,0.002894356005788712
344,0.0,0.004291845493562232,0.0,0.011444921316165951,0.010014306151645207,0.0,0.0,0.00715307582260372,0.001430615164520744,0.015736766809728183,0.011444921316165951,0.0,0.0,0.0,0.011444921316165951,0.010014306151645207,0.055793991416309016,0.0,0.0,0.008583690987124463,0.001430615164520744,0.002861230329041488,0.0,0.008583690987124463,0.004291845493562232,0.002861230329041488,0.004291845493562232,0.19742489270386265,0.004291845493562232,0.0,0.010014306151645207,0.001430615164520744,0.008583690987124463,0.001430615164520744,0.030042918454935622,0.010014306151645207,0.005722460658082976,0.001430615164520744,0.011444921316165951,0.0,0.001430615164520744,0.17167381974248927,0.005722460658082976,0.005722460658082976,0.0,0.005722460658082976,0.005722460658082976,0.015736766809728183,0.001430615164520744,0.022889842632331903,0.00715307582260372,0.0,0.002861230329041488,0.02145922746781116,0.004291845493562232,0.0,0.01859799713876967,0.01430615164520744,0.0,0.0,0.015736766809728183,0.0,0.0,0.008583690987124463,0.002861230329041488,0.0,0.0,0.001430615164520744,0.02861230329041488,0.005722460658082976,0.004291845493562232,0.0,0.001430615164520744,0.01859799713876967,0.0,0.00715307582260372,0.0,0.0,0.0,0.0,0.010014306151645207,0.005722460658082976,0.015736766809728183,0.004291845493562232,0.015736766809728183,0.002861230329041488,0.015736766809728183,0.01430615164520744,0.005722460658082976,0.0,0.005722460658082976,0.015736766809728183,0.0,0.0,0.01430615164520744,0.002861230329041488,0.0,0.001430615164520744,0.001430615164520744,0.015736766809728183
345,0.0,0.010376134889753566,0.0025940337224383916,0.0012970168612191958,0.01556420233463035,0.0038910505836575876,0.01297016861219196,0.0025940337224383916,0.0038910505836575876,0.0012970168612191958,0.0038910505836575876,0.005188067444876783,0.0,0.0,0.020752269779507133,0.02204928664072633,0.0,0.005188067444876783,0.005188067444876783,0.03761348897535668,0.0,0.0,0.014267185473411154,0.0,0.005188067444876783,0.0012970168612191958,0.014267185473411154,0.2529182879377432,0.0012970168612191958,0.0038910505836575876,0.005188067444876783,0.009079118028534372,0.0,0.005188067444876783,0.0025940337224383916,0.014267185473411154,0.0012970168612191958,0.011673151750972763,0.005188067444876783,0.0,0.0,0.11802853437094682,0.007782101167315175,0.014267185473411154,0.0038910505836575876,0.0012970168612191958,0.0,0.019455252918287938,0.0025940337224383916,0.0012970168612191958,0.0025940337224383916,0.014267185473411154,0.01556420233463035,0.0038910505836575876,0.0012970168612191958,0.00648508430609598,0.010376134889753566,0.0,0.0,0.0,0.0,0.029831387808041506,0.0038910505836575876,0.0025940337224383916,0.0025940337224383916,0.0,0.0,0.0,0.0,0.011673151750972763,0.010376134889753566,0.0038910505836575876,0.0012970168612191958,0.010376134889753566,0.0038910505836575876,0.0,0.0,0.0,0.0,0.04409857328145266,0.0,0.054474708171206226,0.0,0.0025940337224383916,0.0,0.005188067444876783,0.011673151750972763,0.0,0.03501945525291829,0.0,0.0,0.005188067444876783,0.0012970168612191958,0.02594033722438392,0.0,0.0038910505836575876,0.0,0.0038910505836575876,0.0,0.0012970168612191958
346,0.014629049111807733,0.0,0.0010449320794148381,0.0,0.012539184952978056,0.003134796238244514,0.0,0.025078369905956112,0.003134796238244514,0.012539184952978056,0.01567398119122257,0.0020898641588296763,0.00522466039707419,0.003134796238244514,0.00522466039707419,0.009404388714733543,0.003134796238244514,0.0,0.0,0.0073145245559038665,0.0,0.0041797283176593526,0.0,0.003134796238244514,0.0,0.00522466039707419,0.003134796238244514,0.15569487983281086,0.0,0.017763845350052248,0.008359456635318705,0.0,0.0,0.0,0.0073145245559038665,0.012539184952978056,0.0010449320794148381,0.038662486938349006,0.0073145245559038665,0.0,0.0073145245559038665,0.2006269592476489,0.009404388714733543,0.0020898641588296763,0.0010449320794148381,0.0041797283176593526,0.0041797283176593526,0.00522466039707419,0.003134796238244514,0.0020898641588296763,0.0041797283176593526,0.00522466039707419,0.01044932079414838,0.024033437826541274,0.01044932079414838,0.0,0.01044932079414838,0.01044932079414838,0.017763845350052248,0.003134796238244514,0.0,0.006269592476489028,0.00522466039707419,0.003134796238244514,0.0041797283176593526,0.0010449320794148381,0.008359456635318705,0.0041797283176593526,0.0041797283176593526,0.0,0.01567398119122257,0.038662486938349006,0.019853709508881923,0.0010449320794148381,0.0,0.0,0.006269592476489028,0.0020898641588296763,0.011494252873563218,0.0073145245559038665,0.0010449320794148381,0.0020898641588296763,0.003134796238244514,0.018808777429467086,0.014629049111807733,0.0010449320794148381,0.0010449320794148381,0.0010449320794148381,0.017763845350052248,0.0010449320794148381,0.003134796238244514,0.006269592476489028,0.00522466039707419,0.0041797283176593526,0.0,0.003134796238244514,0.017763845350052248,0.01671891327063741,0.0020898641588296763,0.017763845350052248
347,0.0012953367875647669,0.0,0.0025906735751295338,0.012953367875647668,0.0012953367875647669,0.0038860103626943004,0.03238341968911917,0.010362694300518135,0.009067357512953367,0.0012953367875647669,0.0051813471502590676,0.006476683937823834,0.010362694300518135,0.010362694300518135,0.0025906735751295338,0.0,0.011658031088082901,0.02072538860103627,0.02072538860103627,0.0012953367875647669,0.009067357512953367,0.009067357512953367,0.0012953367875647669,0.0012953367875647669,0.0,0.0038860103626943004,0.0012953367875647669,0.23186528497409326,0.0012953367875647669,0.009067357512953367,0.0038860103626943004,0.0,0.0,0.0025906735751295338,0.0012953367875647669,0.027202072538860103,0.0,0.0038860103626943004,0.0025906735751295338,0.01683937823834197,0.0,0.13860103626943004,0.0,0.03626943005181347,0.009067357512953367,0.03238341968911917,0.0038860103626943004,0.0038860103626943004,0.0,0.010362694300518135,0.0,0.0038860103626943004,0.018134715025906734,0.0038860103626943004,0.0,0.0025906735751295338,0.0,0.01683937823834197,0.042746113989637305,0.0,0.0025906735751295338,0.0012953367875647669,0.0038860103626943004,0.0025906735751295338,0.0,0.027202072538860103,0.0,0.0,0.0025906735751295338,0.0012953367875647669,0.0,0.011658031088082901,0.0,0.0,0.0038860103626943004,0.0,0.0,0.0051813471502590676,0.0012953367875647669,0.006476683937823834,0.0012953367875647669,0.0012953367875647669,0.0,0.0012953367875647669,0.0,0.007772020725388601,0.0025906735751295338,0.010362694300518135,0.0038860103626943004,0.0,0.0038860103626943004,0.02849740932642487,0.0,0.015544041450777202,0.009067357512953367,0.0012953367875647669,0.009067357512953367,0.0038860103626943004,0.012953367875647668,0.0038860103626943004
348,0.0,0.01088646967340591,0.0,0.003110419906687403,0.017107309486780714,0.0,0.0,0.0,0.003110419906687403,0.003110419906687403,0.0,0.003110419906687403,0.006220839813374806,0.02332814930015552,0.003110419906687403,0.007776049766718507,0.0015552099533437014,0.0015552099533437014,0.006220839813374806,0.0015552099533437014,0.02177293934681182,0.007776049766718507,0.0,0.0,0.0,0.0015552099533437014,0.003110419906687403,0.15552099533437014,0.00933125972006221,0.0,0.006220839813374806,0.003110419906687403,0.024883359253499222,0.01088646967340591,0.007776049766718507,0.0015552099533437014,0.0015552099533437014,0.0,0.0015552099533437014,0.0,0.0015552099533437014,0.17107309486780714,0.024883359253499222,0.015552099533437015,0.027993779160186624,0.0015552099533437014,0.013996889580093312,0.01866251944012442,0.02177293934681182,0.0015552099533437014,0.01088646967340591,0.0,0.0,0.006220839813374806,0.006220839813374806,0.02021772939346812,0.004665629860031105,0.0,0.02021772939346812,0.006220839813374806,0.012441679626749611,0.0015552099533437014,0.02021772939346812,0.027993779160186624,0.0,0.03265940902021773,0.006220839813374806,0.0015552099533437014,0.003110419906687403,0.003110419906687403,0.0015552099533437014,0.0015552099533437014,0.004665629860031105,0.0,0.0,0.0,0.0,0.012441679626749611,0.003110419906687403,0.0,0.004665629860031105,0.00933125972006221,0.006220839813374806,0.0,0.006220839813374806,0.006220839813374806,0.0,0.015552099533437015,0.003110419906687403,0.017107309486780714,0.0,0.0015552099533437014,0.0015552099533437014,0.038880248833592534,0.024883359253499222,0.006220839813374806,0.003110419906687403,0.0015552099533437014,0.0,0.0
349,0.0,0.0013831258644536654,0.016597510373443983,0.013831258644536652,0.0013831258644536654,0.0013831258644536654,0.02627939142461964,0.0,0.0,0.0027662517289073307,0.0,0.0027662517289073307,0.0013831258644536654,0.0,0.022130013831258646,0.005532503457814661,0.0,0.006915629322268326,0.0,0.0027662517289073307,0.0027662517289073307,0.016597510373443983,0.029045643153526972,0.004149377593360996,0.02074688796680498,0.006915629322268326,0.0,0.18672199170124482,0.011065006915629323,0.0013831258644536654,0.005532503457814661,0.0013831258644536654,0.0013831258644536654,0.006915629322268326,0.005532503457814661,0.0,0.0,0.0,0.022130013831258646,0.0,0.016597510373443983,0.19225449515905949,0.006915629322268326,0.02351313969571231,0.004149377593360996,0.006915629322268326,0.0013831258644536654,0.0027662517289073307,0.013831258644536652,0.006915629322268326,0.005532503457814661,0.015214384508990318,0.0013831258644536654,0.0,0.0027662517289073307,0.0013831258644536654,0.0013831258644536654,0.004149377593360996,0.0027662517289073307,0.0027662517289073307,0.0,0.0,0.006915629322268326,0.0013831258644536654,0.0,0.0027662517289073307,0.008298755186721992,0.011065006915629323,0.0013831258644536654,0.005532503457814661,0.004149377593360996,0.005532503457814661,0.004149377593360996,0.005532503457814661,0.0027662517289073307,0.008298755186721992,0.006915629322268326,0.006915629322268326,0.0027662517289073307,0.006915629322268326,0.0013831258644536654,0.0,0.012448132780082987,0.011065006915629323,0.0,0.004149377593360996,0.016597510373443983,0.006915629322268326,0.016597510373443983,0.0,0.0013831258644536654,0.027662517289073305,0.011065006915629323,0.0027662517289073307,0.008298755186721992,0.009681881051175657,0.0013831258644536654,0.024896265560165973,0.0,0.012448132780082987
350,0.004622496147919877,0.0015408320493066256,0.0015408320493066256,0.0015408320493066256,0.01078582434514638,0.0015408320493066256,0.0061633281972265025,0.0,0.0015408320493066256,0.0,0.0,0.004622496147919877,0.0015408320493066256,0.01694915254237288,0.02773497688751926,0.0061633281972265025,0.01078582434514638,0.01386748844375963,0.02157164869029276,0.0,0.020030816640986132,0.0,0.0030816640986132513,0.0061633281972265025,0.0030816640986132513,0.0,0.0,0.2049306625577812,0.0030816640986132513,0.0030816640986132513,0.004622496147919877,0.01848998459167951,0.01078582434514638,0.01848998459167951,0.004622496147919877,0.0030816640986132513,0.0,0.0,0.004622496147919877,0.007704160246533128,0.01694915254237288,0.11864406779661017,0.004622496147919877,0.01078582434514638,0.01078582434514638,0.0015408320493066256,0.0030816640986132513,0.0015408320493066256,0.0030816640986132513,0.0061633281972265025,0.0015408320493066256,0.015408320493066256,0.009244992295839754,0.0015408320493066256,0.015408320493066256,0.004622496147919877,0.012326656394453005,0.004622496147919877,0.0,0.009244992295839754,0.0015408320493066256,0.01078582434514638,0.01694915254237288,0.0015408320493066256,0.007704160246533128,0.015408320493066256,0.0,0.0,0.029275808936825885,0.03852080123266564,0.0015408320493066256,0.0,0.01386748844375963,0.0030816640986132513,0.0061633281972265025,0.004622496147919877,0.004622496147919877,0.009244992295839754,0.0,0.007704160246533128,0.0015408320493066256,0.007704160246533128,0.0030816640986132513,0.0,0.0015408320493066256,0.007704160246533128,0.0015408320493066256,0.0,0.0030816640986132513,0.0,0.0015408320493066256,0.0,0.0015408320493066256,0.02465331278890601,0.04930662557781202,0.0015408320493066256,0.0,0.0030816640986132513,0.009244992295839754,0.01078582434514638
351,0.001364256480218281,0.001364256480218281,0.013642564802182811,0.004092769440654843,0.004092769440654843,0.008185538881309686,0.04229195088676671,0.002728512960436562,0.008185538881309686,0.004092769440654843,0.002728512960436562,0.004092769440654843,0.002728512960436562,0.0,0.008185538881309686,0.0,0.0,0.01637107776261937,0.0,0.0,0.0,0.010914051841746248,0.020463847203274217,0.001364256480218281,0.0068212824010914054,0.001364256480218281,0.0,0.23874488403819918,0.008185538881309686,0.009549795361527967,0.0,0.01227830832196453,0.0,0.002728512960436562,0.0,0.010914051841746248,0.017735334242837655,0.0,0.015006821282401092,0.0,0.005457025920873124,0.1432469304229195,0.005457025920873124,0.036834924965893585,0.0,0.015006821282401092,0.013642564802182811,0.0,0.004092769440654843,0.009549795361527967,0.0,0.008185538881309686,0.005457025920873124,0.009549795361527967,0.005457025920873124,0.005457025920873124,0.0,0.0,0.001364256480218281,0.001364256480218281,0.02592087312414734,0.001364256480218281,0.004092769440654843,0.001364256480218281,0.0068212824010914054,0.001364256480218281,0.0,0.0,0.013642564802182811,0.005457025920873124,0.001364256480218281,0.005457025920873124,0.004092769440654843,0.0,0.004092769440654843,0.008185538881309686,0.004092769440654843,0.008185538881309686,0.01227830832196453,0.0,0.0,0.010914051841746248,0.013642564802182811,0.002728512960436562,0.0,0.0,0.013642564802182811,0.008185538881309686,0.008185538881309686,0.0068212824010914054,0.004092769440654843,0.02455661664392906,0.0,0.01637107776261937,0.0,0.01227830832196453,0.0,0.001364256480218281,0.019099590723055934,0.0
352,0.00410958904109589,0.0013698630136986301,0.0,0.0013698630136986301,0.0,0.0,0.00684931506849315,0.0027397260273972603,0.01643835616438356,0.0,0.0,0.005479452054794521,0.0,0.00410958904109589,0.0013698630136986301,0.0013698630136986301,0.0136986301369863,0.00821917808219178,0.0027397260273972603,0.0,0.0136986301369863,0.024657534246575342,0.01780821917808219,0.00684931506849315,0.0013698630136986301,0.015068493150684932,0.021917808219178082,0.1863013698630137,0.00684931506849315,0.00684931506849315,0.031506849315068496,0.009589041095890411,0.0,0.00821917808219178,0.01643835616438356,0.0273972602739726,0.0013698630136986301,0.023287671232876714,0.0027397260273972603,0.0,0.0,0.11643835616438356,0.024657534246575342,0.056164383561643834,0.0013698630136986301,0.0013698630136986301,0.015068493150684932,0.00821917808219178,0.0027397260273972603,0.0,0.03972602739726028,0.0,0.0013698630136986301,0.0,0.00410958904109589,0.00684931506849315,0.0013698630136986301,0.00684931506849315,0.00684931506849315,0.0013698630136986301,0.0,0.015068493150684932,0.010958904109589041,0.01643835616438356,0.005479452054794521,0.0027397260273972603,0.0027397260273972603,0.0,0.009589041095890411,0.0136986301369863,0.01643835616438356,0.009589041095890411,0.012328767123287671,0.0013698630136986301,0.0,0.0013698630136986301,0.0013698630136986301,0.0027397260273972603,0.015068493150684932,0.0,0.00410958904109589,0.010958904109589041,0.0,0.0013698630136986301,0.00410958904109589,0.0027397260273972603,0.0013698630136986301,0.0027397260273972603,0.00684931506849315,0.0,0.010958904109589041,0.00410958904109589,0.0013698630136986301,0.0,0.0013698630136986301,0.0,0.00821917808219178,0.012328767123287671,0.00410958904109589,0.0
353,0.014824797843665768,0.004043126684636119,0.0,0.05121293800539083,0.0013477088948787063,0.0,0.0013477088948787063,0.0,0.008086253369272238,0.004043126684636119,0.0,0.012129380053908356,0.004043126684636119,0.0013477088948787063,0.0026954177897574125,0.0013477088948787063,0.0026954177897574125,0.004043126684636119,0.005390835579514825,0.01078167115902965,0.0,0.006738544474393531,0.01078167115902965,0.0026954177897574125,0.03099730458221024,0.008086253369272238,0.0,0.11320754716981132,0.004043126684636119,0.0026954177897574125,0.0215633423180593,0.02830188679245283,0.0026954177897574125,0.0,0.0026954177897574125,0.0026954177897574125,0.0013477088948787063,0.0013477088948787063,0.004043126684636119,0.0013477088948787063,0.01078167115902965,0.10107816711590296,0.004043126684636119,0.005390835579514825,0.029649595687331536,0.0,0.004043126684636119,0.0026954177897574125,0.013477088948787063,0.0026954177897574125,0.0013477088948787063,0.03504043126684636,0.004043126684636119,0.009433962264150943,0.005390835579514825,0.0013477088948787063,0.025606469002695417,0.006738544474393531,0.008086253369272238,0.01078167115902965,0.0013477088948787063,0.006738544474393531,0.0026954177897574125,0.004043126684636119,0.0013477088948787063,0.0,0.0026954177897574125,0.008086253369272238,0.0026954177897574125,0.004043126684636119,0.025606469002695417,0.0,0.014824797843665768,0.0026954177897574125,0.0,0.01078167115902965,0.02425876010781671,0.0,0.005390835579514825,0.022911051212938006,0.0,0.01078167115902965,0.013477088948787063,0.0,0.006738544474393531,0.016172506738544475,0.02021563342318059,0.012129380053908356,0.025606469002695417,0.0013477088948787063,0.02425876010781671,0.0,0.004043126684636119,0.029649595687331536,0.0215633423180593,0.005390835579514825,0.006738544474393531,0.0013477088948787063,0.0,0.004043126684636119
354,0.0,0.02,0.006666666666666667,0.0,0.004,0.0,0.004,0.0,0.0026666666666666666,0.017333333333333333,0.006666666666666667,0.0,0.0026666666666666666,0.014666666666666666,0.0,0.005333333333333333,0.05466666666666667,0.0,0.010666666666666666,0.02266666666666667,0.014666666666666666,0.005333333333333333,0.0026666666666666666,0.0026666666666666666,0.0013333333333333333,0.02,0.0,0.17866666666666667,0.0013333333333333333,0.0013333333333333333,0.0,0.0013333333333333333,0.010666666666666666,0.004,0.02,0.012,0.0026666666666666666,0.025333333333333333,0.009333333333333334,0.0013333333333333333,0.0,0.11733333333333333,0.008,0.0,0.0,0.0,0.0,0.0026666666666666666,0.008,0.0,0.009333333333333334,0.008,0.008,0.0,0.0,0.006666666666666667,0.0026666666666666666,0.024,0.008,0.005333333333333333,0.0013333333333333333,0.012,0.029333333333333333,0.004,0.012,0.018666666666666668,0.0026666666666666666,0.0013333333333333333,0.0,0.0,0.0,0.016,0.0,0.0013333333333333333,0.016,0.0013333333333333333,0.006666666666666667,0.018666666666666668,0.0,0.016,0.017333333333333333,0.0026666666666666666,0.036,0.0,0.0,0.0026666666666666666,0.004,0.0013333333333333333,0.0,0.0,0.04133333333333333,0.0013333333333333333,0.005333333333333333,0.014666666666666666,0.006666666666666667,0.0,0.004,0.0,0.006666666666666667,0.004
355,0.0,0.0,0.008631319358816275,0.004932182490752158,0.002466091245376079,0.007398273736128237,0.0,0.01726263871763255,0.004932182490752158,0.006165228113440197,0.0036991368680641184,0.002466091245376079,0.006165228113440197,0.011097410604192354,0.008631319358816275,0.0,0.0012330456226880395,0.02219482120838471,0.004932182490752158,0.0,0.0,0.0,0.0,0.004932182490752158,0.0036991368680641184,0.0,0.0012330456226880395,0.2441430332922318,0.002466091245376079,0.012330456226880395,0.006165228113440197,0.009864364981504316,0.006165228113440197,0.006165228113440197,0.009864364981504316,0.011097410604192354,0.0012330456226880395,0.0012330456226880395,0.002466091245376079,0.011097410604192354,0.0,0.2096177558569667,0.012330456226880395,0.0036991368680641184,0.004932182490752158,0.006165228113440197,0.002466091245376079,0.0012330456226880395,0.008631319358816275,0.018495684340320593,0.0012330456226880395,0.0,0.0,0.02096177558569667,0.008631319358816275,0.0,0.004932182490752158,0.008631319358816275,0.002466091245376079,0.0,0.0012330456226880395,0.0012330456226880395,0.02342786683107275,0.0036991368680641184,0.0012330456226880395,0.0,0.0,0.0,0.0036991368680641184,0.0,0.01726263871763255,0.01726263871763255,0.002466091245376079,0.002466091245376079,0.002466091245376079,0.016029593094944512,0.009864364981504316,0.009864364981504316,0.0,0.030826140567200986,0.008631319358816275,0.002466091245376079,0.0,0.011097410604192354,0.012330456226880395,0.0012330456226880395,0.0036991368680641184,0.016029593094944512,0.002466091245376079,0.0,0.004932182490752158,0.004932182490752158,0.0036991368680641184,0.0036991368680641184,0.011097410604192354,0.0,0.002466091245376079,0.007398273736128237,0.0,0.0
356,0.010714285714285714,0.0017857142857142857,0.017857142857142856,0.025,0.0017857142857142857,0.005357142857142857,0.0017857142857142857,0.0017857142857142857,0.007142857142857143,0.0017857142857142857,0.007142857142857143,0.0035714285714285713,0.0017857142857142857,0.0,0.0035714285714285713,0.0,0.0,0.0017857142857142857,0.0035714285714285713,0.008928571428571428,0.0017857142857142857,0.010714285714285714,0.005357142857142857,0.0,0.005357142857142857,0.0,0.01607142857142857,0.15714285714285714,0.0035714285714285713,0.017857142857142856,0.0,0.014285714285714285,0.008928571428571428,0.023214285714285715,0.019642857142857142,0.0017857142857142857,0.0035714285714285713,0.0,0.0125,0.019642857142857142,0.0,0.1875,0.008928571428571428,0.0,0.007142857142857143,0.033928571428571426,0.0,0.014285714285714285,0.0,0.026785714285714284,0.0,0.0,0.0,0.02857142857142857,0.0035714285714285713,0.0035714285714285713,0.0,0.0035714285714285713,0.0125,0.007142857142857143,0.0017857142857142857,0.005357142857142857,0.0017857142857142857,0.01607142857142857,0.0,0.030357142857142857,0.0017857142857142857,0.0125,0.0,0.0017857142857142857,0.008928571428571428,0.008928571428571428,0.005357142857142857,0.014285714285714285,0.0,0.0,0.0035714285714285713,0.008928571428571428,0.0,0.007142857142857143,0.007142857142857143,0.0,0.005357142857142857,0.008928571428571428,0.0017857142857142857,0.0,0.0,0.0035714285714285713,0.0035714285714285713,0.0017857142857142857,0.030357142857142857,0.0,0.005357142857142857,0.0017857142857142857,0.0017857142857142857,0.010714285714285714,0.010714285714285714,0.0,0.010714285714285714,0.0035714285714285713
357,0.014010507880910683,0.0035026269702276708,0.0017513134851138354,0.0017513134851138354,0.008756567425569177,0.0070052539404553416,0.010507880910683012,0.0,0.01576182136602452,0.0,0.0017513134851138354,0.0035026269702276708,0.01576182136602452,0.0017513134851138354,0.0017513134851138354,0.01926444833625219,0.0070052539404553416,0.040280210157618214,0.0,0.01576182136602452,0.040280210157618214,0.012259194395796848,0.0017513134851138354,0.05253940455341506,0.0017513134851138354,0.005253940455341506,0.012259194395796848,0.159369527145359,0.0017513134851138354,0.0017513134851138354,0.0,0.005253940455341506,0.0,0.012259194395796848,0.0,0.017513134851138354,0.012259194395796848,0.01576182136602452,0.012259194395796848,0.0070052539404553416,0.0,0.15236427320490367,0.014010507880910683,0.0017513134851138354,0.0,0.0035026269702276708,0.005253940455341506,0.0070052539404553416,0.012259194395796848,0.0,0.0,0.0,0.005253940455341506,0.0,0.0017513134851138354,0.010507880910683012,0.008756567425569177,0.012259194395796848,0.0070052539404553416,0.0035026269702276708,0.01926444833625219,0.0017513134851138354,0.0,0.0,0.0070052539404553416,0.0,0.012259194395796848,0.005253940455341506,0.005253940455341506,0.008756567425569177,0.010507880910683012,0.0,0.0,0.0,0.0017513134851138354,0.0,0.005253940455341506,0.02276707530647986,0.0,0.0017513134851138354,0.0,0.0017513134851138354,0.03502626970227671,0.008756567425569177,0.014010507880910683,0.0017513134851138354,0.0035026269702276708,0.0035026269702276708,0.0,0.017513134851138354,0.0017513134851138354,0.0,0.0,0.0,0.0017513134851138354,0.0,0.01576182136602452,0.0,0.0070052539404553416,0.0
358,0.012605042016806723,0.0070028011204481795,0.011204481792717087,0.004201680672268907,0.0028011204481792717,0.0070028011204481795,0.004201680672268907,0.0,0.0028011204481792717,0.01680672268907563,0.004201680672268907,0.029411764705882353,0.029411764705882353,0.0014005602240896359,0.028011204481792718,0.0070028011204481795,0.0028011204481792717,0.004201680672268907,0.00980392156862745,0.0014005602240896359,0.0,0.0,0.008403361344537815,0.0070028011204481795,0.0014005602240896359,0.018207282913165267,0.0014005602240896359,0.23669467787114845,0.004201680672268907,0.018207282913165267,0.0014005602240896359,0.011204481792717087,0.0014005602240896359,0.0,0.0028011204481792717,0.0014005602240896359,0.025210084033613446,0.02100840336134454,0.0,0.0014005602240896359,0.0056022408963585435,0.11904761904761904,0.0028011204481792717,0.0056022408963585435,0.0014005602240896359,0.00980392156862745,0.03081232492997199,0.0070028011204481795,0.0014005602240896359,0.012605042016806723,0.0,0.0,0.014005602240896359,0.0,0.0,0.0,0.02661064425770308,0.00980392156862745,0.004201680672268907,0.0056022408963585435,0.014005602240896359,0.0,0.0014005602240896359,0.0014005602240896359,0.0,0.01680672268907563,0.0070028011204481795,0.0070028011204481795,0.0028011204481792717,0.004201680672268907,0.011204481792717087,0.0014005602240896359,0.008403361344537815,0.0,0.004201680672268907,0.0,0.014005602240896359,0.0,0.0070028011204481795,0.018207282913165267,0.00980392156862745,0.0070028011204481795,0.0,0.0,0.0,0.0,0.0,0.0014005602240896359,0.015406162464985995,0.0014005602240896359,0.012605042016806723,0.011204481792717087,0.0,0.0,0.0,0.008403361344537815,0.004201680672268907,0.0028011204481792717,0.0,0.0028011204481792717
359,0.0,0.003870967741935484,0.012903225806451613,0.023225806451612905,0.0012903225806451613,0.0,0.014193548387096775,0.0064516129032258064,0.01032258064516129,0.0012903225806451613,0.0012903225806451613,0.0012903225806451613,0.015483870967741935,0.0064516129032258064,0.007741935483870968,0.0,0.007741935483870968,0.014193548387096775,0.0012903225806451613,0.012903225806451613,0.005161290322580645,0.014193548387096775,0.0012903225806451613,0.003870967741935484,0.0025806451612903226,0.0,0.003870967741935484,0.11225806451612903,0.0025806451612903226,0.0,0.007741935483870968,0.012903225806451613,0.003870967741935484,0.0012903225806451613,0.01032258064516129,0.007741935483870968,0.025806451612903226,0.0012903225806451613,0.0,0.007741935483870968,0.023225806451612905,0.18580645161290324,0.0025806451612903226,0.0,0.012903225806451613,0.03483870967741935,0.0,0.0012903225806451613,0.025806451612903226,0.0,0.0,0.01935483870967742,0.01806451612903226,0.012903225806451613,0.003870967741935484,0.005161290322580645,0.0,0.005161290322580645,0.0025806451612903226,0.005161290322580645,0.012903225806451613,0.04,0.0,0.0,0.003870967741935484,0.0025806451612903226,0.0,0.012903225806451613,0.005161290322580645,0.003870967741935484,0.003870967741935484,0.0,0.011612903225806452,0.0,0.0012903225806451613,0.005161290322580645,0.0012903225806451613,0.005161290322580645,0.005161290322580645,0.0064516129032258064,0.0012903225806451613,0.003870967741935484,0.007741935483870968,0.0025806451612903226,0.0012903225806451613,0.0025806451612903226,0.00903225806451613,0.0012903225806451613,0.007741935483870968,0.0012903225806451613,0.024516129032258065,0.003870967741935484,0.0012903225806451613,0.03096774193548387,0.011612903225806452,0.0064516129032258064,0.014193548387096775,0.02064516129032258,0.0,0.0012903225806451613
360,0.0,0.03904282115869018,0.003778337531486146,0.008816120906801008,0.0012594458438287153,0.006297229219143577,0.006297229219143577,0.0,0.0025188916876574307,0.0,0.0025188916876574307,0.013853904282115869,0.0012594458438287153,0.003778337531486146,0.0,0.007556675062972292,0.0025188916876574307,0.0,0.0,0.017632241813602016,0.010075566750629723,0.006297229219143577,0.005037783375314861,0.006297229219143577,0.0012594458438287153,0.008816120906801008,0.006297229219143577,0.2619647355163728,0.0163727959697733,0.003778337531486146,0.0012594458438287153,0.0,0.012594458438287154,0.007556675062972292,0.0163727959697733,0.003778337531486146,0.0025188916876574307,0.0,0.0025188916876574307,0.0025188916876574307,0.0,0.11712846347607053,0.0012594458438287153,0.0,0.003778337531486146,0.0012594458438287153,0.0012594458438287153,0.005037783375314861,0.006297229219143577,0.0012594458438287153,0.017632241813602016,0.008816120906801008,0.0,0.006297229219143577,0.0,0.0,0.010075566750629723,0.005037783375314861,0.005037783375314861,0.03400503778337532,0.003778337531486146,0.0,0.0025188916876574307,0.0012594458438287153,0.015113350125944584,0.006297229219143577,0.005037783375314861,0.003778337531486146,0.006297229219143577,0.0,0.0025188916876574307,0.007556675062972292,0.005037783375314861,0.0025188916876574307,0.011335012594458438,0.003778337531486146,0.0163727959697733,0.030226700251889168,0.008816120906801008,0.0,0.0,0.017632241813602016,0.0025188916876574307,0.003778337531486146,0.0,0.0,0.0,0.0012594458438287153,0.010075566750629723,0.0012594458438287153,0.0,0.0,0.012594458438287154,0.018891687657430732,0.04659949622166247,0.005037783375314861,0.0012594458438287153,0.017632241813602016,0.0,0.012594458438287154
361,0.01174934725848564,0.010443864229765013,0.0,0.009138381201044387,0.005221932114882507,0.0013054830287206266,0.006527415143603133,0.0026109660574412533,0.006527415143603133,0.007832898172323759,0.0039164490861618795,0.0026109660574412533,0.01174934725848564,0.0026109660574412533,0.0013054830287206266,0.013054830287206266,0.0,0.016971279373368148,0.018276762402088774,0.01174934725848564,0.0039164490861618795,0.0026109660574412533,0.0,0.0,0.0026109660574412533,0.0013054830287206266,0.007832898172323759,0.1422976501305483,0.0,0.009138381201044387,0.0026109660574412533,0.018276762402088774,0.0026109660574412533,0.0,0.0,0.018276762402088774,0.014360313315926894,0.0,0.016971279373368148,0.02349869451697128,0.007832898172323759,0.24934725848563968,0.0013054830287206266,0.0013054830287206266,0.009138381201044387,0.007832898172323759,0.0,0.020887728459530026,0.0,0.0013054830287206266,0.005221932114882507,0.0,0.0,0.0026109660574412533,0.005221932114882507,0.0,0.0,0.009138381201044387,0.0,0.024804177545691905,0.0,0.0013054830287206266,0.007832898172323759,0.013054830287206266,0.0,0.0,0.0013054830287206266,0.0039164490861618795,0.013054830287206266,0.05352480417754569,0.0,0.0,0.018276762402088774,0.0013054830287206266,0.0039164490861618795,0.0026109660574412533,0.013054830287206266,0.0,0.0026109660574412533,0.01174934725848564,0.015665796344647518,0.0026109660574412533,0.0,0.0039164490861618795,0.0026109660574412533,0.018276762402088774,0.0,0.0039164490861618795,0.0013054830287206266,0.0,0.0013054830287206266,0.007832898172323759,0.005221932114882507,0.013054830287206266,0.0,0.0,0.0026109660574412533,0.0013054830287206266,0.014360313315926894,0.0026109660574412533
362,0.0030864197530864196,0.006172839506172839,0.0015432098765432098,0.0030864197530864196,0.0030864197530864196,0.020061728395061727,0.004629629629629629,0.0,0.015432098765432098,0.010802469135802469,0.0,0.0,0.0,0.0030864197530864196,0.0,0.0,0.0,0.006172839506172839,0.0015432098765432098,0.0015432098765432098,0.013888888888888888,0.0015432098765432098,0.0,0.015432098765432098,0.0,0.010802469135802469,0.0030864197530864196,0.13734567901234568,0.0,0.007716049382716049,0.004629629629629629,0.021604938271604937,0.0030864197530864196,0.0015432098765432098,0.009259259259259259,0.004629629629629629,0.0015432098765432098,0.009259259259259259,0.004629629629629629,0.0030864197530864196,0.0015432098765432098,0.3055555555555556,0.0,0.0,0.0015432098765432098,0.0,0.0015432098765432098,0.009259259259259259,0.010802469135802469,0.0030864197530864196,0.0015432098765432098,0.0,0.0,0.0,0.004629629629629629,0.044753086419753084,0.006172839506172839,0.0015432098765432098,0.0,0.004629629629629629,0.007716049382716049,0.0,0.004629629629629629,0.0015432098765432098,0.004629629629629629,0.0015432098765432098,0.0030864197530864196,0.0,0.0015432098765432098,0.0,0.0015432098765432098,0.04938271604938271,0.032407407407407406,0.007716049382716049,0.020061728395061727,0.009259259259259259,0.006172839506172839,0.0,0.0015432098765432098,0.012345679012345678,0.0015432098765432098,0.010802469135802469,0.004629629629629629,0.006172839506172839,0.0015432098765432098,0.0015432098765432098,0.015432098765432098,0.020061728395061727,0.0,0.0,0.0,0.0,0.004629629629629629,0.009259259259259259,0.0015432098765432098,0.023148148148148147,0.0015432098765432098,0.0,0.0,0.0030864197530864196
363,0.004511278195488722,0.0030075187969924814,0.007518796992481203,0.022556390977443608,0.0,0.015037593984962405,0.012030075187969926,0.0015037593984962407,0.0,0.0015037593984962407,0.010526315789473684,0.0,0.013533834586466165,0.0,0.0030075187969924814,0.009022556390977444,0.006015037593984963,0.006015037593984963,0.02706766917293233,0.0015037593984962407,0.0,0.0,0.006015037593984963,0.031578947368421054,0.0015037593984962407,0.0,0.007518796992481203,0.15338345864661654,0.006015037593984963,0.013533834586466165,0.004511278195488722,0.0015037593984962407,0.0,0.0030075187969924814,0.009022556390977444,0.0015037593984962407,0.01804511278195489,0.009022556390977444,0.007518796992481203,0.0,0.016541353383458645,0.15037593984962405,0.010526315789473684,0.006015037593984963,0.02406015037593985,0.004511278195488722,0.0015037593984962407,0.019548872180451128,0.0015037593984962407,0.0015037593984962407,0.006015037593984963,0.007518796992481203,0.0015037593984962407,0.03458646616541353,0.0,0.006015037593984963,0.0,0.009022556390977444,0.009022556390977444,0.004511278195488722,0.0015037593984962407,0.0030075187969924814,0.009022556390977444,0.0,0.0015037593984962407,0.0,0.0015037593984962407,0.0030075187969924814,0.0,0.0,0.0,0.0,0.0015037593984962407,0.03308270676691729,0.0,0.0,0.0,0.004511278195488722,0.0015037593984962407,0.0030075187969924814,0.015037593984962405,0.01804511278195489,0.015037593984962405,0.0015037593984962407,0.0,0.0,0.0,0.02706766917293233,0.021052631578947368,0.0,0.016541353383458645,0.0,0.0030075187969924814,0.0,0.0,0.0030075187969924814,0.013533834586466165,0.06616541353383458,0.0,0.004511278195488722
364,0.0,0.007246376811594203,0.0014492753623188406,0.02463768115942029,0.005797101449275362,0.0,0.005797101449275362,0.0,0.004347826086956522,0.014492753623188406,0.002898550724637681,0.005797101449275362,0.0,0.005797101449275362,0.0,0.02608695652173913,0.008695652173913044,0.002898550724637681,0.004347826086956522,0.007246376811594203,0.007246376811594203,0.002898550724637681,0.0,0.002898550724637681,0.008695652173913044,0.0,0.002898550724637681,0.17391304347826086,0.004347826086956522,0.0,0.020289855072463767,0.02318840579710145,0.011594202898550725,0.0,0.010144927536231883,0.034782608695652174,0.008695652173913044,0.0,0.01884057971014493,0.011594202898550725,0.008695652173913044,0.1072463768115942,0.0,0.002898550724637681,0.005797101449275362,0.0014492753623188406,0.013043478260869565,0.004347826086956522,0.002898550724637681,0.0014492753623188406,0.002898550724637681,0.008695652173913044,0.0,0.015942028985507246,0.0014492753623188406,0.0014492753623188406,0.0,0.002898550724637681,0.02608695652173913,0.004347826086956522,0.0014492753623188406,0.011594202898550725,0.011594202898550725,0.0,0.004347826086956522,0.02753623188405797,0.008695652173913044,0.0,0.0,0.020289855072463767,0.010144927536231883,0.0014492753623188406,0.0014492753623188406,0.017391304347826087,0.011594202898550725,0.0,0.0,0.011594202898550725,0.011594202898550725,0.014492753623188406,0.0014492753623188406,0.0,0.002898550724637681,0.0,0.002898550724637681,0.021739130434782608,0.0,0.02608695652173913,0.0,0.0014492753623188406,0.0,0.0,0.0014492753623188406,0.0,0.0,0.007246376811594203,0.06521739130434782,0.007246376811594203,0.015942028985507246,0.0
365,0.00322061191626409,0.00966183574879227,0.0,0.00644122383252818,0.020933977455716585,0.001610305958132045,0.008051529790660225,0.0,0.00644122383252818,0.00966183574879227,0.00966183574879227,0.00644122383252818,0.00322061191626409,0.0,0.01288244766505636,0.00322061191626409,0.0,0.001610305958132045,0.01288244766505636,0.00966183574879227,0.001610305958132045,0.0,0.001610305958132045,0.001610305958132045,0.00322061191626409,0.0,0.00322061191626409,0.2673107890499195,0.040257648953301126,0.0,0.030595813204508857,0.0,0.0,0.001610305958132045,0.017713365539452495,0.008051529790660225,0.001610305958132045,0.017713365539452495,0.00644122383252818,0.0,0.033816425120772944,0.13526570048309178,0.001610305958132045,0.008051529790660225,0.00322061191626409,0.00966183574879227,0.004830917874396135,0.00644122383252818,0.0,0.00644122383252818,0.004830917874396135,0.0,0.00644122383252818,0.0,0.001610305958132045,0.001610305958132045,0.01932367149758454,0.001610305958132045,0.008051529790660225,0.014492753623188406,0.004830917874396135,0.004830917874396135,0.0644122383252818,0.0,0.00966183574879227,0.0,0.0,0.00644122383252818,0.0,0.008051529790660225,0.0,0.001610305958132045,0.0,0.00322061191626409,0.0,0.001610305958132045,0.0,0.008051529790660225,0.00322061191626409,0.004830917874396135,0.001610305958132045,0.0,0.0,0.001610305958132045,0.01288244766505636,0.001610305958132045,0.01288244766505636,0.0,0.001610305958132045,0.0,0.00644122383252818,0.00322061191626409,0.004830917874396135,0.00966183574879227,0.0,0.00966183574879227,0.001610305958132045,0.011272141706924315,0.00322061191626409,0.001610305958132045
366,0.0,0.004993757802746567,0.0024968789013732834,0.004993757802746567,0.003745318352059925,0.00749063670411985,0.0,0.0,0.008739076154806492,0.0012484394506866417,0.00749063670411985,0.019975031210986267,0.0,0.02372034956304619,0.0012484394506866417,0.0,0.003745318352059925,0.003745318352059925,0.00749063670411985,0.009987515605493134,0.012484394506866416,0.006242197253433208,0.003745318352059925,0.00749063670411985,0.012484394506866416,0.0149812734082397,0.0012484394506866417,0.1947565543071161,0.00749063670411985,0.004993757802746567,0.018726591760299626,0.0012484394506866417,0.0024968789013732834,0.0024968789013732834,0.004993757802746567,0.004993757802746567,0.003745318352059925,0.04369538077403246,0.0,0.0024968789013732834,0.0012484394506866417,0.1198501872659176,0.003745318352059925,0.006242197253433208,0.0,0.0012484394506866417,0.0,0.0024968789013732834,0.033707865168539325,0.0,0.0,0.017478152309612985,0.01373283395755306,0.012484394506866416,0.0,0.003745318352059925,0.006242197253433208,0.006242197253433208,0.0,0.01373283395755306,0.03870162297128589,0.0012484394506866417,0.0012484394506866417,0.0,0.0024968789013732834,0.0,0.0,0.019975031210986267,0.0,0.017478152309612985,0.01373283395755306,0.0,0.0,0.016229712858926344,0.0,0.0,0.02746566791510612,0.018726591760299626,0.012484394506866416,0.004993757802746567,0.011235955056179775,0.012484394506866416,0.003745318352059925,0.004993757802746567,0.016229712858926344,0.0012484394506866417,0.0,0.008739076154806492,0.006242197253433208,0.0012484394506866417,0.009987515605493134,0.0149812734082397,0.003745318352059925,0.0,0.0012484394506866417,0.0,0.0,0.024968789013732832,0.0,0.0
367,0.01634877384196185,0.004087193460490463,0.0,0.005449591280653951,0.0,0.0,0.0,0.0,0.0,0.0027247956403269754,0.0013623978201634877,0.013623978201634877,0.0027247956403269754,0.005449591280653951,0.01907356948228883,0.004087193460490463,0.0013623978201634877,0.004087193460490463,0.005449591280653951,0.0,0.004087193460490463,0.010899182561307902,0.0,0.0013623978201634877,0.006811989100817439,0.004087193460490463,0.004087193460490463,0.21934604904632152,0.0027247956403269754,0.0,0.004087193460490463,0.004087193460490463,0.0,0.0,0.0013623978201634877,0.004087193460490463,0.014986376021798364,0.0013623978201634877,0.0013623978201634877,0.0027247956403269754,0.0,0.1362397820163488,0.010899182561307902,0.025885558583106268,0.03678474114441417,0.0,0.014986376021798364,0.005449591280653951,0.0,0.0,0.0,0.01226158038147139,0.0,0.0,0.0013623978201634877,0.004087193460490463,0.0027247956403269754,0.0,0.009536784741144414,0.005449591280653951,0.005449591280653951,0.004087193460490463,0.004087193460490463,0.0027247956403269754,0.01907356948228883,0.0,0.0,0.0653950953678474,0.02316076294277929,0.006811989100817439,0.010899182561307902,0.01907356948228883,0.021798365122615803,0.0,0.005449591280653951,0.013623978201634877,0.010899182561307902,0.0013623978201634877,0.0013623978201634877,0.0013623978201634877,0.0013623978201634877,0.013623978201634877,0.0027247956403269754,0.004087193460490463,0.027247956403269755,0.0,0.01907356948228883,0.0,0.005449591280653951,0.0,0.013623978201634877,0.0013623978201634877,0.03678474114441417,0.0,0.0013623978201634877,0.009536784741144414,0.0,0.0027247956403269754,0.004087193460490463,0.0013623978201634877
368,0.005390835579514825,0.0013477088948787063,0.005390835579514825,0.0,0.0,0.0,0.005390835579514825,0.0,0.0,0.005390835579514825,0.0,0.0013477088948787063,0.0013477088948787063,0.0026954177897574125,0.0,0.029649595687331536,0.03504043126684636,0.0,0.018867924528301886,0.0,0.0,0.06199460916442048,0.0013477088948787063,0.004043126684636119,0.0013477088948787063,0.004043126684636119,0.006738544474393531,0.11590296495956873,0.012129380053908356,0.006738544474393531,0.006738544474393531,0.004043126684636119,0.014824797843665768,0.005390835579514825,0.009433962264150943,0.0026954177897574125,0.0026954177897574125,0.0,0.004043126684636119,0.009433962264150943,0.0026954177897574125,0.21024258760107817,0.0,0.022911051212938006,0.0013477088948787063,0.005390835579514825,0.013477088948787063,0.01752021563342318,0.014824797843665768,0.0,0.0013477088948787063,0.0,0.004043126684636119,0.0,0.005390835579514825,0.02830188679245283,0.0,0.0013477088948787063,0.0013477088948787063,0.0,0.0,0.008086253369272238,0.0013477088948787063,0.013477088948787063,0.0,0.012129380053908356,0.0,0.008086253369272238,0.0,0.013477088948787063,0.0,0.0,0.0013477088948787063,0.004043126684636119,0.006738544474393531,0.0013477088948787063,0.014824797843665768,0.014824797843665768,0.006738544474393531,0.014824797843665768,0.005390835579514825,0.006738544474393531,0.0,0.02830188679245283,0.004043126684636119,0.0013477088948787063,0.0013477088948787063,0.0,0.0,0.05390835579514825,0.0013477088948787063,0.0,0.0026954177897574125,0.03099730458221024,0.009433962264150943,0.005390835579514825,0.0013477088948787063,0.0026954177897574125,0.006738544474393531,0.0013477088948787063
369,0.007072135785007072,0.0,0.004243281471004243,0.0014144271570014145,0.01272984441301273,0.0014144271570014145,0.015558698727015558,0.0014144271570014145,0.024045261669024046,0.005657708628005658,0.0,0.004243281471004243,0.002828854314002829,0.03253182461103253,0.005657708628005658,0.0,0.011315417256011316,0.0,0.0,0.008486562942008486,0.0,0.024045261669024046,0.002828854314002829,0.0,0.01272984441301273,0.0,0.002828854314002829,0.22065063649222066,0.014144271570014143,0.0,0.004243281471004243,0.002828854314002829,0.0,0.0014144271570014145,0.002828854314002829,0.011315417256011316,0.009900990099009901,0.002828854314002829,0.0,0.002828854314002829,0.004243281471004243,0.2065063649222065,0.0,0.024045261669024046,0.014144271570014143,0.0014144271570014145,0.0,0.002828854314002829,0.0014144271570014145,0.0014144271570014145,0.0,0.028288543140028287,0.004243281471004243,0.0014144271570014145,0.0,0.002828854314002829,0.0,0.011315417256011316,0.004243281471004243,0.005657708628005658,0.005657708628005658,0.004243281471004243,0.0,0.002828854314002829,0.014144271570014143,0.031117397454031116,0.0,0.005657708628005658,0.002828854314002829,0.026874115983026876,0.0,0.0,0.005657708628005658,0.0014144271570014145,0.004243281471004243,0.015558698727015558,0.0,0.0014144271570014145,0.0,0.011315417256011316,0.0014144271570014145,0.007072135785007072,0.0,0.0,0.018387553041018388,0.0,0.016973125884016973,0.0,0.0014144271570014145,0.008486562942008486,0.007072135785007072,0.0014144271570014145,0.016973125884016973,0.0,0.002828854314002829,0.008486562942008486,0.002828854314002829,0.004243281471004243,0.0014144271570014145,0.0
370,0.015552099533437015,0.003110419906687403,0.012441679626749611,0.007776049766718507,0.01866251944012442,0.003110419906687403,0.00933125972006221,0.01088646967340591,0.003110419906687403,0.03110419906687403,0.01866251944012442,0.0015552099533437014,0.01088646967340591,0.0015552099533437014,0.004665629860031105,0.003110419906687403,0.0015552099533437014,0.0015552099533437014,0.004665629860031105,0.0015552099533437014,0.004665629860031105,0.01866251944012442,0.0015552099533437014,0.0,0.006220839813374806,0.0,0.006220839813374806,0.1057542768273717,0.0,0.01088646967340591,0.0,0.006220839813374806,0.0015552099533437014,0.0015552099533437014,0.003110419906687403,0.007776049766718507,0.004665629860031105,0.0,0.0,0.02021772939346812,0.026438569206842923,0.2161741835147745,0.006220839813374806,0.03110419906687403,0.0,0.0015552099533437014,0.004665629860031105,0.003110419906687403,0.007776049766718507,0.0,0.00933125972006221,0.003110419906687403,0.0015552099533437014,0.006220839813374806,0.0,0.01088646967340591,0.0,0.003110419906687403,0.0,0.012441679626749611,0.003110419906687403,0.007776049766718507,0.0,0.0015552099533437014,0.0,0.01088646967340591,0.004665629860031105,0.003110419906687403,0.006220839813374806,0.003110419906687403,0.0015552099533437014,0.027993779160186624,0.03110419906687403,0.03421461897356143,0.004665629860031105,0.0,0.00933125972006221,0.007776049766718507,0.004665629860031105,0.024883359253499222,0.015552099533437015,0.013996889580093312,0.006220839813374806,0.0,0.004665629860031105,0.003110419906687403,0.004665629860031105,0.003110419906687403,0.004665629860031105,0.0015552099533437014,0.0015552099533437014,0.0015552099533437014,0.0,0.012441679626749611,0.003110419906687403,0.012441679626749611,0.006220839813374806,0.0,0.0015552099533437014,0.00933125972006221
371,0.0,0.01020408163265306,0.011661807580174927,0.0014577259475218659,0.0014577259475218659,0.0014577259475218659,0.0,0.004373177842565598,0.0014577259475218659,0.0,0.008746355685131196,0.008746355685131196,0.0014577259475218659,0.0,0.023323615160349854,0.0014577259475218659,0.01020408163265306,0.0,0.0,0.0,0.021865889212827987,0.0,0.0058309037900874635,0.0014577259475218659,0.008746355685131196,0.004373177842565598,0.007288629737609329,0.21574344023323616,0.01749271137026239,0.0014577259475218659,0.007288629737609329,0.0029154518950437317,0.0014577259475218659,0.007288629737609329,0.03935860058309038,0.0029154518950437317,0.0029154518950437317,0.0,0.0014577259475218659,0.0,0.0058309037900874635,0.2303206997084548,0.0,0.008746355685131196,0.04227405247813411,0.018950437317784258,0.016034985422740525,0.0029154518950437317,0.0029154518950437317,0.0014577259475218659,0.0014577259475218659,0.007288629737609329,0.0058309037900874635,0.0029154518950437317,0.0029154518950437317,0.0058309037900874635,0.0014577259475218659,0.011661807580174927,0.0029154518950437317,0.02478134110787172,0.004373177842565598,0.013119533527696793,0.01020408163265306,0.0058309037900874635,0.008746355685131196,0.0,0.004373177842565598,0.0,0.014577259475218658,0.004373177842565598,0.0,0.0014577259475218659,0.0,0.0014577259475218659,0.0,0.0,0.0029154518950437317,0.007288629737609329,0.0058309037900874635,0.0,0.0,0.0058309037900874635,0.016034985422740525,0.004373177842565598,0.0,0.0,0.014577259475218658,0.0,0.011661807580174927,0.0,0.0014577259475218659,0.0,0.0029154518950437317,0.004373177842565598,0.0029154518950437317,0.0014577259475218659,0.0,0.014577259475218658,0.0029154518950437317,0.0
372,0.0,0.0025220680958385876,0.015132408575031526,0.006305170239596469,0.007566204287515763,0.005044136191677175,0.007566204287515763,0.0012610340479192938,0.007566204287515763,0.0012610340479192938,0.011349306431273645,0.0,0.0037831021437578815,0.006305170239596469,0.0012610340479192938,0.007566204287515763,0.0,0.011349306431273645,0.012610340479192938,0.008827238335435058,0.0,0.0025220680958385876,0.0,0.0012610340479192938,0.005044136191677175,0.0037831021437578815,0.0,0.23203026481715006,0.0012610340479192938,0.0,0.0,0.0012610340479192938,0.01008827238335435,0.0012610340479192938,0.0,0.0037831021437578815,0.0,0.0,0.012610340479192938,0.03909205548549811,0.01008827238335435,0.2244640605296343,0.0012610340479192938,0.0,0.025220680958385876,0.005044136191677175,0.0012610340479192938,0.0012610340479192938,0.007566204287515763,0.0037831021437578815,0.0,0.0037831021437578815,0.006305170239596469,0.0025220680958385876,0.01008827238335435,0.0037831021437578815,0.007566204287515763,0.0,0.027742749054224466,0.021437578814627996,0.01008827238335435,0.0,0.0,0.006305170239596469,0.006305170239596469,0.0037831021437578815,0.0037831021437578815,0.0025220680958385876,0.03026481715006305,0.011349306431273645,0.007566204287515763,0.0012610340479192938,0.0012610340479192938,0.0,0.005044136191677175,0.005044136191677175,0.0025220680958385876,0.005044136191677175,0.0,0.005044136191677175,0.008827238335435058,0.0012610340479192938,0.007566204287515763,0.0,0.0012610340479192938,0.0025220680958385876,0.011349306431273645,0.0012610340479192938,0.0,0.0,0.0,0.013871374527112233,0.0012610340479192938,0.0025220680958385876,0.0012610340479192938,0.0,0.0,0.027742749054224466,0.01008827238335435,0.007566204287515763
373,0.0,0.006793478260869565,0.0,0.01358695652173913,0.024456521739130436,0.008152173913043478,0.012228260869565218,0.010869565217391304,0.024456521739130436,0.0,0.0,0.005434782608695652,0.0,0.025815217391304348,0.0,0.019021739130434784,0.0,0.016304347826086956,0.006793478260869565,0.006793478260869565,0.0,0.024456521739130436,0.004076086956521739,0.0,0.010869565217391304,0.0,0.03940217391304348,0.18206521739130435,0.0,0.0,0.001358695652173913,0.008152173913043478,0.028532608695652172,0.009510869565217392,0.002717391304347826,0.012228260869565218,0.009510869565217392,0.0,0.008152173913043478,0.0,0.010869565217391304,0.19701086956521738,0.002717391304347826,0.0,0.001358695652173913,0.006793478260869565,0.001358695652173913,0.005434782608695652,0.001358695652173913,0.010869565217391304,0.002717391304347826,0.001358695652173913,0.012228260869565218,0.0,0.001358695652173913,0.008152173913043478,0.01358695652173913,0.0,0.0,0.0,0.0,0.0,0.006793478260869565,0.0,0.0,0.001358695652173913,0.0,0.005434782608695652,0.010869565217391304,0.0,0.012228260869565218,0.0,0.0,0.0,0.0,0.004076086956521739,0.0,0.001358695652173913,0.028532608695652172,0.0,0.002717391304347826,0.0,0.0,0.006793478260869565,0.006793478260869565,0.0,0.001358695652173913,0.0,0.0,0.036684782608695655,0.04483695652173913,0.001358695652173913,0.001358695652173913,0.002717391304347826,0.001358695652173913,0.001358695652173913,0.005434782608695652,0.009510869565217392,0.001358695652173913,0.006793478260869565
374,0.0028208744710860366,0.0014104372355430183,0.02538787023977433,0.0028208744710860366,0.0,0.005641748942172073,0.0380818053596615,0.0,0.004231311706629055,0.0,0.0,0.004231311706629055,0.007052186177715092,0.014104372355430184,0.005641748942172073,0.0014104372355430183,0.0028208744710860366,0.0,0.00846262341325811,0.0028208744710860366,0.005641748942172073,0.004231311706629055,0.0,0.0014104372355430183,0.018335684062059238,0.01692524682651622,0.011283497884344146,0.18335684062059238,0.0,0.0,0.011283497884344146,0.0028208744710860366,0.0,0.0014104372355430183,0.004231311706629055,0.0,0.0,0.0014104372355430183,0.018335684062059238,0.012693935119887164,0.0,0.12693935119887165,0.0,0.012693935119887164,0.0014104372355430183,0.0028208744710860366,0.0014104372355430183,0.007052186177715092,0.0014104372355430183,0.004231311706629055,0.029619181946403384,0.007052186177715092,0.004231311706629055,0.018335684062059238,0.005641748942172073,0.007052186177715092,0.0028208744710860366,0.031029619181946404,0.0028208744710860366,0.0028208744710860366,0.005641748942172073,0.0028208744710860366,0.0028208744710860366,0.005641748942172073,0.028208744710860368,0.01692524682651622,0.0028208744710860366,0.0028208744710860366,0.0014104372355430183,0.0014104372355430183,0.005641748942172073,0.0,0.0028208744710860366,0.009873060648801129,0.009873060648801129,0.005641748942172073,0.0028208744710860366,0.005641748942172073,0.004231311706629055,0.0028208744710860366,0.0028208744710860366,0.01692524682651622,0.0014104372355430183,0.045133991537376586,0.0,0.012693935119887164,0.00846262341325811,0.0028208744710860366,0.0,0.014104372355430184,0.01692524682651622,0.0028208744710860366,0.004231311706629055,0.00846262341325811,0.0,0.0028208744710860366,0.012693935119887164,0.02679830747531735,0.0014104372355430183,0.009873060648801129
375,0.004214963119072708,0.008429926238145416,0.004214963119072708,0.001053740779768177,0.0136986301369863,0.001053740779768177,0.003161222339304531,0.004214963119072708,0.003161222339304531,0.01685985247629083,0.018967334035827187,0.0,0.009483667017913594,0.004214963119072708,0.004214963119072708,0.004214963119072708,0.003161222339304531,0.002107481559536354,0.008429926238145416,0.0,0.003161222339304531,0.02107481559536354,0.002107481559536354,0.004214963119072708,0.0,0.004214963119072708,0.003161222339304531,0.19915700737618547,0.0,0.0,0.011591148577449948,0.001053740779768177,0.008429926238145416,0.001053740779768177,0.015806111696522657,0.0,0.0,0.003161222339304531,0.012644889357218124,0.0,0.001053740779768177,0.19915700737618547,0.0,0.029504741833508957,0.003161222339304531,0.003161222339304531,0.0,0.002107481559536354,0.002107481559536354,0.02107481559536354,0.003161222339304531,0.0,0.001053740779768177,0.02845100105374078,0.001053740779768177,0.003161222339304531,0.009483667017913594,0.002107481559536354,0.011591148577449948,0.0,0.0,0.002107481559536354,0.0,0.0,0.0,0.012644889357218124,0.01685985247629083,0.008429926238145416,0.0,0.003161222339304531,0.0,0.020021074815595362,0.0,0.015806111696522657,0.0,0.004214963119072708,0.012644889357218124,0.007376185458377239,0.001053740779768177,0.001053740779768177,0.002107481559536354,0.02423603793466807,0.009483667017913594,0.001053740779768177,0.001053740779768177,0.023182297154899896,0.011591148577449948,0.008429926238145416,0.0,0.001053740779768177,0.01791359325605901,0.0,0.006322444678609062,0.006322444678609062,0.0,0.01791359325605901,0.001053740779768177,0.004214963119072708,0.009483667017913594,0.022128556375131718
376,0.03861003861003861,0.001287001287001287,0.009009009009009009,0.009009009009009009,0.005148005148005148,0.018018018018018018,0.005148005148005148,0.002574002574002574,0.0,0.005148005148005148,0.02059202059202059,0.014157014157014158,0.014157014157014158,0.0,0.001287001287001287,0.005148005148005148,0.001287001287001287,0.0,0.002574002574002574,0.0,0.011583011583011582,0.0,0.005148005148005148,0.02702702702702703,0.003861003861003861,0.0,0.007722007722007722,0.23552123552123552,0.001287001287001287,0.036036036036036036,0.0,0.02702702702702703,0.0,0.005148005148005148,0.002574002574002574,0.005148005148005148,0.009009009009009009,0.0,0.001287001287001287,0.010296010296010296,0.0,0.14285714285714285,0.001287001287001287,0.0,0.001287001287001287,0.0,0.010296010296010296,0.0,0.0,0.006435006435006435,0.0,0.0,0.002574002574002574,0.0,0.019305019305019305,0.005148005148005148,0.002574002574002574,0.007722007722007722,0.010296010296010296,0.01673101673101673,0.015444015444015444,0.0,0.01673101673101673,0.0,0.009009009009009009,0.0,0.0,0.0,0.003861003861003861,0.0,0.015444015444015444,0.02059202059202059,0.0,0.0,0.03732303732303732,0.014157014157014158,0.002574002574002574,0.001287001287001287,0.001287001287001287,0.0,0.006435006435006435,0.001287001287001287,0.001287001287001287,0.003861003861003861,0.0,0.003861003861003861,0.003861003861003861,0.0,0.019305019305019305,0.003861003861003861,0.0,0.009009009009009009,0.003861003861003861,0.011583011583011582,0.001287001287001287,0.005148005148005148,0.0,0.009009009009009009,0.007722007722007722,0.002574002574002574
377,0.031198686371100164,0.008210180623973728,0.0016420361247947454,0.0016420361247947454,0.0,0.0016420361247947454,0.019704433497536946,0.0,0.0049261083743842365,0.0,0.0016420361247947454,0.0,0.008210180623973728,0.07389162561576355,0.0016420361247947454,0.008210180623973728,0.0016420361247947454,0.0016420361247947454,0.0,0.0,0.013136288998357963,0.003284072249589491,0.0,0.003284072249589491,0.0,0.03284072249589491,0.003284072249589491,0.22988505747126436,0.0,0.0016420361247947454,0.003284072249589491,0.003284072249589491,0.0016420361247947454,0.006568144499178982,0.0016420361247947454,0.008210180623973728,0.0016420361247947454,0.0,0.0180623973727422,0.016420361247947456,0.0,0.18226600985221675,0.009852216748768473,0.0,0.0,0.006568144499178982,0.0016420361247947454,0.0,0.0049261083743842365,0.0016420361247947454,0.011494252873563218,0.013136288998357963,0.0,0.003284072249589491,0.0,0.0,0.013136288998357963,0.0,0.0016420361247947454,0.0016420361247947454,0.003284072249589491,0.0049261083743842365,0.03776683087027915,0.008210180623973728,0.0016420361247947454,0.006568144499178982,0.0049261083743842365,0.0016420361247947454,0.0049261083743842365,0.0,0.006568144499178982,0.008210180623973728,0.006568144499178982,0.013136288998357963,0.003284072249589491,0.011494252873563218,0.011494252873563218,0.0049261083743842365,0.0,0.0,0.0016420361247947454,0.006568144499178982,0.008210180623973728,0.011494252873563218,0.006568144499178982,0.0,0.0,0.003284072249589491,0.011494252873563218,0.0016420361247947454,0.011494252873563218,0.0016420361247947454,0.0,0.0016420361247947454,0.008210180623973728,0.0049261083743842365,0.013136288998357963,0.0,0.0,0.003284072249589491
378,0.0,0.0,0.002398081534772182,0.005995203836930456,0.007194244604316547,0.0035971223021582736,0.013189448441247002,0.016786570743405275,0.0,0.002398081534772182,0.014388489208633094,0.002398081534772182,0.001199040767386091,0.0,0.0,0.0,0.008393285371702638,0.001199040767386091,0.001199040767386091,0.002398081534772182,0.005995203836930456,0.0,0.017985611510791366,0.0,0.002398081534772182,0.0,0.004796163069544364,0.20983213429256595,0.0035971223021582736,0.01079136690647482,0.005995203836930456,0.005995203836930456,0.004796163069544364,0.007194244604316547,0.007194244604316547,0.0035971223021582736,0.008393285371702638,0.005995203836930456,0.005995203836930456,0.005995203836930456,0.001199040767386091,0.25059952038369304,0.007194244604316547,0.03836930455635491,0.019184652278177457,0.005995203836930456,0.001199040767386091,0.001199040767386091,0.002398081534772182,0.0035971223021582736,0.0,0.0035971223021582736,0.0035971223021582736,0.0,0.01079136690647482,0.0,0.017985611510791366,0.0035971223021582736,0.004796163069544364,0.002398081534772182,0.0,0.002398081534772182,0.005995203836930456,0.0,0.005995203836930456,0.005995203836930456,0.02158273381294964,0.001199040767386091,0.002398081534772182,0.001199040767386091,0.011990407673860911,0.019184652278177457,0.0,0.0,0.0,0.004796163069544364,0.011990407673860911,0.0,0.02038369304556355,0.0,0.0035971223021582736,0.0,0.0,0.008393285371702638,0.002398081534772182,0.0,0.001199040767386091,0.007194244604316547,0.002398081534772182,0.005995203836930456,0.004796163069544364,0.001199040767386091,0.01079136690647482,0.01079136690647482,0.0,0.025179856115107913,0.016786570743405275,0.007194244604316547,0.0,0.0
379,0.0,0.0025974025974025974,0.01818181818181818,0.0012987012987012987,0.00909090909090909,0.005194805194805195,0.0025974025974025974,0.023376623376623377,0.0,0.0012987012987012987,0.0,0.007792207792207792,0.0012987012987012987,0.0,0.015584415584415584,0.0,0.0,0.023376623376623377,0.0025974025974025974,0.0,0.012987012987012988,0.0012987012987012987,0.0,0.01038961038961039,0.02077922077922078,0.0,0.0,0.21168831168831168,0.003896103896103896,0.005194805194805195,0.0,0.0,0.0012987012987012987,0.0,0.0,0.012987012987012988,0.0,0.011688311688311689,0.007792207792207792,0.005194805194805195,0.0,0.23246753246753246,0.0012987012987012987,0.0,0.0,0.0,0.014285714285714285,0.011688311688311689,0.0,0.006493506493506494,0.01818181818181818,0.0,0.00909090909090909,0.0025974025974025974,0.012987012987012988,0.011688311688311689,0.0012987012987012987,0.007792207792207792,0.0012987012987012987,0.006493506493506494,0.0,0.0025974025974025974,0.003896103896103896,0.0,0.0025974025974025974,0.0,0.0,0.006493506493506494,0.03506493506493506,0.0,0.0,0.003896103896103896,0.01038961038961039,0.0025974025974025974,0.016883116883116882,0.005194805194805195,0.007792207792207792,0.0,0.007792207792207792,0.0012987012987012987,0.0012987012987012987,0.015584415584415584,0.0012987012987012987,0.0,0.0,0.0,0.012987012987012988,0.006493506493506494,0.02207792207792208,0.0012987012987012987,0.003896103896103896,0.014285714285714285,0.0,0.0025974025974025974,0.0012987012987012987,0.0,0.005194805194805195,0.007792207792207792,0.032467532467532464,0.007792207792207792
380,0.0,0.008064516129032258,0.005376344086021506,0.0013440860215053765,0.0013440860215053765,0.006720430107526882,0.0,0.008064516129032258,0.0,0.0,0.013440860215053764,0.0,0.0,0.008064516129032258,0.0,0.004032258064516129,0.026881720430107527,0.0013440860215053765,0.0,0.0013440860215053765,0.0013440860215053765,0.005376344086021506,0.012096774193548387,0.016129032258064516,0.002688172043010753,0.0013440860215053765,0.006720430107526882,0.13440860215053763,0.005376344086021506,0.0013440860215053765,0.0013440860215053765,0.004032258064516129,0.006720430107526882,0.004032258064516129,0.006720430107526882,0.010752688172043012,0.006720430107526882,0.005376344086021506,0.01478494623655914,0.004032258064516129,0.0013440860215053765,0.21505376344086022,0.0,0.004032258064516129,0.012096774193548387,0.0,0.006720430107526882,0.0,0.021505376344086023,0.0,0.0,0.01881720430107527,0.010752688172043012,0.0,0.008064516129032258,0.0013440860215053765,0.006720430107526882,0.012096774193548387,0.005376344086021506,0.002688172043010753,0.002688172043010753,0.009408602150537635,0.002688172043010753,0.0013440860215053765,0.006720430107526882,0.0,0.0,0.0,0.0,0.002688172043010753,0.0013440860215053765,0.01881720430107527,0.0,0.010752688172043012,0.0013440860215053765,0.0013440860215053765,0.0,0.004032258064516129,0.0013440860215053765,0.002688172043010753,0.026881720430107527,0.009408602150537635,0.005376344086021506,0.004032258064516129,0.0,0.009408602150537635,0.024193548387096774,0.0228494623655914,0.0013440860215053765,0.004032258064516129,0.053763440860215055,0.004032258064516129,0.036290322580645164,0.0,0.021505376344086023,0.01881720430107527,0.004032258064516129,0.016129032258064516,0.004032258064516129,0.002688172043010753
381,0.0,0.008254716981132075,0.02830188679245283,0.0,0.018867924528301886,0.0,0.01061320754716981,0.0,0.0,0.0023584905660377358,0.0,0.0011792452830188679,0.0023584905660377358,0.007075471698113208,0.0047169811320754715,0.01179245283018868,0.020047169811320754,0.00589622641509434,0.0,0.00589622641509434,0.036556603773584904,0.0,0.0011792452830188679,0.0023584905660377358,0.0023584905660377358,0.0,0.0023584905660377358,0.21462264150943397,0.0047169811320754715,0.0,0.008254716981132075,0.018867924528301886,0.007075471698113208,0.014150943396226415,0.0023584905660377358,0.008254716981132075,0.0023584905660377358,0.0,0.01061320754716981,0.003537735849056604,0.0,0.17806603773584906,0.0,0.0011792452830188679,0.008254716981132075,0.0,0.0,0.0023584905660377358,0.0011792452830188679,0.00589622641509434,0.0011792452830188679,0.02122641509433962,0.0023584905660377358,0.0023584905660377358,0.0011792452830188679,0.00589622641509434,0.0,0.003537735849056604,0.003537735849056604,0.0023584905660377358,0.01061320754716981,0.024764150943396228,0.0,0.0,0.01179245283018868,0.0,0.014150943396226415,0.0,0.030660377358490566,0.01061320754716981,0.0011792452830188679,0.0011792452830188679,0.0011792452830188679,0.01768867924528302,0.00589622641509434,0.0,0.0047169811320754715,0.015330188679245283,0.0,0.0047169811320754715,0.007075471698113208,0.012971698113207548,0.008254716981132075,0.007075471698113208,0.0330188679245283,0.007075471698113208,0.018867924528301886,0.0023584905660377358,0.01179245283018868,0.003537735849056604,0.0047169811320754715,0.0047169811320754715,0.0,0.0047169811320754715,0.0011792452830188679,0.003537735849056604,0.0,0.003537735849056604,0.0,0.003537735849056604
382,0.0,0.004026845637583893,0.006711409395973154,0.0,0.009395973154362415,0.0026845637583892616,0.0013422818791946308,0.0,0.004026845637583893,0.0013422818791946308,0.004026845637583893,0.008053691275167786,0.0174496644295302,0.0,0.006711409395973154,0.010738255033557046,0.01476510067114094,0.006711409395973154,0.006711409395973154,0.026845637583892617,0.01879194630872483,0.005369127516778523,0.0,0.021476510067114093,0.005369127516778523,0.0,0.0013422818791946308,0.2134228187919463,0.0013422818791946308,0.010738255033557046,0.0,0.004026845637583893,0.010738255033557046,0.0013422818791946308,0.0013422818791946308,0.0,0.010738255033557046,0.0,0.004026845637583893,0.020134228187919462,0.012080536912751677,0.22281879194630871,0.0,0.013422818791946308,0.005369127516778523,0.008053691275167786,0.0013422818791946308,0.013422818791946308,0.0013422818791946308,0.03087248322147651,0.0026845637583892616,0.006711409395973154,0.0,0.0026845637583892616,0.004026845637583893,0.0026845637583892616,0.0026845637583892616,0.0013422818791946308,0.0013422818791946308,0.004026845637583893,0.009395973154362415,0.0,0.0,0.0013422818791946308,0.0,0.0013422818791946308,0.0013422818791946308,0.03355704697986577,0.0,0.0026845637583892616,0.010738255033557046,0.0,0.013422818791946308,0.0026845637583892616,0.0,0.012080536912751677,0.004026845637583893,0.0013422818791946308,0.0,0.0013422818791946308,0.0026845637583892616,0.012080536912751677,0.005369127516778523,0.0,0.005369127516778523,0.008053691275167786,0.006711409395973154,0.009395973154362415,0.0,0.0026845637583892616,0.009395973154362415,0.0026845637583892616,0.0013422818791946308,0.010738255033557046,0.0,0.01879194630872483,0.0026845637583892616,0.005369127516778523,0.0013422818791946308,0.0013422818791946308
383,0.008526187576126675,0.0,0.02192448233861145,0.0,0.013398294762484775,0.0,0.0,0.0097442143727162,0.001218026796589525,0.007308160779537149,0.008526187576126675,0.01705237515225335,0.001218026796589525,0.00243605359317905,0.0,0.001218026796589525,0.001218026796589525,0.00243605359317905,0.020706455542021926,0.0048721071863581,0.012180267965895249,0.0,0.0097442143727162,0.0,0.014616321559074299,0.020706455542021926,0.007308160779537149,0.2046285018270402,0.0036540803897685747,0.0060901339829476245,0.0036540803897685747,0.0,0.0,0.0,0.0,0.014616321559074299,0.0,0.010962241169305725,0.0,0.0060901339829476245,0.0048721071863581,0.25091352009744217,0.013398294762484775,0.0,0.00243605359317905,0.0060901339829476245,0.0,0.0,0.0060901339829476245,0.0036540803897685747,0.0,0.0,0.014616321559074299,0.0036540803897685747,0.0,0.0,0.0036540803897685747,0.0,0.0,0.0097442143727162,0.0,0.0060901339829476245,0.0048721071863581,0.00243605359317905,0.001218026796589525,0.0194884287454324,0.025578562728380026,0.013398294762484775,0.0036540803897685747,0.001218026796589525,0.001218026796589525,0.012180267965895249,0.020706455542021926,0.0,0.001218026796589525,0.001218026796589525,0.007308160779537149,0.0060901339829476245,0.0,0.00243605359317905,0.007308160779537149,0.031668696711327646,0.0,0.0,0.0,0.007308160779537149,0.0,0.0194884287454324,0.02192448233861145,0.00243605359317905,0.001218026796589525,0.00243605359317905,0.0,0.00243605359317905,0.013398294762484775,0.001218026796589525,0.0036540803897685747,0.0,0.0,0.0
384,0.0,0.030837004405286344,0.032305433186490456,0.0,0.005873715124816446,0.02936857562408223,0.0,0.0014684287812041115,0.004405286343612335,0.004405286343612335,0.0,0.005873715124816446,0.005873715124816446,0.002936857562408223,0.0,0.0,0.0,0.004405286343612335,0.005873715124816446,0.007342143906020558,0.0,0.014684287812041116,0.005873715124816446,0.004405286343612335,0.002936857562408223,0.011747430249632892,0.016152716593245228,0.22320117474302498,0.004405286343612335,0.0,0.0,0.0014684287812041115,0.00881057268722467,0.005873715124816446,0.007342143906020558,0.005873715124816446,0.00881057268722467,0.024963289280469897,0.01908957415565345,0.0014684287812041115,0.0,0.14684287812041116,0.0014684287812041115,0.005873715124816446,0.00881057268722467,0.0014684287812041115,0.0,0.00881057268722467,0.013215859030837005,0.0,0.020558002936857563,0.0,0.007342143906020558,0.007342143906020558,0.0,0.007342143906020558,0.004405286343612335,0.002936857562408223,0.01908957415565345,0.002936857562408223,0.011747430249632892,0.007342143906020558,0.005873715124816446,0.0,0.0,0.016152716593245228,0.007342143906020558,0.002936857562408223,0.0,0.0,0.0,0.0,0.0,0.005873715124816446,0.016152716593245228,0.0,0.0,0.013215859030837005,0.007342143906020558,0.013215859030837005,0.0,0.0,0.002936857562408223,0.0014684287812041115,0.0,0.004405286343612335,0.002936857562408223,0.0,0.03524229074889868,0.0,0.013215859030837005,0.014684287812041116,0.010279001468428781,0.005873715124816446,0.0,0.0,0.027900146842878122,0.005873715124816446,0.0014684287812041115,0.0
385,0.003968253968253968,0.010582010582010581,0.0013227513227513227,0.013227513227513227,0.0013227513227513227,0.007936507936507936,0.0,0.0,0.003968253968253968,0.005291005291005291,0.0013227513227513227,0.018518518518518517,0.013227513227513227,0.0026455026455026454,0.007936507936507936,0.011904761904761904,0.010582010582010581,0.0013227513227513227,0.011904761904761904,0.005291005291005291,0.003968253968253968,0.0,0.0,0.010582010582010581,0.007936507936507936,0.0013227513227513227,0.022486772486772486,0.2671957671957672,0.007936507936507936,0.011904761904761904,0.013227513227513227,0.007936507936507936,0.017195767195767195,0.0013227513227513227,0.0026455026455026454,0.003968253968253968,0.0,0.003968253968253968,0.018518518518518517,0.005291005291005291,0.0013227513227513227,0.09788359788359788,0.005291005291005291,0.0013227513227513227,0.0013227513227513227,0.0,0.0013227513227513227,0.007936507936507936,0.003968253968253968,0.011904761904761904,0.005291005291005291,0.01984126984126984,0.003968253968253968,0.010582010582010581,0.003968253968253968,0.01455026455026455,0.03571428571428571,0.010582010582010581,0.0,0.0,0.026455026455026454,0.0,0.0026455026455026454,0.0,0.0,0.0,0.013227513227513227,0.0013227513227513227,0.0013227513227513227,0.0,0.022486772486772486,0.0,0.0,0.005291005291005291,0.0026455026455026454,0.0013227513227513227,0.0026455026455026454,0.0013227513227513227,0.006613756613756613,0.007936507936507936,0.0026455026455026454,0.013227513227513227,0.015873015873015872,0.0,0.0013227513227513227,0.0013227513227513227,0.005291005291005291,0.005291005291005291,0.0026455026455026454,0.0026455026455026454,0.009259259259259259,0.02513227513227513,0.006613756613756613,0.003968253968253968,0.007936507936507936,0.0013227513227513227,0.0026455026455026454,0.017195767195767195,0.003968253968253968,0.0
386,0.005312084993359893,0.005312084993359893,0.0026560424966799467,0.005312084993359893,0.009296148738379814,0.006640106241699867,0.01859229747675963,0.0026560424966799467,0.006640106241699867,0.0,0.00398406374501992,0.01859229747675963,0.05843293492695883,0.0013280212483399733,0.00398406374501992,0.00796812749003984,0.0013280212483399733,0.01195219123505976,0.0,0.0013280212483399733,0.0026560424966799467,0.014608233731739707,0.005312084993359893,0.005312084993359893,0.010624169986719787,0.0013280212483399733,0.010624169986719787,0.09163346613545817,0.01195219123505976,0.0,0.0,0.0013280212483399733,0.010624169986719787,0.0,0.0013280212483399733,0.0,0.005312084993359893,0.01195219123505976,0.0,0.029216467463479414,0.0013280212483399733,0.24435590969455512,0.006640106241699867,0.00398406374501992,0.0026560424966799467,0.0,0.005312084993359893,0.00398406374501992,0.0,0.017264276228419653,0.0026560424966799467,0.00398406374501992,0.005312084993359893,0.0,0.0013280212483399733,0.009296148738379814,0.0026560424966799467,0.00796812749003984,0.006640106241699867,0.025232403718459494,0.01195219123505976,0.014608233731739707,0.0,0.014608233731739707,0.005312084993359893,0.006640106241699867,0.017264276228419653,0.0026560424966799467,0.005312084993359893,0.009296148738379814,0.014608233731739707,0.0,0.0,0.0013280212483399733,0.0,0.006640106241699867,0.014608233731739707,0.01195219123505976,0.00398406374501992,0.00796812749003984,0.006640106241699867,0.0,0.0,0.0013280212483399733,0.0,0.0026560424966799467,0.0026560424966799467,0.006640106241699867,0.0,0.005312084993359893,0.01593625498007968,0.006640106241699867,0.010624169986719787,0.0,0.0013280212483399733,0.005312084993359893,0.01593625498007968,0.0,0.0,0.034528552456839307
387,0.012362637362637362,0.0027472527472527475,0.0013736263736263737,0.006868131868131868,0.01098901098901099,0.012362637362637362,0.004120879120879121,0.012362637362637362,0.009615384615384616,0.0260989010989011,0.0,0.008241758241758242,0.0,0.004120879120879121,0.004120879120879121,0.0,0.0,0.019230769230769232,0.0,0.0,0.0,0.008241758241758242,0.012362637362637362,0.020604395604395604,0.013736263736263736,0.005494505494505495,0.005494505494505495,0.19093406593406592,0.0,0.0013736263736263737,0.0,0.005494505494505495,0.0013736263736263737,0.0013736263736263737,0.0,0.0,0.0,0.0,0.0027472527472527475,0.008241758241758242,0.004120879120879121,0.2184065934065934,0.008241758241758242,0.004120879120879121,0.0,0.0027472527472527475,0.0,0.013736263736263736,0.0,0.0,0.004120879120879121,0.028846153846153848,0.0,0.009615384615384616,0.0013736263736263737,0.024725274725274724,0.0,0.005494505494505495,0.03571428571428571,0.012362637362637362,0.0,0.0,0.008241758241758242,0.01510989010989011,0.008241758241758242,0.0,0.013736263736263736,0.016483516483516484,0.028846153846153848,0.005494505494505495,0.0013736263736263737,0.019230769230769232,0.004120879120879121,0.0013736263736263737,0.0013736263736263737,0.0,0.006868131868131868,0.005494505494505495,0.0,0.0,0.006868131868131868,0.0027472527472527475,0.0,0.0013736263736263737,0.009615384615384616,0.0027472527472527475,0.006868131868131868,0.019230769230769232,0.0,0.004120879120879121,0.0,0.0013736263736263737,0.0013736263736263737,0.0013736263736263737,0.006868131868131868,0.0027472527472527475,0.0013736263736263737,0.0,0.004120879120879121,0.005494505494505495
388,0.007926023778071334,0.0,0.001321003963011889,0.003963011889035667,0.002642007926023778,0.0,0.015852047556142668,0.0066050198150594455,0.002642007926023778,0.0,0.0,0.0066050198150594455,0.0,0.002642007926023778,0.0066050198150594455,0.003963011889035667,0.001321003963011889,0.034346103038309116,0.03302509907529723,0.002642007926023778,0.009247027741083224,0.002642007926023778,0.001321003963011889,0.001321003963011889,0.009247027741083224,0.0,0.0,0.1571994715984148,0.0066050198150594455,0.009247027741083224,0.003963011889035667,0.001321003963011889,0.007926023778071334,0.011889035667107,0.0,0.003963011889035667,0.0,0.0,0.0066050198150594455,0.002642007926023778,0.005284015852047556,0.13738441215323646,0.005284015852047556,0.015852047556142668,0.031704095112285335,0.005284015852047556,0.003963011889035667,0.002642007926023778,0.010568031704095112,0.0,0.0,0.0,0.021136063408190225,0.015852047556142668,0.0,0.0,0.017173051519154558,0.010568031704095112,0.01453104359313078,0.010568031704095112,0.005284015852047556,0.011889035667107,0.005284015852047556,0.002642007926023778,0.01453104359313078,0.0,0.01453104359313078,0.003963011889035667,0.011889035667107,0.005284015852047556,0.03302509907529723,0.013210039630118891,0.011889035667107,0.001321003963011889,0.0,0.003963011889035667,0.005284015852047556,0.015852047556142668,0.01453104359313078,0.0,0.001321003963011889,0.003963011889035667,0.019815059445178335,0.0,0.009247027741083224,0.010568031704095112,0.005284015852047556,0.001321003963011889,0.0,0.0066050198150594455,0.005284015852047556,0.002642007926023778,0.026420079260237782,0.02509907529722589,0.002642007926023778,0.0,0.0,0.011889035667107,0.015852047556142668,0.002642007926023778
389,0.0016181229773462784,0.003236245954692557,0.011326860841423949,0.024271844660194174,0.0,0.0,0.0,0.006472491909385114,0.0,0.0,0.0,0.014563106796116505,0.012944983818770227,0.0016181229773462784,0.0048543689320388345,0.0,0.0016181229773462784,0.011326860841423949,0.0,0.006472491909385114,0.0,0.0,0.0,0.0,0.006472491909385114,0.0016181229773462784,0.0048543689320388345,0.12135922330097088,0.011326860841423949,0.0,0.003236245954692557,0.0,0.016181229773462782,0.0,0.025889967637540454,0.0,0.0048543689320388345,0.016181229773462782,0.003236245954692557,0.003236245954692557,0.009708737864077669,0.26537216828478966,0.003236245954692557,0.01779935275080906,0.02912621359223301,0.011326860841423949,0.0048543689320388345,0.0048543689320388345,0.0,0.003236245954692557,0.0016181229773462784,0.0016181229773462784,0.022653721682847898,0.0,0.016181229773462782,0.02750809061488673,0.0,0.012944983818770227,0.0,0.0,0.006472491909385114,0.0,0.0,0.003236245954692557,0.006472491909385114,0.009708737864077669,0.0,0.0,0.011326860841423949,0.0016181229773462784,0.003236245954692557,0.006472491909385114,0.0,0.0016181229773462784,0.0016181229773462784,0.0016181229773462784,0.012944983818770227,0.012944983818770227,0.025889967637540454,0.0048543689320388345,0.0,0.0048543689320388345,0.003236245954692557,0.019417475728155338,0.006472491909385114,0.02912621359223301,0.0,0.016181229773462782,0.008090614886731391,0.0,0.006472491909385114,0.003236245954692557,0.0016181229773462784,0.0,0.01779935275080906,0.022653721682847898,0.0,0.0,0.0,0.0
390,0.015531660692951015,0.0023894862604540022,0.0,0.0,0.0,0.016726403823178016,0.0011947431302270011,0.0023894862604540022,0.013142174432497013,0.009557945041816009,0.009557945041816009,0.0,0.005973715651135006,0.005973715651135006,0.0,0.0,0.019115890083632018,0.0023894862604540022,0.03464755077658303,0.0035842293906810036,0.023894862604540025,0.0,0.0035842293906810036,0.0023894862604540022,0.0023894862604540022,0.014336917562724014,0.0035842293906810036,0.21385902031063322,0.02031063321385902,0.02031063321385902,0.0035842293906810036,0.0035842293906810036,0.022700119474313024,0.0011947431302270011,0.0,0.0,0.010752688172043012,0.0011947431302270011,0.03345280764635603,0.0,0.005973715651135006,0.15053763440860216,0.0,0.0035842293906810036,0.0,0.009557945041816009,0.005973715651135006,0.0035842293906810036,0.009557945041816009,0.025089605734767026,0.011947431302270013,0.0,0.0011947431302270011,0.010752688172043012,0.0047789725209080045,0.007168458781362007,0.0,0.008363201911589008,0.0,0.0023894862604540022,0.009557945041816009,0.0035842293906810036,0.0,0.0011947431302270011,0.0,0.005973715651135006,0.0023894862604540022,0.0023894862604540022,0.0035842293906810036,0.010752688172043012,0.0,0.0047789725209080045,0.0047789725209080045,0.0023894862604540022,0.008363201911589008,0.014336917562724014,0.0,0.0035842293906810036,0.005973715651135006,0.0,0.0,0.0035842293906810036,0.007168458781362007,0.0035842293906810036,0.025089605734767026,0.008363201911589008,0.0023894862604540022,0.011947431302270013,0.0,0.007168458781362007,0.02031063321385902,0.02031063321385902,0.0,0.0035842293906810036,0.0,0.005973715651135006,0.0,0.0023894862604540022,0.0,0.010752688172043012
391,0.0026560424966799467,0.00398406374501992,0.006640106241699867,0.01195219123505976,0.0026560424966799467,0.009296148738379814,0.006640106241699867,0.0013280212483399733,0.0,0.0026560424966799467,0.009296148738379814,0.01195219123505976,0.0013280212483399733,0.014608233731739707,0.01195219123505976,0.00398406374501992,0.0,0.0,0.0,0.0026560424966799467,0.0013280212483399733,0.0026560424966799467,0.0013280212483399733,0.010624169986719787,0.0026560424966799467,0.00796812749003984,0.005312084993359893,0.2058432934926959,0.0,0.005312084993359893,0.0013280212483399733,0.0013280212483399733,0.009296148738379814,0.0013280212483399733,0.0,0.006640106241699867,0.010624169986719787,0.01195219123505976,0.014608233731739707,0.014608233731739707,0.0026560424966799467,0.18326693227091634,0.0,0.0026560424966799467,0.0,0.02390438247011952,0.0,0.0,0.0,0.0013280212483399733,0.0013280212483399733,0.0013280212483399733,0.005312084993359893,0.02257636122177955,0.0026560424966799467,0.0026560424966799467,0.005312084993359893,0.006640106241699867,0.0,0.0026560424966799467,0.0,0.00796812749003984,0.013280212483399735,0.017264276228419653,0.013280212483399735,0.017264276228419653,0.0,0.0026560424966799467,0.00796812749003984,0.00796812749003984,0.006640106241699867,0.01859229747675963,0.0026560424966799467,0.0,0.00796812749003984,0.0,0.0,0.013280212483399735,0.006640106241699867,0.0026560424966799467,0.01593625498007968,0.0013280212483399733,0.0013280212483399733,0.0013280212483399733,0.00796812749003984,0.04780876494023904,0.025232403718459494,0.00398406374501992,0.017264276228419653,0.00398406374501992,0.0013280212483399733,0.0026560424966799467,0.0,0.0,0.009296148738379814,0.0013280212483399733,0.0,0.025232403718459494,0.00398406374501992,0.0013280212483399733
392,0.0,0.0028653295128939827,0.0,0.0,0.0,0.0,0.0,0.012893982808022923,0.0,0.015759312320916905,0.0,0.027220630372492838,0.004297994269340974,0.02148997134670487,0.011461318051575931,0.0014326647564469914,0.012893982808022923,0.0014326647564469914,0.0028653295128939827,0.0071633237822349575,0.0014326647564469914,0.011461318051575931,0.0,0.004297994269340974,0.0,0.004297994269340974,0.0028653295128939827,0.23925501432664756,0.0014326647564469914,0.0,0.012893982808022923,0.0071633237822349575,0.0,0.03008595988538682,0.0057306590257879654,0.0014326647564469914,0.01002865329512894,0.0,0.0028653295128939827,0.011461318051575931,0.014326647564469915,0.2034383954154728,0.0,0.0071633237822349575,0.0014326647564469914,0.004297994269340974,0.008595988538681949,0.008595988538681949,0.004297994269340974,0.0,0.03724928366762178,0.017191977077363897,0.0057306590257879654,0.0,0.0,0.011461318051575931,0.0028653295128939827,0.0,0.0,0.0028653295128939827,0.011461318051575931,0.0014326647564469914,0.0014326647564469914,0.0,0.014326647564469915,0.0071633237822349575,0.0,0.0014326647564469914,0.0014326647564469914,0.0014326647564469914,0.0,0.008595988538681949,0.0028653295128939827,0.0071633237822349575,0.01002865329512894,0.0,0.008595988538681949,0.0057306590257879654,0.0014326647564469914,0.011461318051575931,0.004297994269340974,0.0,0.01002865329512894,0.0014326647564469914,0.0,0.0,0.004297994269340974,0.011461318051575931,0.01002865329512894,0.0014326647564469914,0.0,0.0,0.012893982808022923,0.0028653295128939827,0.0,0.0,0.03868194842406877,0.0,0.0028653295128939827,0.0057306590257879654
393,0.007462686567164179,0.007462686567164179,0.0037313432835820895,0.0,0.007462686567164179,0.0012437810945273632,0.01990049751243781,0.0012437810945273632,0.0037313432835820895,0.011194029850746268,0.004975124378109453,0.0012437810945273632,0.0,0.033582089552238806,0.0012437810945273632,0.0,0.012437810945273632,0.0012437810945273632,0.011194029850746268,0.028606965174129355,0.0024875621890547263,0.006218905472636816,0.0,0.011194029850746268,0.0,0.0037313432835820895,0.0012437810945273632,0.14676616915422885,0.01990049751243781,0.007462686567164179,0.007462686567164179,0.0,0.0,0.0012437810945273632,0.009950248756218905,0.041044776119402986,0.0024875621890547263,0.004975124378109453,0.0012437810945273632,0.0024875621890547263,0.0,0.20149253731343283,0.011194029850746268,0.0024875621890547263,0.013681592039800995,0.006218905472636816,0.018656716417910446,0.004975124378109453,0.0,0.0,0.0012437810945273632,0.0012437810945273632,0.004975124378109453,0.024875621890547265,0.006218905472636816,0.0,0.011194029850746268,0.0,0.0024875621890547263,0.0,0.004975124378109453,0.0,0.0,0.0012437810945273632,0.008706467661691543,0.0024875621890547263,0.006218905472636816,0.0,0.0,0.009950248756218905,0.0037313432835820895,0.0024875621890547263,0.0012437810945273632,0.0012437810945273632,0.026119402985074626,0.0037313432835820895,0.0,0.0024875621890547263,0.008706467661691543,0.0037313432835820895,0.0012437810945273632,0.01616915422885572,0.008706467661691543,0.014925373134328358,0.008706467661691543,0.0012437810945273632,0.0012437810945273632,0.0,0.0,0.006218905472636816,0.006218905472636816,0.0012437810945273632,0.0012437810945273632,0.009950248756218905,0.0,0.012437810945273632,0.0012437810945273632,0.041044776119402986,0.0037313432835820895,0.03855721393034826
394,0.009302325581395349,0.004651162790697674,0.0,0.012403100775193798,0.0015503875968992248,0.009302325581395349,0.037209302325581395,0.012403100775193798,0.0,0.031007751937984496,0.010852713178294573,0.0031007751937984496,0.018604651162790697,0.0031007751937984496,0.013953488372093023,0.0031007751937984496,0.0,0.004651162790697674,0.0031007751937984496,0.0031007751937984496,0.0,0.0,0.0,0.006201550387596899,0.015503875968992248,0.004651162790697674,0.010852713178294573,0.16279069767441862,0.0,0.0,0.013953488372093023,0.007751937984496124,0.0,0.0031007751937984496,0.006201550387596899,0.0015503875968992248,0.0015503875968992248,0.010852713178294573,0.0,0.015503875968992248,0.010852713178294573,0.15193798449612403,0.0,0.0015503875968992248,0.009302325581395349,0.0015503875968992248,0.031007751937984496,0.013953488372093023,0.0,0.0,0.009302325581395349,0.027906976744186046,0.0015503875968992248,0.004651162790697674,0.0,0.0015503875968992248,0.004651162790697674,0.021705426356589147,0.006201550387596899,0.004651162790697674,0.0031007751937984496,0.0031007751937984496,0.004651162790697674,0.03565891472868217,0.0015503875968992248,0.0,0.0,0.007751937984496124,0.006201550387596899,0.0,0.006201550387596899,0.0,0.0,0.007751937984496124,0.0015503875968992248,0.0,0.0,0.004651162790697674,0.0,0.0,0.0015503875968992248,0.017054263565891473,0.0031007751937984496,0.012403100775193798,0.0015503875968992248,0.0,0.017054263565891473,0.004651162790697674,0.021705426356589147,0.0,0.007751937984496124,0.02945736434108527,0.004651162790697674,0.0031007751937984496,0.012403100775193798,0.0,0.009302325581395349,0.018604651162790697,0.0,0.009302325581395349
395,0.01624815361890694,0.005908419497784343,0.0014771048744460858,0.0,0.0,0.007385524372230428,0.0029542097488921715,0.0,0.005908419497784343,0.011816838995568686,0.0,0.005908419497784343,0.01772525849335303,0.028064992614475627,0.0,0.013293943870014771,0.007385524372230428,0.007385524372230428,0.0,0.0,0.004431314623338257,0.01624815361890694,0.0014771048744460858,0.0,0.011816838995568686,0.0,0.026587887740029542,0.1964549483013294,0.0029542097488921715,0.0,0.0014771048744460858,0.011816838995568686,0.007385524372230428,0.0,0.007385524372230428,0.0,0.0014771048744460858,0.004431314623338257,0.004431314623338257,0.0014771048744460858,0.0029542097488921715,0.1964549483013294,0.005908419497784343,0.0014771048744460858,0.005908419497784343,0.026587887740029542,0.0,0.004431314623338257,0.0,0.004431314623338257,0.022156573116691284,0.0103397341211226,0.0014771048744460858,0.004431314623338257,0.0,0.0,0.0206794682422452,0.0,0.0014771048744460858,0.0103397341211226,0.013293943870014771,0.0029542097488921715,0.004431314623338257,0.014771048744460856,0.005908419497784343,0.0,0.0103397341211226,0.0014771048744460858,0.0029542097488921715,0.0014771048744460858,0.0103397341211226,0.011816838995568686,0.0029542097488921715,0.004431314623338257,0.023633677991137372,0.0,0.0014771048744460858,0.0014771048744460858,0.0,0.0,0.0014771048744460858,0.0014771048744460858,0.011816838995568686,0.005908419497784343,0.0,0.0,0.007385524372230428,0.0014771048744460858,0.0014771048744460858,0.005908419497784343,0.008862629246676515,0.0029542097488921715,0.014771048744460856,0.0014771048744460858,0.0,0.029542097488921712,0.0,0.004431314623338257,0.026587887740029542,0.0103397341211226
396,0.0,0.0,0.001718213058419244,0.020618556701030927,0.0,0.001718213058419244,0.0,0.0,0.00859106529209622,0.013745704467353952,0.010309278350515464,0.013745704467353952,0.005154639175257732,0.0,0.03608247422680412,0.0,0.0,0.005154639175257732,0.012027491408934709,0.024054982817869417,0.001718213058419244,0.012027491408934709,0.010309278350515464,0.001718213058419244,0.0,0.00859106529209622,0.012027491408934709,0.3006872852233677,0.003436426116838488,0.005154639175257732,0.0,0.003436426116838488,0.003436426116838488,0.001718213058419244,0.003436426116838488,0.0,0.0,0.001718213058419244,0.0,0.001718213058419244,0.005154639175257732,0.1563573883161512,0.00859106529209622,0.010309278350515464,0.003436426116838488,0.030927835051546393,0.001718213058419244,0.0,0.003436426116838488,0.003436426116838488,0.001718213058419244,0.0,0.0,0.001718213058419244,0.003436426116838488,0.001718213058419244,0.020618556701030927,0.001718213058419244,0.003436426116838488,0.022336769759450172,0.0,0.01718213058419244,0.003436426116838488,0.00859106529209622,0.0,0.010309278350515464,0.010309278350515464,0.020618556701030927,0.003436426116838488,0.0,0.0,0.0,0.001718213058419244,0.006872852233676976,0.001718213058419244,0.00859106529209622,0.0,0.001718213058419244,0.0,0.010309278350515464,0.003436426116838488,0.0,0.0,0.0,0.005154639175257732,0.01718213058419244,0.013745704467353952,0.0,0.0,0.001718213058419244,0.006872852233676976,0.0,0.0,0.00859106529209622,0.0,0.003436426116838488,0.006872852233676976,0.01718213058419244,0.006872852233676976,0.0
397,0.0,0.0,0.0012106537530266344,0.0012106537530266344,0.00847457627118644,0.002421307506053269,0.0036319612590799033,0.0036319612590799033,0.013317191283292978,0.015738498789346248,0.0,0.013317191283292978,0.018159806295399514,0.024213075060532687,0.002421307506053269,0.007263922518159807,0.0012106537530266344,0.012106537530266344,0.0012106537530266344,0.002421307506053269,0.002421307506053269,0.00847457627118644,0.0036319612590799033,0.004842615012106538,0.0,0.018159806295399514,0.0036319612590799033,0.1791767554479419,0.012106537530266344,0.002421307506053269,0.0,0.007263922518159807,0.0,0.0012106537530266344,0.010895883777239709,0.0012106537530266344,0.0036319612590799033,0.0036319612590799033,0.006053268765133172,0.0012106537530266344,0.0012106537530266344,0.2009685230024213,0.0,0.00847457627118644,0.0012106537530266344,0.0036319612590799033,0.0,0.013317191283292978,0.013317191283292978,0.0012106537530266344,0.0,0.006053268765133172,0.018159806295399514,0.009685230024213076,0.0,0.0036319612590799033,0.002421307506053269,0.010895883777239709,0.013317191283292978,0.0,0.007263922518159807,0.009685230024213076,0.00847457627118644,0.01694915254237288,0.04600484261501211,0.00847457627118644,0.002421307506053269,0.025423728813559324,0.007263922518159807,0.0012106537530266344,0.002421307506053269,0.009685230024213076,0.0,0.0012106537530266344,0.013317191283292978,0.0036319612590799033,0.004842615012106538,0.0012106537530266344,0.0,0.006053268765133172,0.012106537530266344,0.009685230024213076,0.0,0.0012106537530266344,0.0036319612590799033,0.0036319612590799033,0.015738498789346248,0.015738498789346248,0.006053268765133172,0.0036319612590799033,0.0012106537530266344,0.018159806295399514,0.0012106537530266344,0.007263922518159807,0.004842615012106538,0.0036319612590799033,0.004842615012106538,0.0,0.0,0.002421307506053269
398,0.0015698587127158557,0.0,0.009419152276295133,0.012558869701726845,0.01726844583987441,0.01098901098901099,0.02511773940345369,0.0015698587127158557,0.0,0.004709576138147566,0.0,0.006279434850863423,0.0015698587127158557,0.0015698587127158557,0.0031397174254317113,0.004709576138147566,0.0015698587127158557,0.0,0.0,0.0,0.03296703296703297,0.0,0.0031397174254317113,0.0141287284144427,0.01726844583987441,0.0015698587127158557,0.0,0.17896389324960754,0.0031397174254317113,0.0031397174254317113,0.0,0.004709576138147566,0.0031397174254317113,0.007849293563579277,0.0,0.012558869701726845,0.01098901098901099,0.0015698587127158557,0.004709576138147566,0.0015698587127158557,0.007849293563579277,0.20408163265306123,0.0031397174254317113,0.009419152276295133,0.0031397174254317113,0.0,0.0015698587127158557,0.004709576138147566,0.0015698587127158557,0.0015698587127158557,0.0031397174254317113,0.0031397174254317113,0.004709576138147566,0.0,0.007849293563579277,0.004709576138147566,0.0,0.004709576138147566,0.0282574568288854,0.004709576138147566,0.0015698587127158557,0.007849293563579277,0.0282574568288854,0.006279434850863423,0.01098901098901099,0.004709576138147566,0.007849293563579277,0.0,0.0015698587127158557,0.004709576138147566,0.0015698587127158557,0.009419152276295133,0.0,0.0015698587127158557,0.02040816326530612,0.007849293563579277,0.009419152276295133,0.0,0.0031397174254317113,0.05337519623233909,0.0141287284144427,0.0,0.006279434850863423,0.0031397174254317113,0.0,0.007849293563579277,0.0015698587127158557,0.0015698587127158557,0.0031397174254317113,0.01726844583987441,0.004709576138147566,0.0,0.01098901098901099,0.006279434850863423,0.0031397174254317113,0.0,0.03453689167974882,0.0015698587127158557,0.0,0.0015698587127158557
399,0.021447721179624665,0.01742627345844504,0.030831099195710455,0.005361930294906166,0.012064343163538873,0.005361930294906166,0.004021447721179625,0.006702412868632708,0.00938337801608579,0.004021447721179625,0.0,0.021447721179624665,0.012064343163538873,0.0,0.03485254691689008,0.01742627345844504,0.00938337801608579,0.00938337801608579,0.022788203753351208,0.0,0.0,0.0013404825737265416,0.0,0.002680965147453083,0.004021447721179625,0.01742627345844504,0.01876675603217158,0.15147453083109919,0.0013404825737265416,0.0,0.002680965147453083,0.006702412868632708,0.0,0.0013404825737265416,0.020107238605898123,0.002680965147453083,0.010723860589812333,0.00938337801608579,0.0,0.024128686327077747,0.029490616621983913,0.16085790884718498,0.005361930294906166,0.004021447721179625,0.002680965147453083,0.004021447721179625,0.0,0.002680965147453083,0.004021447721179625,0.004021447721179625,0.0,0.0,0.032171581769437,0.002680965147453083,0.0013404825737265416,0.005361930294906166,0.00804289544235925,0.0,0.002680965147453083,0.00804289544235925,0.012064343163538873,0.0,0.0,0.0,0.01742627345844504,0.010723860589812333,0.014745308310991957,0.0,0.00938337801608579,0.0,0.002680965147453083,0.028150134048257374,0.012064343163538873,0.0160857908847185,0.004021447721179625,0.004021447721179625,0.0,0.0013404825737265416,0.0013404825737265416,0.0,0.0013404825737265416,0.00938337801608579,0.0013404825737265416,0.0013404825737265416,0.002680965147453083,0.004021447721179625,0.002680965147453083,0.0,0.0,0.0013404825737265416,0.0,0.012064343163538873,0.004021447721179625,0.006702412868632708,0.005361930294906166,0.005361930294906166,0.006702412868632708,0.005361930294906166,0.0,0.0
400,0.02586206896551724,0.0028735632183908046,0.0,0.0,0.005747126436781609,0.0,0.004310344827586207,0.01867816091954023,0.0,0.005747126436781609,0.008620689655172414,0.0028735632183908046,0.0,0.0028735632183908046,0.0,0.004310344827586207,0.0028735632183908046,0.0,0.021551724137931036,0.0,0.0014367816091954023,0.005747126436781609,0.0028735632183908046,0.01293103448275862,0.0028735632183908046,0.014367816091954023,0.004310344827586207,0.22988505747126436,0.008620689655172414,0.005747126436781609,0.005747126436781609,0.014367816091954023,0.008620689655172414,0.01867816091954023,0.004310344827586207,0.008620689655172414,0.0,0.0028735632183908046,0.0014367816091954023,0.005747126436781609,0.011494252873563218,0.1839080459770115,0.0,0.005747126436781609,0.03735632183908046,0.008620689655172414,0.02586206896551724,0.0,0.005747126436781609,0.0014367816091954023,0.004310344827586207,0.0,0.0028735632183908046,0.0028735632183908046,0.0,0.0028735632183908046,0.0,0.0028735632183908046,0.007183908045977011,0.0,0.0014367816091954023,0.0,0.05459770114942529,0.0,0.015804597701149427,0.0,0.0028735632183908046,0.0,0.005747126436781609,0.01293103448275862,0.008620689655172414,0.004310344827586207,0.0,0.0,0.0,0.0,0.011494252873563218,0.0,0.0014367816091954023,0.014367816091954023,0.017241379310344827,0.0014367816091954023,0.0,0.0028735632183908046,0.011494252873563218,0.005747126436781609,0.0014367816091954023,0.0014367816091954023,0.008620689655172414,0.0028735632183908046,0.0,0.0028735632183908046,0.0014367816091954023,0.0028735632183908046,0.008620689655172414,0.014367816091954023,0.0,0.007183908045977011,0.007183908045977011,0.0
401,0.0,0.0,0.00715307582260372,0.001430615164520744,0.008583690987124463,0.004291845493562232,0.030042918454935622,0.0,0.001430615164520744,0.0,0.017167381974248927,0.004291845493562232,0.001430615164520744,0.004291845493562232,0.002861230329041488,0.001430615164520744,0.012875536480686695,0.001430615164520744,0.00715307582260372,0.012875536480686695,0.005722460658082976,0.017167381974248927,0.002861230329041488,0.001430615164520744,0.012875536480686695,0.004291845493562232,0.0,0.14878397711015737,0.001430615164520744,0.002861230329041488,0.005722460658082976,0.008583690987124463,0.017167381974248927,0.024320457796852647,0.0,0.0,0.02575107296137339,0.0,0.01430615164520744,0.0,0.008583690987124463,0.23605150214592274,0.012875536480686695,0.0,0.0,0.001430615164520744,0.0,0.00715307582260372,0.0,0.0,0.010014306151645207,0.004291845493562232,0.002861230329041488,0.004291845493562232,0.06437768240343347,0.0,0.00715307582260372,0.001430615164520744,0.002861230329041488,0.001430615164520744,0.0,0.0,0.0,0.002861230329041488,0.004291845493562232,0.001430615164520744,0.002861230329041488,0.00715307582260372,0.002861230329041488,0.002861230329041488,0.005722460658082976,0.0,0.012875536480686695,0.0357653791130186,0.01430615164520744,0.00715307582260372,0.015736766809728183,0.0,0.00715307582260372,0.017167381974248927,0.005722460658082976,0.002861230329041488,0.008583690987124463,0.0,0.002861230329041488,0.0,0.001430615164520744,0.0,0.0,0.020028612303290415,0.0,0.0,0.02575107296137339,0.0,0.0,0.0,0.002861230329041488,0.011444921316165951,0.001430615164520744,0.0
402,0.0024330900243309003,0.0012165450121654502,0.0170316301703163,0.0,0.0012165450121654502,0.0012165450121654502,0.0024330900243309003,0.009732360097323601,0.0012165450121654502,0.004866180048661801,0.0036496350364963502,0.0036496350364963502,0.0,0.006082725060827251,0.023114355231143552,0.00851581508515815,0.02068126520681265,0.0024330900243309003,0.0012165450121654502,0.0012165450121654502,0.024330900243309004,0.01338199513381995,0.01338199513381995,0.0,0.0,0.0036496350364963502,0.0012165450121654502,0.22627737226277372,0.0036496350364963502,0.014598540145985401,0.010948905109489052,0.0,0.0012165450121654502,0.0,0.0,0.0024330900243309003,0.014598540145985401,0.006082725060827251,0.0012165450121654502,0.0024330900243309003,0.015815085158150853,0.24939172749391728,0.0012165450121654502,0.006082725060827251,0.024330900243309004,0.00851581508515815,0.0,0.0,0.0012165450121654502,0.0,0.0012165450121654502,0.0012165450121654502,0.0036496350364963502,0.00851581508515815,0.00851581508515815,0.0012165450121654502,0.01824817518248175,0.0012165450121654502,0.0024330900243309003,0.012165450121654502,0.0,0.0024330900243309003,0.0036496350364963502,0.0,0.0,0.00851581508515815,0.0,0.006082725060827251,0.0,0.0,0.0,0.00851581508515815,0.004866180048661801,0.012165450121654502,0.009732360097323601,0.0,0.0,0.0,0.0024330900243309003,0.0,0.0,0.0012165450121654502,0.0,0.010948905109489052,0.004866180048661801,0.014598540145985401,0.014598540145985401,0.015815085158150853,0.0,0.006082725060827251,0.021897810218978103,0.0024330900243309003,0.00851581508515815,0.0,0.019464720194647202,0.0012165450121654502,0.0,0.0,0.0,0.0036496350364963502
403,0.001736111111111111,0.008680555555555556,0.006944444444444444,0.0,0.029513888888888888,0.0,0.001736111111111111,0.010416666666666666,0.008680555555555556,0.005208333333333333,0.001736111111111111,0.012152777777777778,0.017361111111111112,0.0,0.0,0.0,0.0,0.005208333333333333,0.0,0.005208333333333333,0.012152777777777778,0.0,0.0,0.012152777777777778,0.012152777777777778,0.003472222222222222,0.008680555555555556,0.19791666666666666,0.0,0.0,0.0,0.026041666666666668,0.008680555555555556,0.001736111111111111,0.0,0.005208333333333333,0.06597222222222222,0.012152777777777778,0.0,0.003472222222222222,0.003472222222222222,0.1232638888888889,0.001736111111111111,0.005208333333333333,0.005208333333333333,0.005208333333333333,0.001736111111111111,0.0,0.0,0.013888888888888888,0.001736111111111111,0.003472222222222222,0.001736111111111111,0.012152777777777778,0.019097222222222224,0.008680555555555556,0.024305555555555556,0.0,0.001736111111111111,0.015625,0.005208333333333333,0.012152777777777778,0.003472222222222222,0.001736111111111111,0.013888888888888888,0.0,0.006944444444444444,0.003472222222222222,0.015625,0.0,0.001736111111111111,0.001736111111111111,0.001736111111111111,0.008680555555555556,0.001736111111111111,0.003472222222222222,0.005208333333333333,0.006944444444444444,0.0,0.001736111111111111,0.012152777777777778,0.012152777777777778,0.012152777777777778,0.0,0.017361111111111112,0.03125,0.0,0.0,0.010416666666666666,0.001736111111111111,0.001736111111111111,0.012152777777777778,0.008680555555555556,0.001736111111111111,0.024305555555555556,0.0,0.0,0.001736111111111111,0.015625,0.008680555555555556
404,0.0038412291933418692,0.014084507042253521,0.0012804097311139564,0.0,0.0,0.0038412291933418692,0.0,0.0,0.008962868117797696,0.008962868117797696,0.03841229193341869,0.011523687580025609,0.02560819462227913,0.005121638924455826,0.008962868117797696,0.0,0.002560819462227913,0.0038412291933418692,0.016645326504481434,0.028169014084507043,0.006402048655569782,0.0,0.015364916773367477,0.0012804097311139564,0.002560819462227913,0.0038412291933418692,0.010243277848911651,0.18181818181818182,0.012804097311139564,0.0038412291933418692,0.019206145966709345,0.002560819462227913,0.01792573623559539,0.002560819462227913,0.011523687580025609,0.0,0.0,0.0,0.002560819462227913,0.0012804097311139564,0.010243277848911651,0.10627400768245839,0.0012804097311139564,0.005121638924455826,0.0,0.0,0.0,0.0076824583866837385,0.0076824583866837385,0.016645326504481434,0.0076824583866837385,0.002560819462227913,0.012804097311139564,0.012804097311139564,0.011523687580025609,0.0,0.011523687580025609,0.006402048655569782,0.005121638924455826,0.0012804097311139564,0.006402048655569782,0.006402048655569782,0.0,0.0,0.002560819462227913,0.0,0.005121638924455826,0.010243277848911651,0.0,0.014084507042253521,0.012804097311139564,0.028169014084507043,0.006402048655569782,0.0,0.0,0.023047375160051217,0.0038412291933418692,0.0,0.005121638924455826,0.0,0.0038412291933418692,0.02176696542893726,0.0,0.010243277848911651,0.0,0.0,0.002560819462227913,0.014084507042253521,0.0,0.0076824583866837385,0.0038412291933418692,0.012804097311139564,0.02176696542893726,0.026888604353393086,0.010243277848911651,0.0012804097311139564,0.028169014084507043,0.005121638924455826,0.0,0.0012804097311139564
405,0.003134796238244514,0.007836990595611285,0.006269592476489028,0.001567398119122257,0.003134796238244514,0.0109717868338558,0.003134796238244514,0.023510971786833857,0.003134796238244514,0.003134796238244514,0.003134796238244514,0.006269592476489028,0.018808777429467086,0.012539184952978056,0.006269592476489028,0.0,0.006269592476489028,0.0,0.0,0.009404388714733543,0.0,0.0109717868338558,0.003134796238244514,0.003134796238244514,0.001567398119122257,0.0,0.007836990595611285,0.164576802507837,0.01567398119122257,0.004702194357366771,0.0,0.003134796238244514,0.001567398119122257,0.01567398119122257,0.001567398119122257,0.017241379310344827,0.018808777429467086,0.014106583072100314,0.009404388714733543,0.001567398119122257,0.003134796238244514,0.1974921630094044,0.0,0.001567398119122257,0.0,0.003134796238244514,0.025078369905956112,0.0109717868338558,0.014106583072100314,0.009404388714733543,0.007836990595611285,0.0,0.003134796238244514,0.006269592476489028,0.004702194357366771,0.007836990595611285,0.009404388714733543,0.0,0.032915360501567396,0.014106583072100314,0.007836990595611285,0.025078369905956112,0.001567398119122257,0.006269592476489028,0.001567398119122257,0.003134796238244514,0.001567398119122257,0.004702194357366771,0.029780564263322883,0.0,0.014106583072100314,0.023510971786833857,0.006269592476489028,0.0,0.004702194357366771,0.014106583072100314,0.0,0.001567398119122257,0.006269592476489028,0.009404388714733543,0.0109717868338558,0.0,0.001567398119122257,0.007836990595611285,0.009404388714733543,0.0,0.0,0.003134796238244514,0.007836990595611285,0.001567398119122257,0.001567398119122257,0.0,0.006269592476489028,0.006269592476489028,0.003134796238244514,0.003134796238244514,0.0,0.0,0.001567398119122257,0.0
406,0.014577259475218658,0.0014577259475218659,0.0,0.0,0.004373177842565598,0.01020408163265306,0.0,0.0029154518950437317,0.0,0.0,0.01020408163265306,0.004373177842565598,0.0029154518950437317,0.011661807580174927,0.0,0.01020408163265306,0.0058309037900874635,0.0029154518950437317,0.013119533527696793,0.0058309037900874635,0.026239067055393587,0.007288629737609329,0.01020408163265306,0.0029154518950437317,0.016034985422740525,0.014577259475218658,0.0014577259475218659,0.10495626822157435,0.013119533527696793,0.0029154518950437317,0.018950437317784258,0.0058309037900874635,0.0029154518950437317,0.0,0.0014577259475218659,0.0014577259475218659,0.0014577259475218659,0.014577259475218658,0.01020408163265306,0.0014577259475218659,0.016034985422740525,0.18075801749271136,0.004373177842565598,0.011661807580174927,0.014577259475218658,0.02478134110787172,0.0029154518950437317,0.016034985422740525,0.0014577259475218659,0.004373177842565598,0.004373177842565598,0.014577259475218658,0.01020408163265306,0.01749271137026239,0.008746355685131196,0.016034985422740525,0.004373177842565598,0.013119533527696793,0.007288629737609329,0.0014577259475218659,0.01749271137026239,0.0014577259475218659,0.004373177842565598,0.0058309037900874635,0.004373177842565598,0.0,0.033527696793002916,0.0,0.0014577259475218659,0.0014577259475218659,0.0029154518950437317,0.0058309037900874635,0.0,0.0,0.0014577259475218659,0.0058309037900874635,0.0,0.016034985422740525,0.0,0.0,0.0058309037900874635,0.02040816326530612,0.0029154518950437317,0.0014577259475218659,0.014577259475218658,0.0014577259475218659,0.014577259475218658,0.004373177842565598,0.0029154518950437317,0.0014577259475218659,0.0058309037900874635,0.011661807580174927,0.02040816326530612,0.0014577259475218659,0.008746355685131196,0.03498542274052478,0.0,0.0014577259475218659,0.0,0.01020408163265306
407,0.005555555555555556,0.009722222222222222,0.0,0.0,0.002777777777777778,0.006944444444444444,0.001388888888888889,0.019444444444444445,0.043055555555555555,0.0,0.04583333333333333,0.0,0.001388888888888889,0.019444444444444445,0.03194444444444444,0.002777777777777778,0.002777777777777778,0.002777777777777778,0.001388888888888889,0.004166666666666667,0.006944444444444444,0.0,0.0,0.0,0.013888888888888888,0.0,0.001388888888888889,0.21805555555555556,0.005555555555555556,0.009722222222222222,0.0,0.001388888888888889,0.002777777777777778,0.013888888888888888,0.002777777777777778,0.008333333333333333,0.004166666666666667,0.0,0.001388888888888889,0.0,0.004166666666666667,0.14027777777777778,0.0,0.002777777777777778,0.004166666666666667,0.001388888888888889,0.0,0.001388888888888889,0.0,0.001388888888888889,0.002777777777777778,0.001388888888888889,0.004166666666666667,0.002777777777777778,0.03194444444444444,0.005555555555555556,0.0,0.001388888888888889,0.001388888888888889,0.001388888888888889,0.0,0.030555555555555555,0.009722222222222222,0.005555555555555556,0.002777777777777778,0.0,0.029166666666666667,0.001388888888888889,0.018055555555555554,0.0,0.009722222222222222,0.0,0.0,0.0,0.0,0.004166666666666667,0.011111111111111112,0.001388888888888889,0.0,0.030555555555555555,0.009722222222222222,0.005555555555555556,0.001388888888888889,0.006944444444444444,0.001388888888888889,0.03888888888888889,0.0,0.002777777777777778,0.015277777777777777,0.016666666666666666,0.004166666666666667,0.001388888888888889,0.015277777777777777,0.006944444444444444,0.001388888888888889,0.001388888888888889,0.0,0.0125,0.004166666666666667,0.0
408,0.006596306068601583,0.005277044854881266,0.013192612137203167,0.0158311345646438,0.0,0.006596306068601583,0.0013192612137203166,0.002638522427440633,0.005277044854881266,0.0079155672823219,0.00395778364116095,0.005277044854881266,0.025065963060686015,0.0,0.0,0.0,0.0,0.0,0.006596306068601583,0.0,0.011873350923482849,0.0013192612137203166,0.0,0.009234828496042216,0.011873350923482849,0.040897097625329816,0.0013192612137203166,0.25065963060686014,0.006596306068601583,0.0079155672823219,0.00395778364116095,0.0,0.00395778364116095,0.0,0.00395778364116095,0.0,0.014511873350923483,0.0,0.006596306068601583,0.011873350923482849,0.0013192612137203166,0.20580474934036938,0.002638522427440633,0.0013192612137203166,0.00395778364116095,0.0013192612137203166,0.00395778364116095,0.0079155672823219,0.00395778364116095,0.002638522427440633,0.010554089709762533,0.013192612137203167,0.018469656992084433,0.006596306068601583,0.0079155672823219,0.009234828496042216,0.002638522427440633,0.005277044854881266,0.010554089709762533,0.0013192612137203166,0.0,0.0013192612137203166,0.005277044854881266,0.006596306068601583,0.00395778364116095,0.023746701846965697,0.0013192612137203166,0.0013192612137203166,0.0,0.00395778364116095,0.0013192612137203166,0.0079155672823219,0.0,0.0013192612137203166,0.0,0.0013192612137203166,0.005277044854881266,0.00395778364116095,0.002638522427440633,0.006596306068601583,0.011873350923482849,0.0,0.0,0.0013192612137203166,0.002638522427440633,0.0079155672823219,0.0013192612137203166,0.002638522427440633,0.010554089709762533,0.0,0.006596306068601583,0.002638522427440633,0.011873350923482849,0.0,0.00395778364116095,0.013192612137203167,0.0013192612137203166,0.002638522427440633,0.022427440633245383,0.006596306068601583
409,0.0,0.01256281407035176,0.001256281407035176,0.0,0.0037688442211055275,0.016331658291457288,0.035175879396984924,0.005025125628140704,0.002512562814070352,0.011306532663316583,0.0,0.02135678391959799,0.0037688442211055275,0.001256281407035176,0.0,0.0,0.008793969849246231,0.0037688442211055275,0.002512562814070352,0.001256281407035176,0.02386934673366834,0.00628140703517588,0.0,0.0037688442211055275,0.008793969849246231,0.0,0.0,0.11306532663316583,0.010050251256281407,0.0,0.001256281407035176,0.0037688442211055275,0.02386934673366834,0.016331658291457288,0.01507537688442211,0.01256281407035176,0.0037688442211055275,0.001256281407035176,0.011306532663316583,0.018844221105527637,0.010050251256281407,0.21105527638190955,0.002512562814070352,0.01507537688442211,0.0,0.007537688442211055,0.001256281407035176,0.0,0.016331658291457288,0.001256281407035176,0.002512562814070352,0.001256281407035176,0.00628140703517588,0.0037688442211055275,0.0037688442211055275,0.02763819095477387,0.010050251256281407,0.0,0.01256281407035176,0.011306532663316583,0.002512562814070352,0.002512562814070352,0.005025125628140704,0.011306532663316583,0.017587939698492462,0.001256281407035176,0.0,0.002512562814070352,0.03015075376884422,0.008793969849246231,0.001256281407035176,0.0,0.01256281407035176,0.016331658291457288,0.026381909547738693,0.001256281407035176,0.0,0.0,0.0,0.017587939698492462,0.007537688442211055,0.0,0.0,0.0,0.0,0.002512562814070352,0.01507537688442211,0.00628140703517588,0.001256281407035176,0.007537688442211055,0.0037688442211055275,0.0,0.008793969849246231,0.001256281407035176,0.0,0.0037688442211055275,0.0,0.007537688442211055,0.00628140703517588,0.022613065326633167
410,0.008291873963515755,0.01824212271973466,0.004975124378109453,0.001658374792703151,0.004975124378109453,0.001658374792703151,0.001658374792703151,0.003316749585406302,0.013266998341625208,0.03150912106135987,0.0,0.009950248756218905,0.03482587064676617,0.003316749585406302,0.0,0.0,0.009950248756218905,0.001658374792703151,0.003316749585406302,0.001658374792703151,0.009950248756218905,0.003316749585406302,0.001658374792703151,0.014925373134328358,0.006633499170812604,0.003316749585406302,0.006633499170812604,0.20398009950248755,0.0,0.01990049751243781,0.014925373134328358,0.013266998341625208,0.0,0.003316749585406302,0.006633499170812604,0.006633499170812604,0.001658374792703151,0.0,0.001658374792703151,0.01658374792703151,0.006633499170812604,0.12437810945273632,0.0,0.014925373134328358,0.01990049751243781,0.0,0.0,0.0,0.006633499170812604,0.004975124378109453,0.003316749585406302,0.008291873963515755,0.0,0.01824212271973466,0.001658374792703151,0.01990049751243781,0.0,0.0,0.001658374792703151,0.013266998341625208,0.0,0.001658374792703151,0.003316749585406302,0.0,0.0,0.0,0.011608623548922056,0.001658374792703151,0.0,0.008291873963515755,0.0,0.001658374792703151,0.003316749585406302,0.024875621890547265,0.01824212271973466,0.01658374792703151,0.011608623548922056,0.001658374792703151,0.02155887230514096,0.006633499170812604,0.011608623548922056,0.004975124378109453,0.004975124378109453,0.001658374792703151,0.01990049751243781,0.029850746268656716,0.003316749585406302,0.006633499170812604,0.001658374792703151,0.01658374792703151,0.0,0.001658374792703151,0.011608623548922056,0.0,0.0,0.0,0.006633499170812604,0.0,0.0,0.013266998341625208
411,0.0027739251040221915,0.018030513176144243,0.022191400832177532,0.0027739251040221915,0.016643550624133148,0.005547850208044383,0.015256588072122053,0.0027739251040221915,0.006934812760055479,0.0,0.0,0.006934812760055479,0.011095700416088766,0.0,0.024965325936199722,0.011095700416088766,0.012482662968099861,0.0013869625520110957,0.004160887656033287,0.0,0.006934812760055479,0.006934812760055479,0.011095700416088766,0.03467406380027739,0.0,0.0,0.0013869625520110957,0.23994452149791956,0.0,0.0,0.033287101248266296,0.013869625520110958,0.0,0.005547850208044383,0.0,0.012482662968099861,0.004160887656033287,0.011095700416088766,0.009708737864077669,0.0013869625520110957,0.018030513176144243,0.10957004160887657,0.0,0.0,0.0,0.015256588072122053,0.0,0.0013869625520110957,0.015256588072122053,0.005547850208044383,0.006934812760055479,0.0,0.0,0.0013869625520110957,0.005547850208044383,0.004160887656033287,0.019417475728155338,0.013869625520110958,0.015256588072122053,0.018030513176144243,0.0,0.0,0.0027739251040221915,0.012482662968099861,0.0013869625520110957,0.013869625520110958,0.005547850208044383,0.006934812760055479,0.004160887656033287,0.008321775312066574,0.0,0.0027739251040221915,0.0,0.0027739251040221915,0.013869625520110958,0.004160887656033287,0.018030513176144243,0.019417475728155338,0.0013869625520110957,0.0027739251040221915,0.0,0.0013869625520110957,0.004160887656033287,0.0,0.004160887656033287,0.0,0.0027739251040221915,0.009708737864077669,0.023578363384188627,0.0,0.0013869625520110957,0.0027739251040221915,0.005547850208044383,0.0,0.006934812760055479,0.005547850208044383,0.0027739251040221915,0.0,0.0,0.0013869625520110957
412,0.03530895334174023,0.0025220680958385876,0.0,0.008827238335435058,0.025220680958385876,0.0,0.005044136191677175,0.0,0.034047919293820936,0.0025220680958385876,0.012610340479192938,0.0025220680958385876,0.0037831021437578815,0.013871374527112233,0.0025220680958385876,0.0025220680958385876,0.0,0.005044136191677175,0.0,0.0,0.006305170239596469,0.013871374527112233,0.006305170239596469,0.0,0.005044136191677175,0.006305170239596469,0.013871374527112233,0.22950819672131148,0.0012610340479192938,0.0,0.018915510718789406,0.0012610340479192938,0.0,0.007566204287515763,0.0,0.005044136191677175,0.007566204287515763,0.0012610340479192938,0.017654476670870115,0.007566204287515763,0.0037831021437578815,0.2005044136191677,0.0,0.0037831021437578815,0.0025220680958385876,0.0,0.0,0.0025220680958385876,0.0,0.0,0.0012610340479192938,0.0012610340479192938,0.0,0.005044136191677175,0.0012610340479192938,0.008827238335435058,0.0,0.007566204287515763,0.0,0.027742749054224466,0.005044136191677175,0.0012610340479192938,0.0,0.008827238335435058,0.0037831021437578815,0.0,0.05296343001261034,0.0025220680958385876,0.0012610340479192938,0.0,0.005044136191677175,0.0012610340479192938,0.005044136191677175,0.0025220680958385876,0.018915510718789406,0.01008827238335435,0.0,0.008827238335435058,0.006305170239596469,0.011349306431273645,0.0037831021437578815,0.0,0.0012610340479192938,0.008827238335435058,0.0025220680958385876,0.0037831021437578815,0.006305170239596469,0.005044136191677175,0.0,0.0037831021437578815,0.0,0.0012610340479192938,0.0,0.025220680958385876,0.0012610340479192938,0.0025220680958385876,0.0,0.006305170239596469,0.0012610340479192938,0.01008827238335435
413,0.0026917900403768506,0.020188425302826378,0.0013458950201884253,0.005383580080753701,0.014804845222072678,0.0013458950201884253,0.0,0.0026917900403768506,0.0,0.0,0.0,0.0026917900403768506,0.0026917900403768506,0.02557200538358008,0.005383580080753701,0.006729475100942127,0.006729475100942127,0.0,0.006729475100942127,0.0,0.0026917900403768506,0.0026917900403768506,0.0,0.004037685060565276,0.008075370121130552,0.021534320323014805,0.017496635262449527,0.17092866756393002,0.0026917900403768506,0.006729475100942127,0.0,0.0026917900403768506,0.0,0.0,0.018842530282637954,0.0,0.009421265141318977,0.0,0.004037685060565276,0.0,0.006729475100942127,0.13324360699865412,0.009421265141318977,0.004037685060565276,0.009421265141318977,0.0,0.0,0.013458950201884253,0.0,0.020188425302826378,0.014804845222072678,0.0,0.0013458950201884253,0.014804845222072678,0.0026917900403768506,0.008075370121130552,0.0,0.005383580080753701,0.0,0.013458950201884253,0.026917900403768506,0.010767160161507403,0.0026917900403768506,0.008075370121130552,0.006729475100942127,0.005383580080753701,0.04845222072678331,0.005383580080753701,0.0013458950201884253,0.013458950201884253,0.024226110363391656,0.004037685060565276,0.014804845222072678,0.004037685060565276,0.006729475100942127,0.02826379542395693,0.0,0.0,0.008075370121130552,0.014804845222072678,0.0013458950201884253,0.0,0.0,0.0013458950201884253,0.0013458950201884253,0.0013458950201884253,0.033647375504710635,0.008075370121130552,0.004037685060565276,0.020188425302826378,0.0,0.0,0.004037685060565276,0.006729475100942127,0.0013458950201884253,0.013458950201884253,0.005383580080753701,0.0,0.021534320323014805,0.008075370121130552
414,0.0011312217194570137,0.014705882352941176,0.004524886877828055,0.0,0.006787330316742082,0.004524886877828055,0.0022624434389140274,0.006787330316742082,0.003393665158371041,0.0011312217194570137,0.0,0.0022624434389140274,0.003393665158371041,0.00904977375565611,0.0,0.0011312217194570137,0.005656108597285068,0.004524886877828055,0.0,0.010180995475113122,0.00904977375565611,0.0011312217194570137,0.0,0.003393665158371041,0.0011312217194570137,0.004524886877828055,0.0022624434389140274,0.21832579185520362,0.0022624434389140274,0.049773755656108594,0.0011312217194570137,0.0,0.0022624434389140274,0.00904977375565611,0.0011312217194570137,0.03619909502262444,0.0,0.011312217194570135,0.0011312217194570137,0.026018099547511313,0.0,0.12217194570135746,0.0011312217194570137,0.00904977375565611,0.006787330316742082,0.0,0.011312217194570135,0.007918552036199095,0.0,0.0,0.010180995475113122,0.0,0.004524886877828055,0.04411764705882353,0.014705882352941176,0.0,0.0011312217194570137,0.013574660633484163,0.004524886877828055,0.011312217194570135,0.023755656108597284,0.0,0.0022624434389140274,0.0,0.011312217194570135,0.0011312217194570137,0.0,0.007918552036199095,0.023755656108597284,0.006787330316742082,0.016968325791855202,0.003393665158371041,0.01583710407239819,0.0011312217194570137,0.007918552036199095,0.0011312217194570137,0.0,0.014705882352941176,0.0011312217194570137,0.0022624434389140274,0.0022624434389140274,0.027149321266968326,0.0,0.0,0.014705882352941176,0.020361990950226245,0.005656108597285068,0.003393665158371041,0.003393665158371041,0.007918552036199095,0.0011312217194570137,0.0,0.01583710407239819,0.0,0.004524886877828055,0.012443438914027148,0.00904977375565611,0.004524886877828055,0.0,0.0022624434389140274
415,0.004993757802746567,0.004993757802746567,0.016229712858926344,0.0024968789013732834,0.0,0.003745318352059925,0.006242197253433208,0.0,0.017478152309612985,0.006242197253433208,0.004993757802746567,0.009987515605493134,0.0,0.003745318352059925,0.0024968789013732834,0.00749063670411985,0.003745318352059925,0.006242197253433208,0.02372034956304619,0.003745318352059925,0.003745318352059925,0.0,0.0,0.009987515605493134,0.012484394506866416,0.0,0.012484394506866416,0.21098626716604243,0.0149812734082397,0.02122347066167291,0.0,0.009987515605493134,0.003745318352059925,0.003745318352059925,0.008739076154806492,0.008739076154806492,0.02372034956304619,0.012484394506866416,0.031210986267166042,0.004993757802746567,0.003745318352059925,0.19225967540574282,0.004993757802746567,0.0,0.0,0.0024968789013732834,0.003745318352059925,0.008739076154806492,0.0,0.0,0.011235955056179775,0.009987515605493134,0.0,0.009987515605493134,0.0,0.017478152309612985,0.0,0.0012484394506866417,0.0,0.0012484394506866417,0.004993757802746567,0.0,0.018726591760299626,0.006242197253433208,0.0012484394506866417,0.0,0.0012484394506866417,0.0,0.019975031210986267,0.009987515605493134,0.0,0.0,0.003745318352059925,0.00749063670411985,0.0,0.03620474406991261,0.0024968789013732834,0.0,0.00749063670411985,0.0,0.0,0.01373283395755306,0.0012484394506866417,0.0,0.0,0.00749063670411985,0.01373283395755306,0.0012484394506866417,0.0024968789013732834,0.004993757802746567,0.008739076154806492,0.00749063670411985,0.0024968789013732834,0.004993757802746567,0.003745318352059925,0.004993757802746567,0.0012484394506866417,0.0,0.012484394506866416,0.0
416,0.0038412291933418692,0.014084507042253521,0.005121638924455826,0.0012804097311139564,0.0,0.0,0.02560819462227913,0.016645326504481434,0.010243277848911651,0.0012804097311139564,0.0038412291933418692,0.04353393085787452,0.016645326504481434,0.005121638924455826,0.023047375160051217,0.0012804097311139564,0.006402048655569782,0.0,0.0038412291933418692,0.0,0.019206145966709345,0.0038412291933418692,0.0,0.0,0.0,0.010243277848911651,0.0,0.18181818181818182,0.0076824583866837385,0.0012804097311139564,0.005121638924455826,0.002560819462227913,0.0012804097311139564,0.0,0.0012804097311139564,0.0012804097311139564,0.002560819462227913,0.0012804097311139564,0.0,0.0012804097311139564,0.0012804097311139564,0.1523687580025608,0.019206145966709345,0.0076824583866837385,0.008962868117797696,0.016645326504481434,0.010243277848911651,0.01792573623559539,0.0,0.0038412291933418692,0.0038412291933418692,0.0012804097311139564,0.010243277848911651,0.0,0.012804097311139564,0.0038412291933418692,0.0012804097311139564,0.0012804097311139564,0.0,0.006402048655569782,0.006402048655569782,0.0076824583866837385,0.0012804097311139564,0.0,0.005121638924455826,0.0,0.008962868117797696,0.019206145966709345,0.0,0.0,0.0076824583866837385,0.015364916773367477,0.028169014084507043,0.012804097311139564,0.0076824583866837385,0.0012804097311139564,0.0,0.006402048655569782,0.0,0.0,0.0012804097311139564,0.0,0.02560819462227913,0.0012804097311139564,0.006402048655569782,0.0,0.016645326504481434,0.0012804097311139564,0.02176696542893726,0.006402048655569782,0.019206145966709345,0.03713188220230474,0.014084507042253521,0.0,0.0,0.0076824583866837385,0.0076824583866837385,0.0012804097311139564,0.002560819462227913,0.0
417,0.0,0.008484848484848486,0.0048484848484848485,0.0012121212121212121,0.01818181818181818,0.0036363636363636364,0.007272727272727273,0.02909090909090909,0.0012121212121212121,0.02666666666666667,0.0,0.0024242424242424242,0.0,0.0012121212121212121,0.0,0.0,0.0,0.0048484848484848485,0.0,0.0012121212121212121,0.008484848484848486,0.0,0.02303030303030303,0.0024242424242424242,0.0,0.0,0.006060606060606061,0.19636363636363635,0.006060606060606061,0.0048484848484848485,0.0,0.0,0.0,0.0036363636363636364,0.0024242424242424242,0.0024242424242424242,0.0036363636363636364,0.0,0.0048484848484848485,0.01090909090909091,0.006060606060606061,0.2290909090909091,0.008484848484848486,0.0024242424242424242,0.0,0.013333333333333334,0.0,0.0,0.0048484848484848485,0.027878787878787878,0.0024242424242424242,0.0024242424242424242,0.013333333333333334,0.0048484848484848485,0.01575757575757576,0.0012121212121212121,0.0,0.0048484848484848485,0.013333333333333334,0.0048484848484848485,0.007272727272727273,0.03393939393939394,0.01090909090909091,0.0012121212121212121,0.0024242424242424242,0.0,0.0,0.0012121212121212121,0.006060606060606061,0.0,0.0,0.0036363636363636364,0.014545454545454545,0.0048484848484848485,0.0,0.007272727272727273,0.03151515151515152,0.007272727272727273,0.0012121212121212121,0.0024242424242424242,0.0024242424242424242,0.0024242424242424242,0.0,0.007272727272727273,0.020606060606060607,0.0036363636363636364,0.025454545454545455,0.0,0.013333333333333334,0.0,0.013333333333333334,0.0024242424242424242,0.0036363636363636364,0.0024242424242424242,0.006060606060606061,0.008484848484848486,0.0,0.007272727272727273,0.0012121212121212121,0.0036363636363636364
418,0.005689900426742532,0.012802275960170697,0.0,0.00995732574679943,0.004267425320056899,0.008534850640113799,0.001422475106685633,0.007112375533428165,0.005689900426742532,0.001422475106685633,0.008534850640113799,0.0,0.0,0.002844950213371266,0.001422475106685633,0.001422475106685633,0.001422475106685633,0.02702702702702703,0.008534850640113799,0.02275960170697013,0.00995732574679943,0.001422475106685633,0.0,0.007112375533428165,0.00995732574679943,0.025604551920341393,0.004267425320056899,0.21906116642958748,0.001422475106685633,0.001422475106685633,0.002844950213371266,0.0,0.002844950213371266,0.008534850640113799,0.002844950213371266,0.005689900426742532,0.017069701280227598,0.0,0.002844950213371266,0.001422475106685633,0.0,0.14509246088193456,0.008534850640113799,0.0,0.015647226173541962,0.005689900426742532,0.001422475106685633,0.005689900426742532,0.0,0.004267425320056899,0.0,0.005689900426742532,0.011379800853485065,0.002844950213371266,0.0,0.008534850640113799,0.01849217638691323,0.001422475106685633,0.00995732574679943,0.012802275960170697,0.017069701280227598,0.002844950213371266,0.007112375533428165,0.017069701280227598,0.0,0.001422475106685633,0.004267425320056899,0.0,0.0,0.007112375533428165,0.0,0.0,0.02418207681365576,0.001422475106685633,0.02844950213371266,0.001422475106685633,0.007112375533428165,0.001422475106685633,0.017069701280227598,0.0,0.005689900426742532,0.0,0.0,0.007112375533428165,0.001422475106685633,0.007112375533428165,0.00995732574679943,0.005689900426742532,0.01849217638691323,0.02844950213371266,0.0,0.0,0.001422475106685633,0.03982930298719772,0.007112375533428165,0.008534850640113799,0.005689900426742532,0.0,0.0,0.002844950213371266
419,0.018731988472622477,0.004322766570605188,0.001440922190201729,0.01440922190201729,0.0,0.0,0.0,0.0,0.004322766570605188,0.018731988472622477,0.03890489913544669,0.001440922190201729,0.002881844380403458,0.012968299711815562,0.0,0.01729106628242075,0.012968299711815562,0.007204610951008645,0.004322766570605188,0.027377521613832854,0.001440922190201729,0.0,0.011527377521613832,0.01729106628242075,0.001440922190201729,0.007204610951008645,0.002881844380403458,0.1484149855907781,0.012968299711815562,0.002881844380403458,0.007204610951008645,0.0,0.0,0.002881844380403458,0.004322766570605188,0.0,0.0,0.005763688760806916,0.0,0.008645533141210375,0.001440922190201729,0.2276657060518732,0.0,0.002881844380403458,0.001440922190201729,0.002881844380403458,0.0,0.001440922190201729,0.002881844380403458,0.0,0.007204610951008645,0.0,0.008645533141210375,0.001440922190201729,0.03170028818443804,0.001440922190201729,0.0,0.002881844380403458,0.004322766570605188,0.0,0.03170028818443804,0.0,0.0,0.018731988472622477,0.002881844380403458,0.007204610951008645,0.0,0.005763688760806916,0.001440922190201729,0.004322766570605188,0.0,0.001440922190201729,0.0,0.03025936599423631,0.002881844380403458,0.0,0.001440922190201729,0.0,0.001440922190201729,0.01729106628242075,0.005763688760806916,0.0,0.004322766570605188,0.002881844380403458,0.007204610951008645,0.001440922190201729,0.03314121037463977,0.0,0.011527377521613832,0.005763688760806916,0.002881844380403458,0.008645533141210375,0.0,0.007204610951008645,0.005763688760806916,0.007204610951008645,0.037463976945244955,0.0,0.002881844380403458,0.008645533141210375
420,0.0192090395480226,0.011299435028248588,0.003389830508474576,0.0011299435028248588,0.013559322033898305,0.003389830508474576,0.0,0.04745762711864407,0.005649717514124294,0.0,0.0011299435028248588,0.0022598870056497176,0.021468926553672316,0.005649717514124294,0.003389830508474576,0.0,0.006779661016949152,0.0,0.005649717514124294,0.0022598870056497176,0.0011299435028248588,0.010169491525423728,0.02711864406779661,0.0,0.0,0.00903954802259887,0.007909604519774011,0.21581920903954802,0.01694915254237288,0.00903954802259887,0.0,0.005649717514124294,0.011299435028248588,0.0,0.0022598870056497176,0.02824858757062147,0.0011299435028248588,0.0011299435028248588,0.006779661016949152,0.00903954802259887,0.0022598870056497176,0.10621468926553672,0.0,0.013559322033898305,0.0,0.005649717514124294,0.011299435028248588,0.006779661016949152,0.04406779661016949,0.0022598870056497176,0.0,0.0,0.007909604519774011,0.0,0.012429378531073447,0.005649717514124294,0.013559322033898305,0.0192090395480226,0.0,0.003389830508474576,0.0,0.0,0.0,0.011299435028248588,0.00903954802259887,0.0022598870056497176,0.0022598870056497176,0.0011299435028248588,0.005649717514124294,0.0,0.004519774011299435,0.0,0.0,0.010169491525423728,0.004519774011299435,0.0022598870056497176,0.0,0.0011299435028248588,0.0011299435028248588,0.007909604519774011,0.010169491525423728,0.01694915254237288,0.0011299435028248588,0.0327683615819209,0.005649717514124294,0.010169491525423728,0.006779661016949152,0.0,0.005649717514124294,0.0,0.00903954802259887,0.0,0.0011299435028248588,0.014689265536723164,0.0,0.014689265536723164,0.0022598870056497176,0.013559322033898305,0.020338983050847456,0.0011299435028248588
421,0.007716049382716049,0.0,0.0015432098765432098,0.0015432098765432098,0.0015432098765432098,0.012345679012345678,0.0030864197530864196,0.004629629629629629,0.05092592592592592,0.012345679012345678,0.0,0.004629629629629629,0.0,0.0,0.0,0.0015432098765432098,0.0,0.006172839506172839,0.0,0.023148148148148147,0.004629629629629629,0.007716049382716049,0.0015432098765432098,0.0,0.037037037037037035,0.009259259259259259,0.016975308641975308,0.18364197530864199,0.0,0.0,0.0,0.024691358024691357,0.004629629629629629,0.006172839506172839,0.0030864197530864196,0.007716049382716049,0.010802469135802469,0.009259259259259259,0.0,0.004629629629629629,0.004629629629629629,0.13734567901234568,0.007716049382716049,0.0,0.0015432098765432098,0.004629629629629629,0.010802469135802469,0.0015432098765432098,0.013888888888888888,0.0,0.0,0.0015432098765432098,0.0,0.010802469135802469,0.0030864197530864196,0.016975308641975308,0.006172839506172839,0.009259259259259259,0.0030864197530864196,0.0,0.029320987654320986,0.009259259259259259,0.0,0.004629629629629629,0.020061728395061727,0.0,0.0030864197530864196,0.007716049382716049,0.004629629629629629,0.0,0.024691358024691357,0.0030864197530864196,0.0030864197530864196,0.015432098765432098,0.0,0.0015432098765432098,0.009259259259259259,0.0,0.0015432098765432098,0.0,0.0,0.0015432098765432098,0.007716049382716049,0.018518518518518517,0.009259259259259259,0.004629629629629629,0.0015432098765432098,0.029320987654320986,0.013888888888888888,0.0,0.009259259259259259,0.027777777777777776,0.0,0.016975308641975308,0.0,0.006172839506172839,0.0030864197530864196,0.006172839506172839,0.010802469135802469,0.0
422,0.001483679525222552,0.0,0.00741839762611276,0.004451038575667656,0.001483679525222552,0.0,0.00741839762611276,0.001483679525222552,0.0,0.0,0.0,0.02373887240356083,0.004451038575667656,0.028189910979228485,0.004451038575667656,0.002967359050445104,0.0,0.0,0.008902077151335312,0.002967359050445104,0.001483679525222552,0.016320474777448073,0.0,0.002967359050445104,0.010385756676557863,0.002967359050445104,0.00741839762611276,0.11275964391691394,0.008902077151335312,0.0,0.004451038575667656,0.019287833827893175,0.002967359050445104,0.004451038575667656,0.0,0.005934718100890208,0.028189910979228485,0.010385756676557863,0.00741839762611276,0.0,0.002967359050445104,0.17062314540059348,0.011869436201780416,0.002967359050445104,0.005934718100890208,0.001483679525222552,0.010385756676557863,0.0,0.00741839762611276,0.02373887240356083,0.001483679525222552,0.004451038575667656,0.001483679525222552,0.001483679525222552,0.04747774480712166,0.0,0.001483679525222552,0.0,0.0,0.016320474777448073,0.010385756676557863,0.013353115727002967,0.001483679525222552,0.0,0.017804154302670624,0.00741839762611276,0.004451038575667656,0.008902077151335312,0.010385756676557863,0.004451038575667656,0.0,0.0,0.002967359050445104,0.025222551928783383,0.002967359050445104,0.011869436201780416,0.013353115727002967,0.005934718100890208,0.02373887240356083,0.005934718100890208,0.010385756676557863,0.004451038575667656,0.001483679525222552,0.037091988130563795,0.0,0.002967359050445104,0.0,0.008902077151335312,0.004451038575667656,0.008902077151335312,0.028189910979228485,0.013353115727002967,0.00741839762611276,0.019287833827893175,0.0,0.001483679525222552,0.011869436201780416,0.008902077151335312,0.001483679525222552,0.001483679525222552
423,0.00741839762611276,0.008902077151335312,0.001483679525222552,0.001483679525222552,0.00741839762611276,0.010385756676557863,0.001483679525222552,0.013353115727002967,0.0,0.008902077151335312,0.002967359050445104,0.001483679525222552,0.002967359050445104,0.004451038575667656,0.02373887240356083,0.005934718100890208,0.001483679525222552,0.0,0.002967359050445104,0.005934718100890208,0.0,0.002967359050445104,0.005934718100890208,0.013353115727002967,0.020771513353115726,0.005934718100890208,0.002967359050445104,0.2314540059347181,0.001483679525222552,0.02225519287833828,0.011869436201780416,0.0,0.001483679525222552,0.004451038575667656,0.001483679525222552,0.004451038575667656,0.002967359050445104,0.0,0.010385756676557863,0.019287833827893175,0.00741839762611276,0.15875370919881307,0.008902077151335312,0.002967359050445104,0.005934718100890208,0.001483679525222552,0.0,0.0,0.010385756676557863,0.008902077151335312,0.00741839762611276,0.004451038575667656,0.013353115727002967,0.001483679525222552,0.001483679525222552,0.004451038575667656,0.0,0.005934718100890208,0.00741839762611276,0.002967359050445104,0.016320474777448073,0.0,0.02967359050445104,0.0,0.01483679525222552,0.0,0.017804154302670624,0.001483679525222552,0.00741839762611276,0.002967359050445104,0.0,0.0,0.0,0.001483679525222552,0.019287833827893175,0.0,0.0,0.001483679525222552,0.0,0.0,0.00741839762611276,0.0,0.001483679525222552,0.0,0.04154302670623145,0.001483679525222552,0.0,0.02225519287833828,0.0,0.00741839762611276,0.0,0.005934718100890208,0.001483679525222552,0.0,0.011869436201780416,0.013353115727002967,0.025222551928783383,0.0,0.017804154302670624,0.0
424,0.006932409012131715,0.01386481802426343,0.0,0.010398613518197574,0.0017331022530329288,0.008665511265164644,0.005199306759098787,0.0,0.0,0.02772963604852686,0.01733102253032929,0.0017331022530329288,0.0017331022530329288,0.0,0.0017331022530329288,0.006932409012131715,0.006932409012131715,0.01386481802426343,0.0,0.0,0.0017331022530329288,0.01386481802426343,0.0,0.006932409012131715,0.0,0.005199306759098787,0.01559792027729636,0.22530329289428075,0.005199306759098787,0.025996533795493933,0.0034662045060658577,0.005199306759098787,0.01733102253032929,0.0,0.0017331022530329288,0.005199306759098787,0.008665511265164644,0.0017331022530329288,0.01386481802426343,0.0,0.0,0.14211438474870017,0.0,0.008665511265164644,0.010398613518197574,0.012131715771230503,0.019064124783362217,0.0034662045060658577,0.005199306759098787,0.0,0.008665511265164644,0.0017331022530329288,0.0017331022530329288,0.0,0.022530329289428077,0.0,0.0,0.0,0.0,0.0,0.01386481802426343,0.010398613518197574,0.006932409012131715,0.010398613518197574,0.006932409012131715,0.0,0.0034662045060658577,0.006932409012131715,0.0,0.0034662045060658577,0.012131715771230503,0.006932409012131715,0.0,0.0,0.0,0.019064124783362217,0.01386481802426343,0.0034662045060658577,0.0034662045060658577,0.01559792027729636,0.0,0.010398613518197574,0.01386481802426343,0.0017331022530329288,0.0,0.0017331022530329288,0.0,0.0,0.0034662045060658577,0.029462738301559793,0.025996533795493933,0.0017331022530329288,0.0034662045060658577,0.0017331022530329288,0.01733102253032929,0.008665511265164644,0.01386481802426343,0.012131715771230503,0.0,0.0
425,0.0,0.009489916963226572,0.0,0.0,0.0,0.021352313167259787,0.0,0.0011862396204033216,0.013048635824436536,0.0011862396204033216,0.004744958481613286,0.009489916963226572,0.005931198102016607,0.0071174377224199285,0.01542111506524318,0.0,0.004744958481613286,0.0,0.00830367734282325,0.03795966785290629,0.0035587188612099642,0.0,0.005931198102016607,0.0,0.0,0.0011862396204033216,0.009489916963226572,0.2277580071174377,0.0,0.0166073546856465,0.002372479240806643,0.011862396204033215,0.002372479240806643,0.005931198102016607,0.0035587188612099642,0.00830367734282325,0.0,0.009489916963226572,0.0,0.0011862396204033216,0.02609727164887307,0.22182680901542112,0.0,0.0,0.0011862396204033216,0.0,0.0,0.0011862396204033216,0.00830367734282325,0.0035587188612099642,0.002372479240806643,0.0,0.0,0.005931198102016607,0.0035587188612099642,0.011862396204033215,0.017793594306049824,0.005931198102016607,0.0071174377224199285,0.0,0.011862396204033215,0.002372479240806643,0.0,0.004744958481613286,0.002372479240806643,0.0,0.0011862396204033216,0.0035587188612099642,0.011862396204033215,0.010676156583629894,0.02372479240806643,0.0035587188612099642,0.0,0.0035587188612099642,0.021352313167259787,0.002372479240806643,0.018979833926453145,0.009489916963226572,0.0011862396204033216,0.009489916963226572,0.002372479240806643,0.005931198102016607,0.0071174377224199285,0.0011862396204033216,0.0035587188612099642,0.0035587188612099642,0.013048635824436536,0.018979833926453145,0.0011862396204033216,0.0,0.004744958481613286,0.0035587188612099642,0.0035587188612099642,0.004744958481613286,0.0011862396204033216,0.0011862396204033216,0.0011862396204033216,0.0011862396204033216,0.002372479240806643,0.010676156583629894
426,0.012326656394453005,0.01848998459167951,0.009244992295839754,0.0,0.004622496147919877,0.01386748844375963,0.0015408320493066256,0.009244992295839754,0.0030816640986132513,0.0,0.0030816640986132513,0.0030816640986132513,0.0,0.015408320493066256,0.02157164869029276,0.007704160246533128,0.0015408320493066256,0.0061633281972265025,0.01694915254237288,0.0061633281972265025,0.0015408320493066256,0.0,0.01694915254237288,0.0030816640986132513,0.0015408320493066256,0.007704160246533128,0.0030816640986132513,0.12172573189522343,0.02157164869029276,0.0030816640986132513,0.01386748844375963,0.0,0.004622496147919877,0.0030816640986132513,0.0030816640986132513,0.01848998459167951,0.0015408320493066256,0.0,0.0015408320493066256,0.03852080123266564,0.0061633281972265025,0.2295839753466872,0.01078582434514638,0.0030816640986132513,0.0015408320493066256,0.029275808936825885,0.004622496147919877,0.009244992295839754,0.0015408320493066256,0.0015408320493066256,0.0061633281972265025,0.0,0.0,0.0,0.0015408320493066256,0.0015408320493066256,0.0015408320493066256,0.0030816640986132513,0.0,0.0,0.0015408320493066256,0.004622496147919877,0.0,0.0,0.0030816640986132513,0.0,0.007704160246533128,0.0030816640986132513,0.007704160246533128,0.0,0.0,0.05084745762711865,0.0030816640986132513,0.01386748844375963,0.0030816640986132513,0.009244992295839754,0.0,0.01078582434514638,0.015408320493066256,0.0015408320493066256,0.007704160246533128,0.0030816640986132513,0.0,0.015408320493066256,0.012326656394453005,0.0061633281972265025,0.0,0.0015408320493066256,0.0015408320493066256,0.004622496147919877,0.026194144838212634,0.0015408320493066256,0.0,0.015408320493066256,0.0030816640986132513,0.007704160246533128,0.004622496147919877,0.009244992295839754,0.007704160246533128,0.0061633281972265025
427,0.007822685788787484,0.002607561929595828,0.0,0.001303780964797914,0.0,0.03911342894393742,0.00651890482398957,0.001303780964797914,0.0,0.007822685788787484,0.005215123859191656,0.007822685788787484,0.007822685788787484,0.0,0.001303780964797914,0.009126466753585397,0.001303780964797914,0.009126466753585397,0.020860495436766623,0.010430247718383311,0.0,0.003911342894393742,0.0,0.005215123859191656,0.003911342894393742,0.0,0.0,0.1421121251629726,0.010430247718383311,0.001303780964797914,0.0,0.005215123859191656,0.003911342894393742,0.0,0.0,0.02346805736636245,0.001303780964797914,0.03650586701434159,0.001303780964797914,0.005215123859191656,0.001303780964797914,0.2242503259452412,0.003911342894393742,0.01564537157757497,0.007822685788787484,0.011734028683181226,0.01694915254237288,0.00651890482398957,0.024771838331160364,0.0,0.011734028683181226,0.005215123859191656,0.002607561929595828,0.0,0.0,0.011734028683181226,0.001303780964797914,0.001303780964797914,0.0,0.0,0.0,0.0,0.002607561929595828,0.005215123859191656,0.018252933507170794,0.0,0.001303780964797914,0.001303780964797914,0.007822685788787484,0.00651890482398957,0.010430247718383311,0.003911342894393742,0.014341590612777053,0.007822685788787484,0.011734028683181226,0.0,0.005215123859191656,0.010430247718383311,0.002607561929595828,0.003911342894393742,0.0,0.0,0.003911342894393742,0.04563233376792699,0.005215123859191656,0.028683181225554105,0.01303780964797914,0.001303780964797914,0.009126466753585397,0.002607561929595828,0.00651890482398957,0.003911342894393742,0.01303780964797914,0.0,0.0,0.0,0.001303780964797914,0.01303780964797914,0.009126466753585397,0.0
428,0.01764705882352941,0.0,0.011764705882352941,0.004705882352941176,0.007058823529411765,0.002352941176470588,0.0,0.0,0.00823529411764706,0.0058823529411764705,0.002352941176470588,0.015294117647058824,0.002352941176470588,0.002352941176470588,0.0,0.007058823529411765,0.00823529411764706,0.007058823529411765,0.007058823529411765,0.004705882352941176,0.01411764705882353,0.0058823529411764705,0.0,0.0058823529411764705,0.0,0.01411764705882353,0.0058823529411764705,0.27176470588235296,0.004705882352941176,0.0035294117647058825,0.001176470588235294,0.0035294117647058825,0.00823529411764706,0.0,0.002352941176470588,0.0035294117647058825,0.007058823529411765,0.001176470588235294,0.0,0.0,0.01411764705882353,0.17176470588235293,0.001176470588235294,0.0,0.0,0.024705882352941175,0.001176470588235294,0.02235294117647059,0.007058823529411765,0.004705882352941176,0.0,0.01411764705882353,0.004705882352941176,0.00823529411764706,0.0,0.01764705882352941,0.002352941176470588,0.0,0.02823529411764706,0.0,0.001176470588235294,0.002352941176470588,0.00823529411764706,0.0,0.002352941176470588,0.015294117647058824,0.0,0.001176470588235294,0.0,0.00823529411764706,0.0,0.004705882352941176,0.010588235294117647,0.0,0.0,0.0,0.0035294117647058825,0.01647058823529412,0.0035294117647058825,0.0058823529411764705,0.0,0.002352941176470588,0.0,0.004705882352941176,0.011764705882352941,0.0,0.001176470588235294,0.01411764705882353,0.009411764705882352,0.004705882352941176,0.041176470588235294,0.0,0.001176470588235294,0.0,0.004705882352941176,0.009411764705882352,0.002352941176470588,0.011764705882352941,0.004705882352941176,0.0035294117647058825
429,0.0,0.0012048192771084338,0.004819277108433735,0.006024096385542169,0.0012048192771084338,0.008433734939759036,0.0036144578313253013,0.008433734939759036,0.0024096385542168677,0.004819277108433735,0.00963855421686747,0.02289156626506024,0.01325301204819277,0.014457831325301205,0.0,0.012048192771084338,0.0024096385542168677,0.007228915662650603,0.00963855421686747,0.021686746987951807,0.0,0.0,0.0024096385542168677,0.02289156626506024,0.0,0.006024096385542169,0.018072289156626505,0.2289156626506024,0.0,0.0012048192771084338,0.0012048192771084338,0.0036144578313253013,0.0,0.016867469879518072,0.01927710843373494,0.0,0.0012048192771084338,0.016867469879518072,0.0036144578313253013,0.0,0.014457831325301205,0.18433734939759036,0.0012048192771084338,0.00963855421686747,0.010843373493975903,0.004819277108433735,0.0012048192771084338,0.021686746987951807,0.0024096385542168677,0.0012048192771084338,0.0036144578313253013,0.00963855421686747,0.008433734939759036,0.00963855421686747,0.006024096385542169,0.0036144578313253013,0.010843373493975903,0.0,0.007228915662650603,0.006024096385542169,0.01927710843373494,0.0012048192771084338,0.0024096385542168677,0.0012048192771084338,0.007228915662650603,0.0,0.0024096385542168677,0.0,0.004819277108433735,0.0,0.01325301204819277,0.0012048192771084338,0.0,0.0024096385542168677,0.020481927710843374,0.0012048192771084338,0.0,0.0,0.02650602409638554,0.0,0.0012048192771084338,0.0012048192771084338,0.006024096385542169,0.0012048192771084338,0.0024096385542168677,0.0036144578313253013,0.004819277108433735,0.010843373493975903,0.014457831325301205,0.0,0.007228915662650603,0.0,0.004819277108433735,0.0,0.0,0.007228915662650603,0.0,0.012048192771084338,0.004819277108433735,0.0012048192771084338
430,0.0,0.008108108108108109,0.0,0.005405405405405406,0.01891891891891892,0.013513513513513514,0.002702702702702703,0.0013513513513513514,0.0445945945945946,0.010810810810810811,0.0,0.0013513513513513514,0.002702702702702703,0.0,0.010810810810810811,0.0013513513513513514,0.0,0.0013513513513513514,0.00945945945945946,0.0,0.0,0.012162162162162163,0.006756756756756757,0.0,0.010810810810810811,0.0,0.006756756756756757,0.20810810810810812,0.0,0.004054054054054054,0.024324324324324326,0.0,0.0013513513513513514,0.002702702702702703,0.004054054054054054,0.0,0.013513513513513514,0.013513513513513514,0.002702702702702703,0.004054054054054054,0.005405405405405406,0.10135135135135136,0.0013513513513513514,0.0013513513513513514,0.0013513513513513514,0.0013513513513513514,0.0,0.01891891891891892,0.0013513513513513514,0.012162162162162163,0.0,0.014864864864864866,0.014864864864864866,0.00945945945945946,0.004054054054054054,0.0013513513513513514,0.0,0.00945945945945946,0.0,0.0,0.013513513513513514,0.01891891891891892,0.025675675675675677,0.01756756756756757,0.016216216216216217,0.0013513513513513514,0.002702702702702703,0.002702702702702703,0.004054054054054054,0.00945945945945946,0.01891891891891892,0.0,0.0,0.0,0.00945945945945946,0.014864864864864866,0.004054054054054054,0.041891891891891894,0.0,0.005405405405405406,0.0013513513513513514,0.0013513513513513514,0.0,0.0013513513513513514,0.0,0.01891891891891892,0.02837837837837838,0.00945945945945946,0.006756756756756757,0.0013513513513513514,0.002702702702702703,0.033783783783783786,0.014864864864864866,0.00945945945945946,0.0,0.013513513513513514,0.0013513513513513514,0.0013513513513513514,0.0,0.0013513513513513514
431,0.0,0.007832898172323759,0.0013054830287206266,0.007832898172323759,0.0013054830287206266,0.0,0.0,0.0,0.0026109660574412533,0.0,0.0,0.018276762402088774,0.009138381201044387,0.010443864229765013,0.005221932114882507,0.0026109660574412533,0.009138381201044387,0.0,0.0013054830287206266,0.0,0.006527415143603133,0.0039164490861618795,0.0,0.005221932114882507,0.0,0.0,0.02741514360313316,0.2793733681462141,0.022193211488250653,0.028720626631853787,0.006527415143603133,0.0013054830287206266,0.0039164490861618795,0.009138381201044387,0.006527415143603133,0.0026109660574412533,0.0013054830287206266,0.0013054830287206266,0.006527415143603133,0.0013054830287206266,0.0,0.1906005221932115,0.0026109660574412533,0.0,0.0039164490861618795,0.0013054830287206266,0.0,0.0,0.0013054830287206266,0.007832898172323759,0.0039164490861618795,0.010443864229765013,0.009138381201044387,0.005221932114882507,0.006527415143603133,0.005221932114882507,0.0,0.009138381201044387,0.006527415143603133,0.024804177545691905,0.0195822454308094,0.0013054830287206266,0.0026109660574412533,0.018276762402088774,0.0039164490861618795,0.0013054830287206266,0.0013054830287206266,0.0039164490861618795,0.005221932114882507,0.0013054830287206266,0.0,0.0013054830287206266,0.01174934725848564,0.0,0.0,0.0039164490861618795,0.0195822454308094,0.0,0.01174934725848564,0.010443864229765013,0.0,0.018276762402088774,0.0,0.0,0.005221932114882507,0.020887728459530026,0.0013054830287206266,0.0039164490861618795,0.0,0.0026109660574412533,0.0013054830287206266,0.0026109660574412533,0.013054830287206266,0.0013054830287206266,0.02741514360313316,0.0,0.0,0.0039164490861618795,0.0,0.0013054830287206266
432,0.0,0.0013054830287206266,0.0039164490861618795,0.0,0.0026109660574412533,0.007832898172323759,0.01174934725848564,0.01174934725848564,0.0,0.0039164490861618795,0.0013054830287206266,0.0,0.050913838120104436,0.0,0.03524804177545692,0.050913838120104436,0.0026109660574412533,0.0,0.0,0.0039164490861618795,0.009138381201044387,0.0,0.006527415143603133,0.007832898172323759,0.0,0.0026109660574412533,0.0,0.2584856396866841,0.0026109660574412533,0.0,0.0013054830287206266,0.014360313315926894,0.0039164490861618795,0.0,0.0,0.037859007832898174,0.0,0.0,0.0039164490861618795,0.0,0.015665796344647518,0.12010443864229765,0.0,0.0,0.010443864229765013,0.0039164490861618795,0.005221932114882507,0.0013054830287206266,0.0013054830287206266,0.010443864229765013,0.0195822454308094,0.014360313315926894,0.0013054830287206266,0.02610966057441253,0.0,0.0,0.0,0.0,0.006527415143603133,0.010443864229765013,0.0,0.0,0.0039164490861618795,0.006527415143603133,0.0,0.005221932114882507,0.0026109660574412533,0.028720626631853787,0.0,0.0039164490861618795,0.0,0.0,0.0026109660574412533,0.0026109660574412533,0.0,0.009138381201044387,0.020887728459530026,0.0,0.0039164490861618795,0.0,0.0,0.0013054830287206266,0.01174934725848564,0.0,0.0026109660574412533,0.005221932114882507,0.0026109660574412533,0.0,0.014360313315926894,0.01174934725848564,0.01174934725848564,0.006527415143603133,0.0,0.0013054830287206266,0.01174934725848564,0.0,0.0013054830287206266,0.010443864229765013,0.0013054830287206266,0.03263707571801567
433,0.0,0.003973509933774834,0.019867549668874173,0.003973509933774834,0.013245033112582781,0.0,0.005298013245033113,0.031788079470198675,0.010596026490066225,0.0013245033112582781,0.0,0.0013245033112582781,0.006622516556291391,0.0,0.0,0.0,0.013245033112582781,0.003973509933774834,0.005298013245033113,0.0,0.006622516556291391,0.006622516556291391,0.025165562913907286,0.017218543046357615,0.015894039735099338,0.0013245033112582781,0.0,0.14834437086092717,0.033112582781456956,0.022516556291390728,0.0,0.013245033112582781,0.0,0.0,0.0026490066225165563,0.003973509933774834,0.0,0.026490066225165563,0.009271523178807948,0.005298013245033113,0.007947019867549669,0.17350993377483442,0.009271523178807948,0.025165562913907286,0.0,0.010596026490066225,0.0,0.0,0.003973509933774834,0.007947019867549669,0.003973509933774834,0.0013245033112582781,0.0,0.038410596026490065,0.0026490066225165563,0.0,0.0,0.0026490066225165563,0.006622516556291391,0.0026490066225165563,0.025165562913907286,0.0,0.0,0.0013245033112582781,0.0,0.0,0.007947019867549669,0.006622516556291391,0.0,0.003973509933774834,0.0013245033112582781,0.0013245033112582781,0.006622516556291391,0.007947019867549669,0.010596026490066225,0.0013245033112582781,0.006622516556291391,0.003973509933774834,0.0013245033112582781,0.006622516556291391,0.0026490066225165563,0.005298013245033113,0.005298013245033113,0.009271523178807948,0.0013245033112582781,0.007947019867549669,0.003973509933774834,0.005298013245033113,0.009271523178807948,0.0013245033112582781,0.0,0.0013245033112582781,0.005298013245033113,0.022516556291390728,0.0026490066225165563,0.011920529801324504,0.019867549668874173,0.003973509933774834,0.0,0.033112582781456956
434,0.005284015852047556,0.005284015852047556,0.0,0.001321003963011889,0.002642007926023778,0.026420079260237782,0.0,0.002642007926023778,0.0,0.001321003963011889,0.007926023778071334,0.005284015852047556,0.002642007926023778,0.009247027741083224,0.01453104359313078,0.0,0.0,0.001321003963011889,0.0,0.007926023778071334,0.0066050198150594455,0.0,0.0066050198150594455,0.0,0.001321003963011889,0.001321003963011889,0.0,0.2866578599735799,0.003963011889035667,0.009247027741083224,0.001321003963011889,0.0,0.007926023778071334,0.019815059445178335,0.010568031704095112,0.001321003963011889,0.001321003963011889,0.0,0.0,0.0,0.010568031704095112,0.12285336856010567,0.0,0.010568031704095112,0.002642007926023778,0.002642007926023778,0.01453104359313078,0.03302509907529723,0.003963011889035667,0.009247027741083224,0.001321003963011889,0.017173051519154558,0.007926023778071334,0.023778071334214,0.001321003963011889,0.0,0.005284015852047556,0.0066050198150594455,0.001321003963011889,0.002642007926023778,0.017173051519154558,0.003963011889035667,0.003963011889035667,0.001321003963011889,0.023778071334214,0.003963011889035667,0.003963011889035667,0.0066050198150594455,0.0,0.005284015852047556,0.010568031704095112,0.0,0.0066050198150594455,0.010568031704095112,0.0,0.003963011889035667,0.026420079260237782,0.001321003963011889,0.002642007926023778,0.0,0.0066050198150594455,0.02509907529722589,0.003963011889035667,0.0,0.0066050198150594455,0.011889035667107,0.018494055482166448,0.0,0.002642007926023778,0.003963011889035667,0.003963011889035667,0.0,0.005284015852047556,0.001321003963011889,0.0,0.007926023778071334,0.034346103038309116,0.005284015852047556,0.001321003963011889,0.0
435,0.00697350069735007,0.0,0.00697350069735007,0.001394700139470014,0.011157601115760111,0.0,0.0,0.0041841004184100415,0.0,0.005578800557880056,0.03905160390516039,0.058577405857740586,0.005578800557880056,0.0,0.0,0.008368200836820083,0.002789400278940028,0.0,0.0,0.0041841004184100415,0.008368200836820083,0.0,0.015341701534170154,0.008368200836820083,0.002789400278940028,0.011157601115760111,0.0,0.22873082287308227,0.001394700139470014,0.008368200836820083,0.0041841004184100415,0.0041841004184100415,0.002789400278940028,0.001394700139470014,0.016736401673640166,0.0,0.001394700139470014,0.0,0.008368200836820083,0.009762900976290097,0.0,0.12133891213389121,0.01394700139470014,0.008368200836820083,0.02510460251046025,0.001394700139470014,0.0041841004184100415,0.0041841004184100415,0.0041841004184100415,0.0,0.012552301255230125,0.015341701534170154,0.0041841004184100415,0.0,0.002789400278940028,0.002789400278940028,0.0,0.005578800557880056,0.0,0.001394700139470014,0.0,0.023709902370990237,0.008368200836820083,0.0041841004184100415,0.0,0.001394700139470014,0.01394700139470014,0.0,0.01394700139470014,0.01394700139470014,0.001394700139470014,0.0,0.0,0.016736401673640166,0.011157601115760111,0.00697350069735007,0.00697350069735007,0.016736401673640166,0.012552301255230125,0.0,0.0041841004184100415,0.0,0.002789400278940028,0.011157601115760111,0.002789400278940028,0.0041841004184100415,0.029288702928870293,0.001394700139470014,0.002789400278940028,0.001394700139470014,0.00697350069735007,0.0,0.0,0.0041841004184100415,0.0041841004184100415,0.0,0.009762900976290097,0.0,0.022315202231520222,0.02510460251046025
436,0.010638297872340425,0.0121580547112462,0.0121580547112462,0.001519756838905775,0.010638297872340425,0.001519756838905775,0.0,0.00911854103343465,0.00911854103343465,0.010638297872340425,0.00303951367781155,0.0,0.004559270516717325,0.0121580547112462,0.0060790273556231,0.0121580547112462,0.00911854103343465,0.00911854103343465,0.007598784194528876,0.034954407294832825,0.0,0.025835866261398176,0.0,0.019756838905775075,0.004559270516717325,0.00303951367781155,0.0182370820668693,0.135258358662614,0.0121580547112462,0.0,0.019756838905775075,0.0,0.00303951367781155,0.001519756838905775,0.0060790273556231,0.019756838905775075,0.02127659574468085,0.0,0.00303951367781155,0.0,0.00911854103343465,0.1702127659574468,0.05927051671732523,0.0,0.001519756838905775,0.007598784194528876,0.0,0.0182370820668693,0.0,0.0,0.0182370820668693,0.0,0.0,0.004559270516717325,0.007598784194528876,0.025835866261398176,0.02735562310030395,0.015197568389057751,0.007598784194528876,0.0182370820668693,0.001519756838905775,0.001519756838905775,0.0121580547112462,0.0,0.0,0.00303951367781155,0.001519756838905775,0.0,0.0,0.010638297872340425,0.0,0.0,0.0,0.0,0.001519756838905775,0.001519756838905775,0.0060790273556231,0.0,0.0,0.00303951367781155,0.0060790273556231,0.0060790273556231,0.016717325227963525,0.0,0.004559270516717325,0.0,0.0,0.0,0.004559270516717325,0.001519756838905775,0.0,0.0060790273556231,0.004559270516717325,0.0,0.0060790273556231,0.00303951367781155,0.00303951367781155,0.0,0.030395136778115502,0.004559270516717325
437,0.008902077151335312,0.013353115727002967,0.010385756676557863,0.004451038575667656,0.0,0.01483679525222552,0.02373887240356083,0.001483679525222552,0.002967359050445104,0.0,0.02225519287833828,0.0,0.002967359050445104,0.0,0.010385756676557863,0.0,0.0,0.011869436201780416,0.004451038575667656,0.001483679525222552,0.0,0.0,0.0,0.005934718100890208,0.013353115727002967,0.001483679525222552,0.011869436201780416,0.1943620178041543,0.008902077151335312,0.0,0.001483679525222552,0.019287833827893175,0.0,0.0,0.0,0.001483679525222552,0.01483679525222552,0.008902077151335312,0.0,0.03412462908011869,0.0,0.10237388724035608,0.002967359050445104,0.00741839762611276,0.02373887240356083,0.0,0.0,0.001483679525222552,0.004451038575667656,0.019287833827893175,0.013353115727002967,0.019287833827893175,0.0,0.001483679525222552,0.001483679525222552,0.019287833827893175,0.002967359050445104,0.001483679525222552,0.002967359050445104,0.002967359050445104,0.016320474777448073,0.0,0.005934718100890208,0.005934718100890208,0.00741839762611276,0.0,0.002967359050445104,0.028189910979228485,0.028189910979228485,0.00741839762611276,0.0,0.011869436201780416,0.001483679525222552,0.010385756676557863,0.004451038575667656,0.002967359050445104,0.02967359050445104,0.0,0.004451038575667656,0.008902077151335312,0.0,0.0,0.01483679525222552,0.019287833827893175,0.013353115727002967,0.002967359050445104,0.004451038575667656,0.01483679525222552,0.004451038575667656,0.013353115727002967,0.005934718100890208,0.002967359050445104,0.005934718100890208,0.002967359050445104,0.008902077151335312,0.010385756676557863,0.016320474777448073,0.002967359050445104,0.0,0.002967359050445104
438,0.015503875968992248,0.0,0.0,0.0,0.025839793281653745,0.0012919896640826874,0.0,0.003875968992248062,0.0,0.00904392764857881,0.0012919896640826874,0.012919896640826873,0.0012919896640826874,0.0,0.0012919896640826874,0.002583979328165375,0.0,0.0,0.00904392764857881,0.0,0.00904392764857881,0.0,0.0,0.046511627906976744,0.0,0.002583979328165375,0.0103359173126615,0.17183462532299743,0.0,0.0012919896640826874,0.0,0.025839793281653745,0.002583979328165375,0.002583979328165375,0.0,0.012919896640826873,0.0,0.0,0.006459948320413436,0.002583979328165375,0.0,0.16149870801033592,0.0012919896640826874,0.006459948320413436,0.0,0.003875968992248062,0.023255813953488372,0.002583979328165375,0.00516795865633075,0.003875968992248062,0.04909560723514212,0.0,0.00516795865633075,0.0,0.014211886304909561,0.00516795865633075,0.0,0.0,0.002583979328165375,0.011627906976744186,0.0103359173126615,0.002583979328165375,0.002583979328165375,0.002583979328165375,0.0103359173126615,0.012919896640826873,0.00516795865633075,0.003875968992248062,0.0,0.01937984496124031,0.0012919896640826874,0.002583979328165375,0.0,0.015503875968992248,0.0,0.021963824289405683,0.007751937984496124,0.0012919896640826874,0.006459948320413436,0.002583979328165375,0.003875968992248062,0.0,0.016795865633074936,0.027131782945736434,0.0103359173126615,0.0,0.012919896640826873,0.0,0.0,0.00516795865633075,0.006459948320413436,0.031007751937984496,0.00904392764857881,0.028423772609819122,0.012919896640826873,0.003875968992248062,0.0,0.027131782945736434,0.0,0.0012919896640826874
439,0.009009009009009009,0.012612612612612612,0.0018018018018018018,0.009009009009009009,0.0018018018018018018,0.0018018018018018018,0.005405405405405406,0.010810810810810811,0.0,0.014414414414414415,0.0,0.0036036036036036037,0.0,0.009009009009009009,0.0,0.0,0.007207207207207207,0.0018018018018018018,0.0018018018018018018,0.0,0.005405405405405406,0.0,0.007207207207207207,0.0036036036036036037,0.0018018018018018018,0.009009009009009009,0.0,0.14234234234234233,0.0,0.010810810810810811,0.009009009009009009,0.0018018018018018018,0.02882882882882883,0.009009009009009009,0.018018018018018018,0.0,0.0018018018018018018,0.0,0.005405405405405406,0.021621621621621623,0.009009009009009009,0.2810810810810811,0.0,0.0,0.0,0.0,0.0,0.0,0.010810810810810811,0.014414414414414415,0.0,0.0036036036036036037,0.0018018018018018018,0.0018018018018018018,0.012612612612612612,0.005405405405405406,0.0,0.0,0.0018018018018018018,0.012612612612612612,0.02882882882882883,0.0036036036036036037,0.0,0.007207207207207207,0.009009009009009009,0.0,0.023423423423423424,0.0018018018018018018,0.04864864864864865,0.0,0.021621621621621623,0.005405405405405406,0.0036036036036036037,0.0,0.0,0.009009009009009009,0.0,0.014414414414414415,0.014414414414414415,0.0,0.0036036036036036037,0.0,0.0036036036036036037,0.0018018018018018018,0.0,0.012612612612612612,0.0,0.014414414414414415,0.007207207207207207,0.0036036036036036037,0.0,0.005405405405405406,0.0036036036036036037,0.0036036036036036037,0.0036036036036036037,0.005405405405405406,0.0018018018018018018,0.0,0.005405405405405406,0.012612612612612612
440,0.0039164490861618795,0.005221932114882507,0.0013054830287206266,0.009138381201044387,0.0,0.010443864229765013,0.005221932114882507,0.0013054830287206266,0.0013054830287206266,0.007832898172323759,0.005221932114882507,0.0195822454308094,0.0039164490861618795,0.009138381201044387,0.0013054830287206266,0.010443864229765013,0.0,0.0039164490861618795,0.0039164490861618795,0.0026109660574412533,0.0,0.02610966057441253,0.0,0.005221932114882507,0.0,0.0,0.0039164490861618795,0.2297650130548303,0.0026109660574412533,0.0013054830287206266,0.0,0.0013054830287206266,0.0,0.007832898172323759,0.0013054830287206266,0.0013054830287206266,0.009138381201044387,0.0,0.0,0.0,0.0039164490861618795,0.26762402088772846,0.0026109660574412533,0.005221932114882507,0.018276762402088774,0.005221932114882507,0.015665796344647518,0.0,0.005221932114882507,0.0039164490861618795,0.0039164490861618795,0.007832898172323759,0.0039164490861618795,0.0039164490861618795,0.005221932114882507,0.010443864229765013,0.0,0.009138381201044387,0.0,0.0013054830287206266,0.02349869451697128,0.009138381201044387,0.0,0.02349869451697128,0.009138381201044387,0.0,0.0013054830287206266,0.0026109660574412533,0.0013054830287206266,0.005221932114882507,0.01174934725848564,0.0039164490861618795,0.0,0.0,0.02349869451697128,0.010443864229765013,0.007832898172323759,0.0,0.010443864229765013,0.0,0.024804177545691905,0.0013054830287206266,0.0,0.0013054830287206266,0.01174934725848564,0.0013054830287206266,0.006527415143603133,0.0013054830287206266,0.005221932114882507,0.0,0.0,0.0,0.0,0.0013054830287206266,0.018276762402088774,0.0013054830287206266,0.0026109660574412533,0.007832898172323759,0.0,0.0026109660574412533
441,0.0,0.0012755102040816326,0.0,0.03443877551020408,0.003826530612244898,0.003826530612244898,0.003826530612244898,0.003826530612244898,0.01020408163265306,0.0012755102040816326,0.007653061224489796,0.0,0.025510204081632654,0.0,0.015306122448979591,0.0,0.0012755102040816326,0.007653061224489796,0.02295918367346939,0.002551020408163265,0.011479591836734694,0.015306122448979591,0.00510204081632653,0.006377551020408163,0.003826530612244898,0.007653061224489796,0.0,0.08928571428571429,0.006377551020408163,0.0,0.044642857142857144,0.0,0.02423469387755102,0.0012755102040816326,0.0,0.0,0.00510204081632653,0.01020408163265306,0.01403061224489796,0.011479591836734694,0.003826530612244898,0.17729591836734693,0.003826530612244898,0.017857142857142856,0.01913265306122449,0.007653061224489796,0.0,0.0,0.021683673469387755,0.0,0.0012755102040816326,0.03443877551020408,0.01020408163265306,0.012755102040816327,0.0012755102040816326,0.002551020408163265,0.0012755102040816326,0.007653061224489796,0.0,0.0012755102040816326,0.0012755102040816326,0.006377551020408163,0.007653061224489796,0.0,0.0,0.00510204081632653,0.003826530612244898,0.0,0.01403061224489796,0.015306122448979591,0.015306122448979591,0.011479591836734694,0.006377551020408163,0.0,0.006377551020408163,0.02295918367346939,0.021683673469387755,0.025510204081632654,0.01020408163265306,0.006377551020408163,0.002551020408163265,0.007653061224489796,0.003826530612244898,0.002551020408163265,0.021683673469387755,0.0,0.002551020408163265,0.0012755102040816326,0.0,0.002551020408163265,0.01020408163265306,0.0012755102040816326,0.00510204081632653,0.003826530612244898,0.002551020408163265,0.0012755102040816326,0.0,0.015306122448979591,0.003826530612244898,0.006377551020408163
442,0.005681818181818182,0.004545454545454545,0.010227272727272727,0.023863636363636365,0.011363636363636364,0.0022727272727272726,0.01818181818181818,0.011363636363636364,0.003409090909090909,0.006818181818181818,0.028409090909090908,0.0,0.0011363636363636363,0.028409090909090908,0.025,0.013636363636363636,0.010227272727272727,0.00909090909090909,0.0,0.0,0.029545454545454545,0.0011363636363636363,0.0011363636363636363,0.0011363636363636363,0.0022727272727272726,0.0,0.010227272727272727,0.16477272727272727,0.0,0.0022727272727272726,0.005681818181818182,0.015909090909090907,0.004545454545454545,0.0011363636363636363,0.0,0.0,0.006818181818181818,0.029545454545454545,0.0,0.0,0.0,0.10909090909090909,0.029545454545454545,0.004545454545454545,0.003409090909090909,0.0,0.0022727272727272726,0.03295454545454545,0.004545454545454545,0.006818181818181818,0.0,0.0,0.004545454545454545,0.0,0.0,0.004545454545454545,0.005681818181818182,0.005681818181818182,0.0022727272727272726,0.017045454545454544,0.004545454545454545,0.004545454545454545,0.005681818181818182,0.0011363636363636363,0.005681818181818182,0.05113636363636364,0.0011363636363636363,0.004545454545454545,0.01818181818181818,0.025,0.005681818181818182,0.0,0.0,0.010227272727272727,0.0,0.010227272727272727,0.004545454545454545,0.0,0.0022727272727272726,0.013636363636363636,0.007954545454545454,0.007954545454545454,0.0,0.003409090909090909,0.006818181818181818,0.0022727272727272726,0.0,0.025,0.0022727272727272726,0.007954545454545454,0.004545454545454545,0.013636363636363636,0.0022727272727272726,0.007954545454545454,0.0,0.010227272727272727,0.0022727272727272726,0.004545454545454545,0.0,0.0
443,0.008275862068965517,0.0,0.0,0.0,0.001379310344827586,0.0,0.002758620689655172,0.009655172413793104,0.004137931034482759,0.002758620689655172,0.0,0.015172413793103448,0.001379310344827586,0.015172413793103448,0.0,0.005517241379310344,0.001379310344827586,0.01793103448275862,0.0,0.001379310344827586,0.0,0.015172413793103448,0.031724137931034485,0.001379310344827586,0.001379310344827586,0.0,0.023448275862068966,0.16827586206896553,0.013793103448275862,0.006896551724137931,0.015172413793103448,0.0,0.012413793103448275,0.0,0.005517241379310344,0.013793103448275862,0.0,0.011034482758620689,0.001379310344827586,0.015172413793103448,0.019310344827586208,0.12689655172413794,0.002758620689655172,0.005517241379310344,0.006896551724137931,0.015172413793103448,0.008275862068965517,0.0,0.009655172413793104,0.009655172413793104,0.002758620689655172,0.012413793103448275,0.001379310344827586,0.0,0.001379310344827586,0.01793103448275862,0.012413793103448275,0.011034482758620689,0.0,0.002758620689655172,0.031724137931034485,0.009655172413793104,0.001379310344827586,0.0,0.041379310344827586,0.002758620689655172,0.0,0.02620689655172414,0.006896551724137931,0.009655172413793104,0.006896551724137931,0.004137931034482759,0.006896551724137931,0.012413793103448275,0.002758620689655172,0.0,0.0,0.001379310344827586,0.0,0.008275862068965517,0.0,0.0,0.001379310344827586,0.004137931034482759,0.011034482758620689,0.005517241379310344,0.006896551724137931,0.013793103448275862,0.0,0.001379310344827586,0.006896551724137931,0.006896551724137931,0.004137931034482759,0.006896551724137931,0.019310344827586208,0.028965517241379312,0.006896551724137931,0.002758620689655172,0.0,0.011034482758620689
444,0.007598784194528876,0.00911854103343465,0.001519756838905775,0.0,0.001519756838905775,0.00303951367781155,0.0,0.013677811550151976,0.0,0.010638297872340425,0.0,0.0243161094224924,0.001519756838905775,0.001519756838905775,0.0,0.0,0.019756838905775075,0.03951367781155015,0.004559270516717325,0.004559270516717325,0.0,0.004559270516717325,0.00911854103343465,0.001519756838905775,0.0,0.0,0.0,0.19148936170212766,0.007598784194528876,0.001519756838905775,0.004559270516717325,0.0121580547112462,0.007598784194528876,0.0060790273556231,0.025835866261398176,0.00303951367781155,0.0,0.0,0.0,0.00303951367781155,0.0121580547112462,0.1534954407294833,0.00911854103343465,0.007598784194528876,0.0,0.0,0.007598784194528876,0.00303951367781155,0.0,0.007598784194528876,0.010638297872340425,0.03951367781155015,0.0060790273556231,0.0,0.0,0.001519756838905775,0.001519756838905775,0.0121580547112462,0.0121580547112462,0.0,0.001519756838905775,0.007598784194528876,0.007598784194528876,0.0060790273556231,0.0060790273556231,0.0,0.001519756838905775,0.0,0.010638297872340425,0.0,0.004559270516717325,0.004559270516717325,0.0121580547112462,0.0060790273556231,0.00911854103343465,0.004559270516717325,0.001519756838905775,0.001519756838905775,0.0,0.00303951367781155,0.001519756838905775,0.0,0.0,0.00303951367781155,0.0243161094224924,0.00303951367781155,0.0,0.004559270516717325,0.028875379939209727,0.007598784194528876,0.00303951367781155,0.001519756838905775,0.0182370820668693,0.037993920972644375,0.013677811550151976,0.001519756838905775,0.015197568389057751,0.00911854103343465,0.02735562310030395,0.0060790273556231
445,0.009510869565217392,0.016304347826086956,0.002717391304347826,0.0,0.0,0.0,0.0,0.0,0.010869565217391304,0.002717391304347826,0.0,0.006793478260869565,0.009510869565217392,0.014945652173913044,0.014945652173913044,0.01358695652173913,0.0,0.0,0.020380434782608696,0.001358695652173913,0.019021739130434784,0.0,0.002717391304347826,0.005434782608695652,0.008152173913043478,0.0,0.019021739130434784,0.24864130434782608,0.0,0.010869565217391304,0.001358695652173913,0.021739130434782608,0.006793478260869565,0.0,0.01358695652173913,0.006793478260869565,0.005434782608695652,0.0,0.002717391304347826,0.002717391304347826,0.006793478260869565,0.1358695652173913,0.004076086956521739,0.009510869565217392,0.001358695652173913,0.006793478260869565,0.0,0.006793478260869565,0.014945652173913044,0.004076086956521739,0.006793478260869565,0.0,0.001358695652173913,0.0,0.009510869565217392,0.0,0.001358695652173913,0.001358695652173913,0.006793478260869565,0.001358695652173913,0.0,0.001358695652173913,0.0,0.001358695652173913,0.0,0.002717391304347826,0.050271739130434784,0.017663043478260868,0.006793478260869565,0.025815217391304348,0.024456521739130436,0.0,0.001358695652173913,0.0,0.02717391304347826,0.0,0.0,0.0,0.0,0.019021739130434784,0.01358695652173913,0.0,0.0,0.009510869565217392,0.0,0.017663043478260868,0.005434782608695652,0.006793478260869565,0.0,0.008152173913043478,0.004076086956521739,0.01358695652173913,0.001358695652173913,0.012228260869565218,0.0,0.0,0.005434782608695652,0.004076086956521739,0.0,0.002717391304347826
446,0.009162303664921465,0.013089005235602094,0.0013089005235602095,0.01963350785340314,0.0,0.002617801047120419,0.028795811518324606,0.0,0.014397905759162303,0.0013089005235602095,0.0,0.02225130890052356,0.0013089005235602095,0.0013089005235602095,0.02356020942408377,0.003926701570680628,0.010471204188481676,0.002617801047120419,0.0,0.0013089005235602095,0.0,0.006544502617801047,0.0,0.006544502617801047,0.006544502617801047,0.0,0.015706806282722512,0.22251308900523561,0.009162303664921465,0.006544502617801047,0.002617801047120419,0.02617801047120419,0.0013089005235602095,0.005235602094240838,0.024869109947643978,0.003926701570680628,0.024869109947643978,0.01832460732984293,0.014397905759162303,0.0,0.0013089005235602095,0.16361256544502617,0.0013089005235602095,0.010471204188481676,0.009162303664921465,0.0,0.0013089005235602095,0.0013089005235602095,0.007853403141361256,0.006544502617801047,0.0,0.0013089005235602095,0.002617801047120419,0.006544502617801047,0.0,0.0,0.007853403141361256,0.0013089005235602095,0.003926701570680628,0.0013089005235602095,0.0013089005235602095,0.005235602094240838,0.011780104712041885,0.006544502617801047,0.003926701570680628,0.0,0.005235602094240838,0.030104712041884817,0.01832460732984293,0.002617801047120419,0.0,0.010471204188481676,0.007853403141361256,0.01832460732984293,0.0,0.007853403141361256,0.017015706806282723,0.0013089005235602095,0.002617801047120419,0.003926701570680628,0.0013089005235602095,0.0013089005235602095,0.0,0.0013089005235602095,0.002617801047120419,0.002617801047120419,0.005235602094240838,0.006544502617801047,0.011780104712041885,0.0013089005235602095,0.0,0.002617801047120419,0.0013089005235602095,0.003926701570680628,0.017015706806282723,0.0,0.0,0.0013089005235602095,0.0013089005235602095,0.003926701570680628
447,0.007712082262210797,0.0012853470437017994,0.0012853470437017994,0.006426735218508998,0.008997429305912597,0.012853470437017995,0.015424164524421594,0.006426735218508998,0.02699228791773779,0.0,0.0,0.010282776349614395,0.005141388174807198,0.017994858611825194,0.02056555269922879,0.0,0.002570694087403599,0.0,0.02313624678663239,0.002570694087403599,0.0,0.012853470437017995,0.0,0.0038560411311053984,0.0038560411311053984,0.0,0.016709511568123392,0.2416452442159383,0.0,0.0,0.0012853470437017994,0.0038560411311053984,0.0012853470437017994,0.005141388174807198,0.006426735218508998,0.0,0.0,0.007712082262210797,0.007712082262210797,0.014138817480719794,0.0012853470437017994,0.14652956298200515,0.005141388174807198,0.0,0.005141388174807198,0.011568123393316195,0.0,0.012853470437017995,0.0012853470437017994,0.007712082262210797,0.008997429305912597,0.0012853470437017994,0.016709511568123392,0.0012853470437017994,0.008997429305912597,0.002570694087403599,0.0038560411311053984,0.02699228791773779,0.014138817480719794,0.0038560411311053984,0.0,0.0,0.0038560411311053984,0.002570694087403599,0.006426735218508998,0.005141388174807198,0.010282776349614395,0.037275064267352186,0.0012853470437017994,0.002570694087403599,0.0012853470437017994,0.002570694087403599,0.0012853470437017994,0.0012853470437017994,0.0,0.002570694087403599,0.0,0.010282776349614395,0.03598971722365039,0.0012853470437017994,0.0012853470437017994,0.002570694087403599,0.0,0.0,0.0,0.010282776349614395,0.0012853470437017994,0.014138817480719794,0.0,0.0012853470437017994,0.0,0.0,0.015424164524421594,0.021850899742930592,0.007712082262210797,0.002570694087403599,0.0,0.012853470437017995,0.005141388174807198,0.0012853470437017994
448,0.0065040650406504065,0.027642276422764227,0.0,0.0,0.0032520325203252032,0.0065040650406504065,0.014634146341463415,0.0,0.008130081300813009,0.011382113821138212,0.0,0.032520325203252036,0.0,0.004878048780487805,0.0065040650406504065,0.0,0.0016260162601626016,0.0,0.0,0.016260162601626018,0.026016260162601626,0.0032520325203252032,0.0032520325203252032,0.01951219512195122,0.0016260162601626016,0.004878048780487805,0.008130081300813009,0.12357723577235773,0.0016260162601626016,0.0065040650406504065,0.016260162601626018,0.0065040650406504065,0.0032520325203252032,0.0,0.0,0.0016260162601626016,0.02113821138211382,0.008130081300813009,0.026016260162601626,0.0032520325203252032,0.0,0.1821138211382114,0.008130081300813009,0.011382113821138212,0.0016260162601626016,0.0,0.008130081300813009,0.0016260162601626016,0.0,0.013008130081300813,0.0,0.013008130081300813,0.0032520325203252032,0.0065040650406504065,0.0016260162601626016,0.0,0.0065040650406504065,0.004878048780487805,0.0065040650406504065,0.008130081300813009,0.01951219512195122,0.0032520325203252032,0.011382113821138212,0.0,0.0,0.004878048780487805,0.0065040650406504065,0.004878048780487805,0.0,0.01788617886178862,0.008130081300813009,0.008130081300813009,0.027642276422764227,0.0,0.011382113821138212,0.01788617886178862,0.004878048780487805,0.008130081300813009,0.0,0.00975609756097561,0.0,0.032520325203252036,0.004878048780487805,0.0,0.022764227642276424,0.00975609756097561,0.008130081300813009,0.004878048780487805,0.0016260162601626016,0.0032520325203252032,0.004878048780487805,0.0,0.01788617886178862,0.0,0.0,0.0032520325203252032,0.0,0.0,0.0065040650406504065,0.014634146341463415
449,0.006613756613756613,0.009259259259259259,0.005291005291005291,0.0,0.013227513227513227,0.017195767195767195,0.005291005291005291,0.0026455026455026454,0.0,0.0013227513227513227,0.005291005291005291,0.0,0.01455026455026455,0.01455026455026455,0.0,0.0026455026455026454,0.03968253968253968,0.0013227513227513227,0.006613756613756613,0.018518518518518517,0.0,0.003968253968253968,0.0013227513227513227,0.0013227513227513227,0.0,0.0013227513227513227,0.0026455026455026454,0.20238095238095238,0.0,0.0,0.0013227513227513227,0.0,0.013227513227513227,0.009259259259259259,0.0,0.003968253968253968,0.017195767195767195,0.0026455026455026454,0.0,0.005291005291005291,0.0,0.24735449735449735,0.0013227513227513227,0.003968253968253968,0.0013227513227513227,0.0013227513227513227,0.003968253968253968,0.0,0.0,0.005291005291005291,0.022486772486772486,0.0,0.010582010582010581,0.023809523809523808,0.005291005291005291,0.003968253968253968,0.0,0.0013227513227513227,0.003968253968253968,0.0,0.0,0.0013227513227513227,0.009259259259259259,0.0,0.02513227513227513,0.03571428571428571,0.009259259259259259,0.009259259259259259,0.0,0.0013227513227513227,0.005291005291005291,0.01455026455026455,0.007936507936507936,0.005291005291005291,0.0,0.0,0.0013227513227513227,0.013227513227513227,0.003968253968253968,0.0013227513227513227,0.0013227513227513227,0.0,0.006613756613756613,0.0013227513227513227,0.0,0.0,0.0013227513227513227,0.005291005291005291,0.006613756613756613,0.003968253968253968,0.0,0.0013227513227513227,0.0,0.0,0.0013227513227513227,0.006613756613756613,0.013227513227513227,0.017195767195767195,0.018518518518518517,0.005291005291005291
450,0.002688172043010753,0.0,0.0013440860215053765,0.0013440860215053765,0.002688172043010753,0.002688172043010753,0.016129032258064516,0.004032258064516129,0.0,0.010752688172043012,0.005376344086021506,0.0,0.004032258064516129,0.016129032258064516,0.0,0.012096774193548387,0.0,0.0013440860215053765,0.038978494623655914,0.004032258064516129,0.009408602150537635,0.002688172043010753,0.0,0.002688172043010753,0.0,0.0013440860215053765,0.010752688172043012,0.24327956989247312,0.07123655913978495,0.004032258064516129,0.005376344086021506,0.0,0.004032258064516129,0.008064516129032258,0.0013440860215053765,0.005376344086021506,0.0,0.0,0.0013440860215053765,0.004032258064516129,0.0,0.2513440860215054,0.0,0.0013440860215053765,0.006720430107526882,0.0,0.006720430107526882,0.0,0.013440860215053764,0.004032258064516129,0.0013440860215053765,0.004032258064516129,0.004032258064516129,0.005376344086021506,0.0,0.0,0.0,0.0,0.0013440860215053765,0.0,0.009408602150537635,0.009408602150537635,0.0013440860215053765,0.004032258064516129,0.002688172043010753,0.01478494623655914,0.009408602150537635,0.008064516129032258,0.0013440860215053765,0.005376344086021506,0.010752688172043012,0.0013440860215053765,0.004032258064516129,0.005376344086021506,0.0,0.008064516129032258,0.004032258064516129,0.002688172043010753,0.0,0.0,0.004032258064516129,0.002688172043010753,0.004032258064516129,0.002688172043010753,0.0,0.01478494623655914,0.0013440860215053765,0.002688172043010753,0.006720430107526882,0.0,0.005376344086021506,0.016129032258064516,0.0,0.012096774193548387,0.010752688172043012,0.0,0.004032258064516129,0.002688172043010753,0.0,0.009408602150537635
451,0.0,0.007874015748031496,0.011023622047244094,0.0,0.0,0.0,0.01732283464566929,0.006299212598425197,0.011023622047244094,0.0,0.028346456692913385,0.0031496062992125984,0.0031496062992125984,0.0031496062992125984,0.015748031496062992,0.0,0.006299212598425197,0.023622047244094488,0.006299212598425197,0.0015748031496062992,0.0,0.0015748031496062992,0.007874015748031496,0.0,0.0015748031496062992,0.009448818897637795,0.0,0.14330708661417324,0.01732283464566929,0.006299212598425197,0.0,0.029921259842519685,0.0031496062992125984,0.011023622047244094,0.0,0.004724409448818898,0.014173228346456693,0.0031496062992125984,0.01889763779527559,0.0,0.01889763779527559,0.13700787401574804,0.0,0.01732283464566929,0.02047244094488189,0.0,0.01732283464566929,0.01732283464566929,0.0015748031496062992,0.006299212598425197,0.0015748031496062992,0.0015748031496062992,0.0,0.0031496062992125984,0.0,0.026771653543307086,0.03307086614173228,0.0015748031496062992,0.0,0.006299212598425197,0.004724409448818898,0.0,0.007874015748031496,0.0,0.0,0.004724409448818898,0.012598425196850394,0.01732283464566929,0.0,0.0,0.0,0.0,0.0,0.004724409448818898,0.0031496062992125984,0.0031496062992125984,0.0031496062992125984,0.006299212598425197,0.05354330708661417,0.006299212598425197,0.014173228346456693,0.009448818897637795,0.0,0.05196850393700787,0.0,0.0,0.0,0.0015748031496062992,0.004724409448818898,0.0031496062992125984,0.012598425196850394,0.0031496062992125984,0.006299212598425197,0.0,0.007874015748031496,0.0,0.011023622047244094,0.009448818897637795,0.004724409448818898,0.004724409448818898
452,0.004225352112676056,0.0,0.0,0.0323943661971831,0.009859154929577466,0.0,0.0,0.0,0.01267605633802817,0.0028169014084507044,0.0028169014084507044,0.0,0.0,0.0,0.0,0.014084507042253521,0.0,0.004225352112676056,0.01267605633802817,0.005633802816901409,0.005633802816901409,0.0,0.009859154929577466,0.0,0.0,0.02535211267605634,0.0,0.21690140845070421,0.0,0.0,0.007042253521126761,0.0,0.008450704225352112,0.005633802816901409,0.009859154929577466,0.0,0.007042253521126761,0.0,0.005633802816901409,0.028169014084507043,0.0,0.1591549295774648,0.0014084507042253522,0.008450704225352112,0.0028169014084507044,0.014084507042253521,0.014084507042253521,0.0,0.0,0.007042253521126761,0.0028169014084507044,0.005633802816901409,0.018309859154929577,0.004225352112676056,0.0,0.005633802816901409,0.007042253521126761,0.02112676056338028,0.0014084507042253522,0.0014084507042253522,0.005633802816901409,0.015492957746478873,0.023943661971830985,0.0,0.0,0.0028169014084507044,0.0028169014084507044,0.004225352112676056,0.015492957746478873,0.004225352112676056,0.0,0.0014084507042253522,0.008450704225352112,0.0,0.005633802816901409,0.02112676056338028,0.0028169014084507044,0.004225352112676056,0.0,0.01267605633802817,0.0014084507042253522,0.02676056338028169,0.004225352112676056,0.016901408450704224,0.005633802816901409,0.030985915492957747,0.022535211267605635,0.0,0.0014084507042253522,0.0014084507042253522,0.007042253521126761,0.0,0.005633802816901409,0.0014084507042253522,0.016901408450704224,0.0,0.0028169014084507044,0.007042253521126761,0.0028169014084507044,0.008450704225352112
453,0.011612903225806452,0.0,0.005161290322580645,0.0012903225806451613,0.007741935483870968,0.03096774193548387,0.0,0.0,0.023225806451612905,0.007741935483870968,0.0012903225806451613,0.024516129032258065,0.0025806451612903226,0.0025806451612903226,0.01806451612903226,0.003870967741935484,0.015483870967741935,0.007741935483870968,0.0,0.0012903225806451613,0.0,0.0012903225806451613,0.003870967741935484,0.0012903225806451613,0.0025806451612903226,0.0025806451612903226,0.007741935483870968,0.17290322580645162,0.0064516129032258064,0.0,0.015483870967741935,0.003870967741935484,0.02064516129032258,0.0012903225806451613,0.005161290322580645,0.00903225806451613,0.01806451612903226,0.00903225806451613,0.0012903225806451613,0.012903225806451613,0.005161290322580645,0.17548387096774193,0.0,0.01032258064516129,0.00903225806451613,0.015483870967741935,0.016774193548387096,0.0,0.014193548387096775,0.0064516129032258064,0.00903225806451613,0.0025806451612903226,0.005161290322580645,0.0,0.01032258064516129,0.0012903225806451613,0.0,0.0,0.011612903225806452,0.0,0.003870967741935484,0.011612903225806452,0.0,0.0,0.007741935483870968,0.0012903225806451613,0.0,0.0,0.0,0.0025806451612903226,0.005161290322580645,0.03354838709677419,0.0025806451612903226,0.005161290322580645,0.005161290322580645,0.0064516129032258064,0.0,0.016774193548387096,0.0064516129032258064,0.02193548387096774,0.015483870967741935,0.01806451612903226,0.0064516129032258064,0.0064516129032258064,0.0,0.0012903225806451613,0.0012903225806451613,0.005161290322580645,0.003870967741935484,0.0025806451612903226,0.0012903225806451613,0.01032258064516129,0.003870967741935484,0.007741935483870968,0.005161290322580645,0.007741935483870968,0.003870967741935484,0.005161290322580645,0.007741935483870968,0.0025806451612903226
454,0.0,0.014184397163120567,0.0014184397163120568,0.02127659574468085,0.02127659574468085,0.00425531914893617,0.01702127659574468,0.0,0.0014184397163120568,0.0,0.005673758865248227,0.00425531914893617,0.0014184397163120568,0.015602836879432624,0.015602836879432624,0.00851063829787234,0.00425531914893617,0.0014184397163120568,0.00425531914893617,0.0014184397163120568,0.0,0.0014184397163120568,0.0,0.0,0.009929078014184398,0.01702127659574468,0.0028368794326241137,0.18865248226950354,0.0014184397163120568,0.0028368794326241137,0.0,0.00425531914893617,0.0028368794326241137,0.0070921985815602835,0.0,0.0,0.0028368794326241137,0.009929078014184398,0.00425531914893617,0.0014184397163120568,0.005673758865248227,0.2099290780141844,0.00425531914893617,0.0028368794326241137,0.0014184397163120568,0.0,0.0028368794326241137,0.0014184397163120568,0.0070921985815602835,0.02269503546099291,0.00425531914893617,0.0014184397163120568,0.0,0.0070921985815602835,0.0028368794326241137,0.0070921985815602835,0.00425531914893617,0.0028368794326241137,0.0,0.0,0.0,0.0028368794326241137,0.03404255319148936,0.0,0.0,0.0028368794326241137,0.0,0.01276595744680851,0.00425531914893617,0.01702127659574468,0.0,0.0,0.00425531914893617,0.0,0.005673758865248227,0.0,0.015602836879432624,0.0070921985815602835,0.00851063829787234,0.04113475177304964,0.00425531914893617,0.0,0.0014184397163120568,0.04539007092198582,0.005673758865248227,0.0,0.0,0.02127659574468085,0.019858156028368795,0.0,0.0014184397163120568,0.00425531914893617,0.0028368794326241137,0.0,0.0028368794326241137,0.0014184397163120568,0.00851063829787234,0.03404255319148936,0.0014184397163120568,0.0014184397163120568
455,0.007653061224489796,0.002551020408163265,0.011479591836734694,0.002551020408163265,0.01020408163265306,0.0,0.01403061224489796,0.007653061224489796,0.01020408163265306,0.008928571428571428,0.008928571428571428,0.0012755102040816326,0.003826530612244898,0.011479591836734694,0.01020408163265306,0.01020408163265306,0.021683673469387755,0.0,0.006377551020408163,0.003826530612244898,0.00510204081632653,0.002551020408163265,0.002551020408163265,0.0012755102040816326,0.007653061224489796,0.006377551020408163,0.0,0.19005102040816327,0.002551020408163265,0.0,0.0012755102040816326,0.02040816326530612,0.011479591836734694,0.007653061224489796,0.003826530612244898,0.026785714285714284,0.007653061224489796,0.006377551020408163,0.002551020408163265,0.0,0.01020408163265306,0.2193877551020408,0.015306122448979591,0.0,0.002551020408163265,0.02295918367346939,0.0,0.01020408163265306,0.011479591836734694,0.00510204081632653,0.01403061224489796,0.007653061224489796,0.0,0.0012755102040816326,0.003826530612244898,0.00510204081632653,0.0,0.00510204081632653,0.002551020408163265,0.0,0.0,0.008928571428571428,0.0,0.01403061224489796,0.00510204081632653,0.006377551020408163,0.003826530612244898,0.008928571428571428,0.00510204081632653,0.007653061224489796,0.011479591836734694,0.00510204081632653,0.0012755102040816326,0.0,0.0,0.002551020408163265,0.006377551020408163,0.0,0.003826530612244898,0.007653061224489796,0.0,0.05102040816326531,0.0,0.0,0.002551020408163265,0.0012755102040816326,0.003826530612244898,0.003826530612244898,0.003826530612244898,0.003826530612244898,0.002551020408163265,0.00510204081632653,0.0,0.01020408163265306,0.0,0.0,0.002551020408163265,0.006377551020408163,0.00510204081632653,0.003826530612244898
456,0.0,0.02878787878787879,0.006060606060606061,0.0030303030303030303,0.012121212121212121,0.00909090909090909,0.0,0.0030303030303030303,0.0030303030303030303,0.0015151515151515152,0.012121212121212121,0.010606060606060607,0.0015151515151515152,0.016666666666666666,0.0030303030303030303,0.0030303030303030303,0.006060606060606061,0.0,0.0,0.0015151515151515152,0.0,0.0,0.04090909090909091,0.0015151515151515152,0.0,0.0030303030303030303,0.0,0.13636363636363635,0.007575757575757576,0.0015151515151515152,0.021212121212121213,0.016666666666666666,0.0,0.0,0.0,0.004545454545454545,0.0015151515151515152,0.03636363636363636,0.0015151515151515152,0.00909090909090909,0.007575757575757576,0.12878787878787878,0.00909090909090909,0.022727272727272728,0.0030303030303030303,0.015151515151515152,0.0015151515151515152,0.0015151515151515152,0.004545454545454545,0.0030303030303030303,0.010606060606060607,0.0,0.03787878787878788,0.0,0.007575757575757576,0.00909090909090909,0.0030303030303030303,0.004545454545454545,0.004545454545454545,0.0015151515151515152,0.010606060606060607,0.03939393939393939,0.004545454545454545,0.00909090909090909,0.0,0.021212121212121213,0.03939393939393939,0.0015151515151515152,0.004545454545454545,0.00909090909090909,0.0,0.0030303030303030303,0.0015151515151515152,0.010606060606060607,0.015151515151515152,0.0,0.013636363636363636,0.006060606060606061,0.0015151515151515152,0.010606060606060607,0.0030303030303030303,0.0015151515151515152,0.0,0.0015151515151515152,0.0015151515151515152,0.006060606060606061,0.0015151515151515152,0.006060606060606061,0.0,0.0015151515151515152,0.012121212121212121,0.0030303030303030303,0.03636363636363636,0.0,0.006060606060606061,0.0015151515151515152,0.010606060606060607,0.0030303030303030303,0.022727272727272728,0.0015151515151515152
457,0.011002444987775062,0.0,0.014669926650366748,0.0012224938875305623,0.0024449877750611247,0.0012224938875305623,0.0012224938875305623,0.0012224938875305623,0.0,0.004889975550122249,0.02444987775061125,0.0012224938875305623,0.0,0.0,0.004889975550122249,0.0,0.0,0.007334963325183374,0.0,0.0,0.006112469437652812,0.006112469437652812,0.0,0.022004889975550123,0.007334963325183374,0.004889975550122249,0.004889975550122249,0.2114914425427873,0.006112469437652812,0.0,0.006112469437652812,0.042787286063569685,0.0,0.0,0.022004889975550123,0.0,0.0012224938875305623,0.0024449877750611247,0.0024449877750611247,0.0012224938875305623,0.0,0.2310513447432763,0.007334963325183374,0.006112469437652812,0.007334963325183374,0.0012224938875305623,0.023227383863080684,0.0,0.0024449877750611247,0.0,0.0012224938875305623,0.008557457212713936,0.012224938875305624,0.006112469437652812,0.0,0.0012224938875305623,0.0,0.007334963325183374,0.0024449877750611247,0.012224938875305624,0.018337408312958436,0.0,0.01589242053789731,0.0024449877750611247,0.0024449877750611247,0.004889975550122249,0.017114914425427872,0.007334963325183374,0.004889975550122249,0.0012224938875305623,0.008557457212713936,0.0,0.006112469437652812,0.0024449877750611247,0.0,0.003667481662591687,0.004889975550122249,0.007334963325183374,0.006112469437652812,0.011002444987775062,0.006112469437652812,0.018337408312958436,0.006112469437652812,0.011002444987775062,0.0,0.013447432762836185,0.004889975550122249,0.004889975550122249,0.006112469437652812,0.0024449877750611247,0.0,0.004889975550122249,0.004889975550122249,0.007334963325183374,0.003667481662591687,0.011002444987775062,0.004889975550122249,0.008557457212713936,0.003667481662591687,0.0
458,0.03234501347708895,0.0026954177897574125,0.004043126684636119,0.0,0.0,0.0013477088948787063,0.0,0.006738544474393531,0.01078167115902965,0.0,0.0013477088948787063,0.0013477088948787063,0.0,0.0,0.014824797843665768,0.006738544474393531,0.0,0.0,0.0026954177897574125,0.01078167115902965,0.01078167115902965,0.0026954177897574125,0.0,0.0,0.0026954177897574125,0.016172506738544475,0.005390835579514825,0.24797843665768193,0.0013477088948787063,0.006738544474393531,0.01078167115902965,0.005390835579514825,0.01078167115902965,0.0,0.0013477088948787063,0.008086253369272238,0.012129380053908356,0.0013477088948787063,0.012129380053908356,0.013477088948787063,0.005390835579514825,0.1954177897574124,0.0,0.0013477088948787063,0.0013477088948787063,0.02021563342318059,0.03369272237196765,0.006738544474393531,0.005390835579514825,0.01078167115902965,0.0013477088948787063,0.006738544474393531,0.02021563342318059,0.009433962264150943,0.006738544474393531,0.0,0.0013477088948787063,0.004043126684636119,0.009433962264150943,0.0026954177897574125,0.0013477088948787063,0.0,0.0,0.0,0.0013477088948787063,0.0,0.0,0.0,0.008086253369272238,0.0026954177897574125,0.006738544474393531,0.0013477088948787063,0.0013477088948787063,0.02425876010781671,0.0013477088948787063,0.0,0.0,0.0,0.005390835579514825,0.0026954177897574125,0.013477088948787063,0.005390835579514825,0.0026954177897574125,0.004043126684636119,0.0026954177897574125,0.0,0.008086253369272238,0.0,0.013477088948787063,0.0,0.008086253369272238,0.01078167115902965,0.009433962264150943,0.008086253369272238,0.0013477088948787063,0.025606469002695417,0.0,0.0,0.022911051212938006,0.0
459,0.0,0.005076142131979695,0.01903553299492386,0.0025380710659898475,0.015228426395939087,0.0,0.006345177664974619,0.0,0.0,0.0038071065989847717,0.0025380710659898475,0.021573604060913704,0.02030456852791878,0.005076142131979695,0.0,0.0025380710659898475,0.0,0.007614213197969543,0.0025380710659898475,0.0025380710659898475,0.008883248730964468,0.0038071065989847717,0.0,0.006345177664974619,0.0038071065989847717,0.0038071065989847717,0.0038071065989847717,0.1916243654822335,0.0,0.0,0.0012690355329949238,0.0,0.0038071065989847717,0.021573604060913704,0.006345177664974619,0.0012690355329949238,0.01649746192893401,0.0025380710659898475,0.0,0.0012690355329949238,0.008883248730964468,0.13705583756345177,0.005076142131979695,0.0,0.0,0.0025380710659898475,0.0,0.0038071065989847717,0.0012690355329949238,0.0,0.02030456852791878,0.02284263959390863,0.0,0.006345177664974619,0.005076142131979695,0.030456852791878174,0.0012690355329949238,0.005076142131979695,0.017766497461928935,0.0,0.02918781725888325,0.0,0.005076142131979695,0.0012690355329949238,0.0012690355329949238,0.007614213197969543,0.0,0.0012690355329949238,0.0,0.011421319796954314,0.01903553299492386,0.0,0.013959390862944163,0.0038071065989847717,0.0,0.0,0.0,0.03553299492385787,0.0012690355329949238,0.005076142131979695,0.005076142131979695,0.011421319796954314,0.0,0.011421319796954314,0.025380710659898477,0.005076142131979695,0.005076142131979695,0.005076142131979695,0.01015228426395939,0.021573604060913704,0.0266497461928934,0.0025380710659898475,0.0012690355329949238,0.021573604060913704,0.04949238578680203,0.0,0.0,0.0,0.0012690355329949238,0.0
460,0.007032348804500703,0.02390998593530239,0.0014064697609001407,0.0014064697609001407,0.011251758087201125,0.0014064697609001407,0.008438818565400843,0.0,0.01969057665260197,0.0028129395218002813,0.0,0.0028129395218002813,0.007032348804500703,0.0,0.01969057665260197,0.014064697609001406,0.0014064697609001407,0.02812939521800281,0.0,0.0014064697609001407,0.0014064697609001407,0.0028129395218002813,0.004219409282700422,0.008438818565400843,0.008438818565400843,0.0,0.0,0.20956399437412096,0.0,0.0014064697609001407,0.004219409282700422,0.009845288326300985,0.0,0.0,0.004219409282700422,0.02109704641350211,0.0,0.012658227848101266,0.0028129395218002813,0.0014064697609001407,0.0,0.180028129395218,0.014064697609001406,0.004219409282700422,0.0,0.02109704641350211,0.007032348804500703,0.0,0.0,0.01828410689170183,0.0014064697609001407,0.015471167369901548,0.008438818565400843,0.0,0.0014064697609001407,0.02250351617440225,0.0014064697609001407,0.014064697609001406,0.0028129395218002813,0.0028129395218002813,0.008438818565400843,0.0028129395218002813,0.0014064697609001407,0.02390998593530239,0.012658227848101266,0.005625879043600563,0.0028129395218002813,0.008438818565400843,0.007032348804500703,0.0,0.0,0.007032348804500703,0.0,0.007032348804500703,0.02812939521800281,0.0014064697609001407,0.0,0.0,0.004219409282700422,0.004219409282700422,0.011251758087201125,0.0028129395218002813,0.0,0.0,0.012658227848101266,0.0014064697609001407,0.0028129395218002813,0.0014064697609001407,0.009845288326300985,0.0,0.0379746835443038,0.004219409282700422,0.0,0.0,0.005625879043600563,0.008438818565400843,0.0,0.005625879043600563,0.0014064697609001407,0.009845288326300985
461,0.001358695652173913,0.0,0.0,0.0,0.0,0.008152173913043478,0.0,0.005434782608695652,0.012228260869565218,0.0,0.001358695652173913,0.006793478260869565,0.02309782608695652,0.004076086956521739,0.0,0.002717391304347826,0.02717391304347826,0.004076086956521739,0.02717391304347826,0.005434782608695652,0.02717391304347826,0.0,0.008152173913043478,0.004076086956521739,0.008152173913043478,0.0,0.004076086956521739,0.2513586956521739,0.005434782608695652,0.0,0.0,0.0,0.001358695652173913,0.016304347826086956,0.006793478260869565,0.012228260869565218,0.0,0.008152173913043478,0.0,0.006793478260869565,0.002717391304347826,0.1983695652173913,0.001358695652173913,0.004076086956521739,0.0,0.0,0.010869565217391304,0.0,0.002717391304347826,0.006793478260869565,0.005434782608695652,0.0,0.002717391304347826,0.010869565217391304,0.0,0.006793478260869565,0.04076086956521739,0.005434782608695652,0.009510869565217392,0.0,0.0,0.010869565217391304,0.0,0.001358695652173913,0.020380434782608696,0.0,0.009510869565217392,0.005434782608695652,0.0,0.002717391304347826,0.0,0.009510869565217392,0.019021739130434784,0.001358695652173913,0.0,0.002717391304347826,0.002717391304347826,0.0,0.006793478260869565,0.006793478260869565,0.0,0.009510869565217392,0.004076086956521739,0.005434782608695652,0.001358695652173913,0.0,0.0,0.0,0.0,0.002717391304347826,0.019021739130434784,0.0,0.0,0.004076086956521739,0.004076086956521739,0.006793478260869565,0.016304347826086956,0.021739130434782608,0.008152173913043478,0.0
462,0.002285714285714286,0.009142857142857144,0.0034285714285714284,0.012571428571428572,0.013714285714285714,0.005714285714285714,0.006857142857142857,0.001142857142857143,0.0,0.011428571428571429,0.0,0.005714285714285714,0.02857142857142857,0.0034285714285714284,0.001142857142857143,0.005714285714285714,0.0,0.0,0.004571428571428572,0.03314285714285714,0.0,0.008,0.0,0.0034285714285714284,0.002285714285714286,0.008,0.0034285714285714284,0.18971428571428572,0.005714285714285714,0.0,0.0,0.0,0.005714285714285714,0.02057142857142857,0.004571428571428572,0.0034285714285714284,0.013714285714285714,0.016,0.0,0.006857142857142857,0.001142857142857143,0.23657142857142857,0.0,0.0,0.002285714285714286,0.014857142857142857,0.011428571428571429,0.006857142857142857,0.0034285714285714284,0.011428571428571429,0.0,0.017142857142857144,0.0034285714285714284,0.013714285714285714,0.011428571428571429,0.004571428571428572,0.002285714285714286,0.002285714285714286,0.006857142857142857,0.016,0.002285714285714286,0.010285714285714285,0.002285714285714286,0.013714285714285714,0.008,0.0,0.03314285714285714,0.002285714285714286,0.0,0.0,0.002285714285714286,0.001142857142857143,0.004571428571428572,0.0,0.0034285714285714284,0.001142857142857143,0.0,0.001142857142857143,0.025142857142857144,0.0034285714285714284,0.0034285714285714284,0.002285714285714286,0.0,0.0,0.001142857142857143,0.009142857142857144,0.005714285714285714,0.014857142857142857,0.006857142857142857,0.010285714285714285,0.006857142857142857,0.001142857142857143,0.010285714285714285,0.001142857142857143,0.002285714285714286,0.004571428571428572,0.0,0.0,0.0,0.0
463,0.00245398773006135,0.0098159509202454,0.001226993865030675,0.0,0.001226993865030675,0.0,0.020858895705521473,0.0049079754601227,0.006134969325153374,0.0036809815950920245,0.0098159509202454,0.001226993865030675,0.023312883435582823,0.0049079754601227,0.0049079754601227,0.0,0.0036809815950920245,0.0,0.0036809815950920245,0.00245398773006135,0.0,0.018404907975460124,0.0,0.001226993865030675,0.0036809815950920245,0.006134969325153374,0.013496932515337423,0.18895705521472392,0.001226993865030675,0.001226993865030675,0.008588957055214725,0.006134969325153374,0.007361963190184049,0.0036809815950920245,0.006134969325153374,0.0196319018404908,0.011042944785276074,0.006134969325153374,0.00245398773006135,0.0,0.0036809815950920245,0.18650306748466258,0.015950920245398775,0.006134969325153374,0.008588957055214725,0.00245398773006135,0.0,0.0,0.0036809815950920245,0.00245398773006135,0.00245398773006135,0.0,0.006134969325153374,0.006134969325153374,0.0,0.00245398773006135,0.0049079754601227,0.006134969325153374,0.0,0.007361963190184049,0.0049079754601227,0.006134969325153374,0.0,0.007361963190184049,0.00245398773006135,0.0036809815950920245,0.018404907975460124,0.00245398773006135,0.001226993865030675,0.03067484662576687,0.008588957055214725,0.00245398773006135,0.0098159509202454,0.0036809815950920245,0.00245398773006135,0.00245398773006135,0.0,0.0,0.023312883435582823,0.001226993865030675,0.026993865030674847,0.020858895705521473,0.0,0.014723926380368098,0.001226993865030675,0.008588957055214725,0.001226993865030675,0.0,0.012269938650306749,0.0036809815950920245,0.020858895705521473,0.006134969325153374,0.001226993865030675,0.00245398773006135,0.00245398773006135,0.014723926380368098,0.0036809815950920245,0.001226993865030675,0.008588957055214725,0.04294478527607362
464,0.002306805074971165,0.0057670126874279125,0.0,0.0,0.008073817762399077,0.0011534025374855825,0.006920415224913495,0.0,0.0034602076124567475,0.016147635524798153,0.010380622837370242,0.0034602076124567475,0.006920415224913495,0.011534025374855825,0.011534025374855825,0.008073817762399077,0.006920415224913495,0.00461361014994233,0.0,0.014994232987312572,0.002306805074971165,0.0057670126874279125,0.0,0.0,0.0034602076124567475,0.006920415224913495,0.0011534025374855825,0.18800461361014995,0.0057670126874279125,0.0034602076124567475,0.008073817762399077,0.0,0.029988465974625143,0.008073817762399077,0.0011534025374855825,0.012687427912341407,0.010380622837370242,0.010380622837370242,0.008073817762399077,0.0011534025374855825,0.0034602076124567475,0.17185697808535177,0.0196078431372549,0.0,0.0057670126874279125,0.006920415224913495,0.0,0.0011534025374855825,0.0034602076124567475,0.0,0.0057670126874279125,0.0,0.0,0.012687427912341407,0.0,0.008073817762399077,0.0034602076124567475,0.008073817762399077,0.002306805074971165,0.012687427912341407,0.00922722029988466,0.0,0.00461361014994233,0.006920415224913495,0.0034602076124567475,0.0034602076124567475,0.0034602076124567475,0.0011534025374855825,0.01384083044982699,0.0057670126874279125,0.002306805074971165,0.0011534025374855825,0.0011534025374855825,0.01384083044982699,0.0,0.0,0.00461361014994233,0.00922722029988466,0.01384083044982699,0.0,0.00461361014994233,0.00461361014994233,0.02422145328719723,0.008073817762399077,0.0,0.002306805074971165,0.0011534025374855825,0.03344867358708189,0.010380622837370242,0.002306805074971165,0.0392156862745098,0.0011534025374855825,0.011534025374855825,0.00461361014994233,0.006920415224913495,0.010380622837370242,0.020761245674740483,0.01845444059976932,0.0011534025374855825,0.002306805074971165
465,0.011347517730496455,0.00425531914893617,0.00425531914893617,0.009929078014184398,0.005673758865248227,0.005673758865248227,0.0014184397163120568,0.0028368794326241137,0.0028368794326241137,0.0,0.018439716312056736,0.005673758865248227,0.009929078014184398,0.0425531914893617,0.00851063829787234,0.0,0.015602836879432624,0.0014184397163120568,0.0,0.0,0.0014184397163120568,0.03404255319148936,0.0070921985815602835,0.04680851063829787,0.00425531914893617,0.0,0.0,0.09361702127659574,0.0070921985815602835,0.00425531914893617,0.0,0.009929078014184398,0.0,0.0014184397163120568,0.03687943262411347,0.00851063829787234,0.011347517730496455,0.0,0.0014184397163120568,0.00425531914893617,0.015602836879432624,0.10780141843971631,0.0,0.0,0.0028368794326241137,0.0014184397163120568,0.00425531914893617,0.005673758865248227,0.028368794326241134,0.0,0.0,0.0,0.00851063829787234,0.009929078014184398,0.0,0.019858156028368795,0.0028368794326241137,0.0014184397163120568,0.0014184397163120568,0.0,0.00425531914893617,0.018439716312056736,0.0028368794326241137,0.0014184397163120568,0.019858156028368795,0.009929078014184398,0.00425531914893617,0.005673758865248227,0.0014184397163120568,0.0070921985815602835,0.005673758865248227,0.03546099290780142,0.005673758865248227,0.0,0.0,0.0,0.005673758865248227,0.0028368794326241137,0.0,0.011347517730496455,0.0,0.03404255319148936,0.0028368794326241137,0.02695035460992908,0.024113475177304965,0.02695035460992908,0.011347517730496455,0.019858156028368795,0.0014184397163120568,0.005673758865248227,0.014184397163120567,0.0,0.0070921985815602835,0.0070921985815602835,0.0070921985815602835,0.0070921985815602835,0.0014184397163120568,0.024113475177304965,0.00425531914893617,0.0
466,0.0,0.008663366336633664,0.0,0.0,0.0049504950495049506,0.018564356435643563,0.0012376237623762376,0.0012376237623762376,0.006188118811881188,0.0037128712871287127,0.012376237623762377,0.007425742574257425,0.011138613861386138,0.023514851485148515,0.0012376237623762376,0.0037128712871287127,0.012376237623762377,0.0024752475247524753,0.0012376237623762376,0.0012376237623762376,0.009900990099009901,0.0049504950495049506,0.019801980198019802,0.019801980198019802,0.0037128712871287127,0.0,0.0,0.14108910891089108,0.007425742574257425,0.019801980198019802,0.0,0.008663366336633664,0.0049504950495049506,0.019801980198019802,0.018564356435643563,0.0037128712871287127,0.0012376237623762376,0.0049504950495049506,0.008663366336633664,0.04579207920792079,0.0012376237623762376,0.1670792079207921,0.0037128712871287127,0.0049504950495049506,0.01485148514851485,0.0024752475247524753,0.019801980198019802,0.02599009900990099,0.0,0.0,0.009900990099009901,0.007425742574257425,0.006188118811881188,0.013613861386138614,0.0049504950495049506,0.0049504950495049506,0.0012376237623762376,0.0,0.0012376237623762376,0.0012376237623762376,0.0037128712871287127,0.0037128712871287127,0.0037128712871287127,0.0024752475247524753,0.0,0.0012376237623762376,0.0012376237623762376,0.0,0.0,0.0012376237623762376,0.011138613861386138,0.0012376237623762376,0.0012376237623762376,0.013613861386138614,0.0024752475247524753,0.008663366336633664,0.011138613861386138,0.0,0.03094059405940594,0.009900990099009901,0.0,0.022277227722772276,0.011138613861386138,0.018564356435643563,0.0024752475247524753,0.0012376237623762376,0.0012376237623762376,0.0012376237623762376,0.013613861386138614,0.009900990099009901,0.01608910891089109,0.0,0.009900990099009901,0.0,0.008663366336633664,0.0,0.0012376237623762376,0.0,0.009900990099009901,0.009900990099009901
467,0.0,0.0,0.0,0.0075075075075075074,0.0015015015015015015,0.0015015015015015015,0.0,0.0045045045045045045,0.028528528528528527,0.0,0.016516516516516516,0.006006006006006006,0.0,0.0075075075075075074,0.0,0.0075075075075075074,0.016516516516516516,0.0,0.009009009009009009,0.021021021021021023,0.0015015015015015015,0.006006006006006006,0.03003003003003003,0.0075075075075075074,0.006006006006006006,0.003003003003003003,0.0,0.22822822822822822,0.012012012012012012,0.0015015015015015015,0.0015015015015015015,0.0075075075075075074,0.0045045045045045045,0.03303303303303303,0.010510510510510511,0.006006006006006006,0.006006006006006006,0.0,0.0075075075075075074,0.03453453453453453,0.006006006006006006,0.15615615615615616,0.003003003003003003,0.0,0.009009009009009009,0.003003003003003003,0.0,0.0045045045045045045,0.009009009009009009,0.0,0.003003003003003003,0.01951951951951952,0.0,0.009009009009009009,0.010510510510510511,0.0,0.0,0.0015015015015015015,0.0,0.0045045045045045045,0.010510510510510511,0.0,0.0045045045045045045,0.0,0.0015015015015015015,0.0,0.0,0.003003003003003003,0.012012012012012012,0.0,0.0015015015015015015,0.0045045045045045045,0.015015015015015015,0.0,0.0,0.009009009009009009,0.0075075075075075074,0.003003003003003003,0.0045045045045045045,0.0,0.0,0.006006006006006006,0.0,0.016516516516516516,0.0,0.024024024024024024,0.02252252252252252,0.010510510510510511,0.018018018018018018,0.0015015015015015015,0.01951951951951952,0.0015015015015015015,0.0,0.0015015015015015015,0.0,0.01951951951951952,0.0,0.0,0.009009009009009009,0.0
468,0.010430247718383311,0.001303780964797914,0.005215123859191656,0.0,0.03259452411994785,0.00651890482398957,0.0,0.0,0.001303780964797914,0.0,0.003911342894393742,0.003911342894393742,0.014341590612777053,0.0,0.007822685788787484,0.009126466753585397,0.01694915254237288,0.0,0.005215123859191656,0.005215123859191656,0.002607561929595828,0.002607561929595828,0.01564537157757497,0.005215123859191656,0.01694915254237288,0.007822685788787484,0.02346805736636245,0.14993481095176012,0.003911342894393742,0.0,0.001303780964797914,0.003911342894393742,0.03259452411994785,0.01564537157757497,0.005215123859191656,0.01303780964797914,0.001303780964797914,0.01564537157757497,0.01694915254237288,0.0,0.005215123859191656,0.16297262059973924,0.002607561929595828,0.0,0.001303780964797914,0.010430247718383311,0.01955671447196871,0.03259452411994785,0.01303780964797914,0.003911342894393742,0.0,0.007822685788787484,0.001303780964797914,0.002607561929595828,0.01303780964797914,0.005215123859191656,0.0,0.0,0.0,0.001303780964797914,0.0,0.001303780964797914,0.007822685788787484,0.009126466753585397,0.01303780964797914,0.04041720990873533,0.007822685788787484,0.001303780964797914,0.005215123859191656,0.01564537157757497,0.0,0.00651890482398957,0.001303780964797914,0.0,0.005215123859191656,0.0,0.0,0.020860495436766623,0.002607561929595828,0.018252933507170794,0.011734028683181226,0.003911342894393742,0.001303780964797914,0.0,0.0,0.007822685788787484,0.018252933507170794,0.00651890482398957,0.0,0.010430247718383311,0.001303780964797914,0.00651890482398957,0.02216427640156454,0.0,0.0,0.0,0.010430247718383311,0.001303780964797914,0.0,0.001303780964797914
469,0.0,0.005121638924455826,0.0,0.0012804097311139564,0.0012804097311139564,0.0012804097311139564,0.0076824583866837385,0.015364916773367477,0.029449423815621,0.002560819462227913,0.0,0.005121638924455826,0.006402048655569782,0.0,0.014084507042253521,0.01792573623559539,0.0,0.0012804097311139564,0.0,0.014084507042253521,0.0038412291933418692,0.0,0.0,0.0038412291933418692,0.002560819462227913,0.0038412291933418692,0.0,0.1203585147247119,0.0,0.002560819462227913,0.0,0.012804097311139564,0.002560819462227913,0.016645326504481434,0.0012804097311139564,0.002560819462227913,0.0,0.0,0.002560819462227913,0.0038412291933418692,0.0038412291933418692,0.25096030729833546,0.023047375160051217,0.011523687580025609,0.002560819462227913,0.005121638924455826,0.0,0.005121638924455826,0.019206145966709345,0.002560819462227913,0.0012804097311139564,0.0012804097311139564,0.0,0.034571062740076826,0.0038412291933418692,0.0,0.020486555697823303,0.0,0.01792573623559539,0.011523687580025609,0.0,0.011523687580025609,0.0012804097311139564,0.002560819462227913,0.012804097311139564,0.005121638924455826,0.0,0.0076824583866837385,0.0012804097311139564,0.019206145966709345,0.0038412291933418692,0.0012804097311139564,0.0012804097311139564,0.0038412291933418692,0.014084507042253521,0.0,0.0038412291933418692,0.0038412291933418692,0.0,0.002560819462227913,0.0012804097311139564,0.026888604353393086,0.0012804097311139564,0.020486555697823303,0.0,0.0076824583866837385,0.0012804097311139564,0.0076824583866837385,0.006402048655569782,0.0012804097311139564,0.0038412291933418692,0.015364916773367477,0.0,0.002560819462227913,0.02176696542893726,0.010243277848911651,0.002560819462227913,0.040973111395646605,0.011523687580025609,0.0038412291933418692
470,0.008032128514056224,0.041499330655957165,0.0013386880856760374,0.002677376171352075,0.0,0.0107095046854083,0.004016064257028112,0.014725568942436412,0.0,0.0,0.0,0.004016064257028112,0.025435073627844713,0.004016064257028112,0.025435073627844713,0.008032128514056224,0.01740294511378849,0.004016064257028112,0.00535475234270415,0.01740294511378849,0.0,0.002677376171352075,0.012048192771084338,0.0013386880856760374,0.0013386880856760374,0.0,0.006693440428380187,0.23427041499330656,0.0107095046854083,0.0013386880856760374,0.002677376171352075,0.0,0.002677376171352075,0.004016064257028112,0.00535475234270415,0.0,0.012048192771084338,0.002677376171352075,0.006693440428380187,0.0,0.002677376171352075,0.14725568942436412,0.004016064257028112,0.004016064257028112,0.008032128514056224,0.0,0.004016064257028112,0.002677376171352075,0.0013386880856760374,0.00535475234270415,0.0013386880856760374,0.013386880856760375,0.01606425702811245,0.0,0.0013386880856760374,0.0013386880856760374,0.0013386880856760374,0.03480589022757698,0.01606425702811245,0.006693440428380187,0.0013386880856760374,0.004016064257028112,0.0013386880856760374,0.009370816599732263,0.006693440428380187,0.012048192771084338,0.00535475234270415,0.006693440428380187,0.002677376171352075,0.0,0.002677376171352075,0.006693440428380187,0.009370816599732263,0.0,0.004016064257028112,0.024096385542168676,0.0013386880856760374,0.013386880856760375,0.0,0.004016064257028112,0.0,0.02677376171352075,0.006693440428380187,0.0013386880856760374,0.0,0.012048192771084338,0.0,0.0107095046854083,0.004016064257028112,0.0107095046854083,0.0,0.002677376171352075,0.013386880856760375,0.006693440428380187,0.006693440428380187,0.0,0.0,0.0,0.0,0.0107095046854083
471,0.03415300546448088,0.0,0.00546448087431694,0.00546448087431694,0.00546448087431694,0.01092896174863388,0.004098360655737705,0.0,0.001366120218579235,0.001366120218579235,0.00819672131147541,0.0,0.00273224043715847,0.00819672131147541,0.00273224043715847,0.01092896174863388,0.00819672131147541,0.01092896174863388,0.001366120218579235,0.004098360655737705,0.030054644808743168,0.00273224043715847,0.01092896174863388,0.030054644808743168,0.009562841530054645,0.00819672131147541,0.00819672131147541,0.13797814207650272,0.009562841530054645,0.0,0.00819672131147541,0.00273224043715847,0.001366120218579235,0.01639344262295082,0.00273224043715847,0.001366120218579235,0.004098360655737705,0.012295081967213115,0.009562841530054645,0.017759562841530054,0.009562841530054645,0.14617486338797814,0.00273224043715847,0.00819672131147541,0.001366120218579235,0.012295081967213115,0.00546448087431694,0.00819672131147541,0.001366120218579235,0.012295081967213115,0.0,0.0,0.001366120218579235,0.00546448087431694,0.01092896174863388,0.004098360655737705,0.01366120218579235,0.00819672131147541,0.00819672131147541,0.012295081967213115,0.0,0.00546448087431694,0.0,0.006830601092896175,0.004098360655737705,0.015027322404371584,0.001366120218579235,0.009562841530054645,0.004098360655737705,0.006830601092896175,0.004098360655737705,0.00819672131147541,0.028688524590163935,0.00273224043715847,0.015027322404371584,0.012295081967213115,0.01912568306010929,0.001366120218579235,0.03825136612021858,0.0,0.004098360655737705,0.02185792349726776,0.0,0.0,0.009562841530054645,0.006830601092896175,0.0,0.0,0.001366120218579235,0.00819672131147541,0.0,0.009562841530054645,0.00273224043715847,0.012295081967213115,0.00273224043715847,0.00546448087431694,0.0,0.0,0.00819672131147541,0.00273224043715847
472,0.0025380710659898475,0.0,0.0038071065989847717,0.0,0.013959390862944163,0.0,0.0,0.01649746192893401,0.006345177664974619,0.008883248730964468,0.008883248730964468,0.011421319796954314,0.008883248730964468,0.0,0.006345177664974619,0.0,0.005076142131979695,0.0,0.006345177664974619,0.0025380710659898475,0.008883248730964468,0.013959390862944163,0.006345177664974619,0.008883248730964468,0.0038071065989847717,0.011421319796954314,0.04060913705583756,0.21573604060913706,0.007614213197969543,0.0012690355329949238,0.008883248730964468,0.0012690355329949238,0.008883248730964468,0.006345177664974619,0.011421319796954314,0.012690355329949238,0.011421319796954314,0.031725888324873094,0.0,0.0038071065989847717,0.0025380710659898475,0.10786802030456853,0.013959390862944163,0.0038071065989847717,0.02030456852791878,0.0012690355329949238,0.0025380710659898475,0.0012690355329949238,0.0025380710659898475,0.0012690355329949238,0.005076142131979695,0.027918781725888325,0.0,0.0,0.0,0.0,0.0,0.006345177664974619,0.006345177664974619,0.01649746192893401,0.0,0.007614213197969543,0.0012690355329949238,0.0,0.027918781725888325,0.0038071065989847717,0.008883248730964468,0.03426395939086294,0.0025380710659898475,0.015228426395939087,0.0038071065989847717,0.024111675126903553,0.008883248730964468,0.007614213197969543,0.007614213197969543,0.0025380710659898475,0.006345177664974619,0.011421319796954314,0.0,0.0012690355329949238,0.005076142131979695,0.0012690355329949238,0.0,0.013959390862944163,0.0,0.0012690355329949238,0.0266497461928934,0.0012690355329949238,0.015228426395939087,0.0025380710659898475,0.0,0.0025380710659898475,0.0012690355329949238,0.0,0.006345177664974619,0.0038071065989847717,0.0038071065989847717,0.0,0.0,0.0038071065989847717
473,0.011834319526627219,0.002366863905325444,0.010650887573964497,0.001183431952662722,0.002366863905325444,0.0,0.001183431952662722,0.0,0.001183431952662722,0.001183431952662722,0.008284023668639054,0.010650887573964497,0.002366863905325444,0.022485207100591716,0.007100591715976331,0.0,0.008284023668639054,0.007100591715976331,0.027218934911242602,0.009467455621301775,0.007100591715976331,0.010650887573964497,0.01301775147928994,0.015384615384615385,0.015384615384615385,0.002366863905325444,0.007100591715976331,0.22840236686390533,0.0035502958579881655,0.002366863905325444,0.004733727810650888,0.01301775147928994,0.005917159763313609,0.011834319526627219,0.002366863905325444,0.004733727810650888,0.002366863905325444,0.007100591715976331,0.007100591715976331,0.0,0.010650887573964497,0.10177514792899409,0.0,0.0,0.007100591715976331,0.001183431952662722,0.002366863905325444,0.007100591715976331,0.001183431952662722,0.002366863905325444,0.004733727810650888,0.002366863905325444,0.0,0.0,0.03076923076923077,0.008284023668639054,0.004733727810650888,0.0,0.010650887573964497,0.028402366863905324,0.001183431952662722,0.004733727810650888,0.0035502958579881655,0.0035502958579881655,0.002366863905325444,0.001183431952662722,0.001183431952662722,0.02485207100591716,0.0,0.009467455621301775,0.015384615384615385,0.002366863905325444,0.0,0.015384615384615385,0.0035502958579881655,0.001183431952662722,0.01775147928994083,0.0,0.011834319526627219,0.008284023668639054,0.005917159763313609,0.021301775147928994,0.002366863905325444,0.009467455621301775,0.01775147928994083,0.004733727810650888,0.014201183431952662,0.008284023668639054,0.008284023668639054,0.0,0.0,0.005917159763313609,0.001183431952662722,0.002366863905325444,0.001183431952662722,0.0,0.009467455621301775,0.014201183431952662,0.0,0.022485207100591716
474,0.008534850640113799,0.002844950213371266,0.001422475106685633,0.0,0.005689900426742532,0.00995732574679943,0.0,0.004267425320056899,0.001422475106685633,0.0,0.007112375533428165,0.0,0.002844950213371266,0.005689900426742532,0.0,0.011379800853485065,0.004267425320056899,0.004267425320056899,0.0,0.02702702702702703,0.001422475106685633,0.008534850640113799,0.00995732574679943,0.001422475106685633,0.0,0.002844950213371266,0.001422475106685633,0.14509246088193456,0.007112375533428165,0.004267425320056899,0.0,0.012802275960170697,0.001422475106685633,0.005689900426742532,0.0,0.01991465149359886,0.001422475106685633,0.002844950213371266,0.0,0.002844950213371266,0.0,0.25889046941678523,0.008534850640113799,0.012802275960170697,0.011379800853485065,0.008534850640113799,0.001422475106685633,0.015647226173541962,0.011379800853485065,0.011379800853485065,0.008534850640113799,0.012802275960170697,0.007112375533428165,0.012802275960170697,0.007112375533428165,0.001422475106685633,0.0,0.03698435277382646,0.007112375533428165,0.011379800853485065,0.0,0.004267425320056899,0.0,0.021337126600284494,0.0,0.004267425320056899,0.004267425320056899,0.00995732574679943,0.025604551920341393,0.001422475106685633,0.005689900426742532,0.001422475106685633,0.0,0.00995732574679943,0.0,0.002844950213371266,0.002844950213371266,0.0,0.005689900426742532,0.0,0.017069701280227598,0.012802275960170697,0.00995732574679943,0.0,0.0,0.0,0.0,0.001422475106685633,0.004267425320056899,0.001422475106685633,0.007112375533428165,0.00995732574679943,0.02418207681365576,0.002844950213371266,0.005689900426742532,0.0,0.02702702702702703,0.0,0.005689900426742532,0.0
475,0.004273504273504274,0.021367521367521368,0.0014245014245014246,0.002849002849002849,0.0,0.0,0.002849002849002849,0.007122507122507123,0.009971509971509971,0.01282051282051282,0.004273504273504274,0.0,0.01282051282051282,0.0,0.008547008547008548,0.009971509971509971,0.02564102564102564,0.0,0.0,0.0,0.0,0.017094017094017096,0.011396011396011397,0.0,0.0,0.0014245014245014246,0.03133903133903134,0.150997150997151,0.0014245014245014246,0.007122507122507123,0.002849002849002849,0.018518518518518517,0.004273504273504274,0.0014245014245014246,0.002849002849002849,0.005698005698005698,0.002849002849002849,0.0014245014245014246,0.022792022792022793,0.002849002849002849,0.0014245014245014246,0.13532763532763534,0.0014245014245014246,0.0,0.011396011396011397,0.0,0.0,0.03133903133903134,0.0014245014245014246,0.018518518518518517,0.002849002849002849,0.0,0.009971509971509971,0.0,0.005698005698005698,0.0,0.0,0.005698005698005698,0.0,0.004273504273504274,0.008547008547008548,0.0,0.017094017094017096,0.005698005698005698,0.0,0.005698005698005698,0.009971509971509971,0.0014245014245014246,0.009971509971509971,0.002849002849002849,0.0,0.002849002849002849,0.004273504273504274,0.027065527065527065,0.029914529914529916,0.008547008547008548,0.0,0.0,0.002849002849002849,0.0014245014245014246,0.0,0.0,0.007122507122507123,0.007122507122507123,0.007122507122507123,0.007122507122507123,0.0014245014245014246,0.02564102564102564,0.002849002849002849,0.022792022792022793,0.0,0.018518518518518517,0.017094017094017096,0.0,0.007122507122507123,0.01566951566951567,0.014245014245014245,0.002849002849002849,0.019943019943019943,0.045584045584045586
476,0.008534850640113799,0.001422475106685633,0.008534850640113799,0.001422475106685633,0.012802275960170697,0.0,0.005689900426742532,0.005689900426742532,0.001422475106685633,0.007112375533428165,0.00995732574679943,0.004267425320056899,0.004267425320056899,0.002844950213371266,0.001422475106685633,0.007112375533428165,0.002844950213371266,0.0,0.0,0.01991465149359886,0.031294452347083924,0.0,0.002844950213371266,0.002844950213371266,0.005689900426742532,0.0,0.002844950213371266,0.2532005689900427,0.0,0.005689900426742532,0.012802275960170697,0.02418207681365576,0.002844950213371266,0.007112375533428165,0.005689900426742532,0.00995732574679943,0.002844950213371266,0.0,0.001422475106685633,0.001422475106685633,0.002844950213371266,0.11806543385490754,0.005689900426742532,0.002844950213371266,0.007112375533428165,0.007112375533428165,0.0,0.002844950213371266,0.011379800853485065,0.007112375533428165,0.008534850640113799,0.008534850640113799,0.001422475106685633,0.01849217638691323,0.001422475106685633,0.004267425320056899,0.0,0.012802275960170697,0.005689900426742532,0.004267425320056899,0.0,0.002844950213371266,0.007112375533428165,0.001422475106685633,0.0,0.002844950213371266,0.0,0.0,0.002844950213371266,0.001422475106685633,0.00995732574679943,0.015647226173541962,0.002844950213371266,0.007112375533428165,0.02844950213371266,0.008534850640113799,0.012802275960170697,0.001422475106685633,0.012802275960170697,0.0,0.0,0.007112375533428165,0.0,0.008534850640113799,0.005689900426742532,0.021337126600284494,0.02844950213371266,0.0,0.015647226173541962,0.0,0.004267425320056899,0.0,0.005689900426742532,0.005689900426742532,0.002844950213371266,0.01422475106685633,0.011379800853485065,0.0,0.00995732574679943,0.032716927453769556
477,0.0,0.004993757802746567,0.0149812734082397,0.004993757802746567,0.0,0.00749063670411985,0.017478152309612985,0.0,0.012484394506866416,0.009987515605493134,0.003745318352059925,0.0,0.0012484394506866417,0.006242197253433208,0.02372034956304619,0.003745318352059925,0.0,0.003745318352059925,0.0012484394506866417,0.004993757802746567,0.0,0.008739076154806492,0.003745318352059925,0.0024968789013732834,0.003745318352059925,0.003745318352059925,0.009987515605493134,0.1797752808988764,0.026217228464419477,0.008739076154806492,0.01373283395755306,0.0,0.0012484394506866417,0.00749063670411985,0.00749063670411985,0.016229712858926344,0.0024968789013732834,0.01373283395755306,0.0012484394506866417,0.0,0.0024968789013732834,0.18352059925093633,0.0012484394506866417,0.0,0.033707865168539325,0.0,0.02372034956304619,0.003745318352059925,0.01373283395755306,0.006242197253433208,0.0012484394506866417,0.02122347066167291,0.012484394506866416,0.0,0.0024968789013732834,0.02871410736579276,0.003745318352059925,0.0,0.0024968789013732834,0.0,0.0012484394506866417,0.0,0.012484394506866416,0.0024968789013732834,0.0,0.009987515605493134,0.0,0.0,0.0012484394506866417,0.018726591760299626,0.012484394506866416,0.0024968789013732834,0.004993757802746567,0.0024968789013732834,0.0024968789013732834,0.004993757802746567,0.003745318352059925,0.0024968789013732834,0.0024968789013732834,0.0012484394506866417,0.006242197253433208,0.0024968789013732834,0.026217228464419477,0.00749063670411985,0.0,0.008739076154806492,0.006242197253433208,0.004993757802746567,0.003745318352059925,0.0024968789013732834,0.00749063670411985,0.02871410736579276,0.012484394506866416,0.006242197253433208,0.011235955056179775,0.0012484394506866417,0.0,0.0,0.0024968789013732834,0.0024968789013732834
478,0.0077951002227171495,0.021158129175946547,0.0022271714922048997,0.01670378619153675,0.005567928730512249,0.004454342984409799,0.0200445434298441,0.005567928730512249,0.0011135857461024498,0.022271714922048998,0.0066815144766146995,0.0066815144766146995,0.0077951002227171495,0.004454342984409799,0.0,0.0033407572383073497,0.0,0.0033407572383073497,0.0022271714922048997,0.0,0.0066815144766146995,0.0011135857461024498,0.0011135857461024498,0.0011135857461024498,0.008908685968819599,0.012249443207126948,0.0011135857461024498,0.14587973273942093,0.0022271714922048997,0.0,0.0022271714922048997,0.014476614699331848,0.0033407572383073497,0.0022271714922048997,0.011135857461024499,0.0011135857461024498,0.005567928730512249,0.0,0.005567928730512249,0.015590200445434299,0.0033407572383073497,0.2026726057906459,0.0,0.005567928730512249,0.0,0.013363028953229399,0.021158129175946547,0.0033407572383073497,0.0,0.01670378619153675,0.0,0.024498886414253896,0.0066815144766146995,0.011135857461024499,0.01002227171492205,0.0,0.0066815144766146995,0.0011135857461024498,0.0011135857461024498,0.0,0.0077951002227171495,0.0200445434298441,0.0011135857461024498,0.0022271714922048997,0.011135857461024499,0.0022271714922048997,0.0022271714922048997,0.0011135857461024498,0.005567928730512249,0.0011135857461024498,0.0,0.011135857461024499,0.0011135857461024498,0.004454342984409799,0.011135857461024499,0.011135857461024499,0.01893095768374165,0.0011135857461024498,0.030066815144766147,0.0066815144766146995,0.0022271714922048997,0.0,0.01893095768374165,0.0,0.0,0.02338530066815145,0.0011135857461024498,0.0022271714922048997,0.013363028953229399,0.0033407572383073497,0.0,0.0,0.0033407572383073497,0.0467706013363029,0.004454342984409799,0.0,0.0011135857461024498,0.011135857461024499,0.0011135857461024498,0.0066815144766146995
479,0.008849557522123894,0.0029498525073746312,0.0,0.014749262536873156,0.02359882005899705,0.017699115044247787,0.014749262536873156,0.0,0.0014749262536873156,0.02064896755162242,0.014749262536873156,0.014749262536873156,0.0014749262536873156,0.0014749262536873156,0.008849557522123894,0.0,0.01327433628318584,0.0,0.0029498525073746312,0.008849557522123894,0.0,0.007374631268436578,0.0029498525073746312,0.03687315634218289,0.0014749262536873156,0.0058997050147492625,0.0,0.12536873156342182,0.0058997050147492625,0.004424778761061947,0.0058997050147492625,0.0,0.0014749262536873156,0.0029498525073746312,0.004424778761061947,0.02359882005899705,0.045722713864306784,0.0014749262536873156,0.0014749262536873156,0.007374631268436578,0.0,0.16666666666666666,0.0,0.007374631268436578,0.0014749262536873156,0.0,0.0029498525073746312,0.0014749262536873156,0.0029498525073746312,0.0,0.0029498525073746312,0.004424778761061947,0.007374631268436578,0.0029498525073746312,0.02064896755162242,0.007374631268436578,0.019174041297935103,0.011799410029498525,0.017699115044247787,0.02064896755162242,0.004424778761061947,0.0014749262536873156,0.007374631268436578,0.0,0.01032448377581121,0.008849557522123894,0.0029498525073746312,0.0014749262536873156,0.0029498525073746312,0.008849557522123894,0.016224188790560472,0.0,0.017699115044247787,0.0014749262536873156,0.0058997050147492625,0.0,0.007374631268436578,0.0,0.01032448377581121,0.011799410029498525,0.0058997050147492625,0.017699115044247787,0.01032448377581121,0.0,0.038348082595870206,0.007374631268436578,0.0,0.01327433628318584,0.0014749262536873156,0.011799410029498525,0.0,0.0,0.0,0.0014749262536873156,0.0,0.0,0.011799410029498525,0.0014749262536873156,0.0029498525073746312,0.0029498525073746312
480,0.0,0.03225806451612903,0.0,0.004398826979472141,0.002932551319648094,0.0,0.002932551319648094,0.002932551319648094,0.004398826979472141,0.001466275659824047,0.001466275659824047,0.013196480938416423,0.0,0.021994134897360705,0.001466275659824047,0.0,0.010263929618768328,0.0,0.002932551319648094,0.001466275659824047,0.010263929618768328,0.001466275659824047,0.002932551319648094,0.010263929618768328,0.002932551319648094,0.001466275659824047,0.001466275659824047,0.23020527859237536,0.0,0.02785923753665689,0.0,0.0,0.002932551319648094,0.008797653958944282,0.002932551319648094,0.001466275659824047,0.01906158357771261,0.001466275659824047,0.02785923753665689,0.001466275659824047,0.002932551319648094,0.10557184750733138,0.0,0.0,0.002932551319648094,0.0,0.0,0.02785923753665689,0.001466275659824047,0.005865102639296188,0.0,0.01906158357771261,0.0,0.005865102639296188,0.010263929618768328,0.011730205278592375,0.007331378299120235,0.0,0.0,0.008797653958944282,0.005865102639296188,0.001466275659824047,0.001466275659824047,0.0,0.011730205278592375,0.02932551319648094,0.0,0.001466275659824047,0.004398826979472141,0.04252199413489736,0.016129032258064516,0.002932551319648094,0.001466275659824047,0.001466275659824047,0.02346041055718475,0.005865102639296188,0.04105571847507331,0.01906158357771261,0.010263929618768328,0.002932551319648094,0.002932551319648094,0.002932551319648094,0.001466275659824047,0.002932551319648094,0.016129032258064516,0.010263929618768328,0.04252199413489736,0.005865102639296188,0.010263929618768328,0.0,0.0,0.0,0.007331378299120235,0.0,0.0,0.0,0.0,0.0,0.001466275659824047,0.004398826979472141
481,0.011799410029498525,0.004424778761061947,0.0,0.01327433628318584,0.0,0.0014749262536873156,0.0,0.02654867256637168,0.0058997050147492625,0.01327433628318584,0.0,0.0058997050147492625,0.0058997050147492625,0.01032448377581121,0.0029498525073746312,0.0014749262536873156,0.0,0.0,0.008849557522123894,0.0,0.019174041297935103,0.0,0.017699115044247787,0.0,0.0,0.0029498525073746312,0.0014749262536873156,0.12536873156342182,0.016224188790560472,0.0014749262536873156,0.004424778761061947,0.014749262536873156,0.0014749262536873156,0.004424778761061947,0.0058997050147492625,0.0,0.0,0.0,0.008849557522123894,0.007374631268436578,0.0,0.2345132743362832,0.004424778761061947,0.004424778761061947,0.004424778761061947,0.0,0.004424778761061947,0.0029498525073746312,0.004424778761061947,0.004424778761061947,0.008849557522123894,0.0029498525073746312,0.0058997050147492625,0.0058997050147492625,0.004424778761061947,0.0,0.0014749262536873156,0.0,0.03687315634218289,0.0029498525073746312,0.0014749262536873156,0.0014749262536873156,0.004424778761061947,0.02064896755162242,0.01327433628318584,0.017699115044247787,0.007374631268436578,0.0,0.0,0.0058997050147492625,0.0,0.0,0.01032448377581121,0.01327433628318584,0.004424778761061947,0.02064896755162242,0.0029498525073746312,0.011799410029498525,0.0,0.0,0.01327433628318584,0.007374631268436578,0.017699115044247787,0.0014749262536873156,0.0058997050147492625,0.007374631268436578,0.011799410029498525,0.004424778761061947,0.011799410029498525,0.0014749262536873156,0.008849557522123894,0.0,0.032448377581120944,0.0014749262536873156,0.0058997050147492625,0.029498525073746312,0.0029498525073746312,0.004424778761061947,0.0058997050147492625,0.01327433628318584
482,0.003865979381443299,0.003865979381443299,0.003865979381443299,0.0,0.003865979381443299,0.015463917525773196,0.00902061855670103,0.01288659793814433,0.003865979381443299,0.01804123711340206,0.024484536082474227,0.0,0.002577319587628866,0.001288659793814433,0.003865979381443299,0.005154639175257732,0.0,0.002577319587628866,0.003865979381443299,0.001288659793814433,0.003865979381443299,0.0,0.005154639175257732,0.002577319587628866,0.0,0.005154639175257732,0.001288659793814433,0.1327319587628866,0.011597938144329897,0.028350515463917526,0.0,0.003865979381443299,0.001288659793814433,0.002577319587628866,0.003865979381443299,0.01804123711340206,0.001288659793814433,0.006443298969072165,0.0,0.005154639175257732,0.002577319587628866,0.2345360824742268,0.024484536082474227,0.005154639175257732,0.01675257731958763,0.005154639175257732,0.0,0.001288659793814433,0.01804123711340206,0.001288659793814433,0.006443298969072165,0.007731958762886598,0.001288659793814433,0.0,0.001288659793814433,0.007731958762886598,0.010309278350515464,0.001288659793814433,0.003865979381443299,0.015463917525773196,0.001288659793814433,0.01675257731958763,0.001288659793814433,0.01804123711340206,0.0,0.01288659793814433,0.0,0.001288659793814433,0.0,0.010309278350515464,0.007731958762886598,0.002577319587628866,0.006443298969072165,0.00902061855670103,0.0,0.020618556701030927,0.007731958762886598,0.00902061855670103,0.0,0.03479381443298969,0.011597938144329897,0.003865979381443299,0.002577319587628866,0.01288659793814433,0.00902061855670103,0.002577319587628866,0.002577319587628866,0.014175257731958763,0.001288659793814433,0.03350515463917526,0.0,0.002577319587628866,0.005154639175257732,0.0,0.019329896907216496,0.0,0.0,0.001288659793814433,0.0,0.0
483,0.004767580452920143,0.0023837902264600714,0.0,0.007151370679380214,0.0023837902264600714,0.003575685339690107,0.0059594755661501785,0.0023837902264600714,0.003575685339690107,0.009535160905840286,0.0,0.003575685339690107,0.0011918951132300357,0.013110846245530394,0.003575685339690107,0.0059594755661501785,0.0011918951132300357,0.003575685339690107,0.009535160905840286,0.009535160905840286,0.010727056019070322,0.003575685339690107,0.010727056019070322,0.0,0.014302741358760428,0.0,0.014302741358760428,0.22884386174016685,0.0,0.007151370679380214,0.021454112038140644,0.009535160905840286,0.004767580452920143,0.025029797377830752,0.0,0.0011918951132300357,0.0,0.0023837902264600714,0.004767580452920143,0.01907032181168057,0.0023837902264600714,0.14541120381406436,0.0059594755661501785,0.026221692491060787,0.014302741358760428,0.0,0.003575685339690107,0.0,0.003575685339690107,0.0166865315852205,0.0011918951132300357,0.0023837902264600714,0.0,0.03218116805721097,0.00834326579261025,0.0011918951132300357,0.026221692491060787,0.003575685339690107,0.0011918951132300357,0.028605482717520857,0.010727056019070322,0.02026221692491061,0.0,0.0011918951132300357,0.013110846245530394,0.0011918951132300357,0.0023837902264600714,0.0,0.003575685339690107,0.0,0.0,0.0166865315852205,0.0023837902264600714,0.00834326579261025,0.0,0.007151370679380214,0.007151370679380214,0.01907032181168057,0.009535160905840286,0.0,0.004767580452920143,0.0,0.007151370679380214,0.0,0.00834326579261025,0.0011918951132300357,0.003575685339690107,0.011918951132300357,0.0,0.0,0.0011918951132300357,0.0011918951132300357,0.0011918951132300357,0.010727056019070322,0.0011918951132300357,0.014302741358760428,0.0,0.0,0.015494636471990465,0.0011918951132300357
484,0.008356545961002786,0.006963788300835654,0.006963788300835654,0.008356545961002786,0.001392757660167131,0.004178272980501393,0.0,0.001392757660167131,0.004178272980501393,0.002785515320334262,0.02924791086350975,0.0,0.001392757660167131,0.004178272980501393,0.0,0.0,0.008356545961002786,0.004178272980501393,0.005571030640668524,0.0,0.005571030640668524,0.0,0.004178272980501393,0.004178272980501393,0.008356545961002786,0.0,0.0,0.16434540389972144,0.0,0.0,0.0,0.008356545961002786,0.004178272980501393,0.020891364902506964,0.002785515320334262,0.013927576601671309,0.001392757660167131,0.002785515320334262,0.005571030640668524,0.0,0.0,0.21448467966573817,0.005571030640668524,0.002785515320334262,0.009749303621169917,0.001392757660167131,0.001392757660167131,0.037604456824512536,0.004178272980501393,0.0,0.012534818941504178,0.0,0.004178272980501393,0.0,0.004178272980501393,0.001392757660167131,0.001392757660167131,0.020891364902506964,0.016713091922005572,0.03203342618384401,0.0,0.0,0.004178272980501393,0.0,0.005571030640668524,0.027855153203342618,0.004178272980501393,0.002785515320334262,0.022284122562674095,0.0,0.0,0.027855153203342618,0.008356545961002786,0.008356545961002786,0.020891364902506964,0.0,0.006963788300835654,0.002785515320334262,0.004178272980501393,0.0,0.0,0.0,0.0,0.001392757660167131,0.0,0.004178272980501393,0.009749303621169917,0.008356545961002786,0.001392757660167131,0.011142061281337047,0.001392757660167131,0.02924791086350975,0.004178272980501393,0.0,0.02924791086350975,0.0,0.008356545961002786,0.005571030640668524,0.018105849582172703,0.006963788300835654
485,0.0038119440914866584,0.0012706480304955528,0.0,0.0,0.011435832274459974,0.029224904701397714,0.0012706480304955528,0.0,0.015247776365946633,0.0,0.0025412960609911056,0.0012706480304955528,0.0012706480304955528,0.020330368487928845,0.0,0.0012706480304955528,0.0012706480304955528,0.0,0.008894536213468869,0.021601016518424398,0.0,0.0012706480304955528,0.0012706480304955528,0.0,0.0038119440914866584,0.0012706480304955528,0.0038119440914866584,0.25158831003811943,0.0025412960609911056,0.0,0.0,0.0038119440914866584,0.007623888182973317,0.0,0.0025412960609911056,0.0025412960609911056,0.0025412960609911056,0.0,0.01397712833545108,0.015247776365946633,0.025412960609911054,0.1473951715374841,0.008894536213468869,0.0,0.0038119440914866584,0.0,0.0012706480304955528,0.0038119440914866584,0.0038119440914866584,0.012706480304955527,0.0012706480304955528,0.0038119440914866584,0.036848792884371026,0.0012706480304955528,0.0,0.0012706480304955528,0.021601016518424398,0.0025412960609911056,0.005082592121982211,0.0,0.007623888182973317,0.01905972045743329,0.0,0.010165184243964422,0.007623888182973317,0.01397712833545108,0.0,0.025412960609911054,0.016518424396442185,0.0,0.0,0.03811944091486658,0.0,0.0,0.0025412960609911056,0.0,0.0025412960609911056,0.007623888182973317,0.007623888182973317,0.0,0.0025412960609911056,0.0,0.010165184243964422,0.008894536213468869,0.0,0.012706480304955527,0.0038119440914866584,0.007623888182973317,0.010165184243964422,0.0,0.010165184243964422,0.011435832274459974,0.010165184243964422,0.0,0.010165184243964422,0.0,0.0012706480304955528,0.021601016518424398,0.005082592121982211,0.0
486,0.0057273768613974796,0.014891179839633447,0.013745704467353952,0.003436426116838488,0.004581901489117984,0.006872852233676976,0.001145475372279496,0.0,0.0057273768613974796,0.012600229095074456,0.004581901489117984,0.025200458190148912,0.024054982817869417,0.003436426116838488,0.0,0.001145475372279496,0.0,0.004581901489117984,0.001145475372279496,0.0,0.002290950744558992,0.016036655211912942,0.004581901489117984,0.003436426116838488,0.001145475372279496,0.0,0.010309278350515464,0.20847651775486828,0.013745704467353952,0.001145475372279496,0.0,0.009163802978235968,0.0,0.001145475372279496,0.001145475372279496,0.0057273768613974796,0.0,0.012600229095074456,0.003436426116838488,0.0057273768613974796,0.012600229095074456,0.20504009163802978,0.001145475372279496,0.006872852233676976,0.0,0.0,0.0,0.010309278350515464,0.0,0.013745704467353952,0.0,0.001145475372279496,0.016036655211912942,0.006872852233676976,0.0,0.001145475372279496,0.020618556701030927,0.0,0.0057273768613974796,0.009163802978235968,0.010309278350515464,0.014891179839633447,0.0,0.0,0.010309278350515464,0.0,0.0,0.022909507445589918,0.004581901489117984,0.003436426116838488,0.002290950744558992,0.002290950744558992,0.001145475372279496,0.024054982817869417,0.022909507445589918,0.0,0.0,0.002290950744558992,0.006872852233676976,0.0,0.006872852233676976,0.010309278350515464,0.003436426116838488,0.012600229095074456,0.018327605956471937,0.002290950744558992,0.0057273768613974796,0.010309278350515464,0.0,0.0,0.006872852233676976,0.001145475372279496,0.013745704467353952,0.01718213058419244,0.0,0.004581901489117984,0.001145475372279496,0.0,0.004581901489117984,0.009163802978235968
487,0.002551020408163265,0.0012755102040816326,0.0,0.0,0.003826530612244898,0.002551020408163265,0.012755102040816327,0.0,0.0,0.0012755102040816326,0.01913265306122449,0.002551020408163265,0.00510204081632653,0.008928571428571428,0.0,0.0012755102040816326,0.0,0.002551020408163265,0.0,0.0012755102040816326,0.0,0.003826530612244898,0.0,0.002551020408163265,0.0,0.0,0.04081632653061224,0.2002551020408163,0.0012755102040816326,0.002551020408163265,0.01403061224489796,0.007653061224489796,0.0012755102040816326,0.01020408163265306,0.00510204081632653,0.00510204081632653,0.0,0.003826530612244898,0.029336734693877552,0.00510204081632653,0.002551020408163265,0.24107142857142858,0.0012755102040816326,0.0,0.003826530612244898,0.0012755102040816326,0.007653061224489796,0.00510204081632653,0.002551020408163265,0.003826530612244898,0.0,0.0012755102040816326,0.008928571428571428,0.007653061224489796,0.003826530612244898,0.02423469387755102,0.0012755102040816326,0.012755102040816327,0.008928571428571428,0.015306122448979591,0.00510204081632653,0.006377551020408163,0.00510204081632653,0.003826530612244898,0.015306122448979591,0.002551020408163265,0.0,0.007653061224489796,0.02423469387755102,0.00510204081632653,0.01020408163265306,0.0,0.012755102040816327,0.00510204081632653,0.00510204081632653,0.015306122448979591,0.0012755102040816326,0.0,0.0,0.008928571428571428,0.0,0.02040816326530612,0.006377551020408163,0.0,0.012755102040816327,0.002551020408163265,0.0,0.0,0.0,0.015306122448979591,0.0,0.011479591836734694,0.0012755102040816326,0.006377551020408163,0.0,0.003826530612244898,0.021683673469387755,0.008928571428571428,0.002551020408163265,0.0012755102040816326
488,0.008849557522123894,0.007374631268436578,0.011799410029498525,0.014749262536873156,0.0,0.028023598820058997,0.011799410029498525,0.0014749262536873156,0.004424778761061947,0.007374631268436578,0.0,0.01327433628318584,0.011799410029498525,0.0014749262536873156,0.0,0.004424778761061947,0.0,0.0,0.016224188790560472,0.0058997050147492625,0.008849557522123894,0.0,0.004424778761061947,0.01032448377581121,0.007374631268436578,0.0029498525073746312,0.016224188790560472,0.2079646017699115,0.0,0.007374631268436578,0.0029498525073746312,0.02064896755162242,0.014749262536873156,0.004424778761061947,0.0029498525073746312,0.0014749262536873156,0.008849557522123894,0.004424778761061947,0.0029498525073746312,0.007374631268436578,0.017699115044247787,0.21238938053097345,0.0014749262536873156,0.02064896755162242,0.0029498525073746312,0.0,0.0,0.008849557522123894,0.0029498525073746312,0.0,0.007374631268436578,0.008849557522123894,0.0029498525073746312,0.004424778761061947,0.004424778761061947,0.0014749262536873156,0.02064896755162242,0.0029498525073746312,0.016224188790560472,0.004424778761061947,0.007374631268436578,0.007374631268436578,0.01032448377581121,0.008849557522123894,0.004424778761061947,0.0,0.0058997050147492625,0.0014749262536873156,0.0029498525073746312,0.004424778761061947,0.011799410029498525,0.0058997050147492625,0.0,0.0,0.0,0.0058997050147492625,0.0014749262536873156,0.011799410029498525,0.0058997050147492625,0.007374631268436578,0.0029498525073746312,0.0,0.0,0.008849557522123894,0.0,0.0014749262536873156,0.014749262536873156,0.007374631268436578,0.0029498525073746312,0.004424778761061947,0.0,0.004424778761061947,0.0,0.0014749262536873156,0.0,0.01327433628318584,0.0,0.0014749262536873156,0.0014749262536873156,0.0058997050147492625
489,0.00430416068866571,0.00860832137733142,0.0028694404591104736,0.0028694404591104736,0.024390243902439025,0.0,0.010043041606886656,0.0014347202295552368,0.0014347202295552368,0.0,0.035868005738880916,0.0,0.00860832137733142,0.0,0.0028694404591104736,0.00430416068866571,0.007173601147776184,0.0014347202295552368,0.0,0.00430416068866571,0.015781922525107604,0.0014347202295552368,0.020086083213773313,0.0014347202295552368,0.005738880918220947,0.015781922525107604,0.0028694404591104736,0.2223816355810617,0.035868005738880916,0.0014347202295552368,0.00430416068866571,0.0028694404591104736,0.007173601147776184,0.0,0.00430416068866571,0.007173601147776184,0.018651362984218076,0.010043041606886656,0.00430416068866571,0.0014347202295552368,0.02295552367288379,0.19655667144906744,0.0014347202295552368,0.005738880918220947,0.0,0.011477761836441894,0.014347202295552367,0.0,0.0014347202295552368,0.02295552367288379,0.0028694404591104736,0.0028694404591104736,0.0014347202295552368,0.0014347202295552368,0.0014347202295552368,0.00430416068866571,0.0014347202295552368,0.014347202295552367,0.0,0.014347202295552367,0.0014347202295552368,0.00430416068866571,0.0,0.0014347202295552368,0.018651362984218076,0.0,0.0,0.005738880918220947,0.0,0.011477761836441894,0.010043041606886656,0.0,0.0014347202295552368,0.0014347202295552368,0.018651362984218076,0.0014347202295552368,0.0,0.00860832137733142,0.0014347202295552368,0.005738880918220947,0.0,0.007173601147776184,0.00430416068866571,0.010043041606886656,0.00860832137733142,0.0,0.0,0.00430416068866571,0.00430416068866571,0.0014347202295552368,0.0,0.010043041606886656,0.0028694404591104736,0.007173601147776184,0.0,0.007173601147776184,0.0,0.005738880918220947,0.0014347202295552368,0.00860832137733142
490,0.00875,0.005,0.0,0.0025,0.0025,0.00625,0.0025,0.0025,0.00625,0.00125,0.00125,0.0,0.0175,0.00625,0.0125,0.005,0.0,0.00375,0.0,0.0,0.00125,0.0,0.01625,0.0,0.00375,0.0075,0.0,0.185,0.0025,0.00375,0.0075,0.0225,0.01,0.0125,0.0,0.01,0.00625,0.0025,0.00625,0.00375,0.01625,0.235,0.0025,0.0,0.005,0.00125,0.0025,0.0,0.0,0.00625,0.00125,0.01625,0.01,0.00125,0.00125,0.015,0.00125,0.0075,0.00875,0.0,0.0,0.00125,0.0,0.0075,0.0,0.0,0.0,0.00875,0.00375,0.0,0.0,0.01,0.00125,0.00125,0.0225,0.0,0.0025,0.065,0.0,0.01375,0.02125,0.03,0.00125,0.005,0.0,0.0,0.00125,0.0,0.0025,0.00375,0.01625,0.01,0.00125,0.00375,0.0,0.00625,0.0025,0.0025,0.02125,0.0175
491,0.0026595744680851063,0.007978723404255319,0.006648936170212766,0.011968085106382979,0.02127659574468085,0.007978723404255319,0.026595744680851064,0.005319148936170213,0.011968085106382979,0.0026595744680851063,0.013297872340425532,0.005319148936170213,0.003989361702127659,0.017287234042553192,0.005319148936170213,0.02526595744680851,0.0026595744680851063,0.0,0.0425531914893617,0.015957446808510637,0.0013297872340425532,0.010638297872340425,0.005319148936170213,0.0,0.014627659574468085,0.005319148936170213,0.003989361702127659,0.17952127659574468,0.009308510638297872,0.0026595744680851063,0.010638297872340425,0.0013297872340425532,0.0,0.003989361702127659,0.0,0.0013297872340425532,0.003989361702127659,0.0013297872340425532,0.011968085106382979,0.003989361702127659,0.0026595744680851063,0.12367021276595745,0.010638297872340425,0.0026595744680851063,0.0026595744680851063,0.013297872340425532,0.003989361702127659,0.006648936170212766,0.0026595744680851063,0.0,0.007978723404255319,0.0,0.006648936170212766,0.02127659574468085,0.0013297872340425532,0.018617021276595744,0.006648936170212766,0.009308510638297872,0.003989361702127659,0.013297872340425532,0.0,0.010638297872340425,0.0,0.0013297872340425532,0.003989361702127659,0.003989361702127659,0.010638297872340425,0.0,0.017287234042553192,0.0026595744680851063,0.006648936170212766,0.0013297872340425532,0.0,0.006648936170212766,0.006648936170212766,0.003989361702127659,0.010638297872340425,0.013297872340425532,0.0199468085106383,0.0013297872340425532,0.0013297872340425532,0.0013297872340425532,0.0013297872340425532,0.0,0.0,0.011968085106382979,0.009308510638297872,0.010638297872340425,0.003989361702127659,0.0013297872340425532,0.0026595744680851063,0.0,0.013297872340425532,0.02925531914893617,0.003989361702127659,0.005319148936170213,0.0,0.003989361702127659,0.009308510638297872,0.003989361702127659
492,0.001594896331738437,0.046251993620414676,0.01594896331738437,0.004784688995215311,0.014354066985645933,0.0,0.007974481658692184,0.0,0.0,0.001594896331738437,0.011164274322169059,0.0,0.004784688995215311,0.003189792663476874,0.001594896331738437,0.017543859649122806,0.001594896331738437,0.019138755980861243,0.004784688995215311,0.007974481658692184,0.006379585326953748,0.019138755980861243,0.004784688995215311,0.004784688995215311,0.0,0.009569377990430622,0.03827751196172249,0.20095693779904306,0.001594896331738437,0.009569377990430622,0.0,0.0,0.0,0.017543859649122806,0.006379585326953748,0.014354066985645933,0.009569377990430622,0.028708133971291867,0.009569377990430622,0.001594896331738437,0.0,0.12599681020733652,0.0,0.0,0.004784688995215311,0.0,0.0,0.0,0.0,0.003189792663476874,0.0,0.003189792663476874,0.003189792663476874,0.0,0.0,0.003189792663476874,0.0,0.011164274322169059,0.0,0.004784688995215311,0.001594896331738437,0.001594896331738437,0.007974481658692184,0.004784688995215311,0.0,0.012759170653907496,0.0,0.001594896331738437,0.0,0.011164274322169059,0.004784688995215311,0.001594896331738437,0.012759170653907496,0.05263157894736842,0.011164274322169059,0.0,0.001594896331738437,0.017543859649122806,0.004784688995215311,0.009569377990430622,0.003189792663476874,0.014354066985645933,0.0,0.003189792663476874,0.003189792663476874,0.025518341307814992,0.006379585326953748,0.01594896331738437,0.007974481658692184,0.0,0.003189792663476874,0.0,0.003189792663476874,0.022328548644338118,0.0,0.022328548644338118,0.0,0.0,0.001594896331738437,0.003189792663476874
493,0.00933125972006221,0.012441679626749611,0.00933125972006221,0.007776049766718507,0.004665629860031105,0.006220839813374806,0.0,0.0015552099533437014,0.0,0.0015552099533437014,0.0015552099533437014,0.05132192846034215,0.0,0.003110419906687403,0.007776049766718507,0.003110419906687403,0.007776049766718507,0.006220839813374806,0.00933125972006221,0.007776049766718507,0.007776049766718507,0.003110419906687403,0.00933125972006221,0.006220839813374806,0.0015552099533437014,0.0,0.02021772939346812,0.13063763608087092,0.0,0.004665629860031105,0.012441679626749611,0.012441679626749611,0.0,0.0,0.026438569206842923,0.0,0.003110419906687403,0.004665629860031105,0.00933125972006221,0.013996889580093312,0.0,0.15241057542768274,0.0,0.0,0.004665629860031105,0.0015552099533437014,0.02332814930015552,0.006220839813374806,0.0,0.0,0.013996889580093312,0.00933125972006221,0.02177293934681182,0.0,0.012441679626749611,0.02332814930015552,0.006220839813374806,0.0,0.01866251944012442,0.0015552099533437014,0.0,0.003110419906687403,0.007776049766718507,0.0,0.0,0.0,0.0,0.006220839813374806,0.012441679626749611,0.0,0.007776049766718507,0.01088646967340591,0.013996889580093312,0.017107309486780714,0.0015552099533437014,0.003110419906687403,0.004665629860031105,0.0015552099533437014,0.015552099533437015,0.007776049766718507,0.0,0.02177293934681182,0.0015552099533437014,0.012441679626749611,0.015552099533437015,0.0015552099533437014,0.006220839813374806,0.01088646967340591,0.00933125972006221,0.013996889580093312,0.0,0.0,0.003110419906687403,0.007776049766718507,0.0015552099533437014,0.02021772939346812,0.02332814930015552,0.003110419906687403,0.013996889580093312,0.007776049766718507
494,0.009615384615384616,0.0027472527472527475,0.0,0.0013736263736263737,0.008241758241758242,0.0013736263736263737,0.01098901098901099,0.008241758241758242,0.0,0.01098901098901099,0.0013736263736263737,0.004120879120879121,0.005494505494505495,0.008241758241758242,0.01510989010989011,0.008241758241758242,0.0,0.0027472527472527475,0.0,0.004120879120879121,0.0027472527472527475,0.0013736263736263737,0.0013736263736263737,0.0027472527472527475,0.034340659340659344,0.0,0.008241758241758242,0.1510989010989011,0.004120879120879121,0.009615384615384616,0.0,0.005494505494505495,0.0,0.012362637362637362,0.005494505494505495,0.024725274725274724,0.0260989010989011,0.0013736263736263737,0.03571428571428571,0.0,0.0013736263736263737,0.17032967032967034,0.0,0.004120879120879121,0.0,0.0013736263736263737,0.0027472527472527475,0.004120879120879121,0.01098901098901099,0.006868131868131868,0.019230769230769232,0.006868131868131868,0.0027472527472527475,0.009615384615384616,0.0,0.0,0.0,0.004120879120879121,0.0,0.004120879120879121,0.004120879120879121,0.0,0.024725274725274724,0.0,0.005494505494505495,0.0027472527472527475,0.0013736263736263737,0.0,0.0027472527472527475,0.03296703296703297,0.0027472527472527475,0.004120879120879121,0.012362637362637362,0.0,0.006868131868131868,0.006868131868131868,0.0,0.0,0.013736263736263736,0.006868131868131868,0.009615384615384616,0.0027472527472527475,0.013736263736263736,0.0027472527472527475,0.0027472527472527475,0.0,0.0,0.023351648351648352,0.005494505494505495,0.0027472527472527475,0.042582417582417584,0.0,0.012362637362637362,0.006868131868131868,0.03021978021978022,0.013736263736263736,0.006868131868131868,0.01098901098901099,0.0027472527472527475,0.004120879120879121
495,0.0014265335235378032,0.0,0.0,0.011412268188302425,0.012838801711840228,0.017118402282453638,0.012838801711840228,0.0,0.0042796005706134095,0.0,0.007132667617689016,0.008559201141226819,0.028530670470756064,0.0042796005706134095,0.0,0.009985734664764621,0.012838801711840228,0.0042796005706134095,0.007132667617689016,0.021398002853067047,0.03566333808844508,0.009985734664764621,0.0,0.0,0.009985734664764621,0.007132667617689016,0.0014265335235378032,0.1340941512125535,0.005706134094151213,0.0028530670470756064,0.012838801711840228,0.0028530670470756064,0.0,0.0028530670470756064,0.029957203994293864,0.021398002853067047,0.008559201141226819,0.0,0.02282453637660485,0.0042796005706134095,0.0,0.12838801711840228,0.0042796005706134095,0.0014265335235378032,0.0014265335235378032,0.0014265335235378032,0.0014265335235378032,0.0014265335235378032,0.0014265335235378032,0.0014265335235378032,0.0014265335235378032,0.0,0.0,0.037089871611982884,0.005706134094151213,0.0014265335235378032,0.0,0.06562054208273894,0.009985734664764621,0.0,0.0,0.019971469329529243,0.0014265335235378032,0.0014265335235378032,0.0,0.012838801711840228,0.007132667617689016,0.0014265335235378032,0.0042796005706134095,0.0014265335235378032,0.0,0.029957203994293864,0.0014265335235378032,0.0,0.0,0.0042796005706134095,0.008559201141226819,0.0014265335235378032,0.0,0.0,0.007132667617689016,0.0042796005706134095,0.008559201141226819,0.0014265335235378032,0.008559201141226819,0.0014265335235378032,0.005706134094151213,0.0,0.0,0.015691868758915834,0.0,0.028530670470756064,0.005706134094151213,0.0,0.0014265335235378032,0.04850213980028531,0.021398002853067047,0.0028530670470756064,0.0014265335235378032,0.0014265335235378032
496,0.008344923504867872,0.02086230876216968,0.015299026425591099,0.0013908205841446453,0.004172461752433936,0.0013908205841446453,0.009735744089012517,0.009735744089012517,0.0,0.011126564673157162,0.008344923504867872,0.0013908205841446453,0.0,0.0027816411682892906,0.005563282336578581,0.0027816411682892906,0.004172461752433936,0.013908205841446454,0.0,0.0027816411682892906,0.0027816411682892906,0.03337969401947149,0.006954102920723227,0.0013908205841446453,0.0,0.004172461752433936,0.0,0.2517385257301808,0.0013908205841446453,0.011126564673157162,0.005563282336578581,0.0,0.0,0.008344923504867872,0.0027816411682892906,0.02086230876216968,0.0,0.008344923504867872,0.005563282336578581,0.0,0.0,0.16689847009735745,0.019471488178025034,0.009735744089012517,0.02642559109874826,0.0,0.012517385257301807,0.016689847009735744,0.0013908205841446453,0.0027816411682892906,0.0,0.0,0.011126564673157162,0.005563282336578581,0.0013908205841446453,0.0013908205841446453,0.0,0.0,0.0,0.0013908205841446453,0.008344923504867872,0.005563282336578581,0.004172461752433936,0.013908205841446454,0.0,0.0027816411682892906,0.0,0.0013908205841446453,0.005563282336578581,0.004172461752433936,0.0027816411682892906,0.0,0.004172461752433936,0.0,0.005563282336578581,0.009735744089012517,0.0,0.0027816411682892906,0.012517385257301807,0.011126564673157162,0.0013908205841446453,0.0,0.009735744089012517,0.006954102920723227,0.008344923504867872,0.0,0.015299026425591099,0.0013908205841446453,0.013908205841446454,0.022253129346314324,0.0,0.0013908205841446453,0.0027816411682892906,0.004172461752433936,0.0027816411682892906,0.01808066759388039,0.0,0.030598052851182198,0.0013908205841446453,0.0
497,0.0188953488372093,0.01308139534883721,0.0,0.0,0.0,0.0,0.005813953488372093,0.0,0.0,0.0014534883720930232,0.0014534883720930232,0.010174418604651164,0.00436046511627907,0.01744186046511628,0.010174418604651164,0.0,0.005813953488372093,0.0014534883720930232,0.00436046511627907,0.0014534883720930232,0.005813953488372093,0.005813953488372093,0.0,0.0,0.00436046511627907,0.0,0.007267441860465116,0.22238372093023256,0.00872093023255814,0.0029069767441860465,0.0014534883720930232,0.0,0.010174418604651164,0.007267441860465116,0.0014534883720930232,0.0014534883720930232,0.0,0.005813953488372093,0.00872093023255814,0.01744186046511628,0.0,0.12354651162790697,0.0014534883720930232,0.0014534883720930232,0.010174418604651164,0.01744186046511628,0.00436046511627907,0.0,0.0014534883720930232,0.0,0.0014534883720930232,0.014534883720930232,0.00872093023255814,0.030523255813953487,0.0,0.015988372093023256,0.005813953488372093,0.00872093023255814,0.01744186046511628,0.015988372093023256,0.007267441860465116,0.0014534883720930232,0.0,0.0014534883720930232,0.015988372093023256,0.02180232558139535,0.0,0.03343023255813953,0.011627906976744186,0.0014534883720930232,0.0,0.036337209302325583,0.0014534883720930232,0.0014534883720930232,0.00436046511627907,0.0,0.01308139534883721,0.0014534883720930232,0.04215116279069767,0.0014534883720930232,0.005813953488372093,0.0029069767441860465,0.0,0.023255813953488372,0.00872093023255814,0.0,0.007267441860465116,0.00436046511627907,0.0,0.0014534883720930232,0.0,0.0,0.0,0.010174418604651164,0.014534883720930232,0.0,0.0,0.00872093023255814,0.0014534883720930232,0.029069767441860465
498,0.009735744089012517,0.013908205841446454,0.0,0.005563282336578581,0.0,0.012517385257301807,0.011126564673157162,0.009735744089012517,0.0027816411682892906,0.0027816411682892906,0.016689847009735744,0.0013908205841446453,0.0013908205841446453,0.0,0.0,0.004172461752433936,0.0013908205841446453,0.02920723226703755,0.012517385257301807,0.025034770514603615,0.0,0.01808066759388039,0.006954102920723227,0.022253129346314324,0.008344923504867872,0.01808066759388039,0.0,0.16133518776077885,0.015299026425591099,0.011126564673157162,0.0027816411682892906,0.027816411682892908,0.0027816411682892906,0.0,0.022253129346314324,0.0,0.0013908205841446453,0.0027816411682892906,0.0027816411682892906,0.006954102920723227,0.011126564673157162,0.09874826147426982,0.0013908205841446453,0.0013908205841446453,0.0013908205841446453,0.0,0.005563282336578581,0.01808066759388039,0.0,0.015299026425591099,0.0027816411682892906,0.006954102920723227,0.0013908205841446453,0.011126564673157162,0.016689847009735744,0.0,0.0,0.0013908205841446453,0.013908205841446454,0.0,0.006954102920723227,0.0027816411682892906,0.008344923504867872,0.004172461752433936,0.0027816411682892906,0.005563282336578581,0.016689847009735744,0.0027816411682892906,0.019471488178025034,0.016689847009735744,0.009735744089012517,0.0027816411682892906,0.01808066759388039,0.0013908205841446453,0.0027816411682892906,0.0,0.0,0.0,0.0013908205841446453,0.02642559109874826,0.022253129346314324,0.0013908205841446453,0.011126564673157162,0.016689847009735744,0.005563282336578581,0.0,0.006954102920723227,0.009735744089012517,0.005563282336578581,0.004172461752433936,0.0013908205841446453,0.0,0.006954102920723227,0.0,0.0013908205841446453,0.0027816411682892906,0.006954102920723227,0.02642559109874826,0.02086230876216968,0.0027816411682892906
499,0.015957446808510637,0.014184397163120567,0.0017730496453900709,0.014184397163120567,0.03723404255319149,0.0,0.0,0.0,0.005319148936170213,0.0070921985815602835,0.010638297872340425,0.0,0.02127659574468085,0.008865248226950355,0.005319148936170213,0.0035460992907801418,0.0,0.008865248226950355,0.0,0.0,0.0,0.0,0.008865248226950355,0.0,0.0017730496453900709,0.010638297872340425,0.0070921985815602835,0.1595744680851064,0.0,0.0070921985815602835,0.005319148936170213,0.0,0.0070921985815602835,0.0,0.031914893617021274,0.015957446808510637,0.0,0.0,0.0,0.005319148936170213,0.0017730496453900709,0.18617021276595744,0.02304964539007092,0.008865248226950355,0.0,0.0,0.040780141843971635,0.0,0.005319148936170213,0.010638297872340425,0.0070921985815602835,0.0017730496453900709,0.0017730496453900709,0.005319148936170213,0.0,0.008865248226950355,0.0035460992907801418,0.01950354609929078,0.0017730496453900709,0.0,0.005319148936170213,0.024822695035460994,0.014184397163120567,0.01950354609929078,0.0017730496453900709,0.015957446808510637,0.005319148936170213,0.010638297872340425,0.0035460992907801418,0.0,0.0017730496453900709,0.0,0.0070921985815602835,0.0,0.0017730496453900709,0.005319148936170213,0.0070921985815602835,0.012411347517730497,0.0,0.0,0.012411347517730497,0.010638297872340425,0.0,0.01950354609929078,0.0,0.0,0.0035460992907801418,0.005319148936170213,0.0,0.0017730496453900709,0.014184397163120567,0.010638297872340425,0.0070921985815602835,0.008865248226950355,0.0070921985815602835,0.0035460992907801418,0.0035460992907801418,0.0,0.008865248226950355,0.005319148936170213
